{"track": "tutorial", "karts": ["puffy", "hexley", "tux", "suzanne", "pidgin", "nolok", "beastie", "gavroche", "amanda", "adiumy"], "detections": [[[1, 0, 202, 201, 386, 323], [1, 3, 304, 149, 319, 160], [1, 4, 379, 159, 396, 168], [1, 6, 469, 160, 505, 178], [1, 7, 470, 161, 489, 176], [1, 8, 286, 152, 303, 164], [2, 0, 215, 130, 317, 155], [3, 0, 0, 36, 599, 399]], [[1, 0, 328, 238, 340, 252], [1, 1, 245, 193, 345, 335], [1, 3, 373, 183, 383, 189], [1, 4, 417, 198, 428, 204], [1, 5, 559, 322, 588, 341], [1, 6, 456, 215, 473, 226], [1, 7, 463, 214, 477, 222], [1, 8, 362, 183, 372, 191], [2, 0, 0, 154, 599, 399], [3, 0, 0, 0, 599, 343], [3, 8, 111, 32, 121, 44]], [[1, 2, 225, 197, 356, 317], [2, 0, 0, 150, 599, 399], [3, 0, 0, 94, 599, 265], [3, 6, 277, 103, 285, 112], [3, 7, 231, 92, 236, 100]], [[1, 3, 221, 201, 373, 332], [1, 8, 0, 295, 222, 399], [2, 0, 0, 112, 219, 268], [3, 0, 0, 20, 599, 399]], [[1, 4, 220, 218, 369, 325], [1, 5, 568, 113, 599, 127], [1, 6, 395, 147, 446, 183], [1, 7, 360, 158, 395, 185], [3, 0, 0, 7, 599, 399]], [[1, 1, 296, 9, 325, 28], [1, 5, 220, 204, 340, 317], [2, 0, 240, 16, 385, 80], [3, 0, 0, 0, 599, 399]], [[1, 6, 218, 178, 392, 328], [1, 7, 119, 193, 266, 300], [3, 0, 0, 0, 599, 399]], [[1, 1, 553, 1, 584, 18], [1, 5, 414, 132, 436, 145], [1, 6, 325, 165, 473, 287], [1, 7, 237, 205, 353, 320], [2, 0, 494, 5, 599, 68], [3, 0, 0, 0, 599, 399]], [[1, 3, 330, 152, 437, 233], [1, 4, 582, 190, 599, 207], [1, 8, 214, 183, 374, 336], [2, 0, 0, 58, 243, 211], [3, 0, 0, 10, 599, 399]], [[1, 9, 272, 195, 328, 250], [2, 0, 0, 150, 599, 399], [3, 0, 0, 70, 599, 270], [3, 6, 294, 77, 304, 89], [3, 7, 243, 70, 252, 81]]], "distance_down_track": [712.6583862304688, 702.8413696289062, 532.0, 547.9110717773438, 532.0, 590.8922729492188, 532.0, 561.7310180664062, 512.133544921875, 491.73480224609375], "velocity": [[-4.688879489898682, 0.10996004939079285, -1.8528257608413696], [-6.205482482910156, -1.099364161491394, -6.693737506866455], [-0.14148494601249695, -0.051657725125551224, -5.493772983551025], [0.40806844830513, 0.03913389891386032, 0.31081828474998474], [-0.006500792223960161, 0.0632675364613533, 1.7018629312515259], [4.662689208984375, -0.5113019347190857, -1.554949164390564], [0.6905669569969177, 0.07938341051340103, 1.6929996013641357], [0.6917065382003784, 0.0442180372774601, 0.748287558555603], [-0.7257155776023865, 0.15010130405426025, 0.33562013506889343], [1.8084994554519653, -3.2548141479492188, -22.696598052978516]]}