{"track": "snowtuxpeak", "karts": ["pidgin", "amanda", "xue", "tux", "gavroche", "emule", "puffy", "sara_the_wizard", "beastie", "gnu"], "detections": [[[1, 0, 255, 210, 330, 261], [1, 1, 568, 170, 577, 175], [1, 3, 584, 171, 594, 176], [2, 0, 0, 0, 599, 399], [3, 0, 0, 0, 599, 399]], [[1, 1, 263, 191, 332, 251], [1, 3, 407, 230, 562, 323], [1, 6, 321, 159, 330, 162], [1, 8, 371, 171, 403, 196], [1, 9, 313, 155, 316, 159], [2, 0, 0, 158, 599, 399], [3, 0, 0, 0, 599, 327], [6, 23, 329, 165, 344, 167]], [[1, 2, 266, 187, 334, 264], [1, 5, 281, 175, 304, 199], [1, 7, 256, 160, 263, 169], [2, 0, 0, 168, 599, 399], [3, 0, 0, 0, 599, 317]], [[1, 1, 153, 177, 229, 230], [1, 3, 259, 198, 340, 266], [1, 6, 284, 154, 292, 158], [1, 8, 304, 162, 331, 184], [1, 9, 275, 151, 279, 155], [2, 0, 0, 155, 599, 399], [3, 0, 0, 0, 599, 308], [6, 23, 288, 160, 303, 162]], [[1, 0, 243, 150, 249, 153], [1, 4, 272, 203, 334, 265], [2, 0, 0, 87, 465, 399], [3, 0, 0, 0, 599, 399], [4, 14, 266, 156, 283, 170], [4, 15, 225, 169, 228, 173], [4, 16, 165, 159, 185, 174], [4, 17, 106, 160, 129, 176]], [[1, 5, 271, 200, 329, 258], [1, 7, 254, 162, 263, 173], [2, 0, 0, 171, 599, 399], [3, 0, 0, 0, 599, 332]], [[1, 6, 259, 201, 347, 262], [1, 9, 96, 158, 209, 241], [2, 0, 0, 155, 599, 399], [3, 0, 0, 0, 599, 257]], [[1, 7, 275, 187, 318, 265], [2, 0, 108, 167, 599, 399], [3, 0, 0, 0, 599, 399]], [[1, 6, 287, 157, 297, 162], [1, 8, 258, 189, 341, 260], [1, 9, 276, 153, 280, 158], [2, 0, 0, 157, 599, 399], [3, 0, 0, 0, 599, 277], [6, 23, 286, 166, 307, 168]], [[1, 6, 356, 194, 454, 242], [1, 9, 275, 161, 331, 228], [2, 0, 0, 158, 599, 399], [3, 0, 0, 0, 599, 365]]], "distance_down_track": [909.800537109375, 968.3646240234375, 134.72511291503906, 966.995849609375, 869.4663696289062, 138.66712951660156, 12.900075912475586, 155.21351623535156, 973.9688720703125, 12.243515014648438], "velocity": [[-17.763566970825195, 0.6446269750595093, 13.623144149780273], [-2.6202232837677, 0.07855945825576782, 27.473522186279297], [-20.28912353515625, 2.0045125484466553, -3.580965042114258], [-0.4280695617198944, 0.07297015190124512, 17.56765365600586], [-18.77152442932129, -0.8253555297851562, 5.807693958282471], [-21.2663631439209, 1.9363319873809814, -4.169067859649658], [-9.929817199707031, 0.08162876963615417, 19.686246871948242], [-17.023651123046875, 1.0276256799697876, -11.731550216674805], [-1.3404500484466553, 0.08127730339765549, 22.782203674316406], [-7.994541168212891, 0.08201535791158676, 22.37874412536621]]}