{"track": "tutorial", "karts": ["puffy", "hexley", "tux", "suzanne", "pidgin", "nolok", "beastie", "gavroche", "amanda", "adiumy"], "detections": [[[1, 0, 204, 203, 394, 327], [1, 1, 44, 187, 228, 349], [1, 8, 0, 163, 20, 199], [2, 0, 0, 100, 72, 132], [3, 0, 0, 43, 599, 399]], [[1, 0, 362, 211, 599, 326], [1, 1, 243, 191, 355, 344], [1, 8, 0, 116, 140, 220], [2, 0, 0, 128, 129, 212], [3, 0, 0, 92, 599, 399]], [[1, 2, 270, 198, 335, 252], [2, 0, 16, 135, 599, 399], [3, 0, 0, 0, 599, 399]], [[1, 3, 266, 201, 337, 256], [2, 0, 0, 156, 599, 399], [3, 0, 0, 13, 599, 295]], [[1, 4, 222, 217, 368, 327], [1, 8, 584, 159, 599, 180], [2, 0, 19, 80, 422, 175], [3, 0, 0, 0, 599, 399]], [[1, 5, 246, 204, 336, 292], [1, 7, 213, 144, 216, 146], [2, 0, 0, 120, 599, 399], [3, 0, 0, 0, 599, 323]], [[1, 0, 414, 159, 438, 174], [1, 1, 392, 156, 406, 173], [1, 4, 244, 159, 266, 172], [1, 6, 211, 180, 382, 326], [1, 8, 347, 143, 367, 159], [2, 0, 194, 124, 333, 157], [3, 0, 0, 39, 599, 399]], [[1, 7, 264, 204, 339, 279], [2, 0, 0, 101, 599, 399], [3, 0, 0, 0, 599, 226]], [[1, 0, 565, 282, 595, 315], [1, 1, 449, 250, 599, 399], [1, 8, 219, 184, 380, 314], [2, 0, 0, 108, 200, 249], [3, 0, 0, 48, 599, 399]], [[1, 0, 418, 174, 434, 183], [1, 1, 407, 172, 419, 181], [1, 4, 330, 168, 337, 174], [1, 6, 312, 165, 332, 182], [1, 8, 383, 163, 396, 172], [1, 9, 257, 192, 341, 272], [2, 0, 303, 148, 386, 170], [3, 0, 0, 0, 599, 399], [3, 8, 71, 47, 83, 59]]], "distance_down_track": [712.6583862304688, 712.6583862304688, 741.5721435546875, 741.5721435546875, 729.2155151367188, 741.5721435546875, 712.6583862304688, 741.5721435546875, 712.6583862304688, 694.2288208007812], "velocity": [[-0.0709674209356308, 0.08892706781625748, 0.0016373996622860432], [-0.039683666080236435, -0.21712198853492737, 0.008566619828343391], [-16.72528839111328, 2.0853564739227295, 15.64979362487793], [-1.1238921880722046, 0.327346533536911, 22.970190048217773], [-4.8536577224731445, 0.0915302261710167, -0.8972143530845642], [-9.193665504455566, -1.5223252773284912, -6.73862361907959], [-4.793861389160156, 0.09971757978200912, -1.4694911241531372], [-9.284555435180664, 0.027749747037887573, -12.314848899841309], [0.010203021578490734, 0.5290557742118835, 0.02551242522895336], [-5.011402130126953, 0.07214736938476562, -3.7783145904541016]]}