{"track": "scotland", "karts": ["konqi", "sara_the_racer", "wilber", "beastie", "gavroche", "pidgin", "tux", "gnu", "xue", "hexley"], "detections": [[[1, 0, 266, 191, 337, 260], [1, 1, 341, 161, 354, 184], [1, 2, 319, 161, 334, 172], [1, 4, 303, 177, 327, 200], [1, 6, 415, 202, 476, 225], [1, 7, 300, 155, 321, 179], [2, 0, 0, 157, 599, 399], [3, 0, 0, 0, 599, 200], [6, 1, 423, 158, 432, 166]], [[1, 1, 278, 177, 319, 254], [1, 2, 262, 166, 291, 187], [1, 7, 0, 165, 196, 324], [2, 0, 0, 156, 599, 399], [3, 0, 0, 0, 599, 207], [6, 1, 410, 158, 425, 169]], [[1, 2, 267, 192, 329, 247], [2, 0, 0, 158, 599, 399], [3, 0, 0, 0, 599, 208], [6, 1, 403, 160, 424, 173]], [[1, 0, 328, 163, 352, 178], [1, 1, 328, 157, 334, 168], [1, 2, 304, 158, 312, 165], [1, 3, 258, 190, 340, 259], [1, 4, 320, 163, 331, 172], [1, 5, 516, 179, 579, 201], [1, 6, 366, 168, 384, 174], [1, 7, 313, 155, 321, 165], [1, 8, 304, 166, 329, 190], [2, 0, 47, 156, 599, 399], [3, 0, 0, 0, 599, 399], [6, 1, 366, 157, 368, 161]], [[1, 1, 338, 167, 357, 202], [1, 2, 305, 164, 324, 178], [1, 4, 273, 202, 322, 251], [1, 6, 539, 284, 599, 331], [1, 7, 275, 159, 309, 200], [2, 0, 0, 158, 599, 399], [3, 0, 0, 0, 599, 222], [6, 1, 419, 159, 431, 168]], [[1, 0, 176, 167, 204, 188], [1, 1, 244, 158, 251, 172], [1, 2, 242, 159, 254, 166], [1, 4, 210, 166, 226, 177], [1, 5, 263, 209, 332, 256], [1, 6, 253, 173, 271, 181], [1, 7, 218, 156, 229, 168], [1, 8, 30, 173, 96, 210], [2, 0, 0, 156, 599, 399], [3, 0, 0, 0, 599, 224], [6, 1, 339, 158, 341, 162]], [[1, 1, 235, 158, 252, 188], [1, 2, 235, 158, 256, 171], [1, 4, 120, 184, 186, 221], [1, 6, 260, 226, 342, 269], [1, 7, 159, 151, 203, 185], [2, 0, 0, 153, 599, 399], [3, 0, 0, 0, 599, 209], [6, 1, 361, 153, 371, 162]], [[1, 1, 353, 171, 382, 219], [1, 2, 306, 166, 318, 183], [1, 4, 292, 254, 411, 378], [1, 7, 273, 163, 325, 229], [2, 0, 0, 157, 599, 399], [3, 0, 0, 0, 599, 223], [6, 1, 409, 158, 422, 168]], [[1, 0, 367, 175, 409, 205], [1, 1, 386, 162, 396, 179], [1, 2, 360, 166, 372, 171], [1, 4, 366, 172, 384, 187], [1, 6, 445, 186, 481, 198], [1, 7, 360, 158, 373, 174], [1, 8, 268, 187, 327, 251], [2, 0, 0, 159, 599, 399], [3, 0, 0, 0, 599, 265], [6, 1, 454, 160, 461, 168]], [[1, 9, 244, 192, 355, 350], [2, 0, 320, 180, 599, 399], [3, 0, 0, 0, 599, 399]]], "distance_down_track": [107.71875, 115.35862731933594, 122.42540740966797, 97.8134765625, 111.66626739501953, 99.83993530273438, 109.37016296386719, 113.85556030273438, 103.74178314208984, 36.0173225402832], "velocity": [[-20.196531295776367, -1.6143348217010498, -9.77108383178711], [-20.544784545898438, -1.5492582321166992, -4.9717698097229], [-25.305715560913086, -1.8139326572418213, -0.4727766513824463], [-24.077503204345703, -1.7478374242782593, -3.0926525592803955], [-24.395580291748047, -1.8671140670776367, -6.532577037811279], [-24.562936782836914, -1.8464455604553223, -3.936638355255127], [-14.752392768859863, -1.0867013931274414, -3.7078943252563477], [-24.452713012695312, -1.8475446701049805, -5.419132232666016], [-26.816015243530273, -2.133251905441284, -10.110790252685547], [-0.07776978611946106, 0.08553193509578705, 0.1393948495388031]]}