{"track": "snowtuxpeak", "karts": ["pidgin", "amanda", "xue", "tux", "gavroche", "emule", "puffy", "sara_the_wizard", "beastie", "gnu"], "detections": [[[1, 0, 259, 211, 341, 267], [1, 1, 336, 145, 344, 150], [1, 3, 320, 146, 328, 151], [1, 6, 298, 147, 308, 157], [2, 0, 0, 80, 599, 399], [3, 0, 0, 0, 599, 229], [4, 14, 452, 162, 508, 199], [4, 15, 347, 164, 391, 203], [4, 16, 244, 193, 258, 206], [4, 17, 87, 167, 150, 209]], [[1, 1, 257, 190, 333, 257], [1, 2, 436, 154, 436, 154], [1, 5, 446, 155, 451, 159], [1, 9, 402, 153, 416, 166], [2, 0, 0, 0, 599, 399], [3, 0, 0, 0, 599, 399]], [[1, 2, 262, 184, 344, 280], [1, 7, 247, 153, 259, 168], [2, 0, 140, 149, 599, 399], [3, 0, 0, 0, 599, 399]], [[1, 1, 305, 173, 341, 201], [1, 3, 263, 197, 328, 254], [1, 5, 487, 161, 493, 165], [1, 9, 423, 159, 433, 169], [2, 0, 0, 0, 599, 399], [3, 0, 0, 0, 599, 399]], [[1, 0, 439, 166, 453, 173], [1, 1, 444, 152, 451, 156], [1, 3, 431, 153, 437, 156], [1, 4, 263, 202, 328, 261], [1, 6, 418, 153, 425, 159], [2, 0, 0, 77, 599, 399], [3, 0, 0, 0, 599, 355], [4, 14, 494, 162, 511, 172], [4, 15, 454, 161, 468, 171], [4, 16, 423, 167, 426, 170], [4, 17, 385, 159, 395, 168]], [[1, 2, 258, 153, 262, 157], [1, 5, 268, 200, 332, 265], [2, 0, 0, 156, 599, 399], [3, 0, 0, 0, 599, 251]], [[1, 1, 362, 211, 381, 223], [1, 3, 334, 213, 354, 226], [1, 6, 271, 210, 325, 264], [1, 9, 485, 214, 496, 215], [2, 0, 0, 65, 599, 399], [3, 0, 0, 0, 599, 340]], [[1, 7, 278, 187, 319, 266], [2, 0, 196, 141, 599, 399], [3, 0, 0, 0, 599, 399]], [[1, 0, 430, 157, 441, 162], [1, 4, 259, 158, 277, 169], [1, 6, 467, 152, 474, 154], [1, 8, 210, 180, 379, 325], [2, 0, 0, 86, 599, 399], [3, 0, 0, 0, 599, 280], [4, 14, 491, 153, 495, 161], [4, 15, 464, 155, 465, 160], [4, 16, 429, 159, 430, 160], [4, 17, 400, 153, 408, 159]], [[1, 5, 311, 157, 316, 162], [1, 9, 270, 159, 327, 229], [2, 0, 0, 155, 599, 399], [3, 0, 0, 0, 599, 283]]], "distance_down_track": [879.2562866210938, 918.9085693359375, 24.816242218017578, 912.730224609375, 859.0909423828125, 963.777587890625, 902.4580078125, 40.71916961669922, 845.8165893554688, 934.3143920898438], "velocity": [[-19.497222900390625, -0.8841457962989807, 4.093057632446289], [-11.073210716247559, 0.059643808752298355, 20.80731201171875], [-11.511585235595703, 0.0892932116985321, 12.114008903503418], [-13.567160606384277, 0.0032858310732990503, 18.085878372192383], [-21.31459617614746, -0.8951849937438965, 1.3822643756866455], [-0.6581382155418396, 0.07419458031654358, 19.975509643554688], [-20.76053810119629, 2.182584762573242, 7.937009811401367], [-18.716089248657227, 0.6511135697364807, 8.81895923614502], [-6.575334548950195, 0.019635148346424103, -2.8693249225616455], [-1.9561247825622559, 0.08398730307817459, 22.016111373901367]]}