{"track": "tutorial", "karts": ["puffy", "hexley", "tux", "suzanne", "pidgin", "nolok", "beastie", "gavroche", "amanda", "adiumy"], "detections": [[[1, 0, 233, 200, 363, 294], [1, 3, 335, 144, 348, 152], [2, 0, 324, 115, 407, 139], [3, 0, 0, 0, 599, 399], [3, 8, 90, 9, 102, 22]], [[1, 1, 256, 191, 364, 345], [2, 0, 0, 169, 599, 399], [3, 0, 0, 11, 599, 333], [3, 8, 48, 35, 61, 48]], [[1, 1, 330, 134, 333, 136], [1, 2, 267, 189, 332, 243], [1, 4, 271, 134, 275, 135], [1, 9, 267, 148, 275, 154], [2, 0, 0, 136, 599, 399], [3, 0, 0, 44, 599, 290], [3, 6, 364, 46, 376, 62], [3, 7, 304, 48, 314, 60]], [[1, 3, 220, 201, 368, 322], [2, 0, 130, 106, 341, 161], [3, 0, 0, 17, 599, 399]], [[1, 1, 389, 162, 398, 168], [1, 4, 261, 209, 330, 258], [2, 0, 0, 171, 599, 399], [3, 0, 0, 51, 599, 388], [3, 6, 357, 40, 372, 62], [3, 7, 269, 50, 282, 66]], [[1, 5, 273, 203, 331, 255], [1, 8, 201, 154, 208, 159], [2, 0, 0, 155, 599, 399], [3, 0, 0, 121, 599, 399], [3, 6, 55, 122, 67, 133]], [[1, 2, 276, 160, 286, 168], [1, 4, 237, 139, 240, 140], [1, 6, 260, 190, 339, 257], [1, 9, 246, 151, 250, 154], [2, 0, 0, 140, 599, 399], [3, 0, 0, 0, 599, 277], [3, 6, 309, 59, 320, 73], [3, 7, 254, 56, 264, 67]], [[1, 7, 246, 205, 360, 319], [2, 0, 0, 162, 599, 399], [3, 0, 0, 119, 599, 264], [5, 5, 194, 155, 199, 162], [5, 7, 120, 158, 122, 158], [5, 8, 98, 157, 100, 158], [5, 12, 225, 155, 230, 161], [5, 13, 248, 155, 253, 161]], [[1, 8, 262, 192, 338, 254], [2, 0, 0, 164, 599, 399], [3, 0, 0, 89, 599, 298], [3, 7, 188, 128, 194, 129]], [[1, 1, 415, 155, 421, 158], [1, 4, 329, 151, 335, 154], [1, 9, 274, 195, 329, 249], [2, 0, 0, 155, 599, 399], [3, 0, 0, 60, 599, 315], [3, 6, 451, 50, 469, 70], [3, 7, 372, 65, 384, 78]]], "distance_down_track": [708.5292358398438, 712.6583862304688, 343.6702575683594, 343.6702575683594, 343.6702575683594, 409.40948486328125, 321.3812561035156, 374.73779296875, 309.7578430175781, 310.5081787109375], "velocity": [[-4.604998588562012, -14.23514461517334, -4.7564191818237305], [-0.14306087791919708, 0.0815601497888565, 0.010836714878678322], [7.828697204589844, -3.6227591037750244, -21.321046829223633], [-4.871332168579102, 0.09296973049640656, -0.6752547025680542], [1.8548635244369507, -2.3605871200561523, -23.962671279907227], [-13.706315040588379, 1.6191346645355225, -16.939239501953125], [3.684762716293335, -3.999480724334717, -23.529748916625977], [2.8655426502227783, 0.4603261351585388, 5.555669784545898], [-3.8544607162475586, 1.2845234870910645, -23.805789947509766], [12.650424003601074, -0.807441234588623, -19.1915283203125]]}