{"track": "overworld", "karts": ["beastie", "kiki", "hexley", "emule", "amanda", "wilber", "adiumy", "xue", "suzanne", "nolok"], "detections": [[[1, 0, 252, 188, 344, 266], [1, 1, 388, 176, 392, 181], [1, 7, 359, 180, 360, 183], [1, 8, 334, 169, 345, 177], [1, 9, 378, 187, 381, 189], [3, 0, 0, 60, 599, 204], [3, 5, 584, 154, 586, 154]], [[1, 1, 272, 184, 332, 253], [1, 2, 412, 143, 418, 145], [1, 7, 85, 185, 150, 225], [1, 9, 285, 163, 294, 170], [3, 0, 0, 5, 599, 182]], [[1, 2, 272, 196, 322, 266], [2, 0, 219, 156, 244, 183], [3, 0, 0, 0, 599, 165], [3, 7, 264, 127, 264, 127], [3, 24, 265, 127, 267, 128]], [[1, 3, 241, 198, 360, 322], [3, 0, 0, 56, 599, 270], [3, 7, 0, 201, 293, 399], [3, 24, 289, 197, 599, 399]], [[1, 4, 259, 193, 341, 260], [3, 0, 0, 0, 599, 169], [3, 4, 300, 142, 303, 143], [3, 7, 308, 139, 315, 143], [3, 8, 307, 142, 308, 143], [3, 24, 316, 139, 324, 142], [3, 25, 320, 139, 323, 141]], [[1, 5, 264, 191, 339, 262], [3, 0, 157, 0, 599, 135]], [[1, 3, 281, 190, 293, 207], [1, 6, 250, 189, 355, 303], [2, 7, 216, 187, 288, 203], [2, 24, 289, 188, 384, 204], [3, 0, 0, 0, 599, 222], [3, 7, 139, 0, 288, 200], [3, 24, 289, 0, 452, 204]], [[1, 2, 406, 140, 412, 143], [1, 7, 268, 187, 336, 264], [1, 9, 318, 159, 327, 167], [3, 0, 0, 8, 599, 182]], [[1, 1, 367, 166, 375, 175], [1, 2, 419, 168, 424, 170], [1, 7, 316, 172, 324, 178], [1, 8, 262, 201, 339, 260], [1, 9, 340, 176, 343, 179], [3, 0, 0, 78, 599, 214]], [[1, 2, 387, 138, 395, 141], [1, 9, 273, 203, 335, 262], [2, 0, 392, 134, 398, 138], [3, 0, 0, 0, 599, 236], [3, 6, 419, 98, 419, 98]]], "distance_down_track": [1376.9796142578125, 1415.4813232421875, 25.60092544555664, 621.6195068359375, 273.67169189453125, 229.74850463867188, 621.855224609375, 1418.1553955078125, 1394.4180908203125, 1437.6112060546875], "velocity": [[-19.447755813598633, 0.8703486323356628, 5.890017986297607], [-19.240690231323242, -3.8826751708984375, 10.719788551330566], [4.7191691398620605, -1.1053030490875244, 21.305639266967773], [0.14980964362621307, -0.0719263106584549, 0.033655405044555664], [-0.5829706788063049, 0.31716758012771606, 21.724864959716797], [17.974956512451172, -0.44682857394218445, -7.599613189697266], [0.04917808994650841, 0.51286780834198, 0.4850460886955261], [-15.87601089477539, -4.228420257568359, 12.592167854309082], [-18.358863830566406, -1.2632123231887817, 9.478734016418457], [-13.6597318649292, -4.3773274421691895, 14.92449951171875]]}