{"track": "scotland", "karts": ["konqi", "sara_the_racer", "wilber", "beastie", "gavroche", "pidgin", "tux", "gnu", "xue", "hexley"], "detections": [[[1, 0, 243, 165, 378, 289], [1, 1, 227, 153, 231, 158], [1, 4, 213, 157, 213, 158], [1, 9, 309, 157, 333, 178], [2, 0, 0, 158, 599, 399], [3, 0, 0, 0, 599, 181]], [[1, 1, 281, 179, 317, 249], [1, 2, 281, 160, 290, 165], [1, 3, 272, 161, 279, 165], [1, 4, 273, 172, 290, 188], [1, 5, 282, 163, 290, 167], [1, 6, 263, 166, 279, 179], [1, 7, 276, 157, 280, 163], [1, 8, 294, 159, 299, 164], [2, 0, 0, 160, 599, 399], [3, 0, 0, 0, 599, 217], [6, 21, 232, 167, 255, 170], [6, 23, 303, 169, 325, 171], [6, 24, 334, 169, 356, 172]], [[1, 2, 267, 190, 338, 255], [1, 3, 219, 176, 279, 220], [1, 7, 0, 384, 33, 399], [1, 8, 351, 164, 370, 182], [2, 0, 0, 161, 599, 399], [3, 0, 0, 117, 599, 391]], [[1, 2, 364, 218, 537, 337], [1, 3, 261, 191, 334, 253], [1, 8, 331, 165, 350, 184], [2, 0, 0, 160, 599, 399], [3, 0, 0, 113, 599, 204]], [[1, 2, 285, 160, 297, 166], [1, 3, 273, 159, 283, 166], [1, 4, 273, 203, 326, 254], [1, 5, 287, 164, 297, 170], [1, 6, 256, 175, 286, 199], [1, 7, 277, 155, 285, 164], [1, 8, 300, 158, 306, 163], [2, 0, 0, 159, 599, 399], [3, 0, 0, 0, 599, 226], [6, 21, 215, 172, 249, 177], [6, 23, 317, 172, 349, 176], [6, 24, 360, 172, 392, 176]], [[1, 2, 288, 172, 326, 200], [1, 3, 258, 166, 288, 191], [1, 5, 267, 209, 333, 254], [1, 7, 208, 158, 271, 219], [1, 8, 330, 160, 344, 173], [2, 0, 0, 159, 599, 399], [3, 0, 0, 114, 599, 222]], [[1, 2, 286, 161, 300, 170], [1, 3, 272, 160, 283, 169], [1, 5, 290, 166, 303, 174], [1, 6, 270, 198, 329, 247], [1, 7, 279, 156, 288, 167], [1, 8, 300, 159, 307, 165], [2, 0, 0, 159, 599, 399], [3, 0, 0, 107, 599, 242], [6, 21, 199, 179, 246, 187], [6, 23, 333, 177, 374, 184], [6, 24, 384, 177, 426, 183]], [[1, 2, 331, 160, 377, 200], [1, 5, 348, 228, 530, 336], [1, 7, 238, 124, 361, 261], [1, 8, 347, 150, 362, 165], [2, 0, 0, 150, 599, 399], [3, 0, 0, 106, 599, 191]], [[1, 8, 265, 187, 330, 260], [2, 0, 0, 160, 599, 399], [3, 0, 0, 110, 599, 203]], [[1, 1, 231, 160, 234, 167], [1, 2, 193, 165, 196, 167], [1, 4, 215, 164, 220, 167], [1, 5, 197, 167, 201, 167], [1, 6, 205, 164, 210, 167], [1, 7, 194, 165, 194, 166], [1, 9, 279, 196, 329, 265], [2, 0, 0, 167, 599, 399], [3, 0, 0, 0, 599, 210], [6, 24, 232, 167, 233, 167]]], "distance_down_track": [373.8238830566406, 416.3266906738281, 445.2768859863281, 447.0216369628906, 422.9847412109375, 441.2403869628906, 427.1170959472656, 441.6478576660156, 455.0518798828125, 381.6189270019531], "velocity": [[11.027697563171387, 0.49904865026474, 2.4851927757263184], [17.076732635498047, -0.6083492040634155, 18.04266357421875], [9.065123558044434, -0.5611405968666077, 22.54238510131836], [20.558279037475586, -0.8616698384284973, 16.696701049804688], [15.746480941772461, -0.6845296621322632, 16.750516891479492], [14.711076736450195, -0.7865206003189087, 19.898683547973633], [18.194814682006836, -0.9310576319694519, 18.40338706970215], [4.311028003692627, -0.1561455875635147, 5.399633407592773], [17.686893463134766, -0.8466095924377441, 13.496027946472168], [20.509902954101562, 0.856686532497406, 7.485483646392822]]}