{"track": "snowtuxpeak", "karts": ["pidgin", "amanda", "xue", "tux", "gavroche", "emule", "puffy", "sara_the_wizard", "beastie", "gnu"], "detections": [[[1, 0, 219, 218, 358, 319], [1, 1, 431, 164, 445, 173], [1, 3, 349, 160, 363, 169], [1, 6, 460, 165, 468, 170], [1, 9, 434, 159, 439, 165], [2, 0, 0, 105, 599, 399], [3, 0, 0, 0, 599, 288], [4, 14, 506, 166, 511, 174], [4, 15, 468, 164, 480, 172], [4, 16, 441, 162, 448, 169]], [[1, 1, 252, 191, 347, 269], [1, 6, 298, 159, 311, 167], [1, 9, 254, 152, 264, 163], [2, 0, 0, 77, 599, 399], [3, 0, 0, 0, 599, 239], [4, 14, 389, 156, 409, 175], [4, 15, 328, 156, 346, 176], [4, 16, 266, 157, 287, 176]], [[1, 2, 238, 179, 359, 324], [2, 0, 0, 149, 599, 399], [3, 0, 0, 0, 599, 274]], [[1, 1, 393, 164, 431, 187], [1, 3, 265, 198, 333, 256], [1, 6, 320, 158, 323, 164], [1, 9, 293, 153, 299, 161], [2, 0, 11, 85, 599, 399], [3, 0, 0, 0, 599, 399], [4, 14, 395, 155, 409, 166], [4, 15, 359, 155, 371, 167], [4, 16, 322, 156, 333, 169]], [[1, 0, 542, 147, 565, 156], [1, 4, 269, 203, 325, 260], [1, 8, 436, 122, 457, 135], [2, 0, 0, 140, 599, 399], [3, 0, 0, 0, 599, 303], [5, 12, 378, 139, 386, 147]], [[1, 2, 315, 149, 318, 152], [1, 5, 257, 199, 342, 287], [1, 7, 320, 149, 322, 152], [2, 0, 0, 151, 599, 399], [3, 0, 0, 0, 599, 270]], [[1, 6, 253, 201, 347, 266], [2, 0, 0, 34, 599, 399], [3, 0, 0, 0, 599, 245]], [[1, 2, 264, 164, 286, 187], [1, 7, 279, 188, 319, 266], [2, 0, 0, 157, 599, 399], [3, 0, 0, 0, 599, 257]], [[1, 0, 253, 200, 276, 217], [1, 1, 419, 172, 431, 176], [1, 3, 351, 170, 362, 177], [1, 6, 475, 169, 475, 169], [1, 8, 245, 180, 394, 351], [2, 0, 0, 156, 599, 399], [3, 0, 0, 8, 599, 289], [4, 14, 496, 167, 502, 172], [4, 15, 466, 169, 474, 171], [4, 16, 444, 171, 444, 171], [5, 13, 359, 346, 362, 350]], [[1, 6, 388, 180, 458, 211], [1, 9, 272, 157, 330, 230], [2, 0, 19, 58, 599, 399], [3, 0, 0, 0, 599, 399]]], "distance_down_track": [846.58544921875, 873.1751098632812, 2.952765464782715, 867.0523071289062, 812.9417114257812, 932.6483154296875, 889.7514038085938, 988.3856811523438, 848.32080078125, 887.3985595703125], "velocity": [[-7.656224250793457, -0.0025659799575805664, -3.2629570960998535], [-18.048748016357422, -0.7630394101142883, 3.38546085357666], [-1.361683964729309, 0.08678287267684937, 6.422079086303711], [-20.419374465942383, -0.9543051719665527, 7.475937366485596], [20.921180725097656, -2.9502456188201904, -7.464539051055908], [-1.446752667427063, 0.08026361465454102, 12.341797828674316], [-20.404998779296875, -0.9198374152183533, 4.354039669036865], [-1.833070158958435, 0.08172200620174408, 20.618515014648438], [-15.00745677947998, -10.222308158874512, -14.22360610961914], [-21.41632080078125, -0.9833579659461975, 5.8946967124938965]]}