{"track": "zengarden", "karts": ["nolok", "sara_the_wizard", "gnu", "beastie", "hexley", "gavroche", "puffy", "xue", "kiki", "sara_the_racer"], "detections": [[[1, 0, 270, 203, 329, 256], [1, 6, 398, 168, 410, 174], [2, 0, 0, 170, 408, 399], [3, 0, 0, 0, 599, 399], [3, 246, 235, 116, 252, 140], [3, 289, 225, 110, 261, 169]], [[1, 1, 275, 211, 327, 294], [1, 4, 383, 157, 391, 162], [1, 8, 361, 151, 369, 160], [2, 0, 0, 155, 560, 399], [3, 0, 0, 0, 599, 399]], [[1, 0, 432, 160, 441, 166], [1, 2, 266, 159, 337, 231], [1, 3, 325, 166, 357, 190], [2, 0, 0, 162, 599, 399], [3, 0, 0, 0, 599, 375], [3, 243, 356, 127, 366, 142], [3, 249, 269, 115, 284, 138], [3, 286, 350, 123, 374, 162], [3, 292, 258, 110, 294, 165]], [[1, 0, 372, 163, 385, 171], [1, 3, 252, 187, 350, 275], [2, 0, 0, 165, 393, 399], [3, 0, 0, 0, 599, 399], [3, 243, 283, 123, 295, 141], [3, 246, 381, 134, 390, 146], [3, 249, 152, 93, 180, 129], [3, 286, 276, 118, 304, 165], [3, 289, 376, 130, 392, 162], [3, 292, 131, 84, 196, 172]], [[1, 4, 271, 206, 346, 300], [1, 8, 202, 159, 234, 192], [2, 0, 0, 159, 439, 399], [3, 0, 0, 0, 599, 399]], [[1, 1, 480, 157, 502, 162], [1, 5, 272, 202, 326, 254], [1, 6, 0, 198, 84, 253], [1, 9, 142, 190, 237, 300], [2, 0, 0, 151, 578, 399], [3, 0, 0, 0, 599, 399], [4, 17, 400, 151, 412, 159], [4, 18, 444, 159, 451, 163]], [[1, 1, 483, 150, 497, 154], [1, 5, 458, 190, 541, 228], [1, 6, 250, 200, 335, 262], [1, 9, 468, 180, 551, 261], [2, 0, 0, 140, 599, 399], [3, 0, 0, 0, 599, 249], [4, 17, 405, 148, 417, 156], [4, 18, 452, 153, 458, 157]], [[1, 7, 266, 188, 329, 259], [2, 0, 0, 0, 599, 399], [3, 0, 0, 60, 599, 326]], [[1, 8, 266, 182, 332, 256], [2, 0, 0, 165, 599, 399], [3, 0, 0, 0, 599, 250], [3, 174, 372, 164, 374, 166]], [[1, 1, 468, 150, 486, 155], [1, 5, 334, 189, 380, 228], [1, 6, 43, 196, 179, 253], [1, 9, 274, 178, 320, 257], [2, 0, 0, 141, 599, 399], [3, 0, 0, 0, 599, 354], [4, 17, 393, 149, 404, 156], [4, 18, 435, 153, 442, 157]]], "distance_down_track": [466.3453063964844, 524.4730834960938, 435.95428466796875, 442.8992614746094, 545.4224243164062, 495.0389404296875, 493.6279296875, 386.5906677246094, 550.0057373046875, 493.5777587890625], "velocity": [[-19.053743362426758, -0.04844067618250847, 11.605545997619629], [11.534467697143555, 1.237986445426941, 3.796837091445923], [-21.761499404907227, 0.0817190632224083, -7.445167541503906], [-18.634796142578125, 0.45796144008636475, -1.580234408378601], [12.38187313079834, 1.034289836883545, -0.00978524424135685], [2.6812994480133057, 0.019117707386612892, 24.318622589111328], [5.88508415222168, 0.10366929322481155, 21.974658966064453], [-8.254271507263184, 0.08189906924962997, -21.4676570892334], [19.453332901000977, 1.6461544036865234, -2.360124349594116], [2.8172621726989746, 0.10312151163816452, 20.41077995300293]]}