{"track": "tutorial", "karts": ["puffy", "hexley", "tux", "suzanne", "pidgin", "nolok", "beastie", "gavroche", "amanda", "adiumy"], "detections": [[[1, 0, 204, 203, 394, 327], [2, 0, 0, 100, 83, 138], [3, 0, 0, 47, 599, 399]], [[1, 0, 319, 160, 350, 183], [1, 1, 243, 193, 350, 349], [1, 4, 216, 161, 247, 178], [1, 8, 148, 152, 193, 182], [2, 0, 0, 103, 230, 159], [3, 0, 0, 35, 599, 399]], [[1, 2, 268, 198, 332, 252], [1, 3, 376, 204, 514, 284], [1, 9, 331, 162, 340, 170], [2, 0, 0, 171, 599, 399], [3, 0, 0, 73, 599, 265], [3, 6, 458, 62, 477, 83], [3, 7, 373, 79, 386, 91]], [[1, 2, 200, 191, 253, 229], [1, 3, 268, 192, 334, 242], [1, 9, 310, 163, 319, 170], [2, 0, 0, 172, 599, 399], [3, 0, 0, 74, 599, 320], [3, 6, 445, 64, 463, 84], [3, 7, 364, 80, 377, 93]], [[1, 4, 223, 217, 373, 323], [1, 8, 0, 236, 80, 341], [2, 0, 0, 81, 229, 210], [3, 0, 0, 50, 599, 399]], [[1, 5, 237, 205, 354, 320], [2, 0, 92, 0, 313, 84], [3, 0, 0, 0, 599, 399]], [[1, 2, 281, 147, 292, 156], [1, 3, 300, 146, 314, 155], [1, 6, 262, 190, 342, 259], [1, 9, 302, 139, 308, 143], [2, 0, 0, 145, 599, 399], [3, 0, 0, 56, 599, 348], [3, 6, 421, 46, 438, 65], [3, 7, 349, 57, 361, 69]], [[1, 2, 263, 135, 269, 140], [1, 3, 275, 135, 283, 140], [1, 6, 266, 149, 283, 163], [1, 7, 261, 203, 335, 278], [1, 9, 277, 128, 281, 131], [2, 0, 0, 132, 599, 399], [3, 0, 0, 54, 599, 255], [3, 6, 387, 45, 402, 62], [3, 7, 324, 47, 335, 59]], [[1, 0, 551, 182, 599, 215], [1, 4, 367, 196, 467, 254], [1, 8, 212, 183, 372, 337], [2, 0, 0, 59, 260, 209], [3, 0, 0, 20, 599, 399]], [[1, 9, 271, 183, 329, 239], [2, 0, 0, 173, 599, 399], [3, 0, 0, 59, 599, 391], [3, 6, 373, 48, 389, 69], [3, 7, 288, 60, 301, 74]]], "distance_down_track": [712.6583862304688, 712.6583862304688, 576.2125244140625, 561.7310180664062, 576.2125244140625, 619.34228515625, 561.7310180664062, 590.8922729492188, 561.7310180664062, 547.9110717773438], "velocity": [[-0.06962762027978897, 0.08163785934448242, 0.0019219837849959731], [-4.8647589683532715, 0.09463391453027725, -0.29731079936027527], [11.793554306030273, -0.24118390679359436, -19.74471664428711], [14.481499671936035, -0.3279849886894226, -21.591169357299805], [-0.07185616344213486, 0.08187419176101685, 0.014399245381355286], [4.1406569480896, 0.09411051869392395, -2.7561562061309814], [12.332950592041016, -1.8811516761779785, -20.678058624267578], [6.120988845825195, -2.351444721221924, -14.59311580657959], [0.07587352395057678, 0.14839793741703033, 0.4041875898838043], [4.512042999267578, -1.6768543720245361, -22.49065589904785]]}