{"track": "snowtuxpeak", "karts": ["pidgin", "amanda", "xue", "tux", "gavroche", "emule", "puffy", "sara_the_wizard", "beastie", "gnu"], "detections": [[[1, 0, 261, 210, 334, 258], [1, 2, 265, 152, 268, 155], [1, 5, 263, 153, 264, 154], [1, 8, 274, 158, 282, 161], [2, 0, 0, 149, 599, 399], [3, 0, 0, 0, 599, 318], [6, 21, 247, 150, 270, 168]], [[1, 1, 246, 208, 338, 297], [1, 6, 234, 273, 317, 310], [1, 7, 318, 244, 363, 318], [2, 0, 160, 226, 599, 399], [3, 0, 0, 61, 599, 399], [3, 1, 269, 224, 271, 226], [4, 7, 349, 223, 376, 249]], [[1, 1, 217, 138, 225, 146], [1, 2, 269, 187, 332, 258], [1, 3, 239, 149, 248, 155], [1, 4, 239, 147, 248, 153], [1, 5, 282, 183, 319, 217], [1, 6, 213, 144, 224, 148], [1, 7, 224, 143, 228, 149], [2, 0, 0, 147, 599, 399], [3, 0, 0, 0, 599, 290], [4, 7, 224, 143, 227, 147], [4, 8, 261, 145, 268, 151]], [[1, 1, 248, 151, 269, 171], [1, 3, 268, 198, 331, 249], [1, 4, 290, 177, 322, 199], [1, 6, 244, 167, 266, 175], [1, 7, 265, 161, 275, 176], [2, 0, 183, 166, 599, 399], [3, 0, 0, 4, 599, 399], [3, 1, 181, 135, 182, 136], [4, 7, 271, 158, 281, 169], [4, 8, 349, 165, 369, 180]], [[1, 1, 253, 153, 283, 179], [1, 4, 275, 203, 328, 252], [1, 6, 251, 174, 276, 185], [1, 7, 276, 166, 290, 186], [2, 0, 0, 169, 599, 399], [3, 0, 0, 21, 599, 380], [3, 1, 211, 140, 216, 160], [4, 7, 294, 162, 307, 175], [4, 8, 393, 170, 425, 194]], [[1, 1, 221, 139, 229, 147], [1, 2, 233, 218, 354, 373], [1, 3, 242, 149, 252, 157], [1, 4, 243, 148, 252, 154], [1, 5, 273, 199, 328, 254], [1, 6, 217, 146, 228, 149], [1, 7, 229, 144, 232, 150], [2, 0, 0, 147, 599, 399], [3, 0, 0, 0, 599, 293], [4, 7, 229, 143, 232, 148], [4, 8, 267, 146, 275, 152]], [[1, 1, 269, 153, 360, 243], [1, 6, 260, 217, 342, 254], [1, 7, 344, 191, 384, 261], [2, 0, 191, 169, 599, 399], [3, 0, 0, 0, 599, 399], [4, 7, 354, 167, 381, 193]], [[1, 1, 190, 149, 296, 241], [1, 6, 181, 218, 270, 252], [1, 7, 277, 188, 317, 259], [2, 0, 13, 167, 599, 399], [3, 0, 0, 0, 599, 399], [4, 7, 329, 165, 356, 191]], [[1, 2, 284, 152, 293, 160], [1, 3, 246, 147, 251, 150], [1, 4, 243, 146, 247, 149], [1, 5, 283, 153, 286, 158], [1, 8, 235, 221, 361, 292], [2, 0, 0, 149, 599, 399], [3, 0, 0, 0, 599, 260], [4, 8, 252, 145, 256, 148]], [[1, 9, 273, 159, 329, 233], [2, 0, 0, 138, 599, 399], [3, 0, 0, 0, 599, 395], [4, 4, 583, 179, 599, 234]]], "distance_down_track": [339.1587829589844, 424.6482849121094, 390.6158142089844, 412.7764892578125, 416.5611877441406, 392.2330627441406, 424.9277038574219, 424.6762390136719, 365.9354553222656, 228.2314910888672], "velocity": [[21.841840744018555, 1.8018338680267334, -5.824675559997559], [16.93039894104004, 2.610842704772949, 13.37741470336914], [23.263731002807617, 1.9145046472549438, 1.641182541847229], [21.762195587158203, 2.920708656311035, 8.08927059173584], [19.488004684448242, 2.7676961421966553, 12.6537504196167], [23.187246322631836, 2.1137616634368896, 2.3331551551818848], [18.585180282592773, 2.6933088302612305, 15.347953796386719], [17.603181838989258, 2.582317590713501, 15.19933032989502], [12.023874282836914, 1.0654844045639038, -1.635249137878418], [-0.0291499774903059, 0.1583431512117386, -22.99943733215332]]}