{"track": "overworld", "karts": ["beastie", "kiki", "hexley", "emule", "amanda", "wilber", "adiumy", "xue", "suzanne", "nolok"], "detections": [[[1, 0, 255, 188, 340, 261], [3, 0, 0, 0, 599, 175], [3, 4, 309, 138, 311, 141], [3, 7, 315, 136, 324, 142], [3, 8, 315, 139, 317, 141], [3, 24, 324, 136, 334, 141], [3, 25, 333, 139, 333, 139]], [[1, 1, 262, 182, 327, 257], [1, 2, 361, 153, 367, 159], [1, 7, 357, 137, 359, 139], [1, 8, 332, 163, 348, 174], [1, 9, 367, 148, 370, 151], [2, 0, 307, 154, 319, 165], [3, 0, 0, 0, 599, 166], [3, 7, 324, 128, 325, 128], [3, 24, 326, 128, 328, 129]], [[1, 2, 276, 197, 323, 261], [1, 7, 261, 141, 265, 145], [1, 9, 281, 157, 288, 164], [3, 0, 0, 59, 599, 176], [3, 7, 227, 135, 227, 135], [3, 24, 229, 136, 231, 136]], [[1, 3, 243, 199, 355, 315], [1, 6, 380, 219, 483, 315], [2, 7, 0, 209, 265, 269], [2, 24, 265, 210, 556, 267], [3, 7, 0, 0, 268, 211], [3, 24, 266, 0, 599, 259]], [[1, 4, 256, 191, 337, 261], [3, 0, 0, 0, 599, 155]], [[1, 4, 234, 155, 242, 160], [1, 5, 263, 189, 339, 261], [3, 0, 216, 60, 599, 150]], [[1, 3, 4, 158, 201, 323], [1, 6, 259, 193, 350, 293], [2, 7, 0, 175, 121, 261], [2, 24, 155, 182, 419, 249], [3, 0, 480, 0, 599, 230], [3, 7, 0, 0, 145, 179], [3, 24, 143, 0, 504, 233]], [[1, 5, 561, 172, 570, 175], [1, 7, 264, 188, 328, 261], [3, 0, 0, 89, 493, 175], [3, 7, 295, 162, 297, 163], [3, 8, 294, 163, 294, 163], [3, 24, 298, 162, 300, 163], [3, 25, 301, 163, 301, 163]], [[1, 2, 310, 155, 319, 165], [1, 7, 293, 135, 296, 138], [1, 8, 264, 201, 333, 253], [1, 9, 309, 148, 313, 151], [2, 0, 205, 159, 234, 190], [3, 0, 0, 0, 599, 164], [3, 24, 257, 128, 260, 129], [3, 25, 259, 128, 259, 128]], [[1, 7, 277, 138, 283, 145], [1, 9, 269, 203, 325, 256], [3, 0, 0, 55, 589, 140], [3, 7, 257, 137, 258, 138], [3, 24, 259, 138, 261, 138]]], "distance_down_track": [265.54156494140625, 12.82058048248291, 42.947021484375, 621.8928833007812, 1161.871826171875, 202.28431701660156, 621.7239990234375, 93.86477661132812, 26.654216766357422, 63.99478530883789], "velocity": [[-1.5018856525421143, -2.428225517272949, 21.546653747558594], [0.7608851790428162, -2.060281991958618, 20.978031158447266], [6.724137783050537, -0.2912219166755676, 22.588468551635742], [0.16536881029605865, 0.3408629596233368, -0.8558340072631836], [-4.2372612953186035, 0.26900920271873474, -21.31627082824707], [17.48811912536621, -0.31777170300483704, -8.987595558166504], [0.10710640996694565, 0.35308051109313965, -0.1272212415933609], [0.423309862613678, 0.8975308537483215, 22.24187469482422], [5.551913261413574, -1.1116334199905396, 22.78192710876465], [4.162949085235596, -0.26522204279899597, 22.571786880493164]]}