{"track": "tutorial", "karts": ["puffy", "hexley", "tux", "suzanne", "pidgin", "nolok", "beastie", "gavroche", "amanda", "adiumy"], "detections": [[[1, 0, 200, 202, 390, 330], [1, 1, 390, 197, 400, 204], [1, 2, 391, 194, 400, 199], [1, 3, 367, 189, 376, 195], [1, 4, 379, 192, 388, 197], [1, 6, 303, 215, 314, 217], [1, 9, 401, 196, 408, 202], [2, 0, 0, 160, 599, 399], [3, 0, 0, 0, 599, 304], [3, 8, 124, 38, 133, 49]], [[1, 1, 244, 192, 352, 347], [1, 2, 195, 177, 281, 244], [1, 3, 0, 203, 37, 234], [1, 4, 59, 187, 174, 246], [1, 9, 315, 171, 373, 242], [2, 0, 0, 82, 131, 181], [3, 0, 0, 30, 599, 399]], [[1, 1, 337, 170, 500, 266], [1, 2, 225, 196, 358, 315], [1, 9, 262, 175, 331, 238], [3, 0, 0, 34, 599, 399]], [[1, 2, 497, 189, 599, 267], [1, 3, 216, 201, 365, 335], [1, 4, 371, 204, 492, 282], [1, 9, 587, 207, 599, 225], [2, 0, 0, 61, 238, 207], [3, 0, 0, 38, 599, 399]], [[1, 1, 346, 165, 447, 220], [1, 2, 279, 175, 343, 234], [1, 4, 220, 218, 368, 324], [1, 9, 298, 165, 342, 207], [3, 0, 0, 25, 599, 399]], [[1, 5, 259, 204, 337, 276], [2, 0, 0, 150, 599, 399], [3, 0, 0, 107, 599, 311], [3, 6, 104, 120, 115, 128], [3, 7, 25, 100, 40, 111]], [[1, 1, 513, 185, 536, 201], [1, 2, 502, 180, 522, 193], [1, 3, 438, 173, 458, 185], [1, 4, 469, 178, 491, 189], [1, 6, 261, 189, 335, 256], [1, 9, 534, 183, 556, 198], [2, 0, 346, 135, 468, 171], [3, 0, 0, 0, 599, 399], [3, 8, 122, 36, 133, 48]], [[1, 5, 78, 153, 88, 155], [1, 7, 253, 205, 354, 305], [2, 0, 0, 157, 599, 399], [3, 0, 0, 105, 599, 290], [5, 6, 413, 160, 430, 181], [5, 7, 331, 164, 343, 185], [5, 8, 231, 168, 248, 189], [5, 17, 205, 157, 210, 162], [5, 18, 229, 156, 232, 161], [5, 19, 247, 155, 250, 159], [5, 20, 131, 153, 134, 156], [5, 21, 118, 153, 122, 157]], [[1, 0, 252, 151, 292, 173], [1, 1, 423, 187, 425, 188], [1, 2, 422, 185, 429, 188], [1, 3, 401, 180, 409, 185], [1, 4, 412, 183, 420, 187], [1, 8, 259, 191, 334, 258], [1, 9, 434, 187, 436, 188], [2, 0, 0, 153, 599, 399], [3, 0, 0, 0, 599, 381], [3, 6, 170, 0, 184, 4], [3, 8, 204, 50, 210, 53]], [[1, 1, 56, 287, 275, 399], [1, 2, 29, 204, 246, 323], [1, 4, 0, 234, 49, 292], [1, 9, 251, 192, 356, 314], [2, 0, 0, 55, 48, 81], [3, 0, 0, 0, 599, 399]]], "distance_down_track": [712.6583862304688, 712.6583862304688, 383.7624206542969, 383.7624206542969, 383.7624206542969, 455.9293518066406, 365.0060729980469, 409.40948486328125, 343.6702575683594, 343.6702575683594], "velocity": [[-0.07037825882434845, 0.08175957202911377, 0.0019022470805794], [-3.597364664077759, 0.14615249633789062, 0.13147202134132385], [0.1742222011089325, 0.13615953922271729, 1.1160175800323486], [-0.46122634410858154, 0.09197144955396652, 0.4181448519229889], [-0.34389105439186096, 0.24742695689201355, 3.158424139022827], [-8.901659965515137, 1.1407222747802734, -12.661640167236328], [-15.173686981201172, -14.84600830078125, -17.959789276123047], [-7.700488567352295, 0.274294912815094, 6.908959865570068], [-12.273578643798828, -3.2890560626983643, -20.53689193725586], [-0.2129078358411789, -0.40283843874931335, 0.1476842612028122]]}