{"track": "tutorial", "karts": ["puffy", "hexley", "tux", "suzanne", "pidgin", "nolok", "beastie", "gavroche", "amanda", "adiumy"], "detections": [[[1, 0, 258, 201, 346, 261], [2, 0, 0, 156, 599, 399], [3, 0, 0, 97, 599, 320], [3, 2, 451, 145, 472, 161], [5, 7, 37, 145, 38, 145], [5, 12, 169, 149, 171, 151], [5, 13, 181, 150, 183, 152], [5, 14, 295, 157, 298, 163], [5, 15, 270, 157, 273, 163], [5, 16, 238, 156, 242, 163]], [[1, 1, 274, 196, 329, 271], [2, 0, 73, 142, 599, 399], [3, 0, 0, 114, 599, 399], [5, 17, 212, 155, 219, 162], [5, 18, 242, 155, 249, 162], [5, 19, 265, 156, 270, 162], [5, 20, 132, 142, 136, 147], [5, 21, 116, 142, 121, 146], [5, 22, 96, 140, 101, 145]], [[1, 2, 267, 197, 331, 255], [2, 0, 0, 182, 599, 399], [3, 0, 0, 0, 599, 271], [3, 6, 270, 146, 270, 146], [3, 7, 219, 134, 221, 134]], [[1, 3, 265, 201, 336, 254], [2, 0, 0, 155, 599, 399], [3, 0, 0, 61, 599, 320], [3, 6, 448, 51, 466, 71], [3, 7, 369, 65, 381, 77], [3, 8, 488, 82, 488, 82]], [[1, 4, 266, 208, 330, 256], [1, 5, 391, 177, 410, 190], [1, 6, 490, 177, 523, 194], [1, 7, 472, 177, 490, 189], [2, 0, 343, 136, 466, 171], [3, 0, 0, 0, 599, 399], [3, 8, 119, 39, 130, 50]], [[1, 5, 236, 205, 353, 322], [1, 6, 428, 161, 486, 203], [1, 7, 385, 166, 428, 193], [2, 0, 0, 85, 317, 164], [3, 0, 0, 7, 599, 399]], [[1, 6, 211, 180, 383, 338], [1, 7, 0, 240, 213, 399], [3, 0, 0, 28, 599, 399]], [[1, 6, 299, 170, 398, 251], [1, 7, 230, 205, 345, 321], [3, 0, 0, 37, 599, 399]], [[1, 8, 249, 188, 355, 283], [1, 9, 209, 187, 220, 195], [2, 0, 0, 141, 599, 251], [3, 0, 0, 1, 599, 399]], [[1, 9, 257, 193, 341, 279], [2, 0, 0, 103, 599, 399], [3, 0, 0, 0, 599, 399]]], "distance_down_track": [359.2147216796875, 429.072509765625, 0.0, 0.0, 0.0, 0.0, 0.0, 0.0, 753.8200073242188, 753.8200073242188], "velocity": [[18.464996337890625, 1.3368803262710571, 11.387133598327637], [-16.10988426208496, 0.22074134647846222, 11.275418281555176], [-1.2681447267532349, -0.7689689993858337, -22.93903923034668], [12.43996810913086, -0.7653447985649109, -19.330324172973633], [-15.32498550415039, -15.022680282592773, -17.806432723999023], [-4.819596290588379, 0.08165579289197922, -0.15874868631362915], [-1.7440670728683472, 0.3364849090576172, 2.693915843963623], [0.017975730821490288, 0.18199409544467926, 2.4872379302978516], [-13.251029014587402, -2.2631359100341797, -1.2590608596801758], [-8.48973274230957, -1.1436446905136108, -7.672452926635742]]}