{"track": "overworld", "karts": ["beastie", "kiki", "hexley", "emule", "amanda", "wilber", "adiumy", "xue", "suzanne", "nolok"], "detections": [[[1, 0, 258, 190, 343, 264], [3, 0, 0, 0, 599, 168], [3, 4, 300, 138, 303, 141], [3, 7, 309, 136, 315, 140], [3, 8, 308, 139, 309, 140], [3, 24, 316, 136, 325, 140], [3, 25, 324, 139, 324, 139]], [[1, 1, 273, 183, 334, 253], [1, 2, 271, 157, 283, 164], [1, 6, 301, 155, 309, 163], [2, 7, 248, 151, 296, 162], [2, 24, 296, 148, 357, 161], [3, 0, 0, 0, 599, 170], [3, 7, 189, 0, 295, 162], [3, 24, 288, 0, 395, 157], [3, 25, 391, 0, 391, 0]], [[1, 2, 250, 192, 360, 350], [2, 7, 269, 146, 567, 238], [2, 24, 550, 145, 599, 246], [3, 0, 0, 0, 195, 188], [3, 7, 162, 0, 598, 192], [3, 24, 568, 0, 599, 146]], [[1, 3, 247, 199, 365, 322], [3, 0, 0, 13, 599, 146], [3, 5, 476, 143, 495, 148]], [[1, 4, 256, 191, 337, 261], [3, 0, 25, 0, 599, 165]], [[1, 5, 266, 189, 341, 262], [3, 0, 0, 20, 599, 190]], [[1, 6, 252, 192, 357, 306], [2, 7, 0, 285, 245, 366], [2, 24, 235, 287, 599, 373], [3, 0, 0, 0, 599, 399], [3, 7, 0, 0, 285, 288], [3, 24, 246, 0, 599, 290], [255, 16777215, 0, 378, 599, 399]], [[1, 7, 265, 187, 332, 265], [3, 0, 10, 106, 571, 157]], [[1, 8, 260, 201, 336, 259], [1, 9, 289, 145, 292, 147], [2, 0, 110, 169, 178, 228], [3, 0, 0, 0, 599, 173], [3, 24, 250, 135, 250, 135]], [[1, 9, 266, 203, 326, 261], [3, 0, 0, 85, 476, 169], [3, 7, 289, 159, 291, 159], [3, 24, 292, 159, 294, 159]]], "distance_down_track": [273.5488586425781, 233.90414428710938, 233.90414428710938, 195.050048828125, 1138.3651123046875, 1298.994384765625, 621.7551879882812, 967.5574951171875, 30.074724197387695, 87.4173583984375], "velocity": [[-0.6124244332313538, 0.3309475779533386, 21.723848342895508], [-2.7124898433685303, -3.558520793914795, 21.38695526123047], [-0.3915153443813324, 0.04987703263759613, 0.41337481141090393], [-5.330523490905762, -0.15380698442459106, 1.4009276628494263], [-4.542846202850342, -0.024250773712992668, -21.25493049621582], [2.6796185970306396, 3.0346686840057373, -19.2437686920166], [-0.008152355439960957, 0.013105829246342182, 0.06782645732164383], [14.955509185791016, -0.4048112630844116, -14.305903434753418], [5.388983249664307, -0.9246840476989746, 19.964813232421875], [0.9115496873855591, 0.7960310578346252, 20.664592742919922]]}