{"track": "overworld", "karts": ["beastie", "kiki", "hexley", "emule", "amanda", "wilber", "adiumy", "xue", "suzanne", "nolok"], "detections": [[[1, 0, 253, 189, 339, 264], [1, 2, 320, 157, 329, 162], [1, 8, 287, 149, 291, 152], [1, 9, 291, 150, 291, 150], [3, 0, 19, 0, 599, 164]], [[1, 0, 324, 168, 328, 171], [1, 1, 262, 182, 327, 257], [1, 2, 459, 170, 461, 173], [1, 8, 562, 168, 570, 170], [3, 0, 400, 77, 599, 167]], [[1, 2, 266, 196, 328, 274], [1, 5, 504, 144, 507, 147], [1, 8, 411, 149, 426, 158], [1, 9, 457, 150, 465, 155], [3, 0, 0, 0, 599, 150]], [[1, 3, 239, 199, 358, 322], [1, 6, 278, 170, 291, 184], [2, 7, 216, 162, 290, 178], [2, 24, 290, 163, 387, 179], [3, 0, 0, 0, 599, 194], [3, 7, 129, 0, 289, 176], [3, 24, 289, 0, 463, 179]], [[1, 4, 261, 192, 336, 255], [2, 0, 31, 179, 141, 265], [3, 0, 0, 0, 599, 182], [3, 7, 245, 135, 245, 135], [3, 24, 246, 135, 247, 135], [3, 25, 249, 136, 249, 136]], [[1, 5, 261, 190, 337, 258], [3, 0, 0, 0, 599, 168]], [[1, 6, 250, 190, 353, 305], [2, 0, 292, 356, 300, 358], [2, 7, 0, 266, 298, 338], [2, 24, 300, 264, 599, 339], [3, 0, 0, 0, 599, 356], [3, 7, 0, 0, 299, 300], [3, 24, 301, 0, 599, 264], [255, 16777215, 0, 340, 599, 399]], [[1, 7, 264, 186, 332, 264], [3, 0, 0, 8, 582, 172], [3, 4, 384, 144, 386, 144], [3, 6, 219, 154, 230, 158], [3, 7, 359, 144, 365, 147], [3, 24, 365, 144, 372, 146], [255, 16777215, 227, 155, 504, 185]], [[1, 5, 305, 161, 307, 162], [1, 8, 253, 200, 333, 265], [1, 9, 307, 172, 319, 182], [3, 0, 0, 0, 599, 169]], [[1, 5, 285, 147, 288, 149], [1, 9, 265, 203, 325, 259], [3, 0, 0, 0, 599, 158]]], "distance_down_track": [1138.805908203125, 170.4350128173828, 1171.600341796875, 621.8707885742188, 31.533004760742188, 1267.927734375, 621.8804321289062, 337.42919921875, 1191.25830078125, 1204.2552490234375], "velocity": [[-4.576479911804199, -0.024655811488628387, -21.24771499633789], [19.570865631103516, 1.094597578048706, 3.464968681335449], [7.690847396850586, 0.08184397220611572, -14.529973030090332], [-0.05423353612422943, 0.10930877178907394, 0.10422069579362869], [6.5736918449401855, -1.0679291486740112, 23.213542938232422], [-0.2382965236902237, 2.2274482250213623, -19.5369873046875], [0.005043814890086651, 0.08379919826984406, -0.001206338289193809], [3.207998752593994, -0.16744491457939148, 20.449222564697266], [-2.6009342670440674, 0.35235244035720825, -20.05086326599121], [-3.61136531829834, 0.20596829056739807, -20.381500244140625]]}