{"track": "overworld", "karts": ["beastie", "kiki", "hexley", "emule", "amanda", "wilber", "adiumy", "xue", "suzanne", "nolok"], "detections": [[[1, 0, 259, 189, 345, 263], [3, 0, 0, 96, 473, 220]], [[1, 1, 266, 183, 327, 254], [1, 2, 344, 168, 348, 170], [1, 8, 396, 168, 399, 169], [1, 9, 439, 170, 443, 171], [3, 0, 0, 87, 374, 171], [3, 7, 281, 162, 283, 162], [3, 24, 284, 162, 286, 162]], [[1, 2, 270, 196, 323, 266], [1, 8, 385, 155, 398, 162], [1, 9, 450, 153, 459, 158], [3, 0, 22, 116, 599, 156], [3, 4, 71, 153, 71, 153], [3, 7, 87, 151, 89, 151], [3, 24, 90, 151, 90, 151]], [[1, 3, 259, 199, 339, 281], [2, 7, 28, 146, 262, 199], [2, 24, 261, 147, 583, 201], [3, 7, 0, 0, 260, 189], [3, 24, 253, 0, 599, 199]], [[1, 4, 260, 192, 341, 260], [3, 0, 0, 88, 599, 223]], [[1, 5, 254, 188, 331, 263], [3, 0, 0, 0, 599, 166]], [[1, 3, 284, 165, 309, 188], [1, 6, 261, 192, 344, 280], [2, 7, 153, 146, 278, 175], [2, 24, 278, 147, 445, 176], [3, 0, 0, 0, 599, 181], [3, 7, 6, 0, 277, 169], [3, 24, 275, 0, 577, 175]], [[1, 7, 261, 186, 329, 266], [3, 0, 0, 0, 517, 151], [3, 5, 459, 158, 508, 171], [3, 6, 428, 146, 432, 147]], [[1, 5, 534, 167, 543, 171], [1, 8, 258, 200, 331, 259], [1, 9, 346, 170, 359, 179], [3, 0, 388, 71, 599, 166]], [[1, 5, 434, 153, 440, 156], [1, 9, 265, 202, 323, 259], [3, 0, 297, 62, 599, 153]]], "distance_down_track": [1050.1627197265625, 79.77906799316406, 146.97445678710938, 621.712646484375, 1401.185791015625, 1189.4808349609375, 615.8241577148438, 249.03688049316406, 172.34930419921875, 186.89767456054688], "velocity": [[6.511881351470947, -0.7609484791755676, -20.72260856628418], [1.6618866920471191, 0.8889457583427429, 21.768564224243164], [15.167856216430664, 0.11853238940238953, 15.176034927368164], [-0.25020405650138855, -0.6131572127342224, -3.1894946098327637], [-18.664216995239258, -1.845275640487671, 10.984175682067871], [-1.9113370180130005, 1.1437069177627563, -19.5384464263916], [-0.7744905948638916, -1.736392855644226, 12.737425804138184], [-11.6791353225708, 0.6595425009727478, 17.077842712402344], [21.811996459960938, 1.1227083206176758, 2.731376886367798], [20.85222816467285, -0.30628421902656555, -5.874198913574219]]}