{"track": "tutorial", "karts": ["puffy", "hexley", "tux", "suzanne", "pidgin", "nolok", "beastie", "gavroche", "amanda", "adiumy"], "detections": [[[1, 0, 201, 201, 390, 330], [1, 1, 368, 202, 379, 209], [1, 2, 386, 191, 392, 196], [1, 3, 322, 172, 359, 200], [1, 4, 333, 193, 338, 198], [1, 5, 360, 200, 369, 206], [1, 6, 375, 187, 384, 193], [1, 9, 379, 190, 385, 195], [2, 0, 0, 159, 599, 399], [3, 0, 0, 0, 599, 257], [3, 8, 126, 43, 135, 53]], [[1, 1, 243, 193, 350, 349], [1, 2, 251, 157, 281, 181], [1, 5, 64, 198, 228, 303], [1, 6, 206, 152, 236, 180], [1, 9, 228, 158, 254, 183], [2, 0, 0, 101, 227, 159], [3, 0, 0, 34, 599, 399]], [[1, 2, 234, 196, 368, 319], [1, 6, 142, 178, 272, 261], [1, 9, 95, 196, 252, 322], [2, 0, 0, 124, 317, 198], [3, 0, 0, 45, 599, 399]], [[1, 1, 378, 209, 391, 218], [1, 2, 400, 195, 407, 202], [1, 3, 262, 200, 332, 259], [1, 4, 334, 198, 344, 203], [1, 5, 368, 207, 379, 214], [1, 6, 387, 191, 399, 197], [1, 7, 310, 215, 317, 220], [1, 9, 392, 195, 399, 201], [2, 0, 0, 158, 571, 399], [3, 0, 0, 0, 599, 399], [3, 8, 140, 40, 149, 50]], [[1, 2, 432, 164, 467, 189], [1, 4, 221, 217, 367, 324], [1, 6, 372, 157, 415, 185], [1, 9, 408, 164, 443, 190], [2, 0, 138, 105, 353, 163], [3, 0, 0, 17, 599, 399]], [[1, 1, 367, 201, 563, 372], [1, 2, 273, 156, 305, 181], [1, 5, 236, 205, 353, 321], [1, 6, 226, 151, 260, 179], [1, 9, 251, 157, 278, 183], [2, 0, 0, 92, 236, 157], [3, 0, 0, 22, 599, 399]], [[1, 2, 311, 175, 392, 235], [1, 6, 204, 179, 379, 332], [1, 9, 355, 177, 455, 276], [3, 0, 0, 16, 599, 399]], [[1, 1, 530, 177, 583, 214], [1, 2, 473, 165, 497, 181], [1, 4, 334, 168, 364, 186], [1, 5, 478, 176, 515, 205], [1, 6, 433, 161, 461, 178], [1, 7, 243, 204, 336, 299], [1, 9, 452, 165, 474, 181], [2, 0, 301, 130, 436, 164], [3, 0, 0, 8, 599, 399], [3, 8, 10, 20, 16, 23]], [[1, 0, 326, 130, 327, 130], [1, 3, 339, 132, 340, 132], [1, 8, 227, 187, 367, 305], [2, 0, 0, 126, 599, 399], [3, 0, 0, 41, 599, 244], [3, 6, 362, 39, 375, 55], [3, 7, 301, 38, 312, 50]], [[1, 2, 330, 184, 473, 287], [1, 6, 193, 166, 309, 255], [1, 9, 249, 190, 354, 305], [2, 0, 0, 92, 283, 182], [3, 0, 0, 36, 599, 399]]], "distance_down_track": [699.93115234375, 712.6583862304688, 605.3455200195312, 605.3455200195312, 605.3455200195312, 656.4569091796875, 605.3455200195312, 619.34228515625, 590.8922729492188, 590.8922729492188], "velocity": [[-1.4579269886016846, -0.15129296481609344, -1.6480964422225952], [-4.876315593719482, 0.094460129737854, -0.26348361372947693], [-0.42337357997894287, 0.19296295940876007, -0.30618569254875183], [-14.490781784057617, -4.282902240753174, -17.659400939941406], [-4.973875999450684, 0.09811489284038544, -0.7088578343391418], [-7.05748176574707, 0.11541268229484558, 0.007751006633043289], [-0.28362128138542175, 0.10922729969024658, 0.8505022525787354], [-4.43134880065918, 0.12890629470348358, -2.0557687282562256], [3.258157968521118, -1.734311819076538, -9.971428871154785], [-1.0448843240737915, 0.2507443130016327, -0.34721648693084717]]}