{"track": "snowtuxpeak", "karts": ["pidgin", "amanda", "xue", "tux", "gavroche", "emule", "puffy", "sara_the_wizard", "beastie", "gnu"], "detections": [[[1, 0, 272, 209, 337, 255], [1, 1, 250, 181, 282, 195], [2, 0, 102, 154, 599, 399], [3, 0, 0, 0, 599, 399]], [[1, 1, 242, 225, 360, 290], [2, 0, 215, 149, 599, 399], [3, 0, 0, 0, 599, 399]], [[1, 2, 266, 187, 334, 263], [1, 7, 236, 165, 247, 178], [2, 0, 74, 172, 599, 399], [3, 0, 0, 0, 599, 399]], [[1, 2, 258, 145, 260, 146], [1, 3, 266, 198, 333, 254], [1, 5, 283, 152, 288, 156], [1, 9, 284, 155, 298, 172], [2, 0, 0, 147, 599, 399], [3, 0, 0, 0, 599, 339]], [[1, 0, 236, 161, 248, 167], [1, 1, 216, 161, 228, 164], [1, 4, 274, 203, 328, 255], [1, 6, 255, 166, 270, 170], [2, 0, 0, 158, 599, 399], [3, 0, 0, 0, 599, 280], [6, 23, 153, 270, 463, 399]], [[1, 2, 258, 158, 262, 162], [1, 5, 270, 200, 330, 261], [2, 0, 0, 162, 599, 399], [3, 0, 0, 0, 599, 257]], [[1, 0, 256, 174, 288, 194], [1, 1, 242, 167, 263, 176], [1, 6, 249, 221, 358, 280], [2, 0, 0, 151, 599, 399], [3, 0, 0, 0, 599, 325]], [[1, 7, 275, 187, 317, 266], [2, 0, 189, 152, 599, 399], [3, 0, 0, 0, 599, 399], [4, 4, 186, 148, 190, 151]], [[1, 0, 262, 155, 266, 157], [1, 4, 292, 157, 296, 160], [1, 6, 272, 157, 278, 158], [1, 8, 259, 190, 339, 258], [2, 0, 0, 156, 599, 399], [3, 0, 0, 0, 599, 257], [6, 23, 290, 160, 302, 161]], [[1, 2, 270, 143, 272, 145], [1, 5, 295, 151, 301, 157], [1, 9, 270, 159, 329, 227], [2, 0, 0, 146, 599, 399], [3, 0, 0, 0, 599, 308]]], "distance_down_track": [23.86058807373047, 30.629913330078125, 151.80372619628906, 66.32689666748047, 2.2630836963653564, 100.89793395996094, 19.314950942993164, 168.10838317871094, 958.6082763671875, 75.24447631835938], "velocity": [[-16.026838302612305, 0.1243341863155365, 18.516704559326172], [-9.066351890563965, 0.3897615373134613, 7.965861797332764], [-18.216100692749023, 1.3076887130737305, -9.744414329528809], [-20.88961410522461, 1.2558925151824951, 2.021151542663574], [-4.068057537078857, 0.08165167272090912, 22.637231826782227], [-20.836462020874023, 2.817032814025879, 0.8934291005134583], [-6.823809623718262, 0.12598536908626556, 9.961193084716797], [-11.345845222473145, 0.2727116048336029, -17.311481475830078], [-0.4710395634174347, 0.0925968587398529, 21.99234962463379], [-20.93170166015625, 1.3597865104675293, 0.9840888381004333]]}