{"track": "overworld", "karts": ["beastie", "kiki", "hexley", "emule", "amanda", "wilber", "adiumy", "xue", "suzanne", "nolok"], "detections": [[[1, 0, 253, 189, 339, 264], [3, 0, 26, 0, 599, 165]], [[1, 1, 267, 182, 333, 256], [1, 2, 284, 150, 287, 153], [1, 5, 596, 116, 599, 118], [1, 8, 475, 120, 480, 122], [1, 9, 523, 118, 524, 119], [3, 0, 0, 0, 599, 171]], [[1, 2, 274, 196, 329, 270], [3, 0, 0, 0, 599, 274]], [[1, 3, 238, 199, 358, 322], [2, 7, 41, 255, 278, 318], [2, 24, 317, 254, 599, 319], [3, 7, 0, 0, 313, 310], [3, 24, 312, 0, 599, 254]], [[1, 4, 262, 193, 337, 255], [1, 7, 277, 153, 286, 162], [3, 0, 0, 59, 599, 177], [3, 24, 228, 135, 229, 135]], [[1, 4, 456, 135, 461, 137], [1, 5, 263, 189, 339, 260], [2, 0, 411, 137, 415, 140], [3, 0, 0, 0, 599, 189]], [[1, 3, 269, 143, 283, 157], [1, 6, 252, 190, 356, 303], [2, 7, 210, 144, 289, 161], [2, 24, 289, 144, 392, 162], [3, 0, 0, 0, 599, 172], [3, 7, 115, 0, 288, 158], [3, 24, 287, 0, 473, 160]], [[1, 7, 266, 188, 329, 260], [3, 0, 0, 58, 596, 150], [3, 7, 258, 141, 259, 141], [3, 24, 260, 141, 262, 142], [3, 25, 263, 142, 263, 142]], [[1, 4, 463, 167, 465, 168], [1, 5, 322, 178, 331, 185], [1, 8, 262, 201, 339, 260], [1, 9, 300, 178, 314, 190], [3, 0, 0, 85, 599, 223]], [[1, 4, 461, 143, 466, 146], [1, 5, 315, 164, 330, 178], [1, 9, 273, 203, 335, 261], [3, 0, 0, 45, 599, 178]]], "distance_down_track": [1138.2081298828125, 1269.00830078125, 1329.6556396484375, 621.9607543945312, 43.377498626708984, 1420.70166015625, 608.646728515625, 65.86029815673828, 1397.9420166015625, 1408.850341796875], "velocity": [[-4.546707630157471, -0.0246424563229084, -21.254104614257812], [-0.15950539708137512, 2.2332231998443604, -19.53713035583496], [-4.914666652679443, 3.171335220336914, -18.775005340576172], [0.015133941546082497, 0.16818352043628693, 0.1491127908229828], [6.947412490844727, 0.4371214807033539, 23.1184139251709], [-14.964200973510742, -4.017769813537598, 12.109597206115723], [-0.3354648947715759, -0.8176743388175964, 4.888364315032959], [3.831051826477051, -0.26636308431625366, 22.677127838134766], [-18.086015701293945, -1.142884373664856, 10.003990173339844], [-17.332231521606445, -3.422882556915283, 10.787384033203125]]}