{"track": "tutorial", "karts": ["puffy", "hexley", "tux", "suzanne", "pidgin", "nolok", "beastie", "gavroche", "amanda", "adiumy"], "detections": [[[1, 0, 205, 201, 388, 330], [1, 4, 220, 169, 273, 202], [1, 7, 144, 170, 211, 211], [2, 0, 0, 90, 162, 165], [3, 0, 0, 18, 599, 399]], [[1, 0, 383, 205, 395, 211], [1, 1, 236, 192, 347, 350], [1, 3, 349, 195, 358, 201], [1, 4, 390, 199, 399, 204], [1, 7, 380, 197, 388, 202], [2, 0, 0, 162, 599, 399], [3, 0, 0, 0, 599, 322], [3, 8, 128, 33, 138, 44]], [[1, 0, 560, 177, 599, 200], [1, 2, 247, 197, 338, 281], [1, 3, 416, 167, 443, 184], [1, 4, 523, 172, 555, 187], [1, 7, 493, 170, 516, 185], [1, 8, 303, 176, 359, 238], [2, 0, 333, 134, 468, 166], [3, 0, 0, 0, 599, 399], [3, 8, 87, 44, 96, 49]], [[1, 3, 221, 201, 370, 322], [1, 4, 418, 171, 471, 201], [1, 7, 387, 172, 435, 207], [2, 0, 0, 79, 297, 165], [3, 0, 0, 7, 599, 399]], [[1, 0, 495, 168, 599, 241], [1, 4, 213, 217, 361, 328], [1, 7, 293, 277, 599, 399], [3, 0, 0, 34, 599, 399]], [[1, 0, 538, 171, 572, 188], [1, 2, 357, 182, 370, 195], [1, 3, 432, 162, 454, 175], [1, 4, 524, 167, 549, 177], [1, 5, 270, 202, 326, 272], [1, 7, 498, 164, 519, 176], [1, 8, 362, 173, 383, 195], [1, 9, 292, 157, 388, 246], [2, 0, 366, 129, 487, 159], [3, 0, 0, 0, 599, 399], [3, 8, 136, 42, 146, 53]], [[1, 1, 307, 149, 317, 157], [1, 6, 237, 187, 335, 277], [2, 0, 0, 156, 599, 399], [3, 0, 0, 12, 599, 384], [3, 6, 233, 4, 252, 32], [3, 7, 113, 0, 136, 22]], [[1, 4, 342, 194, 450, 268], [1, 7, 241, 205, 356, 321], [2, 0, 0, 62, 174, 186], [3, 0, 0, 22, 599, 399]], [[1, 0, 517, 170, 564, 193], [1, 2, 134, 285, 325, 399], [1, 3, 380, 162, 406, 180], [1, 4, 476, 165, 503, 179], [1, 7, 450, 164, 469, 178], [1, 8, 222, 186, 360, 309], [2, 0, 287, 127, 420, 160], [3, 0, 0, 14, 599, 399]], [[1, 0, 525, 185, 558, 202], [1, 2, 327, 199, 356, 224], [1, 3, 427, 175, 448, 187], [1, 4, 518, 179, 541, 189], [1, 5, 257, 220, 298, 273], [1, 7, 493, 177, 513, 188], [1, 8, 340, 189, 370, 214], [1, 9, 268, 196, 329, 255], [2, 0, 368, 140, 487, 171], [3, 0, 0, 0, 599, 399], [3, 8, 155, 56, 164, 65]]], "distance_down_track": [712.6583862304688, 712.6583862304688, 656.4569091796875, 656.4569091796875, 656.4569091796875, 675.6192626953125, 633.04345703125, 675.6192626953125, 633.04345703125, 619.34228515625], "velocity": [[-7.117543697357178, 0.1251896768808365, 0.1244671493768692], [-0.14395098388195038, 0.08177752047777176, 0.00916551798582077], [-4.421262264251709, 0.14952950179576874, -3.0207223892211914], [-5.666111469268799, 0.11855388432741165, -0.0910930261015892], [-0.0280824676156044, 0.10681025683879852, 2.607166051864624], [-10.603655815124512, -10.186378479003906, -15.635830879211426], [-3.78334379196167, -2.2668399810791016, -19.18122673034668], [-2.705742597579956, 0.14252351224422455, 0.23738595843315125], [-5.246023654937744, 0.12573595345020294, -2.4916253089904785], [-13.50201416015625, -15.125834465026855, -13.548497200012207]]}