{"track": "tutorial", "karts": ["puffy", "hexley", "tux", "suzanne", "pidgin", "nolok", "beastie", "gavroche", "amanda", "adiumy"], "detections": [[[1, 0, 204, 201, 389, 328], [2, 0, 0, 104, 222, 159], [3, 0, 0, 37, 599, 399]], [[1, 0, 386, 181, 483, 232], [1, 1, 239, 193, 346, 349], [2, 0, 97, 108, 287, 156], [3, 0, 0, 18, 599, 399]], [[1, 0, 321, 162, 348, 179], [1, 1, 258, 156, 287, 179], [1, 2, 226, 196, 356, 310], [1, 3, 86, 154, 159, 190], [2, 0, 203, 124, 314, 155], [3, 0, 0, 19, 599, 399]], [[1, 0, 497, 177, 566, 209], [1, 1, 428, 173, 474, 216], [1, 3, 224, 201, 357, 310], [2, 0, 274, 127, 403, 160], [3, 0, 0, 16, 599, 399]], [[1, 4, 218, 219, 362, 318], [1, 7, 460, 133, 526, 162], [2, 0, 69, 0, 218, 71], [3, 0, 0, 0, 599, 399], [3, 7, 365, 1, 384, 11]], [[1, 5, 270, 203, 331, 259], [2, 0, 0, 169, 599, 399], [3, 0, 0, 71, 599, 266], [3, 6, 458, 60, 477, 81], [3, 7, 375, 77, 387, 91]], [[1, 6, 263, 190, 341, 254], [1, 9, 178, 161, 188, 166], [2, 0, 68, 157, 599, 399], [3, 0, 0, 116, 599, 399], [5, 6, 297, 166, 304, 173], [5, 7, 269, 165, 276, 173], [5, 17, 132, 158, 136, 162], [5, 18, 151, 159, 155, 163], [5, 19, 165, 160, 168, 163]], [[1, 0, 371, 163, 391, 174], [1, 1, 332, 158, 349, 171], [1, 2, 345, 166, 376, 192], [1, 3, 265, 155, 288, 171], [1, 7, 234, 205, 348, 313], [2, 0, 282, 134, 367, 158], [3, 0, 0, 0, 599, 399], [3, 8, 0, 4, 12, 21]], [[1, 6, 122, 142, 127, 142], [1, 8, 263, 192, 338, 254], [2, 0, 0, 149, 599, 399], [3, 0, 0, 124, 599, 301], [3, 2, 316, 144, 324, 151], [5, 12, 148, 143, 149, 144], [5, 13, 153, 144, 154, 144], [5, 14, 240, 149, 241, 151], [5, 15, 229, 149, 231, 151], [5, 16, 216, 149, 218, 151]], [[1, 9, 270, 196, 326, 252], [2, 0, 105, 152, 599, 399], [3, 0, 0, 115, 599, 399], [5, 17, 260, 164, 267, 176], [5, 18, 304, 163, 310, 174], [5, 19, 337, 162, 343, 172], [5, 20, 196, 152, 198, 156], [5, 21, 180, 152, 183, 156], [5, 22, 158, 151, 162, 157]]], "distance_down_track": [712.6583862304688, 712.6583862304688, 310.5081787109375, 268.0081787109375, 310.5081787109375, 365.0060729980469, 225.50819396972656, 343.6702575683594, 183.00819396972656, 183.00819396972656], "velocity": [[-5.0221848487854, 0.10071757435798645, -0.3313869833946228], [-5.032102584838867, 0.10140823572874069, -0.7417733669281006], [-4.760937690734863, 0.10892549157142639, -1.7717938423156738], [-4.367669105529785, 0.11584324389696121, -2.063096046447754], [2.1277050971984863, -0.5662785172462463, -4.547445297241211], [11.214917182922363, -0.22484979033470154, -17.39727210998535], [-9.562348365783691, 1.1224327087402344, 22.14777946472168], [-4.250426292419434, 0.10695034265518188, -2.6509225368499756], [23.653554916381836, 0.715757429599762, 4.818659782409668], [-20.8957576751709, -0.12881912291049957, 9.609928131103516]]}