{"track": "volcano_island", "karts": ["gavroche", "adiumy", "amanda", "nolok", "tux", "konqi", "kiki", "pidgin", "sara_the_racer", "suzanne"], "detections": [[[1, 0, 274, 203, 328, 255], [2, 0, 0, 52, 599, 399], [3, 0, 0, 0, 599, 313]], [[1, 1, 274, 195, 328, 247], [1, 2, 263, 161, 276, 172], [1, 3, 273, 160, 279, 165], [1, 4, 262, 169, 282, 185], [1, 6, 95, 187, 180, 260], [1, 8, 259, 156, 263, 163], [2, 0, 0, 73, 599, 399], [3, 0, 0, 0, 599, 232]], [[1, 2, 222, 185, 377, 314], [1, 3, 285, 156, 302, 169], [1, 7, 208, 148, 213, 150], [1, 8, 257, 147, 266, 163], [2, 0, 0, 149, 599, 399], [3, 0, 0, 0, 599, 229]], [[1, 3, 271, 204, 330, 258], [1, 7, 247, 155, 252, 158], [1, 8, 245, 163, 265, 198], [2, 0, 0, 155, 599, 399], [3, 0, 0, 0, 599, 324]], [[1, 2, 259, 166, 283, 185], [1, 3, 272, 162, 279, 169], [1, 4, 269, 198, 332, 250], [1, 8, 252, 157, 257, 167], [2, 0, 0, 10, 599, 399], [3, 0, 0, 0, 599, 251]], [[1, 1, 268, 159, 274, 164], [1, 2, 239, 157, 244, 160], [1, 3, 232, 157, 235, 159], [1, 4, 251, 158, 256, 162], [1, 5, 269, 193, 333, 253], [1, 6, 252, 158, 258, 164], [1, 8, 221, 155, 223, 158], [1, 9, 144, 216, 250, 286], [2, 0, 0, 124, 599, 399], [3, 0, 0, 0, 599, 234]], [[1, 1, 379, 189, 438, 233], [1, 2, 263, 161, 276, 172], [1, 3, 258, 160, 265, 165], [1, 4, 287, 168, 306, 184], [1, 6, 272, 184, 330, 249], [1, 8, 242, 156, 246, 164], [2, 0, 0, 78, 599, 399], [3, 0, 0, 0, 599, 288]], [[1, 7, 263, 210, 338, 261], [2, 0, 0, 143, 599, 399], [3, 0, 0, 0, 599, 242], [4, 21, 241, 155, 246, 158], [4, 22, 260, 154, 265, 158], [4, 31, 278, 154, 283, 158]], [[1, 7, 245, 159, 251, 161], [1, 8, 281, 178, 321, 253], [2, 0, 0, 159, 599, 399], [3, 0, 0, 0, 599, 260]], [[1, 1, 264, 157, 271, 162], [1, 2, 232, 155, 237, 159], [1, 3, 223, 156, 227, 158], [1, 4, 245, 157, 250, 161], [1, 5, 328, 183, 393, 233], [1, 6, 249, 156, 255, 163], [1, 8, 212, 154, 214, 158], [1, 9, 265, 201, 336, 255], [2, 0, 0, 123, 599, 399], [3, 0, 0, 0, 599, 248]]], "distance_down_track": [1661.8494873046875, 1761.47216796875, 1777.0716552734375, 1787.638427734375, 1769.2928466796875, 1733.014892578125, 1761.242919921875, 1833.7056884765625, 1791.78759765625, 1731.833984375], "velocity": [[-22.995813369750977, 0.0816887766122818, -0.43113479018211365], [-5.398314952850342, 0.022099273279309273, -24.102855682373047], [-1.3927408456802368, 0.08117199689149857, -6.6003289222717285], [0.5866240859031677, 0.11765579134225845, -21.243576049804688], [-6.327125549316406, 0.04545186087489128, -22.53736114501953], [-14.127856254577637, 0.04270291328430176, -22.735755920410156], [-8.355342864990234, 0.0297869760543108, -22.079431533813477], [7.947790622711182, 0.07121693342924118, -20.229625701904297], [0.03362070769071579, 0.0939037948846817, -22.03377342224121], [-13.203972816467285, 0.03980620950460434, -18.26759910583496]]}