{"track": "overworld", "karts": ["beastie", "kiki", "hexley", "emule", "amanda", "wilber", "adiumy", "xue", "suzanne", "nolok"], "detections": [[[1, 0, 254, 189, 339, 264], [1, 8, 283, 150, 286, 151], [3, 0, 15, 0, 599, 158]], [[1, 1, 268, 183, 332, 255], [1, 2, 296, 158, 299, 162], [1, 3, 293, 164, 293, 165], [2, 24, 310, 163, 313, 163], [3, 0, 0, 53, 599, 183], [3, 7, 256, 91, 290, 161], [3, 8, 258, 96, 272, 111], [3, 24, 289, 91, 325, 163], [3, 25, 305, 95, 325, 144]], [[1, 2, 271, 196, 324, 268], [1, 3, 294, 172, 298, 176], [2, 7, 260, 170, 292, 177], [2, 24, 292, 169, 333, 177], [3, 0, 0, 0, 599, 180], [3, 7, 226, 36, 291, 177], [3, 24, 286, 35, 353, 175], [3, 25, 346, 72, 353, 96], [255, 16777215, 0, 157, 599, 198]], [[1, 3, 242, 199, 362, 322], [2, 7, 0, 166, 260, 224], [2, 24, 259, 164, 599, 224], [3, 7, 0, 0, 258, 167], [3, 24, 250, 0, 599, 217]], [[1, 4, 260, 191, 331, 253], [2, 0, 311, 157, 325, 170], [3, 0, 0, 0, 599, 162], [3, 24, 318, 130, 321, 131]], [[1, 0, 372, 171, 376, 173], [1, 5, 257, 189, 332, 259], [3, 0, 416, 77, 599, 169]], [[1, 6, 263, 193, 342, 275], [3, 0, 0, 92, 424, 160], [3, 7, 282, 152, 285, 153], [3, 8, 281, 153, 281, 153], [3, 24, 286, 152, 288, 153], [3, 25, 289, 153, 289, 153]], [[1, 7, 270, 187, 335, 260], [3, 0, 0, 47, 599, 159]], [[1, 8, 261, 200, 337, 259], [1, 9, 279, 139, 281, 141], [3, 0, 0, 0, 599, 158]], [[1, 9, 273, 204, 333, 262], [3, 0, 0, 0, 599, 185]]], "distance_down_track": [1148.3631591796875, 503.62255859375, 503.62255859375, 503.62255859375, 15.613998413085938, 168.24465942382812, 159.02481079101562, 177.21266174316406, 1221.26220703125, 1276.2000732421875], "velocity": [[-4.729898452758789, 0.19939760863780975, -21.213167190551758], [-0.029661478474736214, -1.7008975744247437, 21.34083366394043], [-0.5655589699745178, -2.46455717086792, 21.317153930664062], [-0.0025416510179638863, 0.08189515769481659, 0.1273873746395111], [2.5012691020965576, -2.4424734115600586, 25.546899795532227], [19.05357551574707, 1.0655635595321655, 4.747424602508545], [0.55458664894104, 0.1557612121105194, 13.75105094909668], [-17.640125274658203, 0.2802511751651764, 13.782144546508789], [-3.1297950744628906, -0.6399226784706116, -20.45201301574707], [0.6325933933258057, 2.2494473457336426, -20.56768798828125]]}