{"track": "overworld", "karts": ["beastie", "kiki", "hexley", "emule", "amanda", "wilber", "adiumy", "xue", "suzanne", "nolok"], "detections": [[[1, 0, 256, 189, 342, 261], [1, 1, 290, 157, 293, 162], [1, 7, 294, 159, 299, 164], [1, 8, 286, 167, 295, 173], [1, 9, 285, 150, 287, 152], [3, 0, 27, 0, 599, 169]], [[1, 1, 265, 182, 332, 257], [1, 2, 275, 143, 277, 145], [1, 7, 350, 243, 580, 399], [1, 9, 289, 156, 295, 161], [3, 0, 0, 0, 599, 168]], [[1, 2, 273, 196, 329, 270], [3, 0, 0, 0, 599, 216]], [[1, 3, 270, 199, 331, 262], [3, 0, 0, 99, 578, 168], [3, 1, 162, 154, 194, 173], [3, 2, 194, 135, 207, 150], [3, 3, 191, 125, 202, 134], [3, 4, 189, 109, 203, 124], [3, 7, 227, 120, 250, 162], [3, 8, 227, 121, 238, 134], [3, 24, 247, 120, 271, 161], [3, 25, 257, 122, 270, 140], [255, 16777215, 0, 146, 495, 194]], [[1, 4, 259, 192, 334, 257], [3, 0, 0, 84, 475, 170], [3, 7, 288, 159, 291, 160], [3, 24, 292, 159, 294, 160]], [[1, 4, 266, 142, 271, 146], [1, 5, 264, 191, 334, 255], [3, 0, 0, 55, 599, 176], [3, 7, 228, 134, 229, 134], [3, 24, 230, 134, 232, 135]], [[1, 6, 251, 190, 356, 304], [2, 7, 212, 147, 289, 164], [2, 24, 290, 148, 390, 165], [3, 0, 0, 0, 599, 175], [3, 7, 121, 0, 289, 161], [3, 24, 288, 0, 469, 164]], [[1, 1, 234, 168, 272, 211], [1, 2, 252, 142, 255, 144], [1, 7, 258, 186, 329, 265], [1, 9, 264, 155, 270, 160], [3, 0, 0, 0, 599, 171]], [[1, 1, 292, 142, 301, 153], [1, 2, 269, 122, 271, 123], [1, 7, 302, 145, 315, 158], [1, 8, 258, 201, 334, 261], [1, 9, 286, 135, 289, 138], [3, 0, 0, 0, 599, 163]], [[1, 2, 280, 135, 284, 138], [1, 9, 272, 203, 333, 261], [3, 0, 0, 0, 599, 181]]], "distance_down_track": [1210.9827880859375, 1250.4483642578125, 1324.09814453125, 498.99090576171875, 87.57549285888672, 43.7764778137207, 608.2763061523438, 1248.232421875, 1233.3809814453125, 1274.4083251953125], "velocity": [[-2.588017225265503, -0.7029725313186646, -21.56891632080078], [-1.2494750022888184, 1.404025912284851, -19.57497787475586], [-4.079823017120361, 3.1536529064178467, -18.97687339782715], [4.200008869171143, -1.7004079818725586, 20.197980880737305], [1.0164415836334229, 0.8828014731407166, 24.112445831298828], [6.011077880859375, 0.3853508532047272, 21.003355026245117], [-0.25768718123435974, -0.6097086668014526, 3.7174181938171387], [-6.508150577545166, 0.8040148615837097, -19.633834838867188], [-2.2340972423553467, -0.49804624915122986, -20.57305908203125], [0.41719409823417664, 2.0448827743530273, -20.504364013671875]]}