{"track": "volcano_island", "karts": ["gavroche", "adiumy", "amanda", "nolok", "tux", "konqi", "kiki", "pidgin", "sara_the_racer", "suzanne"], "detections": [[[1, 0, 270, 203, 328, 259], [1, 1, 117, 224, 244, 330], [1, 2, 198, 226, 370, 380], [1, 3, 474, 211, 599, 280], [1, 6, 347, 190, 440, 288], [2, 0, 0, 154, 599, 399], [3, 0, 0, 0, 599, 245]], [[1, 0, 333, 189, 362, 224], [1, 1, 271, 196, 328, 250], [1, 2, 330, 193, 415, 261], [1, 3, 477, 193, 573, 235], [1, 6, 391, 178, 450, 235], [2, 0, 0, 155, 599, 399], [3, 0, 0, 0, 599, 238], [3, 174, 354, 158, 354, 158]], [[1, 0, 289, 187, 325, 220], [1, 1, 217, 194, 273, 245], [1, 2, 261, 191, 337, 256], [1, 3, 429, 192, 507, 232], [1, 6, 336, 177, 387, 232], [2, 0, 0, 156, 599, 399], [3, 0, 0, 0, 599, 259]], [[1, 0, 109, 194, 187, 234], [1, 1, 0, 204, 22, 237], [1, 2, 0, 202, 120, 285], [1, 3, 270, 203, 326, 254], [1, 6, 118, 184, 191, 251], [2, 0, 0, 160, 410, 399], [3, 0, 0, 0, 599, 399], [3, 177, 327, 159, 327, 160]], [[1, 4, 266, 198, 333, 254], [1, 9, 394, 154, 398, 158], [2, 0, 0, 158, 599, 399], [3, 0, 0, 0, 599, 263], [3, 65, 153, 169, 171, 185], [3, 127, 0, 206, 35, 215], [3, 131, 2, 204, 28, 213], [3, 163, 189, 177, 190, 178], [3, 169, 188, 166, 226, 178], [3, 300, 170, 172, 188, 182], [3, 312, 6, 202, 6, 202], [3, 350, 235, 163, 247, 170], [3, 367, 227, 172, 227, 172]], [[1, 5, 259, 192, 336, 265], [2, 0, 0, 144, 599, 399], [3, 0, 0, 0, 599, 274], [3, 63, 47, 181, 67, 198], [3, 81, 50, 197, 57, 199]], [[1, 0, 226, 193, 282, 236], [1, 1, 107, 203, 185, 266], [1, 2, 138, 202, 258, 288], [1, 3, 401, 202, 490, 256], [1, 6, 267, 183, 328, 252], [2, 0, 0, 157, 599, 399], [3, 0, 0, 0, 599, 303], [3, 177, 333, 159, 333, 161]], [[1, 7, 261, 210, 335, 258], [2, 0, 0, 159, 599, 399], [3, 0, 0, 0, 599, 278], [5, 7, 362, 154, 367, 163], [5, 8, 413, 145, 417, 149], [5, 11, 385, 150, 392, 159]], [[1, 8, 282, 180, 317, 245], [2, 0, 0, 159, 599, 399], [3, 0, 0, 0, 599, 237], [3, 161, 400, 160, 475, 187], [5, 7, 493, 28, 498, 31]], [[1, 1, 395, 156, 397, 160], [1, 9, 260, 200, 335, 259], [2, 0, 0, 159, 599, 399], [3, 0, 0, 0, 599, 281]]], "distance_down_track": [615.2100219726562, 613.5888671875, 613.6113891601562, 614.67578125, 533.7808837890625, 655.2254028320312, 614.4459228515625, 724.8340454101562, 431.2205810546875, 574.7146606445312], "velocity": [[-20.153491973876953, 0.2837257981300354, -2.2826809883117676], [-22.7271671295166, 0.3235608637332916, -4.133710861206055], [-22.125926971435547, 0.3361871540546417, -3.059335470199585], [-23.048263549804688, 0.3537496030330658, -4.02645206451416], [1.7681281566619873, 0.39756035804748535, -21.705474853515625], [-15.20799446105957, 0.7209402918815613, 14.024518966674805], [-21.538253784179688, 0.311670184135437, -3.3006179332733154], [17.665386199951172, 3.2244021892547607, 12.245306968688965], [26.02378273010254, 1.8522218465805054, -3.695197343826294], [-13.878533363342285, 0.2534046173095703, -15.541698455810547]]}