{"track": "overworld", "karts": ["beastie", "kiki", "hexley", "emule", "amanda", "wilber", "adiumy", "xue", "suzanne", "nolok"], "detections": [[[1, 0, 257, 189, 343, 266], [3, 0, 0, 97, 557, 158]], [[1, 1, 265, 183, 326, 253], [1, 2, 366, 155, 369, 157], [3, 0, 0, 0, 482, 162], [3, 6, 357, 155, 361, 157]], [[1, 2, 273, 196, 324, 265], [1, 3, 395, 141, 401, 144], [3, 0, 0, 39, 525, 182], [3, 4, 388, 145, 388, 145], [3, 6, 231, 154, 242, 158], [3, 7, 364, 145, 369, 148], [3, 24, 370, 145, 376, 147]], [[1, 3, 273, 199, 329, 256], [3, 0, 0, 142, 577, 177], [3, 2, 159, 172, 159, 173], [3, 3, 158, 166, 159, 170], [3, 4, 157, 159, 160, 164], [3, 7, 114, 157, 129, 172], [3, 24, 128, 157, 146, 173]], [[1, 4, 263, 191, 344, 262], [3, 0, 0, 0, 599, 176]], [[1, 5, 258, 190, 333, 258], [2, 0, 399, 148, 407, 156], [3, 0, 0, 22, 512, 147], [3, 4, 451, 117, 451, 118], [3, 7, 454, 117, 458, 119], [3, 24, 459, 117, 464, 119]], [[1, 6, 251, 190, 355, 304], [2, 7, 212, 144, 290, 163], [2, 24, 290, 146, 392, 165], [3, 0, 0, 0, 599, 178], [3, 7, 123, 0, 290, 159], [3, 24, 291, 0, 474, 164]], [[1, 7, 262, 187, 330, 265], [1, 8, 563, 177, 580, 183], [1, 9, 289, 150, 292, 152], [3, 0, 31, 0, 599, 165]], [[1, 7, 0, 163, 6, 169], [1, 8, 265, 201, 341, 260], [1, 9, 384, 150, 390, 153], [3, 0, 197, 60, 599, 152]], [[1, 9, 261, 202, 324, 263], [3, 0, 0, 0, 599, 169]]], "distance_down_track": [973.5361938476562, 195.050048828125, 195.050048828125, 195.050048828125, 1312.082763671875, 1461.214111328125, 608.3984985351562, 1137.6995849609375, 205.17173767089844, 1191.8304443359375], "velocity": [[14.03322696685791, -1.1875594854354858, -16.555011749267578], [-6.782445430755615, 0.583787739276886, 20.762470245361328], [2.724801778793335, -0.19950832426548004, 21.67852020263672], [19.470409393310547, 0.1682242602109909, 12.242337226867676], [2.666670322418213, 2.850659132003784, -21.3815975189209], [-7.76084566116333, -2.980836868286133, 17.821226119995117], [-0.28638797998428345, -0.6851779222488403, 4.144448280334473], [-4.304981708526611, -0.017753303050994873, -20.247386932373047], [18.44464111328125, -0.20895978808403015, -9.393693923950195], [-2.653787851333618, 0.37950780987739563, -20.30731201171875]]}