{"track": "tutorial", "karts": ["puffy", "hexley", "tux", "suzanne", "pidgin", "nolok", "beastie", "gavroche", "amanda", "adiumy"], "detections": [[[1, 0, 205, 201, 389, 328], [1, 5, 524, 166, 598, 199], [2, 0, 0, 103, 217, 160], [3, 0, 0, 37, 599, 399]], [[1, 0, 344, 159, 368, 175], [1, 1, 241, 193, 349, 349], [1, 5, 475, 161, 505, 175], [2, 0, 223, 129, 326, 155], [3, 0, 0, 34, 599, 399]], [[1, 2, 269, 198, 335, 253], [2, 0, 114, 149, 599, 399], [3, 0, 0, 103, 599, 399], [5, 20, 310, 160, 318, 169], [5, 21, 276, 160, 285, 169], [5, 22, 232, 159, 242, 169]], [[1, 3, 261, 200, 334, 258], [2, 0, 0, 174, 599, 399], [3, 0, 0, 65, 599, 337], [3, 6, 420, 55, 437, 76], [3, 7, 334, 69, 346, 84]], [[1, 4, 266, 210, 339, 261], [1, 7, 62, 157, 63, 158], [2, 0, 0, 166, 599, 399], [3, 0, 0, 136, 599, 385], [5, 5, 193, 158, 199, 166], [5, 6, 123, 159, 125, 159], [5, 7, 105, 158, 108, 159], [5, 12, 226, 159, 231, 166], [5, 13, 250, 161, 255, 167]], [[1, 5, 233, 206, 352, 322], [2, 0, 498, 11, 599, 71], [3, 0, 0, 0, 599, 399]], [[1, 4, 230, 155, 236, 158], [1, 6, 260, 189, 342, 258], [1, 7, 8, 144, 9, 144], [1, 9, 265, 159, 277, 167], [2, 0, 0, 155, 599, 399], [3, 0, 0, 109, 599, 315], [3, 2, 404, 146, 419, 158], [5, 5, 155, 148, 157, 149], [5, 7, 44, 145, 44, 145], [5, 12, 167, 149, 169, 150], [5, 13, 176, 150, 178, 151], [5, 14, 278, 155, 283, 160], [5, 15, 259, 155, 264, 160], [5, 16, 235, 155, 240, 160]], [[1, 2, 162, 150, 174, 156], [1, 7, 273, 203, 331, 258], [2, 0, 60, 143, 599, 399], [3, 0, 0, 114, 599, 399], [5, 18, 235, 156, 241, 162], [5, 19, 258, 156, 262, 162], [5, 20, 123, 144, 127, 148], [5, 21, 107, 143, 112, 147], [5, 22, 85, 141, 91, 146]], [[1, 6, 259, 148, 263, 151], [1, 8, 259, 192, 339, 259], [1, 9, 238, 146, 239, 147], [2, 0, 0, 0, 599, 399], [3, 0, 0, 0, 599, 268], [3, 2, 283, 140, 288, 145]], [[1, 4, 247, 162, 260, 170], [1, 7, 2, 149, 4, 149], [1, 9, 268, 196, 329, 249], [2, 0, 0, 160, 599, 399], [3, 0, 0, 58, 599, 329], [5, 5, 160, 152, 163, 155], [5, 7, 47, 150, 48, 150], [5, 12, 179, 153, 183, 157], [5, 13, 195, 154, 198, 158], [5, 14, 333, 164, 345, 175], [5, 15, 290, 164, 302, 176], [5, 16, 235, 165, 247, 177]]], "distance_down_track": [712.6583862304688, 712.6583862304688, 310.5081787109375, 310.5081787109375, 310.5081787109375, 383.7624206542969, 268.0081787109375, 354.56878662109375, 225.50819396972656, 225.50819396972656], "velocity": [[-4.883076190948486, 0.08970700204372406, -0.275851309299469], [-4.644287586212158, 0.10943930596113205, -1.90547513961792], [-20.663284301757812, 1.2827588319778442, -8.000075340270996], [7.357137203216553, -1.2470122575759888, -20.90300178527832], [10.33759880065918, 1.7493871450424194, 19.927627563476562], [1.6085158586502075, 0.05167834088206291, 2.7964751720428467], [21.14562225341797, 1.263624668121338, 10.346210479736328], [-17.10346221923828, 0.2157849818468094, 12.456748008728027], [22.53207015991211, -0.0035586655139923096, 0.1791776716709137], [16.47684097290039, 1.6042536497116089, 15.966843605041504]]}