{"track": "overworld", "karts": ["beastie", "kiki", "hexley", "emule", "amanda", "wilber", "adiumy", "xue", "suzanne", "nolok"], "detections": [[[1, 0, 255, 189, 344, 265], [3, 0, 40, 112, 544, 163]], [[1, 1, 266, 184, 327, 252], [1, 2, 298, 151, 303, 156], [1, 8, 302, 152, 311, 158], [1, 9, 363, 145, 368, 148], [3, 0, 238, 54, 599, 145]], [[1, 2, 274, 197, 325, 268], [1, 9, 463, 143, 482, 153], [3, 0, 149, 0, 599, 139]], [[1, 3, 243, 200, 359, 321], [2, 7, 195, 137, 285, 157], [2, 24, 285, 137, 402, 158], [3, 0, 0, 0, 599, 171], [3, 7, 84, 0, 284, 155], [3, 24, 281, 0, 492, 156]], [[1, 4, 262, 191, 343, 261], [3, 0, 0, 0, 599, 321]], [[1, 4, 311, 148, 317, 151], [1, 5, 266, 188, 342, 262], [3, 0, 0, 0, 599, 200]], [[1, 3, 267, 175, 312, 222], [1, 6, 250, 190, 355, 304], [2, 7, 215, 142, 291, 161], [2, 24, 292, 144, 393, 164], [3, 0, 0, 0, 599, 180], [3, 7, 127, 0, 293, 156], [3, 24, 292, 0, 479, 163]], [[1, 7, 263, 187, 328, 262], [3, 0, 0, 0, 508, 161], [3, 6, 329, 154, 332, 155]], [[1, 2, 283, 175, 300, 193], [1, 8, 267, 201, 337, 256], [1, 9, 410, 162, 422, 168], [3, 0, 191, 42, 599, 160]], [[1, 9, 259, 203, 325, 269], [3, 0, 0, 0, 599, 162]]], "distance_down_track": [965.3997192382812, 198.43836975097656, 231.06930541992188, 610.7689208984375, 1339.29443359375, 1291.8985595703125, 608.3768310546875, 283.6665344238281, 221.9249725341797, 1183.41650390625], "velocity": [[14.282395362854004, -0.6683095693588257, -15.448905944824219], [19.72896385192871, -0.5749221444129944, -9.373368263244629], [19.423582077026367, -0.1803026795387268, -9.712909698486328], [-0.4293002188205719, -1.3075259923934937, 7.6673197746276855], [-5.664612770080566, 2.349388599395752, -20.8519229888916], [2.0466816425323486, 2.2863106727600098, -19.424110412597656], [-0.35459524393081665, -0.726511538028717, 4.373600959777832], [-4.176555156707764, 1.2025507688522339, 21.741844177246094], [21.51054573059082, 0.5722351670265198, -8.122124671936035], [-1.0890307426452637, 0.7231230735778809, -18.7485294342041]]}