{"track": "fortmagma", "karts": ["nolok", "beastie", "sara_the_wizard", "adiumy", "puffy", "konqi", "pidgin", "emule", "xue", "gnu"], "detections": [[[1, 0, 269, 203, 329, 259], [2, 0, 0, 153, 599, 399], [3, 0, 0, 97, 599, 346], [3, 10, 194, 81, 217, 135], [3, 11, 342, 106, 365, 164], [3, 12, 572, 128, 599, 196], [6, 17, 55, 147, 59, 152], [6, 19, 214, 150, 223, 156], [6, 23, 322, 165, 345, 168], [6, 39, 284, 152, 308, 166], [6, 40, 345, 153, 366, 166]], [[1, 1, 270, 185, 363, 274], [1, 2, 263, 176, 294, 211], [2, 0, 110, 136, 599, 399], [2, 1, 138, 138, 172, 141], [3, 0, 0, 0, 599, 399], [3, 1, 112, 141, 172, 161], [3, 13, 74, 47, 196, 177], [4, 29, 129, 193, 140, 202], [4, 34, 225, 174, 234, 181], [6, 35, 195, 176, 213, 189]], [[1, 1, 205, 390, 295, 399], [1, 2, 276, 184, 333, 294], [2, 0, 0, 109, 599, 399], [2, 1, 216, 112, 249, 116], [3, 0, 0, 0, 599, 336], [3, 1, 200, 115, 247, 134], [3, 13, 165, 21, 265, 148], [4, 29, 193, 166, 202, 175], [4, 34, 286, 153, 295, 160], [6, 35, 250, 154, 270, 168]], [[1, 3, 262, 216, 339, 274], [1, 7, 129, 300, 307, 399], [1, 8, 238, 193, 290, 226], [2, 0, 153, 145, 599, 399], [3, 0, 0, 0, 599, 399], [3, 12, 205, 105, 224, 148]], [[1, 4, 228, 200, 356, 293], [1, 5, 288, 155, 305, 168], [1, 6, 264, 195, 315, 215], [1, 7, 288, 158, 292, 164], [1, 9, 352, 249, 599, 399], [2, 0, 48, 20, 599, 399], [3, 0, 0, 0, 599, 399], [6, 21, 454, 170, 498, 176]], [[1, 3, 278, 183, 311, 195], [1, 5, 251, 190, 348, 283], [1, 7, 264, 181, 312, 226], [1, 8, 255, 174, 281, 189], [2, 0, 127, 0, 599, 399], [3, 0, 0, 0, 599, 399], [3, 12, 160, 106, 182, 149]], [[1, 5, 260, 155, 279, 172], [1, 6, 243, 234, 353, 294], [1, 7, 260, 163, 262, 165], [2, 0, 184, 11, 599, 399], [3, 0, 0, 0, 599, 399], [6, 21, 442, 170, 488, 177]], [[1, 3, 266, 187, 312, 208], [1, 5, 269, 246, 454, 399], [1, 7, 252, 198, 342, 292], [1, 8, 233, 174, 272, 195], [2, 0, 75, 135, 599, 399], [3, 0, 0, 0, 599, 399], [3, 12, 126, 91, 152, 139]], [[1, 0, 177, 142, 178, 143], [1, 3, 303, 286, 529, 399], [1, 8, 251, 213, 348, 297], [2, 0, 177, 144, 599, 399], [3, 0, 0, 0, 599, 399], [3, 12, 231, 105, 249, 148]], [[1, 3, 341, 162, 346, 166], [1, 4, 230, 181, 317, 223], [1, 5, 347, 158, 363, 171], [1, 6, 287, 186, 329, 201], [1, 7, 344, 158, 352, 168], [1, 9, 249, 195, 347, 257], [2, 0, 0, 15, 599, 399], [3, 0, 0, 0, 599, 280], [6, 21, 539, 181, 599, 190]]], "distance_down_track": [17.901464462280273, 940.5498657226562, 943.4501342773438, 1034.9935302734375, 1014.452880859375, 1029.1732177734375, 1016.7911376953125, 1030.5379638671875, 1037.2491455078125, 1013.0069580078125], "velocity": [[-6.10555362701416, 0.08626257628202438, 19.77889633178711], [-17.5560302734375, -4.218230724334717, 7.945580959320068], [-13.119810104370117, -3.159902572631836, 2.8884053230285645], [7.064792633056641, 0.08311054855585098, 10.650921821594238], [13.079113960266113, 0.07462295889854431, 4.5274882316589355], [8.803373336791992, 0.12485072016716003, 8.398468017578125], [11.417665481567383, 0.08172357082366943, 3.9288458824157715], [10.204970359802246, 0.06004771590232849, 9.551926612854004], [5.6687140464782715, 0.08172322064638138, 10.005448341369629], [11.475883483886719, 0.08276957273483276, 8.251520156860352]]}