{"track": "tutorial", "karts": ["puffy", "hexley", "tux", "suzanne", "pidgin", "nolok", "beastie", "gavroche", "amanda", "adiumy"], "detections": [[[1, 0, 204, 201, 389, 328], [1, 1, 0, 211, 127, 319], [1, 2, 221, 155, 255, 174], [1, 3, 160, 155, 194, 176], [1, 4, 123, 160, 162, 178], [1, 7, 194, 156, 223, 175], [2, 0, 0, 110, 228, 158], [3, 0, 0, 35, 599, 399]], [[1, 0, 432, 197, 599, 297], [1, 1, 243, 193, 350, 349], [1, 2, 272, 155, 303, 173], [1, 3, 217, 155, 246, 175], [1, 4, 186, 160, 219, 177], [1, 7, 246, 156, 271, 174], [2, 0, 50, 110, 264, 157], [3, 0, 0, 30, 599, 399]], [[1, 2, 232, 196, 368, 317], [1, 7, 0, 230, 243, 399], [3, 0, 0, 53, 599, 399]], [[1, 2, 416, 179, 509, 254], [1, 3, 215, 201, 365, 336], [1, 4, 42, 309, 255, 399], [1, 7, 333, 191, 427, 277], [2, 0, 0, 75, 267, 218], [3, 0, 0, 24, 599, 399]], [[1, 2, 445, 175, 523, 235], [1, 3, 315, 181, 404, 264], [1, 4, 223, 218, 368, 325], [1, 7, 378, 178, 451, 241], [2, 0, 0, 47, 322, 179], [3, 0, 0, 0, 599, 399]], [[1, 2, 411, 184, 419, 187], [1, 3, 396, 181, 403, 184], [1, 4, 389, 181, 394, 183], [1, 5, 266, 202, 324, 259], [1, 6, 344, 163, 358, 175], [1, 7, 404, 182, 410, 186], [1, 8, 303, 177, 354, 216], [2, 0, 0, 157, 599, 399], [3, 0, 0, 0, 599, 272], [3, 6, 170, 0, 189, 9], [3, 8, 203, 51, 210, 58]], [[1, 0, 379, 219, 395, 230], [1, 1, 357, 213, 371, 222], [1, 2, 395, 195, 406, 201], [1, 3, 375, 192, 385, 198], [1, 4, 364, 193, 374, 198], [1, 6, 260, 189, 335, 258], [1, 7, 385, 193, 394, 199], [2, 0, 333, 159, 578, 189], [3, 0, 0, 0, 599, 399], [3, 8, 137, 41, 147, 51]], [[1, 2, 359, 189, 478, 294], [1, 3, 0, 223, 234, 399], [1, 7, 231, 205, 349, 333], [2, 0, 0, 71, 231, 218], [3, 0, 0, 30, 599, 399]], [[1, 2, 295, 177, 301, 180], [1, 3, 281, 175, 287, 179], [1, 4, 274, 177, 281, 180], [1, 5, 308, 301, 537, 399], [1, 6, 244, 161, 261, 176], [1, 7, 288, 176, 294, 180], [1, 8, 260, 192, 332, 256], [2, 0, 0, 152, 599, 399], [3, 0, 0, 25, 599, 258]], [[1, 9, 251, 191, 354, 304], [2, 0, 0, 149, 599, 399], [3, 0, 0, 112, 599, 245], [5, 20, 328, 160, 335, 170], [5, 21, 286, 158, 294, 169], [5, 22, 235, 156, 244, 168]]], "distance_down_track": [712.6583862304688, 712.6583862304688, 512.133544921875, 512.133544921875, 512.133544921875, 561.7310180664062, 491.73480224609375, 532.0, 473.2306823730469, 455.9293518066406], "velocity": [[-4.9601874351501465, 0.09799724072217941, -0.4578969180583954], [-5.0622477531433105, 0.10237578302621841, -0.41551509499549866], [0.022739391773939133, 0.22040128707885742, 0.5698133111000061], [-1.4192495346069336, -0.03090299479663372, 3.7570743560791016], [-5.119915962219238, 0.025892147794365883, -1.3040120601654053], [-12.167255401611328, -2.70166015625, -17.77835464477539], [-16.266326904296875, -5.308722972869873, -19.83194923400879], [-0.29421982169151306, 0.0940246507525444, 0.42507049441337585], [-15.145392417907715, -3.6801974773406982, -21.505355834960938], [-3.3465869426727295, 0.2146766185760498, -1.9563227891921997]]}