{"track": "scotland", "karts": ["konqi", "sara_the_racer", "wilber", "beastie", "gavroche", "pidgin", "tux", "gnu", "xue", "hexley"], "detections": [[[1, 0, 261, 192, 332, 259], [1, 5, 324, 166, 337, 174], [1, 6, 348, 165, 361, 176], [1, 9, 382, 157, 390, 162], [2, 0, 0, 155, 599, 399], [3, 0, 0, 65, 599, 251]], [[1, 1, 277, 177, 319, 255], [1, 2, 286, 154, 293, 157], [1, 3, 320, 155, 330, 163], [1, 4, 318, 159, 326, 166], [1, 8, 305, 153, 311, 158], [2, 0, 0, 135, 599, 399], [3, 0, 0, 0, 599, 248], [4, 37, 280, 150, 285, 154], [5, 35, 298, 151, 299, 153], [5, 36, 266, 151, 268, 153]], [[1, 2, 269, 190, 338, 254], [2, 0, 0, 131, 599, 399], [3, 0, 0, 0, 599, 300], [4, 37, 338, 152, 360, 170], [5, 35, 414, 158, 422, 168], [5, 36, 270, 156, 281, 168]], [[1, 2, 224, 158, 239, 167], [1, 3, 259, 189, 342, 259], [1, 8, 258, 158, 271, 170], [2, 0, 0, 140, 599, 399], [3, 0, 0, 8, 599, 206], [4, 37, 226, 152, 234, 158], [5, 35, 258, 154, 261, 158], [5, 36, 196, 153, 201, 158]], [[1, 2, 224, 158, 236, 165], [1, 3, 284, 171, 318, 200], [1, 4, 275, 203, 326, 251], [1, 8, 255, 158, 265, 167], [2, 0, 0, 142, 599, 399], [3, 0, 0, 0, 599, 215], [4, 37, 220, 152, 228, 158], [5, 35, 248, 155, 251, 158], [5, 36, 195, 154, 198, 158]], [[1, 5, 262, 209, 333, 261], [1, 6, 385, 204, 488, 271], [1, 9, 357, 157, 368, 165], [2, 0, 0, 154, 599, 399], [3, 0, 0, 50, 599, 245]], [[1, 5, 148, 204, 229, 249], [1, 6, 268, 198, 332, 256], [1, 9, 330, 157, 341, 164], [2, 0, 0, 153, 599, 399], [3, 0, 0, 27, 599, 289]], [[1, 1, 372, 158, 374, 163], [1, 2, 412, 154, 418, 157], [1, 3, 425, 156, 433, 161], [1, 4, 418, 158, 425, 162], [1, 7, 267, 159, 328, 229], [1, 8, 428, 155, 430, 157], [2, 0, 0, 137, 599, 399], [3, 0, 0, 9, 599, 271], [4, 15, 240, 156, 251, 167], [4, 33, 364, 160, 383, 174], [4, 37, 410, 153, 414, 155], [5, 25, 295, 161, 299, 163], [5, 35, 428, 153, 429, 155], [5, 36, 397, 152, 398, 154]], [[1, 2, 208, 171, 243, 198], [1, 8, 266, 187, 333, 261], [2, 0, 0, 133, 599, 399], [3, 0, 0, 0, 599, 248], [4, 9, 13, 130, 18, 133], [4, 37, 252, 154, 267, 166], [5, 35, 307, 158, 313, 165], [5, 36, 196, 156, 206, 165]], [[1, 7, 369, 152, 379, 161], [1, 9, 268, 196, 323, 272], [2, 0, 0, 139, 599, 399], [3, 0, 0, 40, 599, 261], [4, 15, 375, 154, 380, 159], [5, 25, 404, 157, 407, 160]]], "distance_down_track": [498.3465576171875, 581.0245971679688, 625.69677734375, 603.508056640625, 599.283447265625, 513.767578125, 513.4379272460938, 560.318115234375, 619.022216796875, 538.1036987304688], "velocity": [[22.868335723876953, -1.167470932006836, -2.1624722480773926], [-8.02816390991211, 0.23768818378448486, -19.542892456054688], [6.102097034454346, 0.5504703521728516, -20.83074951171875], [-8.762979507446289, 0.26978275179862976, -21.0444278717041], [-11.288299560546875, 0.2975870370864868, -21.93836784362793], [22.108522415161133, -0.9091078042984009, -7.157821178436279], [21.890336990356445, -1.0340603590011597, -6.981678485870361], [3.0150651931762695, 0.1208619624376297, -22.522764205932617], [-5.637406349182129, 0.4170547425746918, -20.605688095092773], [13.699141502380371, 0.15976166725158691, -14.558136940002441]]}