{"track": "tutorial", "karts": ["puffy", "hexley", "tux", "suzanne", "pidgin", "nolok", "beastie", "gavroche", "amanda", "adiumy"], "detections": [[[1, 0, 207, 203, 397, 339], [1, 1, 250, 239, 356, 399], [1, 5, 393, 194, 402, 201], [1, 8, 439, 151, 445, 155], [2, 0, 304, 153, 521, 185], [3, 0, 0, 24, 599, 399], [3, 8, 44, 36, 58, 49]], [[1, 0, 198, 158, 398, 290], [1, 1, 240, 253, 350, 351], [1, 5, 393, 197, 403, 205], [1, 8, 443, 159, 448, 163], [2, 0, 310, 154, 505, 186], [3, 0, 0, 0, 599, 399], [3, 8, 56, 18, 70, 32]], [[1, 2, 248, 197, 348, 285], [2, 0, 0, 101, 599, 399], [3, 0, 0, 0, 599, 196]], [[1, 3, 261, 200, 337, 259], [2, 0, 0, 164, 593, 399], [3, 0, 0, 0, 599, 399]], [[1, 4, 260, 210, 334, 260], [2, 0, 0, 168, 599, 399], [3, 0, 0, 6, 599, 305]], [[1, 5, 237, 205, 358, 320], [2, 0, 0, 94, 131, 199], [3, 0, 0, 59, 599, 399]], [[1, 6, 217, 180, 388, 324], [2, 0, 0, 162, 599, 399], [3, 0, 0, 7, 599, 254]], [[1, 2, 152, 98, 158, 101], [1, 7, 234, 204, 340, 315], [1, 9, 187, 127, 210, 148], [2, 0, 0, 66, 599, 399], [3, 0, 0, 0, 599, 237]], [[1, 2, 58, 175, 66, 179], [1, 7, 331, 184, 333, 184], [1, 8, 252, 189, 357, 283], [1, 9, 237, 184, 239, 185], [2, 0, 0, 140, 599, 399], [3, 0, 0, 29, 599, 325]], [[1, 2, 186, 140, 191, 144], [1, 9, 253, 194, 336, 280], [2, 0, 0, 113, 599, 399], [3, 0, 0, 0, 599, 282]]], "distance_down_track": [721.3157958984375, 708.9915161132812, 753.8200073242188, 753.8200073242188, 753.8200073242188, 0.0, 753.8200073242188, 753.8200073242188, 741.5721435546875, 741.5721435546875], "velocity": [[-0.26345300674438477, 0.08691412210464478, 0.201998770236969], [0.056647200137376785, -1.4787724018096924, 0.0598287507891655], [-5.343203067779541, -0.13233385980129242, -10.182469367980957], [-17.49155616760254, 2.6241557598114014, 10.754030227661133], [-18.81692123413086, 3.649155855178833, 10.247795104980469], [-0.10537481307983398, 0.08170604705810547, 0.007968207821249962], [0.001119863474741578, 0.08447262644767761, 0.08023647964000702], [-4.500124931335449, -1.641100525856018, -1.6343923807144165], [-11.993620872497559, -1.1681615114212036, 0.7707793712615967], [-10.089835166931152, -1.9622249603271484, -5.15702486038208]]}