{"track": "overworld", "karts": ["beastie", "kiki", "hexley", "emule", "amanda", "wilber", "adiumy", "xue", "suzanne", "nolok"], "detections": [[[1, 0, 260, 188, 347, 265], [2, 0, 393, 135, 397, 139], [3, 0, 0, 0, 599, 228]], [[1, 1, 266, 182, 331, 256], [1, 2, 347, 147, 350, 150], [1, 3, 378, 145, 381, 146], [3, 0, 0, 0, 482, 162], [3, 6, 319, 149, 324, 150]], [[1, 2, 270, 187, 326, 255], [1, 3, 338, 150, 346, 156], [3, 0, 0, 70, 599, 185], [3, 4, 362, 147, 362, 147], [3, 6, 180, 159, 192, 165], [3, 7, 338, 147, 343, 150], [3, 24, 344, 147, 349, 150], [255, 16777215, 204, 158, 478, 191]], [[1, 3, 271, 200, 329, 259], [3, 0, 0, 150, 373, 180], [3, 3, 252, 167, 252, 167], [3, 4, 251, 163, 253, 166], [3, 7, 220, 161, 228, 167], [3, 24, 229, 161, 239, 167]], [[1, 4, 259, 192, 340, 259], [3, 0, 0, 147, 599, 192], [3, 1, 265, 184, 273, 187], [3, 2, 272, 178, 275, 182], [3, 3, 271, 174, 273, 175], [3, 4, 271, 168, 275, 172], [3, 7, 278, 165, 290, 186], [3, 8, 279, 170, 280, 171], [3, 24, 289, 165, 302, 186], [3, 25, 299, 169, 302, 177]], [[1, 5, 257, 189, 333, 260], [3, 0, 0, 87, 382, 170], [3, 7, 284, 161, 285, 162], [3, 24, 286, 161, 289, 162]], [[1, 6, 262, 192, 343, 277], [2, 7, 140, 146, 277, 177], [2, 24, 278, 146, 461, 179], [3, 0, 0, 21, 599, 181], [3, 7, 0, 0, 277, 171], [3, 24, 274, 0, 599, 178]], [[1, 1, 386, 133, 391, 139], [1, 2, 509, 129, 514, 131], [1, 7, 263, 187, 330, 266], [3, 0, 0, 0, 591, 137], [3, 5, 455, 142, 489, 150], [3, 6, 504, 128, 509, 130]], [[1, 8, 256, 200, 333, 261], [1, 9, 291, 151, 293, 153], [3, 0, 2, 0, 599, 158]], [[1, 9, 267, 203, 328, 259], [3, 0, 0, 0, 599, 173]]], "distance_down_track": [1433.3607177734375, 233.90414428710938, 233.90414428710938, 233.90414428710938, 305.6656188964844, 82.55975341796875, 616.8563842773438, 235.80467224121094, 1202.6639404296875, 1258.2559814453125], "velocity": [[-14.598978996276855, -4.972795009613037, 15.315068244934082], [-3.1969313621520996, 0.3042435646057129, 20.51104736328125], [5.103933811187744, 0.08542579412460327, 21.24535369873047], [13.928975105285645, 0.9858835935592651, 18.27598762512207], [2.0417726039886475, 1.0780385732650757, 21.61201286315918], [1.2928746938705444, 0.5490607619285583, 19.614770889282227], [-0.7443443536758423, -1.8370137214660645, 13.358649253845215], [-16.275959014892578, -0.5051478743553162, 12.779984474182129], [-3.605170965194702, 0.21386636793613434, -20.382516860961914], [-0.9112723469734192, 1.5809776782989502, -20.619409561157227]]}