{"track": "tutorial", "karts": ["puffy", "hexley", "tux", "suzanne", "pidgin", "nolok", "beastie", "gavroche", "amanda", "adiumy"], "detections": [[[1, 0, 203, 203, 392, 327], [1, 1, 402, 181, 524, 289], [1, 5, 356, 188, 446, 266], [1, 7, 264, 179, 359, 237], [2, 0, 0, 86, 149, 179], [3, 0, 0, 28, 599, 399]], [[1, 0, 0, 225, 153, 399], [1, 1, 241, 192, 352, 350], [1, 5, 133, 204, 268, 313], [1, 7, 38, 195, 207, 280], [2, 0, 0, 106, 33, 120], [3, 0, 0, 31, 599, 399]], [[1, 3, 157, 130, 459, 339], [1, 4, 152, 256, 465, 399], [2, 0, 0, 147, 599, 399], [3, 0, 0, 110, 599, 252], [5, 21, 291, 155, 294, 156], [5, 22, 236, 153, 243, 163]], [[1, 2, 291, 223, 293, 223], [1, 3, 220, 201, 373, 314], [1, 4, 221, 270, 370, 337], [2, 0, 0, 150, 599, 399], [3, 0, 0, 115, 599, 302], [5, 20, 325, 174, 332, 183], [5, 21, 284, 172, 293, 182], [5, 22, 236, 169, 246, 180]], [[1, 3, 215, 188, 370, 302], [1, 4, 216, 252, 366, 326], [2, 0, 0, 137, 599, 399], [3, 0, 0, 104, 599, 311], [5, 20, 326, 173, 333, 183], [5, 21, 286, 169, 294, 180], [5, 22, 237, 164, 247, 175]], [[1, 0, 0, 224, 230, 399], [1, 1, 330, 193, 468, 363], [1, 5, 235, 205, 355, 320], [1, 7, 119, 196, 263, 284], [2, 0, 0, 104, 67, 132], [3, 0, 0, 43, 599, 399]], [[1, 6, 247, 189, 331, 263], [2, 0, 0, 151, 599, 399], [3, 0, 0, 0, 599, 345], [3, 6, 158, 0, 171, 7], [3, 8, 187, 46, 194, 54]], [[1, 0, 344, 188, 588, 315], [1, 1, 265, 172, 376, 234], [1, 5, 267, 189, 378, 254], [1, 7, 249, 205, 364, 329], [3, 0, 0, 16, 599, 399]], [[1, 0, 478, 171, 536, 194], [1, 1, 533, 169, 570, 195], [1, 5, 513, 170, 545, 192], [1, 7, 471, 167, 498, 185], [1, 8, 216, 184, 372, 321], [2, 0, 193, 114, 366, 161], [3, 0, 0, 20, 599, 399]], [[1, 2, 228, 152, 237, 157], [1, 3, 236, 147, 246, 152], [1, 4, 237, 150, 246, 153], [1, 9, 265, 193, 343, 277], [2, 0, 77, 155, 599, 399], [3, 0, 0, 93, 599, 399], [5, 17, 256, 155, 259, 161], [5, 18, 282, 153, 285, 159], [5, 19, 302, 151, 306, 157], [5, 20, 187, 151, 189, 154], [5, 21, 175, 151, 177, 154], [5, 22, 159, 151, 162, 155]]], "distance_down_track": [712.6583862304688, 712.6583862304688, 455.9293518066406, 473.2306823730469, 473.2306823730469, 547.9110717773438, 455.9293518066406, 491.73480224609375, 420.1153259277344, 409.40948486328125], "velocity": [[0.20873095095157623, 0.03398362919688225, 1.9292739629745483], [0.3459831476211548, -0.011788921430706978, 2.02797532081604], [-5.132102966308594, 0.31862297654151917, -3.2672924995422363], [0.30370888113975525, 0.11349351704120636, 1.6754729747772217], [0.6032915711402893, 0.003222363069653511, 1.254982352256775], [0.23491354286670685, 0.053323984146118164, 1.352505087852478], [-9.32508373260498, -3.0457041263580322, -22.067825317382812], [0.5441991090774536, 0.014231165871024132, 1.0728806257247925], [-4.821521282196045, 0.09546927362680435, -1.2326833009719849], [-11.44582462310791, 0.16678115725517273, 6.865293502807617]]}