{"track": "xr591", "karts": ["sara_the_racer", "tux", "gavroche", "konqi", "beastie", "kiki", "gnu", "hexley", "nolok", "pidgin"], "detections": [[[1, 0, 277, 187, 343, 352], [2, 0, 0, 168, 599, 399], [3, 0, 0, 0, 599, 386]], [[1, 1, 236, 224, 359, 362], [1, 5, 406, 149, 408, 151], [1, 7, 409, 149, 411, 151], [2, 0, 0, 119, 599, 399], [3, 0, 0, 0, 599, 276], [4, 18, 409, 149, 413, 153], [5, 19, 435, 150, 437, 152]], [[1, 1, 311, 199, 313, 201], [1, 2, 233, 231, 358, 362], [2, 0, 0, 192, 599, 399], [3, 0, 0, 0, 599, 236], [4, 14, 363, 196, 376, 205], [4, 15, 286, 195, 297, 204], [4, 16, 254, 194, 265, 204], [5, 17, 329, 198, 333, 205], [5, 49, 278, 199, 279, 200]], [[1, 3, 262, 193, 334, 262], [1, 9, 328, 158, 335, 161], [2, 0, 0, 0, 599, 399], [3, 0, 0, 0, 599, 260], [3, 1, 132, 42, 211, 142], [3, 2, 308, 95, 342, 103], [3, 10, 149, 77, 149, 86], [4, 43, 228, 134, 228, 134], [6, 1, 340, 150, 400, 187], [6, 6, 421, 112, 421, 114], [6, 58, 316, 160, 327, 161]], [[1, 1, 358, 173, 366, 178], [1, 4, 238, 207, 356, 375], [2, 0, 0, 137, 599, 399], [3, 0, 0, 0, 599, 262], [3, 16, 0, 150, 23, 202], [4, 18, 568, 136, 570, 139], [5, 49, 291, 170, 293, 174]], [[1, 5, 239, 185, 342, 342], [1, 9, 306, 194, 307, 194], [2, 0, 0, 0, 599, 399], [3, 0, 0, 0, 599, 236], [3, 5, 28, 64, 37, 70], [3, 6, 329, 109, 332, 112], [5, 46, 451, 208, 453, 209]], [[1, 6, 259, 159, 337, 236], [2, 0, 0, 150, 599, 399], [3, 0, 0, 0, 599, 399], [3, 4, 24, 32, 32, 37], [4, 21, 387, 158, 417, 189], [5, 22, 357, 177, 374, 202], [5, 23, 414, 162, 422, 178], [6, 2, 115, 140, 151, 161]], [[1, 5, 291, 182, 321, 220], [1, 7, 227, 215, 369, 399], [1, 9, 303, 193, 304, 194], [2, 0, 0, 0, 599, 399], [3, 0, 0, 0, 599, 239], [3, 5, 22, 65, 31, 71], [3, 6, 323, 112, 326, 115]], [[1, 8, 283, 190, 325, 231], [2, 0, 0, 0, 599, 399], [3, 0, 0, 0, 599, 399]], [[1, 5, 257, 160, 261, 164], [1, 7, 258, 164, 261, 165], [1, 9, 265, 210, 337, 258], [2, 0, 0, 0, 599, 399], [3, 0, 0, 0, 599, 246], [3, 1, 0, 110, 3, 114], [3, 8, 276, 63, 277, 67], [4, 44, 82, 111, 89, 114], [6, 6, 406, 89, 406, 91], [6, 58, 146, 216, 279, 269]]], "distance_down_track": [245.33607482910156, 119.07866668701172, 190.2722930908203, 1211.577880859375, 154.04112243652344, 41.960201263427734, 1135.7669677734375, 46.53548812866211, 1169.3275146484375, 1240.8128662109375], "velocity": [[-2.6495211124420166, 3.190019369125366, -19.023670196533203], [-5.874480247497559, 0.10532975941896439, 19.84865951538086], [-15.375988006591797, 0.6080794930458069, 13.845548629760742], [-2.157327175140381, 1.5052683353424072, 22.24701499938965], [-17.65424156188965, 2.9449102878570557, 12.331480979919434], [-2.760993003845215, -0.976752758026123, 19.489887237548828], [22.09420394897461, 2.38702392578125, 5.278792858123779], [-2.4272804260253906, -2.141601085662842, 21.993061065673828], [-14.608246803283691, 0.9886538982391357, 13.537435531616211], [1.0301209688186646, 0.4830606281757355, 22.769189834594727]]}