{"track": "overworld", "karts": ["beastie", "kiki", "hexley", "emule", "amanda", "wilber", "adiumy", "xue", "suzanne", "nolok"], "detections": [[[1, 0, 255, 189, 341, 262], [2, 0, 0, 187, 74, 314], [3, 0, 0, 0, 599, 192], [3, 24, 244, 135, 245, 135]], [[1, 1, 265, 183, 326, 254], [1, 2, 445, 143, 448, 145], [3, 0, 0, 0, 524, 149], [3, 5, 431, 154, 468, 164], [3, 6, 448, 143, 452, 144]], [[1, 2, 273, 196, 323, 265], [1, 3, 441, 140, 443, 141], [3, 0, 0, 35, 540, 183], [3, 4, 393, 144, 394, 145], [3, 6, 232, 155, 242, 159], [3, 7, 369, 145, 374, 148], [3, 24, 375, 145, 380, 148], [255, 16777215, 238, 157, 517, 185]], [[1, 3, 275, 199, 332, 254], [1, 4, 355, 169, 357, 171], [3, 0, 0, 126, 525, 179], [3, 2, 59, 167, 66, 170], [3, 3, 58, 159, 64, 165], [3, 4, 56, 150, 64, 158], [3, 7, 0, 146, 27, 171], [3, 24, 23, 146, 54, 170], [3, 25, 38, 149, 38, 149]], [[1, 4, 250, 190, 345, 271], [3, 0, 0, 102, 432, 153], [255, 16777215, 0, 150, 236, 179]], [[1, 0, 426, 138, 432, 141], [1, 5, 263, 189, 338, 260], [2, 0, 414, 137, 417, 141], [3, 0, 0, 3, 599, 186], [3, 5, 456, 103, 456, 104]], [[1, 6, 250, 190, 353, 301], [2, 7, 216, 159, 290, 176], [2, 24, 290, 160, 387, 177], [3, 0, 0, 0, 599, 190], [3, 7, 129, 0, 289, 173], [3, 24, 289, 0, 464, 176]], [[1, 1, 262, 163, 264, 166], [1, 7, 268, 186, 337, 265], [3, 0, 0, 47, 599, 156]], [[1, 8, 258, 200, 331, 258], [1, 9, 355, 158, 360, 161], [3, 0, 296, 62, 599, 154]], [[1, 9, 263, 203, 326, 262], [3, 0, 0, 0, 599, 151]]], "distance_down_track": [32.524200439453125, 160.1875, 160.1875, 160.1875, 488.2575378417969, 1419.75390625, 621.855224609375, 175.8915557861328, 187.2141571044922, 1170.511474609375], "velocity": [[6.004302501678467, -0.9500401020050049, 20.86758041381836], [-14.097382545471191, -0.13265861570835114, 16.693374633789062], [2.3059868812561035, -0.15847735106945038, 21.727397918701172], [21.15264129638672, -1.840501308441162, 8.841850280761719], [13.101715087890625, 0.021552398800849915, 5.510478973388672], [-15.112909317016602, -4.017429828643799, 11.92360782623291], [0.04917808994650841, 0.51286780834198, 0.4850460886955261], [-16.157960891723633, 0.32599619030952454, 12.934602737426758], [21.022266387939453, -0.3124340772628784, -6.103135585784912], [10.033897399902344, 0.05870130658149719, -14.397893905639648]]}