{"track": "overworld", "karts": ["beastie", "kiki", "hexley", "emule", "amanda", "wilber", "adiumy", "xue", "suzanne", "nolok"], "detections": [[[1, 0, 252, 188, 344, 266], [3, 0, 74, 111, 534, 161]], [[1, 1, 265, 181, 331, 255], [1, 2, 502, 166, 507, 170], [1, 8, 519, 160, 524, 162], [1, 9, 522, 154, 525, 156], [2, 0, 416, 171, 423, 177], [3, 0, 0, 52, 569, 170], [3, 4, 504, 141, 504, 141], [3, 7, 507, 139, 514, 141], [3, 24, 515, 139, 521, 142], [3, 25, 520, 140, 520, 140]], [[1, 2, 272, 196, 323, 265], [1, 8, 284, 149, 294, 157], [1, 9, 277, 141, 281, 145], [3, 0, 0, 53, 593, 149], [3, 7, 252, 137, 252, 137], [3, 24, 253, 137, 255, 137]], [[1, 3, 242, 200, 358, 321], [2, 7, 201, 139, 287, 158], [2, 24, 288, 139, 401, 158], [3, 0, 0, 0, 599, 172], [3, 7, 96, 0, 287, 155], [3, 24, 285, 0, 490, 157]], [[1, 4, 260, 192, 341, 260], [3, 0, 0, 0, 599, 196]], [[1, 5, 257, 189, 331, 258], [3, 0, 374, 70, 599, 166]], [[1, 3, 263, 178, 297, 228], [1, 6, 251, 190, 356, 304], [2, 7, 213, 147, 289, 165], [2, 24, 290, 148, 389, 165], [3, 0, 0, 0, 599, 176], [3, 7, 124, 0, 289, 161], [3, 24, 288, 0, 467, 165]], [[1, 7, 268, 188, 334, 262], [3, 0, 0, 60, 599, 155]], [[1, 5, 399, 168, 403, 170], [1, 7, 238, 162, 238, 163], [1, 8, 261, 200, 331, 257], [1, 9, 288, 164, 298, 172], [3, 0, 0, 85, 370, 170], [3, 7, 280, 161, 281, 162], [3, 24, 282, 162, 284, 162]], [[1, 5, 443, 169, 449, 172], [1, 7, 241, 166, 244, 168], [1, 9, 268, 203, 324, 256], [3, 0, 0, 89, 491, 175], [3, 7, 294, 162, 296, 163], [3, 24, 297, 162, 299, 163], [3, 25, 300, 163, 300, 163]]], "distance_down_track": [961.313232421875, 1452.74853515625, 58.15879440307617, 610.226318359375, 1322.349365234375, 174.83447265625, 608.0514526367188, 160.1875, 78.27340698242188, 93.14180755615234], "velocity": [[14.425437927246094, -1.3053810596466064, -14.426413536071777], [-12.532975196838379, -3.693584680557251, 14.696738243103027], [4.42470645904541, -0.9682190418243408, 21.375383377075195], [-0.4376024007797241, -1.1649203300476074, 6.861240386962891], [-3.20328950881958, 3.59197735786438, -21.195444107055664], [20.297592163085938, 0.6925312280654907, 1.766143798828125], [-0.2157546579837799, -0.4594043493270874, 2.8877391815185547], [-11.815089225769043, -0.1714082658290863, 18.29716682434082], [1.9204416275024414, 0.9272090196609497, 22.900920867919922], [0.48966503143310547, 0.9219222664833069, 22.976299285888672]]}