{"track": "tutorial", "karts": ["puffy", "hexley", "tux", "suzanne", "pidgin", "nolok", "beastie", "gavroche", "amanda", "adiumy"], "detections": [[[1, 0, 205, 203, 394, 327], [1, 1, 23, 247, 211, 399], [2, 0, 0, 127, 74, 163], [3, 0, 0, 53, 599, 399]], [[1, 0, 384, 138, 599, 236], [1, 1, 244, 192, 354, 347], [2, 0, 0, 124, 134, 218], [3, 0, 0, 90, 599, 399]], [[1, 2, 265, 198, 330, 254], [2, 0, 0, 173, 599, 399], [3, 0, 0, 62, 599, 357], [3, 6, 407, 51, 423, 72], [3, 7, 321, 64, 333, 78]], [[1, 2, 297, 141, 304, 145], [1, 3, 266, 201, 337, 255], [2, 0, 0, 145, 599, 399], [3, 0, 0, 55, 599, 320], [3, 6, 428, 46, 444, 64], [3, 7, 355, 57, 367, 69]], [[1, 4, 227, 218, 372, 325], [2, 0, 390, 8, 535, 64], [3, 0, 0, 0, 599, 399]], [[1, 0, 372, 150, 390, 162], [1, 1, 350, 156, 361, 170], [1, 5, 235, 205, 352, 318], [2, 0, 179, 122, 305, 156], [3, 0, 0, 27, 599, 399]], [[1, 6, 207, 180, 380, 328], [1, 8, 277, 152, 291, 164], [2, 0, 0, 162, 599, 399], [3, 0, 0, 68, 599, 258], [3, 7, 218, 120, 220, 127]], [[1, 2, 243, 132, 247, 135], [1, 3, 260, 151, 269, 157], [1, 7, 272, 203, 326, 255], [2, 0, 0, 134, 599, 399], [3, 0, 0, 43, 599, 276], [3, 6, 337, 49, 349, 64], [3, 7, 279, 47, 289, 59], [3, 8, 371, 76, 371, 76]], [[1, 8, 253, 190, 345, 266], [2, 0, 0, 182, 599, 399], [3, 0, 0, 0, 599, 288], [3, 6, 253, 142, 255, 149], [3, 7, 205, 135, 210, 140]], [[1, 0, 463, 202, 484, 213], [1, 1, 445, 204, 461, 215], [1, 5, 319, 245, 341, 263], [1, 9, 269, 196, 327, 252], [2, 0, 335, 158, 531, 192], [3, 0, 0, 0, 599, 399], [3, 8, 127, 49, 137, 60]]], "distance_down_track": [712.6583862304688, 712.6583862304688, 532.0, 532.0, 532.0, 590.8922729492188, 512.133544921875, 547.9110717773438, 491.73480224609375, 491.73480224609375], "velocity": [[-0.07066245377063751, 0.08101663738489151, 0.001544667175039649], [-0.08182781934738159, -0.08823731541633606, 0.013677378185093403], [6.711563587188721, -1.3581959009170532, -21.957008361816406], [12.110068321228027, -1.8330774307250977, -19.46756362915039], [4.330687046051025, -0.026160109788179398, 2.224574565887451], [-4.99419641494751, 0.11010707169771194, -0.9683224558830261], [-0.5226462483406067, 0.34309107065200806, -5.5380988121032715], [5.626092910766602, -3.7102785110473633, -21.822025299072266], [-1.984524130821228, 0.27273839712142944, -18.735614776611328], [-14.602057456970215, -10.84626293182373, -17.202484130859375]]}