{"track": "tutorial", "karts": ["puffy", "hexley", "tux", "suzanne", "pidgin", "nolok", "beastie", "gavroche", "amanda", "adiumy"], "detections": [[[1, 0, 204, 201, 388, 329], [1, 3, 327, 180, 405, 241], [1, 4, 200, 164, 239, 186], [1, 8, 0, 248, 9, 270], [2, 0, 0, 97, 216, 161], [3, 0, 0, 27, 599, 399]], [[1, 0, 347, 158, 368, 170], [1, 1, 241, 193, 348, 347], [1, 3, 368, 158, 384, 169], [1, 4, 338, 156, 351, 163], [1, 8, 298, 153, 317, 167], [2, 0, 249, 131, 343, 155], [3, 0, 0, 30, 599, 399]], [[1, 2, 232, 196, 364, 311], [1, 7, 291, 178, 300, 186], [2, 0, 0, 177, 599, 399], [3, 0, 0, 114, 599, 244], [3, 6, 282, 116, 291, 124], [3, 7, 235, 108, 244, 116]], [[1, 0, 0, 281, 234, 399], [1, 3, 220, 201, 369, 323], [1, 4, 138, 163, 193, 192], [2, 0, 0, 85, 184, 159], [3, 0, 0, 13, 599, 399]], [[1, 4, 223, 217, 373, 322], [2, 0, 0, 80, 224, 209], [3, 0, 0, 49, 599, 399]], [[1, 5, 270, 203, 329, 256], [2, 0, 0, 168, 599, 399], [3, 0, 0, 76, 599, 263], [3, 6, 461, 66, 479, 86], [3, 7, 378, 80, 390, 92]], [[1, 2, 312, 147, 329, 162], [1, 6, 210, 180, 380, 326], [2, 0, 0, 155, 599, 399], [3, 0, 0, 90, 599, 246], [3, 6, 296, 107, 304, 116], [3, 7, 250, 100, 251, 103]], [[1, 5, 240, 150, 243, 151], [1, 7, 247, 204, 347, 304], [2, 0, 0, 143, 599, 399], [3, 0, 0, 63, 599, 256], [3, 6, 298, 71, 308, 83], [3, 7, 246, 63, 256, 74]], [[1, 0, 503, 205, 599, 290], [1, 3, 493, 186, 594, 231], [1, 4, 302, 164, 331, 186], [1, 8, 217, 185, 373, 321], [2, 0, 0, 85, 279, 160], [3, 0, 0, 8, 599, 399]], [[1, 2, 290, 154, 294, 159], [1, 6, 290, 154, 304, 166], [1, 9, 254, 192, 345, 288], [2, 0, 0, 159, 599, 399], [3, 0, 0, 37, 599, 266], [3, 6, 263, 125, 270, 129], [3, 7, 218, 114, 222, 118]]], "distance_down_track": [712.6583862304688, 712.6583862304688, 547.9110717773438, 561.7310180664062, 547.9110717773438, 590.8922729492188, 532.0, 561.7310180664062, 532.0, 512.133544921875], "velocity": [[-5.095282077789307, 0.10431841760873795, -0.1290215253829956], [-4.503570556640625, 0.10661453753709793, -2.2629239559173584], [0.08269275724887848, 0.026089351624250412, -3.0073373317718506], [-5.870341777801514, 0.12099803984165192, -0.10012099146842957], [-0.0697164237499237, 0.10207385569810867, 0.015020575374364853], [12.302431106567383, -0.2737749516963959, -18.582157135009766], [0.5387959480285645, -0.024039871990680695, -7.803628444671631], [0.8833656311035156, -1.4455476999282837, -10.501941680908203], [-7.22687292098999, 0.12100765854120255, 0.0963829830288887], [-0.906226634979248, 0.540928840637207, -10.8939208984375]]}