{"track": "tutorial", "karts": ["puffy", "hexley", "tux", "suzanne", "pidgin", "nolok", "beastie", "gavroche", "amanda", "adiumy"], "detections": [[[1, 0, 206, 201, 388, 330], [1, 8, 91, 160, 180, 212], [2, 0, 0, 83, 147, 167], [3, 0, 0, 18, 599, 399]], [[1, 0, 306, 171, 365, 213], [1, 1, 243, 193, 351, 349], [1, 8, 206, 155, 248, 186], [2, 0, 0, 98, 209, 161], [3, 0, 0, 28, 599, 399]], [[1, 2, 267, 198, 332, 253], [2, 0, 0, 162, 599, 399], [3, 0, 0, 0, 599, 395]], [[1, 3, 262, 201, 333, 256], [2, 0, 0, 166, 599, 399], [3, 0, 0, 30, 599, 289]], [[1, 4, 227, 217, 377, 324], [2, 0, 0, 163, 599, 399], [3, 0, 0, 13, 599, 249]], [[1, 5, 261, 205, 348, 293], [1, 7, 123, 162, 131, 166], [2, 0, 50, 124, 599, 209], [3, 0, 0, 13, 599, 399]], [[1, 0, 418, 209, 439, 224], [1, 1, 402, 221, 419, 239], [1, 5, 436, 150, 439, 151], [1, 6, 213, 180, 387, 327], [1, 8, 383, 192, 398, 204], [2, 0, 281, 147, 475, 186], [3, 0, 0, 26, 599, 399]], [[1, 7, 258, 203, 335, 280], [2, 0, 0, 116, 599, 399], [3, 0, 0, 0, 599, 216]], [[1, 8, 219, 183, 380, 314], [2, 0, 0, 99, 205, 216], [3, 0, 0, 70, 599, 399]], [[1, 0, 387, 211, 399, 218], [1, 1, 371, 211, 382, 218], [1, 5, 463, 188, 466, 190], [1, 6, 307, 178, 320, 190], [1, 8, 379, 201, 388, 207], [1, 9, 240, 190, 348, 304], [2, 0, 0, 166, 599, 399], [3, 0, 0, 0, 599, 339], [3, 8, 147, 19, 156, 29]]], "distance_down_track": [712.6583862304688, 712.6583862304688, 741.5721435546875, 741.5721435546875, 741.5721435546875, 741.5721435546875, 712.6583862304688, 741.5721435546875, 712.6583862304688, 712.6583862304688], "velocity": [[-7.653771877288818, 0.12993647158145905, 0.2513869106769562], [-5.0805816650390625, 0.10767011344432831, -0.12766453623771667], [-18.13156509399414, 2.759280204772949, 13.65068244934082], [-20.72992515563965, 3.604982376098633, 9.288395881652832], [-0.00354317226447165, 0.08281034976243973, 0.08267910033464432], [-10.43518352508545, -1.5886064767837524, -0.7364570498466492], [0.19376924633979797, -5.328714370727539, 0.16016441583633423], [-7.0338053703308105, -0.44844114780426025, -11.806225776672363], [-0.02271931804716587, -0.028329715132713318, 0.0006772564956918359], [-0.1687096655368805, 0.2083018720149994, 0.0825653076171875]]}