{"track": "tutorial", "karts": ["puffy", "hexley", "tux", "suzanne", "pidgin", "nolok", "beastie", "gavroche", "amanda", "adiumy"], "detections": [[[1, 0, 256, 201, 345, 264], [2, 0, 0, 164, 599, 399], [3, 0, 0, 97, 599, 280], [3, 6, 266, 109, 274, 117], [3, 7, 218, 102, 226, 110]], [[1, 1, 273, 196, 327, 271], [2, 0, 0, 136, 599, 399], [3, 0, 0, 33, 599, 278], [3, 6, 323, 52, 334, 67], [3, 7, 267, 50, 277, 61]], [[1, 2, 256, 198, 332, 268], [1, 3, 454, 160, 480, 175], [2, 0, 337, 127, 477, 160], [3, 0, 0, 0, 599, 399], [3, 8, 96, 37, 107, 45]], [[1, 3, 217, 201, 366, 336], [2, 0, 0, 61, 207, 222], [3, 0, 0, 0, 599, 399]], [[1, 4, 240, 212, 346, 285], [1, 6, 154, 214, 163, 217], [2, 0, 0, 175, 599, 399], [3, 0, 0, 31, 599, 399]], [[1, 5, 234, 206, 354, 321], [1, 7, 387, 140, 407, 157], [2, 0, 521, 0, 599, 59], [3, 0, 0, 0, 599, 399]], [[1, 6, 231, 184, 359, 296], [1, 8, 272, 131, 276, 132], [2, 0, 0, 104, 599, 399], [3, 0, 0, 0, 599, 342]], [[1, 7, 240, 205, 354, 319], [2, 0, 397, 46, 566, 101], [3, 0, 0, 0, 599, 399]], [[1, 8, 259, 191, 346, 267], [2, 0, 0, 138, 599, 399], [3, 0, 0, 0, 599, 299]], [[1, 9, 272, 195, 331, 253], [2, 0, 0, 161, 599, 399], [3, 0, 0, 0, 599, 350]]], "distance_down_track": [543.7163696289062, 592.41357421875, 0.0, 0.0, 753.8200073242188, 0.0, 753.8200073242188, 0.0, 753.8200073242188, 753.8200073242188], "velocity": [[-0.5931646227836609, 0.08247153460979462, -21.72674560546875], [3.971820831298828, -3.247140407562256, -18.98401641845703], [-5.657680034637451, 0.1166289895772934, -3.957643747329712], [0.550165593624115, 0.049951717257499695, 0.5609363913536072], [-14.317109107971191, -0.6272788047790527, 1.1032416820526123], [1.142863392829895, 0.05941728129982948, 2.132812738418579], [-7.973916530609131, -0.9947612881660461, -9.012919425964355], [4.450616836547852, 0.8041394948959351, 2.2159664630889893], [-17.99155044555664, 2.86674165725708, -8.46617317199707], [-15.660512924194336, 2.473034620285034, 13.308733940124512]]}