{"track": "snowtuxpeak", "karts": ["pidgin", "amanda", "xue", "tux", "gavroche", "emule", "puffy", "sara_the_wizard", "beastie", "gnu"], "detections": [[[1, 0, 263, 209, 332, 256], [1, 3, 335, 157, 344, 164], [1, 8, 409, 148, 409, 148], [2, 0, 0, 151, 599, 399], [3, 0, 0, 47, 599, 299], [4, 10, 318, 153, 329, 162], [4, 11, 297, 153, 307, 162], [5, 9, 354, 157, 356, 162]], [[1, 1, 258, 191, 337, 258], [1, 2, 559, 172, 564, 175], [1, 5, 409, 173, 415, 176], [1, 6, 328, 182, 337, 187], [1, 7, 566, 181, 570, 185], [1, 9, 309, 162, 338, 197], [2, 0, 0, 144, 599, 399], [3, 0, 0, 0, 599, 279], [6, 18, 564, 192, 575, 198]], [[1, 2, 269, 186, 338, 267], [2, 0, 0, 144, 599, 399], [3, 0, 0, 105, 599, 397], [3, 1, 408, 0, 471, 58], [5, 13, 290, 144, 290, 144]], [[1, 3, 269, 198, 334, 254], [2, 0, 0, 159, 599, 399], [3, 0, 0, 0, 599, 365], [4, 10, 188, 172, 248, 222], [4, 11, 89, 169, 153, 217], [5, 9, 365, 198, 387, 221]], [[1, 0, 469, 171, 469, 171], [1, 4, 271, 203, 324, 254], [2, 0, 0, 174, 599, 399], [3, 0, 0, 0, 599, 287], [4, 10, 583, 168, 593, 170], [4, 11, 570, 168, 578, 170]], [[1, 5, 261, 199, 323, 263], [1, 7, 348, 158, 353, 164], [2, 0, 0, 145, 409, 399], [3, 0, 0, 0, 599, 399], [3, 1, 239, 33, 274, 92], [6, 18, 396, 170, 412, 181]], [[1, 2, 573, 135, 579, 139], [1, 5, 408, 140, 416, 145], [1, 6, 256, 201, 343, 261], [1, 7, 595, 148, 599, 152], [2, 0, 0, 106, 599, 399], [3, 0, 0, 0, 599, 288]], [[1, 2, 184, 179, 197, 187], [1, 7, 269, 187, 314, 264], [2, 0, 0, 184, 599, 399], [3, 0, 0, 17, 599, 376], [3, 1, 212, 47, 257, 119]], [[1, 1, 325, 188, 342, 201], [1, 8, 256, 188, 338, 258], [1, 9, 345, 187, 357, 198], [2, 0, 0, 184, 599, 399], [3, 0, 0, 41, 599, 399]], [[1, 1, 82, 292, 286, 399], [1, 2, 560, 167, 565, 170], [1, 5, 407, 169, 413, 171], [1, 6, 318, 178, 331, 186], [1, 7, 568, 177, 572, 180], [1, 9, 271, 161, 324, 227], [2, 0, 0, 138, 599, 399], [3, 0, 0, 0, 599, 297], [6, 18, 564, 188, 579, 195]]], "distance_down_track": [557.3042602539062, 620.8743286132812, 743.0352783203125, 577.4213256835938, 504.55255126953125, 689.18212890625, 639.8302001953125, 726.936279296875, 607.903076171875, 623.6268920898438], "velocity": [[-3.4300179481506348, 0.674297034740448, 23.82244110107422], [21.15693473815918, -6.447580337524414, 4.30135440826416], [19.877172470092773, -2.394359588623047, -5.258801460266113], [1.1963351964950562, 0.9000510573387146, 22.42107391357422], [-22.84248924255371, 2.2551393508911133, 1.4611941576004028], [6.186643600463867, -1.2477443218231201, -19.714426040649414], [20.348352432250977, -8.400837898254395, 1.610013484954834], [13.409494400024414, 0.48875170946121216, -15.761869430541992], [19.40968132019043, -3.3052406311035156, 11.587699890136719], [22.49721336364746, -7.707363128662109, 4.375421524047852]]}