{"track": "volcano_island", "karts": ["gavroche", "adiumy", "amanda", "nolok", "tux", "konqi", "kiki", "pidgin", "sara_the_racer", "suzanne"], "detections": [[[1, 0, 264, 204, 336, 275], [1, 1, 280, 155, 289, 162], [1, 4, 341, 175, 392, 213], [1, 6, 248, 151, 252, 156], [2, 0, 0, 154, 599, 399], [3, 0, 0, 0, 599, 330]], [[1, 1, 266, 194, 337, 267], [1, 3, 213, 152, 216, 154], [1, 5, 209, 153, 210, 154], [1, 6, 272, 153, 280, 163], [1, 8, 261, 155, 265, 159], [1, 9, 230, 154, 234, 155], [2, 0, 0, 129, 599, 399], [3, 0, 0, 0, 599, 238]], [[1, 0, 256, 168, 275, 183], [1, 1, 282, 157, 288, 162], [1, 2, 265, 191, 340, 256], [1, 4, 290, 164, 306, 177], [1, 6, 260, 154, 264, 158], [2, 0, 0, 0, 599, 399], [3, 0, 0, 0, 599, 245]], [[1, 3, 262, 204, 338, 275], [1, 5, 130, 184, 237, 259], [1, 7, 232, 153, 237, 155], [2, 0, 0, 154, 599, 399], [3, 0, 0, 0, 599, 244]], [[1, 1, 264, 152, 274, 161], [1, 4, 245, 197, 355, 291], [1, 6, 239, 148, 244, 153], [1, 8, 226, 150, 229, 152], [2, 0, 0, 151, 599, 399], [3, 0, 0, 0, 599, 242]], [[1, 3, 389, 215, 538, 303], [1, 5, 253, 191, 349, 282], [1, 7, 235, 154, 239, 156], [2, 0, 0, 155, 599, 399], [3, 0, 0, 0, 599, 299]], [[1, 3, 237, 153, 242, 156], [1, 5, 228, 152, 233, 156], [1, 6, 258, 178, 343, 272], [1, 8, 282, 164, 292, 175], [1, 9, 254, 156, 261, 158], [2, 0, 0, 121, 599, 399], [3, 0, 0, 0, 599, 235]], [[1, 7, 254, 212, 346, 276], [2, 0, 0, 141, 599, 399], [3, 0, 0, 0, 599, 235], [4, 21, 238, 151, 241, 155], [4, 22, 255, 151, 258, 155], [4, 31, 272, 151, 275, 155]], [[1, 3, 246, 152, 251, 156], [1, 5, 235, 151, 241, 156], [1, 8, 268, 215, 332, 287], [1, 9, 263, 156, 272, 159], [2, 0, 0, 112, 599, 399], [3, 0, 0, 0, 599, 234]], [[1, 3, 275, 160, 289, 172], [1, 5, 246, 156, 263, 171], [1, 9, 248, 226, 353, 281], [2, 0, 0, 52, 599, 399], [3, 0, 0, 0, 599, 235]]], "distance_down_track": [1685.3062744140625, 1707.1136474609375, 1676.9095458984375, 1774.00732421875, 1687.7908935546875, 1774.73193359375, 1727.749755859375, 1828.23974609375, 1737.9598388671875, 1762.7198486328125], "velocity": [[-12.913126945495605, 0.08709484338760376, -6.312012672424316], [-10.915018081665039, 0.08720293641090393, -9.451725006103516], [-24.552654266357422, 0.04962533712387085, -9.747651100158691], [-2.2638328075408936, 0.10916870832443237, -14.135282516479492], [-10.032304763793945, 0.06762811541557312, -5.241331100463867], [-2.4456615447998047, 0.09038949012756348, -14.38124942779541], [-8.189807891845703, 0.09916046261787415, -10.655755996704102], [5.029991626739502, 0.08547118306159973, -14.607722282409668], [-5.848284721374512, 0.06705758720636368, -9.227605819702148], [-3.3650035858154297, 0.07043139636516571, -12.556742668151855]]}