{"track": "tutorial", "karts": ["puffy", "hexley", "tux", "suzanne", "pidgin", "nolok", "beastie", "gavroche", "amanda", "adiumy"], "detections": [[[1, 0, 202, 201, 389, 327], [1, 1, 399, 193, 410, 201], [1, 2, 484, 227, 501, 237], [1, 4, 364, 188, 371, 192], [1, 5, 325, 194, 332, 198], [1, 7, 426, 201, 438, 207], [1, 8, 323, 196, 332, 203], [2, 0, 0, 159, 599, 399], [3, 0, 0, 0, 599, 261], [3, 8, 121, 41, 130, 53]], [[1, 1, 246, 194, 353, 345], [1, 7, 517, 226, 599, 301], [2, 0, 0, 143, 73, 170], [3, 0, 0, 86, 599, 399]], [[1, 0, 481, 42, 505, 51], [1, 2, 231, 196, 363, 312], [2, 0, 452, 25, 599, 89], [3, 0, 0, 0, 599, 399]], [[1, 0, 333, 136, 336, 136], [1, 3, 256, 190, 343, 256], [1, 6, 259, 136, 265, 141], [2, 0, 0, 134, 599, 399], [3, 0, 0, 42, 599, 276], [3, 6, 365, 44, 378, 60], [3, 7, 305, 46, 315, 58]], [[1, 1, 408, 168, 484, 214], [1, 4, 213, 217, 362, 330], [1, 7, 462, 171, 496, 196], [2, 0, 0, 53, 170, 233], [3, 0, 0, 24, 599, 399]], [[1, 1, 514, 161, 555, 194], [1, 4, 355, 164, 391, 184], [1, 5, 238, 205, 355, 320], [1, 8, 300, 286, 599, 399], [2, 0, 180, 110, 375, 162], [3, 0, 0, 21, 599, 399]], [[1, 0, 445, 178, 447, 178], [1, 6, 259, 190, 339, 257], [2, 0, 0, 172, 599, 399], [3, 0, 0, 72, 599, 270], [3, 6, 458, 62, 476, 83], [3, 7, 372, 79, 385, 91]], [[1, 2, 410, 144, 445, 169], [1, 7, 238, 206, 353, 322], [3, 0, 0, 0, 599, 399]], [[1, 1, 520, 164, 553, 196], [1, 4, 364, 164, 396, 182], [1, 5, 235, 181, 284, 237], [1, 8, 217, 184, 374, 320], [2, 0, 216, 116, 393, 163], [3, 0, 0, 17, 599, 399]], [[1, 3, 278, 155, 289, 162], [1, 6, 237, 137, 241, 141], [1, 9, 264, 194, 334, 265], [2, 0, 0, 133, 599, 399], [3, 0, 0, 0, 599, 264], [3, 6, 314, 56, 325, 70], [3, 7, 260, 50, 269, 61]]], "distance_down_track": [700.9595336914062, 712.6583862304688, 590.8922729492188, 576.2125244140625, 590.8922729492188, 619.34228515625, 576.2125244140625, 605.3455200195312, 576.2125244140625, 561.7310180664062], "velocity": [[-3.383152961730957, -0.41978853940963745, -3.7461421489715576], [-0.13830338418483734, 0.06906075775623322, 0.09882166981697083], [1.8014802932739258, 0.03162268176674843, 1.176478385925293], [6.226325511932373, -3.054499626159668, -17.441560745239258], [-0.33359336853027344, 0.10609205067157745, 1.0589983463287354], [-3.427624464035034, 0.10750873386859894, -4.177291393280029], [12.107156753540039, -0.2960212826728821, -20.893817901611328], [-0.14216575026512146, 0.19435743987560272, 1.8882548809051514], [-4.632307052612305, 0.08231132477521896, -0.6832767128944397], [2.3609466552734375, -2.640446424484253, -16.706756591796875]]}