{"track": "tutorial", "karts": ["puffy", "hexley", "tux", "suzanne", "pidgin", "nolok", "beastie", "gavroche", "amanda", "adiumy"], "detections": [[[1, 0, 256, 201, 345, 262], [1, 1, 195, 143, 200, 145], [2, 0, 0, 145, 599, 399], [3, 0, 0, 0, 599, 279], [3, 2, 290, 140, 297, 146], [5, 14, 228, 145, 228, 146], [5, 15, 219, 145, 220, 146], [5, 16, 208, 144, 209, 146]], [[1, 1, 274, 196, 331, 271], [2, 0, 36, 164, 599, 399], [3, 0, 0, 136, 599, 399], [5, 5, 199, 158, 207, 166], [5, 6, 132, 157, 134, 158], [5, 7, 113, 156, 116, 157], [5, 8, 87, 154, 93, 156], [5, 12, 234, 159, 240, 166], [5, 13, 259, 160, 265, 167]], [[1, 2, 268, 198, 332, 251], [2, 0, 0, 161, 599, 399], [3, 0, 0, 124, 599, 345], [3, 6, 181, 136, 184, 143], [3, 7, 125, 127, 135, 134]], [[1, 3, 264, 200, 334, 254], [1, 4, 240, 140, 243, 141], [2, 0, 0, 141, 599, 399], [3, 0, 0, 0, 599, 272], [3, 6, 304, 62, 314, 75], [3, 7, 250, 57, 260, 68]], [[1, 4, 261, 209, 329, 258], [2, 0, 0, 168, 599, 399], [3, 0, 0, 42, 599, 399], [3, 6, 329, 31, 345, 54], [3, 7, 237, 39, 252, 55]], [[1, 5, 239, 203, 334, 301], [1, 6, 399, 160, 430, 186], [1, 7, 423, 161, 446, 175], [2, 0, 305, 128, 439, 161], [3, 0, 0, 4, 599, 399], [3, 8, 10, 17, 19, 20]], [[1, 6, 209, 180, 378, 330], [1, 7, 268, 160, 309, 188], [2, 0, 0, 80, 279, 161], [3, 0, 0, 5, 599, 399]], [[1, 7, 231, 205, 348, 327], [2, 0, 0, 46, 151, 224], [3, 0, 0, 11, 599, 399]], [[1, 8, 224, 183, 384, 320], [1, 9, 206, 178, 212, 183], [2, 0, 0, 169, 599, 399], [3, 0, 0, 0, 599, 213]], [[1, 9, 266, 193, 340, 274], [2, 0, 0, 125, 599, 332], [3, 0, 0, 0, 599, 399]]], "distance_down_track": [315.2744445800781, 386.0523986816406, 0.0, 0.0, 0.0, 0.0, 0.0, 0.0, 753.8200073242188, 753.8200073242188], "velocity": [[21.64838981628418, 0.2979363799095154, 1.9153741598129272], [7.803065776824951, 1.5672236680984497, 17.982440948486328], [-8.891141891479492, 1.5960482358932495, -21.151836395263672], [2.9320836067199707, -3.613797903060913, -22.52428436279297], [-1.2797266244888306, -2.537292718887329, -23.982219696044922], [-4.380747318267822, 0.11943504959344864, -2.014172315597534], [-7.409074783325195, 0.12287253141403198, 0.1741413027048111], [-0.7782900929450989, 0.07474347949028015, 0.7061976194381714], [-1.3045930862426758, -0.05416436493396759, 0.8932929039001465], [-10.771440505981445, -3.5415356159210205, -1.9193427562713623]]}