{"track": "overworld", "karts": ["beastie", "kiki", "hexley", "emule", "amanda", "wilber", "adiumy", "xue", "suzanne", "nolok"], "detections": [[[1, 0, 256, 189, 342, 262], [3, 0, 260, 108, 526, 174]], [[1, 1, 270, 183, 331, 251], [1, 2, 328, 180, 328, 181], [3, 0, 0, 150, 470, 182], [3, 2, 168, 179, 168, 179], [3, 3, 167, 173, 168, 177], [3, 4, 166, 167, 169, 171], [3, 7, 124, 164, 138, 178], [3, 24, 138, 164, 155, 179]], [[1, 2, 274, 196, 325, 265], [1, 3, 210, 163, 214, 165], [3, 0, 0, 106, 599, 186], [3, 1, 94, 160, 117, 168], [3, 2, 107, 145, 117, 156], [3, 3, 105, 138, 113, 144], [3, 4, 102, 126, 113, 136], [3, 7, 105, 127, 132, 166], [3, 8, 105, 136, 105, 137], [3, 24, 126, 127, 155, 165], [3, 25, 140, 131, 153, 150], [255, 16777215, 0, 151, 325, 190]], [[1, 3, 272, 199, 328, 257], [2, 24, 280, 162, 281, 162], [3, 0, 0, 92, 599, 172], [3, 1, 143, 155, 186, 179], [3, 2, 191, 132, 207, 150], [3, 3, 188, 118, 202, 130], [3, 4, 185, 97, 202, 116], [3, 7, 241, 117, 265, 163], [3, 8, 241, 118, 253, 132], [3, 24, 262, 116, 288, 162], [3, 25, 272, 118, 288, 151], [255, 16777215, 0, 148, 543, 195]], [[1, 4, 261, 192, 342, 261], [1, 9, 324, 155, 330, 160], [2, 0, 408, 136, 412, 140], [3, 0, 0, 3, 599, 187]], [[1, 5, 260, 189, 335, 258], [3, 0, 0, 0, 599, 161]], [[1, 6, 255, 191, 351, 294], [2, 7, 188, 134, 285, 157], [2, 24, 286, 136, 414, 159], [3, 0, 0, 0, 599, 175], [3, 7, 74, 0, 285, 153], [3, 24, 285, 0, 518, 159]], [[1, 4, 458, 182, 463, 185], [1, 7, 259, 184, 337, 274], [1, 8, 400, 164, 408, 168], [1, 9, 510, 195, 513, 196], [3, 0, 0, 20, 599, 204]], [[1, 4, 326, 180, 332, 185], [1, 8, 261, 201, 337, 259], [1, 9, 359, 185, 362, 187], [3, 0, 0, 81, 599, 207]], [[1, 9, 273, 204, 333, 261], [2, 0, 400, 144, 406, 149], [3, 0, 0, 0, 599, 156], [3, 4, 503, 113, 503, 113], [3, 6, 409, 111, 409, 111], [3, 7, 507, 111, 514, 114], [3, 8, 506, 112, 509, 114], [3, 24, 514, 111, 520, 114]]], "distance_down_track": [1090.9381103515625, 270.4015197753906, 270.4015197753906, 270.4015197753906, 1419.92919921875, 1220.5494384765625, 612.0454711914062, 1355.99072265625, 1389.3233642578125, 1446.604248046875], "velocity": [[3.812950372695923, 2.2393393516540527, -21.280437469482422], [18.250625610351562, 0.19821815192699432, 12.012407302856445], [13.646730422973633, -1.609911322593689, 16.9881534576416], [2.9107120037078857, -1.881365418434143, 22.737375259399414], [-16.243106842041016, -4.442374229431152, 13.741795539855957], [-2.846292734146118, -0.5868498086929321, -19.449073791503906], [-0.6248555183410645, -1.718540906906128, 9.971632957458496], [-17.170686721801758, 2.2384440898895264, -3.1938111782073975], [-18.815088272094727, -0.40997207164764404, 8.620574951171875], [-13.166152000427246, -1.5096948146820068, 15.90167236328125]]}