{"track": "tutorial", "karts": ["puffy", "hexley", "tux", "suzanne", "pidgin", "nolok", "beastie", "gavroche", "amanda", "adiumy"], "detections": [[[1, 0, 205, 201, 389, 329], [1, 5, 307, 164, 357, 195], [1, 6, 137, 156, 201, 197], [1, 7, 62, 165, 130, 200], [2, 0, 0, 95, 178, 163], [3, 0, 0, 23, 599, 399]], [[1, 0, 347, 159, 369, 173], [1, 1, 241, 193, 349, 349], [1, 2, 210, 154, 235, 170], [1, 5, 369, 157, 389, 168], [1, 6, 310, 152, 329, 165], [1, 7, 290, 155, 307, 164], [1, 9, 238, 155, 264, 178], [2, 0, 202, 127, 314, 155], [3, 0, 0, 34, 599, 399]], [[1, 2, 230, 196, 359, 314], [1, 5, 515, 169, 567, 193], [1, 6, 387, 159, 431, 186], [1, 7, 353, 164, 391, 186], [2, 0, 150, 106, 357, 162], [3, 0, 0, 16, 599, 399]], [[1, 3, 261, 200, 332, 257], [1, 4, 410, 173, 418, 177], [2, 0, 0, 172, 599, 399], [3, 0, 0, 54, 599, 395], [3, 6, 361, 43, 377, 64], [3, 7, 274, 53, 287, 67]], [[1, 0, 394, 207, 408, 215], [1, 1, 330, 234, 342, 245], [1, 2, 335, 197, 344, 204], [1, 4, 262, 209, 330, 260], [1, 5, 421, 203, 432, 210], [1, 6, 389, 193, 399, 201], [1, 7, 378, 193, 387, 198], [1, 9, 341, 206, 350, 213], [2, 0, 0, 161, 599, 399], [3, 0, 0, 0, 599, 359], [3, 8, 148, 47, 157, 56]], [[1, 5, 231, 206, 350, 323], [3, 0, 0, 16, 599, 399]], [[1, 5, 355, 170, 394, 206], [1, 6, 201, 181, 367, 339], [1, 7, 123, 340, 319, 399], [3, 0, 0, 20, 599, 399]], [[1, 5, 470, 182, 528, 220], [1, 6, 313, 175, 407, 265], [1, 7, 223, 204, 352, 324], [2, 0, 0, 39, 187, 201], [3, 0, 0, 9, 599, 399]], [[1, 3, 277, 134, 281, 137], [1, 8, 263, 192, 338, 255], [2, 0, 0, 137, 599, 399], [3, 0, 0, 51, 599, 303], [3, 6, 376, 45, 390, 62], [3, 7, 314, 49, 324, 61]], [[1, 0, 422, 172, 486, 203], [1, 2, 121, 163, 200, 212], [1, 5, 408, 163, 440, 181], [1, 6, 314, 155, 346, 176], [1, 7, 284, 158, 312, 175], [1, 9, 249, 191, 351, 303], [2, 0, 120, 109, 304, 157], [3, 0, 0, 17, 599, 399]]], "distance_down_track": [712.6583862304688, 712.6583862304688, 547.9110717773438, 547.9110717773438, 532.0, 590.8922729492188, 532.0, 561.7310180664062, 512.133544921875, 512.133544921875], "velocity": [[-6.453529357910156, 0.11961375176906586, 0.00112599425483495], [-4.515338897705078, 0.11543597280979156, -1.5724122524261475], [-4.929930686950684, 0.09702090173959732, -0.7380424737930298], [2.2460994720458984, -2.21821928024292, -22.782329559326172], [-15.432595252990723, -3.0781643390655518, -18.36014747619629], [0.19524110853672028, 0.0751650258898735, 2.010403633117676], [-1.8253918886184692, 0.40084725618362427, 3.2507951259613037], [-1.288335919380188, -0.13322800397872925, 1.5092955827713013], [9.07570743560791, -3.548513412475586, -22.09665298461914], [-4.968803405761719, 0.09843914955854416, -0.6316748261451721]]}