{"track": "xr591", "karts": ["sara_the_racer", "tux", "gavroche", "konqi", "beastie", "kiki", "gnu", "hexley", "nolok", "pidgin"], "detections": [[[1, 0, 276, 176, 320, 259], [2, 0, 0, 156, 599, 399], [3, 0, 0, 0, 599, 243], [4, 26, 151, 160, 154, 163], [5, 27, 140, 161, 142, 163], [5, 47, 328, 166, 337, 175], [6, 48, 262, 160, 268, 168]], [[1, 1, 263, 198, 328, 255], [1, 6, 308, 155, 322, 165], [1, 8, 338, 170, 354, 179], [1, 9, 439, 179, 450, 184], [2, 0, 0, 166, 498, 399], [2, 11, 0, 160, 235, 191], [3, 0, 0, 0, 599, 399], [3, 7, 279, 60, 284, 65], [3, 11, 0, 141, 234, 163]], [[1, 2, 259, 202, 323, 260], [1, 4, 481, 179, 506, 194], [2, 0, 0, 53, 599, 399], [3, 0, 0, 0, 599, 311], [3, 1, 195, 84, 599, 193], [4, 34, 444, 55, 453, 60], [6, 7, 470, 135, 472, 139]], [[1, 2, 558, 194, 598, 213], [1, 3, 245, 188, 326, 274], [1, 7, 347, 188, 418, 247], [2, 0, 0, 106, 599, 399], [3, 0, 0, 0, 599, 386], [3, 1, 595, 132, 599, 145], [4, 32, 0, 123, 19, 182], [5, 31, 48, 163, 102, 233], [6, 45, 524, 127, 525, 128]], [[1, 4, 247, 188, 330, 267], [2, 0, 0, 0, 599, 399], [3, 0, 0, 0, 599, 232], [3, 1, 0, 45, 236, 168], [3, 15, 348, 162, 366, 166], [5, 47, 466, 165, 469, 166], [6, 48, 457, 159, 460, 161]], [[1, 0, 340, 117, 346, 130], [1, 5, 264, 184, 330, 260], [2, 0, 0, 95, 599, 399], [3, 0, 0, 0, 599, 248], [3, 15, 131, 130, 178, 137], [4, 26, 246, 106, 247, 107], [5, 46, 114, 110, 116, 112], [5, 47, 368, 115, 373, 119], [6, 48, 332, 109, 334, 114]], [[1, 6, 265, 160, 333, 225], [1, 8, 564, 261, 599, 295], [1, 9, 402, 191, 416, 198], [2, 0, 0, 179, 599, 399], [3, 0, 0, 0, 599, 283], [3, 7, 83, 37, 92, 45], [4, 32, 453, 199, 457, 201], [4, 33, 441, 192, 449, 199]], [[1, 3, 77, 172, 214, 261], [1, 7, 273, 196, 322, 264], [2, 0, 0, 108, 599, 399], [3, 0, 0, 0, 599, 399], [4, 32, 0, 112, 10, 150]], [[1, 6, 31, 140, 134, 196], [1, 8, 273, 203, 329, 255], [1, 9, 310, 169, 322, 176], [2, 0, 0, 160, 599, 399], [3, 0, 0, 0, 599, 222], [4, 33, 359, 171, 363, 175]], [[1, 3, 410, 198, 425, 208], [1, 9, 259, 210, 328, 258], [2, 0, 0, 155, 599, 399], [3, 0, 0, 0, 599, 286], [4, 32, 360, 173, 374, 186], [4, 33, 342, 162, 355, 174], [5, 31, 383, 186, 388, 196]]], "distance_down_track": [858.1129150390625, 700.246337890625, 775.241455078125, 755.907958984375, 797.2335815429688, 838.2734375, 716.4344482421875, 758.5147705078125, 715.2413330078125, 734.1785888671875], "velocity": [[-9.716830253601074, -0.8404800295829773, -17.075977325439453], [-20.557741165161133, 0.08199142664670944, -10.313708305358887], [20.791522979736328, -1.5355604887008667, 8.26046371459961], [-2.340635299682617, -4.552385330200195, 19.77790641784668], [4.723480224609375, -3.5759048461914062, -22.239368438720703], [-6.3338823318481445, -2.0658323764801025, -18.729820251464844], [-23.050949096679688, -1.6001147031784058, 3.877936363220215], [-8.645008087158203, -8.53286361694336, 17.571617126464844], [-22.620437622070312, -0.9948527216911316, 4.0405592918396], [-20.1756649017334, -3.4619858264923096, 12.813265800476074]]}