{"track": "tutorial", "karts": ["puffy", "hexley", "tux", "suzanne", "pidgin", "nolok", "beastie", "gavroche", "amanda", "adiumy"], "detections": [[[1, 0, 204, 203, 394, 327], [2, 0, 0, 100, 79, 136], [3, 0, 0, 47, 599, 399]], [[1, 0, 311, 169, 371, 213], [1, 1, 247, 193, 347, 339], [2, 0, 0, 87, 171, 166], [3, 0, 0, 15, 599, 399]], [[1, 0, 478, 166, 496, 183], [1, 1, 459, 166, 484, 186], [1, 2, 231, 196, 356, 308], [1, 5, 460, 174, 500, 201], [2, 0, 251, 125, 381, 160], [3, 0, 0, 18, 599, 399]], [[1, 3, 259, 201, 341, 263], [2, 0, 0, 142, 599, 399], [3, 0, 0, 0, 599, 365], [3, 2, 288, 138, 295, 144], [5, 14, 227, 142, 227, 144], [5, 15, 218, 142, 219, 143], [5, 16, 208, 142, 209, 143]], [[1, 4, 260, 209, 331, 260], [1, 7, 346, 168, 356, 176], [1, 9, 292, 175, 325, 201], [2, 0, 0, 166, 599, 399], [3, 0, 0, 36, 599, 388], [3, 6, 295, 24, 311, 48], [3, 7, 196, 28, 213, 46]], [[1, 0, 331, 162, 361, 187], [1, 1, 306, 165, 340, 207], [1, 5, 236, 205, 353, 321], [2, 0, 0, 94, 224, 158], [3, 0, 0, 24, 599, 399]], [[1, 4, 351, 172, 363, 178], [1, 6, 258, 189, 336, 259], [1, 7, 411, 177, 415, 178], [1, 9, 365, 171, 373, 178], [2, 0, 0, 175, 599, 399], [3, 0, 0, 65, 599, 343], [3, 6, 418, 54, 435, 76], [3, 7, 333, 68, 344, 82]], [[1, 7, 267, 203, 324, 261], [2, 0, 0, 154, 599, 399], [3, 0, 0, 0, 599, 368], [3, 6, 174, 0, 193, 8], [3, 8, 210, 53, 211, 56]], [[1, 6, 246, 134, 250, 137], [1, 8, 264, 182, 340, 246], [1, 9, 278, 134, 279, 135], [2, 0, 0, 136, 599, 399], [3, 0, 0, 40, 599, 290], [3, 6, 345, 48, 356, 65], [3, 7, 286, 48, 296, 60]], [[1, 7, 294, 165, 305, 175], [1, 9, 273, 195, 332, 245], [2, 0, 0, 157, 599, 399], [3, 0, 0, 3, 599, 342], [3, 6, 206, 3, 225, 31], [3, 7, 72, 0, 97, 15]]], "distance_down_track": [712.6583862304688, 712.6583862304688, 310.5081787109375, 268.0081787109375, 310.5081787109375, 383.7624206542969, 268.0081787109375, 343.6702575683594, 225.50819396972656, 225.50819396972656], "velocity": [[-0.07044540345668793, 0.08361267298460007, 0.0016756138065829873], [-8.860048294067383, 0.14268337190151215, 0.2645794749259949], [-4.463615894317627, 0.09928090125322342, -1.864408016204834], [19.469032287597656, 0.22611761093139648, 1.2583869695663452], [-3.5212361812591553, -2.908026695251465, -22.8529109954834], [-5.668961048126221, 0.11159113049507141, -0.10875450074672699], [7.762944221496582, -1.4032440185546875, -22.82520866394043], [-10.449870109558105, -2.985065221786499, -18.45009994506836], [7.224833011627197, -3.9803454875946045, -22.697601318359375], [-5.907021999359131, -2.966331720352173, -25.145732879638672]]}