{"track": "tutorial", "karts": ["puffy", "hexley", "tux", "suzanne", "pidgin", "nolok", "beastie", "gavroche", "amanda", "adiumy"], "detections": [[[1, 0, 202, 201, 389, 327], [1, 1, 399, 195, 409, 202], [1, 9, 315, 175, 342, 199], [2, 0, 0, 159, 599, 399], [3, 0, 0, 0, 599, 258], [3, 8, 122, 43, 132, 54]], [[1, 1, 245, 191, 357, 342], [2, 0, 0, 119, 82, 152], [3, 0, 0, 68, 599, 399]], [[1, 0, 308, 159, 326, 170], [1, 2, 263, 198, 328, 255], [1, 3, 301, 172, 328, 193], [1, 9, 344, 160, 354, 169], [2, 0, 0, 156, 599, 399], [3, 0, 0, 0, 599, 399], [3, 6, 220, 0, 240, 21], [3, 7, 93, 0, 114, 9], [3, 8, 252, 60, 252, 60]], [[1, 0, 283, 166, 309, 181], [1, 3, 263, 200, 328, 253], [1, 9, 329, 165, 341, 176], [2, 0, 0, 158, 599, 399], [3, 0, 0, 0, 599, 391], [3, 6, 187, 0, 206, 15], [3, 7, 55, 0, 55, 0], [3, 8, 221, 55, 228, 61]], [[1, 4, 216, 217, 364, 326], [1, 7, 232, 148, 234, 150], [2, 0, 0, 148, 599, 399], [3, 0, 0, 79, 599, 270], [3, 6, 298, 82, 308, 93], [3, 7, 247, 72, 257, 82]], [[1, 1, 518, 141, 536, 152], [1, 5, 224, 204, 343, 321], [2, 0, 378, 119, 478, 141], [3, 0, 0, 0, 599, 399], [3, 8, 139, 41, 149, 52]], [[1, 0, 363, 167, 375, 173], [1, 2, 333, 170, 348, 182], [1, 3, 350, 170, 363, 178], [1, 6, 255, 189, 334, 261], [1, 9, 393, 170, 400, 176], [2, 0, 0, 169, 599, 399], [3, 0, 0, 42, 599, 399], [3, 6, 315, 30, 331, 54], [3, 7, 221, 37, 237, 54]], [[1, 0, 436, 182, 446, 185], [1, 2, 400, 178, 403, 180], [1, 3, 417, 180, 421, 182], [1, 6, 355, 172, 367, 181], [1, 7, 270, 202, 324, 256], [1, 9, 468, 186, 472, 189], [2, 0, 0, 176, 599, 399], [3, 0, 0, 71, 599, 338], [3, 6, 434, 60, 452, 81], [3, 7, 347, 75, 361, 88]], [[1, 4, 217, 198, 232, 208], [1, 7, 133, 191, 134, 193], [1, 8, 238, 184, 392, 328], [2, 0, 0, 190, 599, 399], [3, 0, 0, 117, 599, 313], [3, 6, 190, 120, 201, 130], [3, 7, 129, 110, 142, 120]], [[1, 1, 419, 203, 432, 211], [1, 5, 177, 326, 210, 359], [1, 9, 270, 195, 327, 254], [2, 0, 331, 159, 567, 190], [3, 0, 0, 0, 599, 399], [3, 8, 133, 42, 143, 53]]], "distance_down_track": [700.8037719726562, 712.6583862304688, 576.2125244140625, 561.7310180664062, 561.7310180664062, 619.34228515625, 561.7310180664062, 590.8922729492188, 561.7310180664062, 547.9110717773438], "velocity": [[-3.1708667278289795, -0.39222779870033264, -3.5217485427856445], [-0.0657106265425682, -0.3029159903526306, 0.022609621286392212], [-8.846400260925293, -2.965468645095825, -21.022539138793945], [-12.404895782470703, -3.601674795150757, -22.564273834228516], [0.30763450264930725, -0.49824318289756775, -4.847537994384766], [-4.107703685760498, -0.031229034066200256, -2.90909743309021], [-2.3932039737701416, -2.9392282962799072, -23.8507022857666], [8.527725219726562, -1.0951780080795288, -21.332569122314453], [-0.4562181234359741, 0.248745396733284, 0.10325127094984055], [-14.78907585144043, -5.933320999145508, -17.15699577331543]]}