{"track": "overworld", "karts": ["beastie", "kiki", "hexley", "emule", "amanda", "wilber", "adiumy", "xue", "suzanne", "nolok"], "detections": [[[1, 0, 261, 189, 347, 265], [1, 8, 460, 134, 466, 137], [2, 0, 396, 136, 401, 142], [3, 0, 0, 0, 599, 147], [3, 4, 502, 105, 503, 105], [3, 6, 408, 103, 408, 103], [3, 7, 505, 103, 513, 106], [3, 8, 506, 105, 506, 105], [3, 24, 513, 103, 520, 106], [3, 25, 518, 103, 518, 103]], [[1, 1, 269, 184, 331, 252], [1, 2, 340, 185, 393, 243], [2, 7, 128, 155, 305, 195], [2, 24, 305, 148, 551, 194], [3, 0, 0, 176, 5, 188], [3, 7, 0, 0, 304, 193], [3, 24, 301, 0, 599, 187]], [[1, 1, 0, 182, 170, 399], [1, 2, 246, 192, 357, 350], [2, 7, 0, 149, 248, 206], [2, 24, 245, 147, 577, 206], [3, 7, 0, 0, 244, 150], [3, 24, 235, 0, 599, 199]], [[1, 3, 259, 199, 340, 282], [1, 6, 204, 153, 206, 155], [3, 0, 0, 97, 424, 158], [3, 1, 127, 148, 149, 160], [3, 2, 144, 135, 154, 145], [3, 3, 141, 127, 148, 133], [3, 4, 139, 112, 150, 123], [3, 7, 157, 116, 181, 154], [3, 8, 157, 118, 166, 128], [3, 24, 176, 116, 202, 153], [3, 25, 183, 117, 200, 139], [255, 16777215, 0, 138, 380, 183]], [[1, 3, 257, 165, 263, 168], [1, 4, 260, 191, 341, 260], [1, 7, 424, 157, 435, 164], [3, 0, 0, 120, 599, 187], [3, 1, 248, 161, 258, 165], [3, 2, 257, 152, 261, 157], [3, 3, 256, 149, 259, 151], [3, 4, 255, 141, 260, 146], [3, 7, 265, 139, 279, 164], [3, 8, 266, 140, 271, 145], [3, 24, 277, 139, 292, 163], [3, 25, 284, 140, 291, 149]], [[1, 0, 377, 187, 380, 189], [1, 5, 260, 189, 335, 258], [3, 0, 0, 73, 599, 201]], [[1, 1, 288, 164, 290, 166], [1, 2, 293, 164, 293, 164], [1, 6, 272, 194, 332, 254], [2, 24, 292, 162, 313, 163], [3, 0, 0, 45, 599, 184], [3, 7, 251, 86, 288, 162], [3, 8, 253, 92, 267, 108], [3, 24, 286, 86, 324, 163], [3, 25, 304, 91, 324, 119]], [[1, 7, 265, 186, 333, 265], [3, 0, 165, 116, 428, 160]], [[1, 8, 260, 200, 337, 259], [1, 9, 262, 153, 264, 155], [3, 0, 0, 69, 599, 173], [3, 7, 238, 149, 238, 149], [3, 24, 240, 150, 241, 150]], [[1, 9, 264, 203, 325, 261], [3, 0, 0, 78, 596, 164], [3, 5, 145, 151, 149, 151], [3, 7, 301, 145, 304, 146], [3, 8, 300, 146, 300, 146], [3, 24, 305, 145, 307, 146], [3, 25, 308, 146, 308, 146]]], "distance_down_track": [1444.6973876953125, 481.57122802734375, 481.57122802734375, 434.1119689941406, 320.8216857910156, 1381.7374267578125, 554.381591796875, 489.25335693359375, 48.74345397949219, 105.26815795898438], "velocity": [[-13.906880378723145, -2.9117488861083984, 16.447813034057617], [-1.2880722284317017, -2.9471027851104736, 21.611988067626953], [-0.0013070546556264162, 0.08179809153079987, 0.17153377830982208], [6.901496410369873, -1.8452212810516357, 13.26354694366455], [2.563521146774292, -1.6263465881347656, 21.521930694580078], [-18.81982421875, 0.00034013090771622956, 5.7031941413879395], [0.08753468096256256, -1.6462689638137817, 20.634244918823242], [19.4591064453125, 1.5942621231079102, -6.876883506774902], [5.102371692657471, -0.7029032707214355, 20.048982620239258], [1.3365566730499268, -0.8014181852340698, 20.641250610351562]]}