{"track": "overworld", "karts": ["beastie", "kiki", "hexley", "emule", "amanda", "wilber", "adiumy", "xue", "suzanne", "nolok"], "detections": [[[1, 0, 229, 184, 357, 296], [3, 0, 0, 30, 559, 187]], [[1, 1, 233, 167, 369, 311], [1, 6, 0, 96, 142, 219], [2, 7, 0, 149, 231, 208], [2, 24, 226, 148, 571, 208], [3, 7, 0, 0, 225, 149], [3, 24, 214, 0, 599, 202]], [[1, 2, 247, 177, 342, 309], [1, 3, 310, 151, 315, 155], [3, 0, 0, 17, 498, 155], [3, 6, 300, 152, 303, 153]], [[1, 3, 266, 200, 331, 265], [3, 0, 0, 0, 439, 177], [3, 6, 271, 162, 277, 165], [3, 7, 383, 152, 387, 154], [3, 24, 388, 152, 390, 153]], [[1, 4, 256, 192, 337, 262], [1, 9, 287, 151, 293, 156], [3, 0, 0, 0, 599, 187]], [[1, 5, 258, 190, 333, 259], [3, 0, 0, 100, 488, 165], [3, 7, 200, 143, 203, 144], [3, 24, 204, 143, 207, 144]], [[1, 1, 492, 253, 599, 399], [1, 6, 251, 190, 355, 303], [2, 7, 53, 236, 321, 297], [2, 24, 322, 235, 599, 297], [3, 7, 0, 0, 321, 290], [3, 24, 321, 0, 599, 235]], [[1, 4, 291, 159, 294, 161], [1, 7, 264, 188, 332, 265], [1, 8, 290, 164, 296, 168], [1, 9, 284, 152, 285, 153], [3, 0, 0, 0, 599, 165]], [[1, 4, 289, 146, 297, 153], [1, 8, 258, 201, 335, 261], [1, 9, 278, 136, 281, 139], [3, 0, 0, 0, 599, 163]], [[1, 9, 274, 203, 335, 261], [3, 0, 0, 0, 599, 186]]], "distance_down_track": [500.2361145019531, 310.2080383300781, 270.4015197753906, 270.4015197753906, 1254.5472412109375, 120.97427368164062, 621.9700317382812, 1192.783203125, 1227.958251953125, 1283.3568115234375], "velocity": [[11.023784637451172, 1.8592731952667236, -6.532817363739014], [-0.0021257030311971903, 0.08183284848928452, 0.17030709981918335], [-0.2933694124221802, 0.3324017822742462, 10.42055892944336], [0.6789476871490479, 0.7917413711547852, 19.835010528564453], [-1.2020606994628906, 2.452024459838867, -21.56276512145996], [8.247815132141113, -0.5551967024803162, 17.843135833740234], [0.00766336265951395, 0.12153834104537964, 0.13170543313026428], [-2.768138885498047, 0.7408614754676819, -20.500694274902344], [-2.5188181400299072, -0.6004820466041565, -20.53740119934082], [1.1501376628875732, 3.218724250793457, -20.415851593017578]]}