{"track": "tutorial", "karts": ["puffy", "hexley", "tux", "suzanne", "pidgin", "nolok", "beastie", "gavroche", "amanda", "adiumy"], "detections": [[[1, 0, 206, 201, 390, 322], [1, 6, 324, 121, 335, 128], [2, 0, 276, 134, 359, 154], [3, 0, 0, 33, 599, 399], [3, 8, 0, 41, 5, 51]], [[1, 1, 241, 192, 355, 350], [1, 5, 431, 163, 437, 166], [1, 6, 364, 153, 372, 157], [2, 0, 0, 157, 599, 399], [3, 0, 0, 0, 599, 287], [3, 8, 121, 44, 131, 54]], [[1, 2, 270, 198, 342, 264], [2, 0, 0, 127, 599, 399], [3, 0, 0, 0, 599, 256]], [[1, 3, 264, 201, 340, 260], [2, 0, 0, 130, 599, 399], [3, 0, 0, 0, 599, 288]], [[1, 4, 269, 210, 343, 264], [2, 0, 0, 155, 599, 399], [3, 0, 0, 0, 599, 353]], [[1, 5, 241, 206, 363, 320], [2, 0, 0, 170, 599, 399], [3, 0, 0, 0, 599, 208]], [[1, 5, 268, 182, 280, 192], [1, 6, 234, 180, 402, 338], [2, 0, 0, 177, 599, 399], [3, 0, 0, 26, 599, 331]], [[1, 2, 260, 138, 263, 140], [1, 7, 253, 204, 339, 290], [1, 9, 249, 155, 264, 168], [2, 0, 0, 103, 599, 399], [3, 0, 0, 0, 599, 335]], [[1, 2, 209, 130, 212, 132], [1, 7, 329, 169, 355, 186], [1, 8, 233, 188, 351, 293], [1, 9, 251, 151, 262, 160], [2, 0, 0, 117, 599, 399], [3, 0, 0, 0, 599, 307]], [[1, 2, 286, 133, 289, 136], [1, 9, 259, 193, 342, 279], [2, 0, 0, 105, 599, 399], [3, 0, 0, 0, 599, 282]]], "distance_down_track": [711.8040161132812, 709.877197265625, 753.8200073242188, 753.8200073242188, 753.8200073242188, 753.8200073242188, 753.8200073242188, 753.8200073242188, 741.5721435546875, 741.5721435546875], "velocity": [[-4.265827178955078, 0.09603416174650192, -2.720428943634033], [-5.740036964416504, 2.548344135284424, -3.4945108890533447], [-15.717205047607422, 2.0457592010498047, -11.93757152557373], [-11.85319995880127, 0.6491372585296631, 17.469120025634766], [-1.7607606649398804, 0.27310195565223694, 21.95567512512207], [-1.796264886856079, -0.10253018140792847, 1.22826087474823], [-0.001365948119200766, 0.08215762674808502, 0.0827217772603035], [-7.729537010192871, -0.9937167167663574, -8.45676040649414], [-9.976702690124512, -1.724353313446045, -6.580092430114746], [-6.873118877410889, -0.783922553062439, -9.186714172363281]]}