{"track": "zengarden", "karts": ["nolok", "sara_the_wizard", "gnu", "beastie", "hexley", "gavroche", "puffy", "xue", "kiki", "sara_the_racer"], "detections": [[[1, 0, 271, 202, 325, 254], [1, 1, 373, 162, 390, 178], [1, 2, 356, 154, 374, 174], [1, 4, 317, 203, 408, 320], [1, 5, 274, 177, 308, 200], [1, 6, 314, 172, 347, 190], [2, 0, 0, 165, 437, 399], [3, 0, 0, 0, 599, 399], [3, 246, 238, 113, 255, 137], [3, 289, 227, 107, 264, 167]], [[1, 1, 285, 187, 328, 263], [1, 2, 250, 254, 515, 399], [1, 8, 389, 168, 401, 181], [1, 9, 400, 168, 411, 180], [2, 0, 0, 168, 599, 399], [3, 0, 0, 0, 599, 399], [4, 17, 500, 163, 511, 170], [4, 18, 530, 164, 545, 173]], [[1, 1, 309, 174, 329, 205], [1, 2, 268, 156, 326, 233], [1, 6, 0, 241, 243, 399], [1, 8, 413, 167, 425, 179], [1, 9, 425, 167, 438, 178], [2, 0, 0, 170, 487, 399], [3, 0, 0, 0, 599, 399], [3, 246, 0, 44, 39, 107], [3, 289, 0, 25, 58, 176]], [[1, 3, 255, 189, 334, 259], [2, 0, 0, 38, 599, 399], [3, 0, 0, 0, 599, 268], [8, 15, 368, 158, 374, 164]], [[1, 0, 251, 192, 289, 228], [1, 1, 371, 165, 389, 179], [1, 2, 351, 157, 368, 175], [1, 4, 273, 195, 323, 259], [1, 5, 271, 176, 302, 195], [1, 6, 310, 172, 342, 188], [2, 0, 0, 168, 403, 399], [3, 0, 0, 0, 599, 399], [3, 246, 251, 117, 266, 140], [3, 289, 242, 112, 275, 167]], [[1, 1, 358, 170, 366, 183], [1, 2, 359, 150, 386, 182], [1, 5, 266, 202, 326, 260], [1, 6, 313, 181, 361, 213], [1, 8, 433, 157, 443, 167], [1, 9, 443, 157, 455, 167], [2, 0, 0, 161, 599, 399], [3, 0, 0, 0, 599, 337], [3, 246, 149, 89, 178, 126], [3, 289, 129, 78, 192, 171]], [[1, 1, 346, 182, 350, 188], [1, 2, 342, 152, 379, 200], [1, 5, 70, 291, 242, 399], [1, 6, 253, 200, 332, 257], [1, 8, 436, 159, 448, 170], [1, 9, 448, 158, 461, 169], [2, 0, 0, 161, 491, 399], [3, 0, 0, 0, 599, 399], [3, 246, 95, 79, 134, 124], [3, 289, 70, 65, 149, 178]], [[1, 7, 265, 187, 330, 255], [2, 0, 0, 167, 563, 399], [3, 0, 0, 0, 599, 399], [3, 307, 11, 68, 36, 86], [4, 10, 308, 343, 327, 370]], [[1, 8, 267, 184, 321, 247], [1, 9, 303, 175, 328, 226], [2, 0, 0, 146, 541, 399], [3, 0, 0, 0, 599, 399], [4, 17, 362, 149, 374, 159], [4, 18, 407, 150, 425, 163]], [[1, 8, 220, 197, 320, 311], [1, 9, 286, 180, 321, 257], [2, 0, 0, 146, 532, 399], [3, 0, 0, 0, 599, 399], [4, 17, 348, 149, 361, 160], [4, 18, 397, 150, 415, 163]]], "distance_down_track": [466.6258239746094, 480.78314208984375, 474.6730651855469, 378.3674621582031, 465.6093444824219, 470.71600341796875, 473.2558898925781, 350.458740234375, 499.5070495605469, 502.2832946777344], "velocity": [[-20.271968841552734, -0.045567989349365234, 12.84154224395752], [-8.506117820739746, -0.33393388986587524, 19.347021102905273], [-11.995469093322754, 0.45945531129837036, 17.56482696533203], [-6.639201641082764, 0.08414992690086365, -23.219310760498047], [-20.39866828918457, 0.13403069972991943, 10.74726676940918], [-12.627862930297852, 0.07592952251434326, 17.37103271484375], [-14.505293846130371, 0.3580678403377533, 20.56450653076172], [18.846858978271484, 0.09085940569639206, -15.887421607971191], [7.037199020385742, 0.2504214644432068, 24.0633602142334], [7.028926372528076, 0.2915284335613251, 20.08881378173828]]}