{"track": "volcano_island", "karts": ["gavroche", "adiumy", "amanda", "nolok", "tux", "konqi", "kiki", "pidgin", "sara_the_racer", "suzanne"], "detections": [[[1, 0, 254, 205, 358, 310], [1, 2, 99, 155, 116, 166], [1, 3, 77, 163, 108, 180], [1, 4, 0, 168, 74, 202], [1, 6, 109, 154, 119, 165], [2, 0, 0, 156, 599, 399], [3, 0, 0, 121, 599, 399], [3, 83, 569, 243, 581, 249], [3, 212, 574, 227, 595, 245], [3, 216, 556, 250, 596, 265], [3, 220, 502, 225, 558, 234]], [[1, 1, 255, 191, 354, 300], [1, 2, 243, 151, 252, 160], [1, 3, 320, 155, 342, 167], [1, 4, 387, 155, 424, 177], [2, 0, 236, 152, 599, 399], [3, 0, 0, 0, 599, 399]], [[1, 2, 259, 190, 348, 268], [1, 6, 297, 172, 334, 221], [1, 8, 167, 162, 176, 172], [2, 0, 0, 162, 599, 399], [3, 0, 0, 0, 599, 320]], [[1, 2, 240, 163, 259, 178], [1, 3, 271, 204, 335, 265], [1, 6, 248, 160, 259, 173], [2, 0, 0, 161, 599, 399], [3, 0, 0, 0, 599, 262]], [[1, 2, 192, 161, 208, 174], [1, 3, 234, 174, 261, 198], [1, 4, 263, 198, 343, 267], [1, 6, 197, 159, 202, 172], [2, 0, 0, 161, 599, 399], [3, 0, 0, 25, 599, 236]], [[1, 5, 268, 191, 342, 264], [2, 0, 0, 157, 599, 399], [3, 0, 0, 0, 599, 375]], [[1, 2, 172, 223, 352, 382], [1, 6, 280, 181, 339, 257], [1, 8, 179, 161, 187, 171], [2, 0, 0, 161, 599, 399], [3, 0, 0, 0, 599, 300]], [[1, 0, 465, 168, 509, 188], [1, 1, 144, 188, 198, 232], [1, 2, 193, 162, 207, 170], [1, 3, 258, 165, 273, 175], [1, 4, 297, 166, 319, 181], [1, 6, 194, 161, 200, 169], [1, 7, 269, 209, 338, 257], [2, 0, 0, 162, 599, 399], [3, 0, 0, 0, 599, 330]], [[1, 5, 254, 171, 282, 197], [1, 8, 283, 179, 323, 252], [2, 0, 0, 161, 599, 399], [3, 0, 0, 0, 599, 330]], [[1, 9, 268, 201, 332, 250], [2, 0, 0, 159, 599, 399], [3, 0, 0, 0, 599, 278], [4, 10, 374, 168, 407, 197], [4, 13, 465, 166, 515, 199], [4, 14, 284, 166, 314, 195]]], "distance_down_track": [972.9990234375, 969.912353515625, 994.0930786132812, 982.2991943359375, 977.3494873046875, 1028.6021728515625, 996.1867065429688, 968.5440673828125, 1022.5307006835938, 916.6195068359375], "velocity": [[6.161212921142578, -0.09730552136898041, -7.15925407409668], [4.485243320465088, -0.12925879657268524, -7.154799938201904], [18.05649185180664, -0.7332696914672852, -6.110144138336182], [16.64515495300293, -0.3948957324028015, -10.532185554504395], [12.508600234985352, -0.2706691026687622, -12.415425300598145], [16.622695922851562, -0.8898046612739563, 13.723400115966797], [19.351436614990234, -0.7791100740432739, -5.208967208862305], [12.196390151977539, -0.37702322006225586, -20.784557342529297], [20.18283462524414, -1.2707589864730835, 11.888435363769531], [-7.616247653961182, -0.526628851890564, -23.556249618530273]]}