{"track": "overworld", "karts": ["beastie", "kiki", "hexley", "emule", "amanda", "wilber", "adiumy", "xue", "suzanne", "nolok"], "detections": [[[1, 0, 258, 189, 344, 263], [3, 0, 0, 101, 353, 159], [3, 7, 249, 153, 251, 153], [3, 24, 252, 153, 254, 153], [3, 25, 255, 153, 255, 153]], [[1, 1, 269, 183, 330, 252], [1, 2, 255, 155, 259, 158], [3, 0, 0, 97, 497, 160], [3, 1, 158, 149, 183, 164], [3, 2, 179, 133, 190, 145], [3, 3, 177, 125, 186, 132], [3, 4, 175, 111, 187, 123], [3, 7, 199, 117, 221, 156], [3, 8, 199, 118, 209, 129], [3, 24, 217, 117, 242, 155], [3, 25, 224, 117, 240, 136], [255, 16777215, 0, 141, 431, 186]], [[1, 2, 276, 196, 327, 265], [1, 3, 280, 152, 281, 152], [2, 24, 284, 149, 294, 149], [3, 0, 0, 30, 599, 162], [3, 1, 60, 134, 142, 176], [3, 2, 161, 102, 189, 130], [3, 3, 155, 80, 178, 101], [3, 4, 149, 49, 181, 80], [3, 7, 248, 94, 276, 149], [3, 8, 249, 97, 261, 111], [3, 24, 273, 94, 303, 149], [3, 25, 286, 97, 303, 145]], [[1, 3, 273, 200, 330, 258], [2, 7, 153, 154, 275, 181], [2, 24, 274, 149, 429, 180], [3, 0, 0, 0, 599, 186], [3, 7, 0, 0, 273, 180], [3, 24, 265, 0, 540, 173]], [[1, 4, 219, 186, 376, 320], [3, 0, 0, 74, 599, 147]], [[1, 5, 259, 190, 329, 255], [1, 6, 408, 187, 414, 190], [3, 0, 153, 75, 599, 205]], [[1, 6, 256, 192, 351, 292], [1, 7, 490, 155, 492, 157], [3, 0, 30, 6, 599, 153]], [[1, 5, 453, 175, 456, 176], [1, 6, 387, 178, 390, 180], [1, 7, 228, 176, 353, 329], [3, 0, 71, 100, 599, 177]], [[1, 8, 249, 201, 379, 310], [1, 9, 240, 151, 250, 156], [3, 0, 0, 0, 599, 221]], [[1, 9, 254, 203, 330, 278], [3, 0, 0, 0, 599, 184]]], "distance_down_track": [145.0812530517578, 0.0, 0.0, 0.0, 0.0, 0.0, 0.0, 0.0, 0.0, 0.0], "velocity": [[3.4040472507476807, 0.08323240280151367, 19.317869186401367], [7.1444010734558105, -2.4148378372192383, 20.507282257080078], [1.4114439487457275, -2.9289894104003906, 21.60674285888672], [-0.7598868608474731, -3.124366044998169, 22.774127960205078], [-1.4982999563217163, 0.08889053016901016, -4.684105396270752], [-1.7177810668945312, 2.1292545795440674, -21.67805290222168], [5.92075252532959, -0.6059747934341431, -5.974762916564941], [-1.1728440523147583, 0.5655093193054199, 4.726112365722656], [-3.2011351585388184, 1.3388736248016357, -9.772788047790527], [6.216142177581787, 1.5759985446929932, -13.669326782226562]]}