{"track": "snowtuxpeak", "karts": ["pidgin", "amanda", "xue", "tux", "gavroche", "emule", "puffy", "sara_the_wizard", "beastie", "gnu"], "detections": [[[1, 0, 262, 209, 335, 255], [1, 1, 134, 159, 154, 173], [1, 8, 229, 168, 259, 190], [2, 0, 135, 169, 599, 399], [3, 0, 0, 0, 599, 399], [3, 1, 527, 82, 599, 187], [4, 7, 484, 196, 599, 301]], [[1, 1, 247, 190, 351, 277], [2, 0, 128, 142, 599, 399], [3, 0, 0, 0, 599, 399], [6, 20, 267, 141, 286, 155]], [[1, 2, 259, 186, 340, 275], [1, 3, 300, 168, 300, 168], [1, 4, 211, 206, 267, 232], [1, 5, 132, 219, 256, 330], [1, 6, 301, 163, 312, 171], [1, 7, 303, 161, 304, 164], [2, 0, 0, 167, 599, 399], [3, 0, 0, 0, 599, 354]], [[1, 3, 266, 198, 329, 254], [2, 0, 0, 167, 599, 399], [3, 0, 0, 0, 599, 305], [4, 10, 577, 165, 588, 168], [4, 11, 560, 164, 571, 169]], [[1, 2, 359, 213, 599, 399], [1, 3, 313, 162, 317, 167], [1, 4, 259, 228, 338, 279], [1, 5, 250, 321, 392, 399], [1, 6, 317, 163, 330, 170], [1, 7, 315, 160, 319, 167], [2, 0, 117, 166, 599, 399], [3, 0, 0, 0, 599, 399], [4, 10, 491, 173, 492, 173], [4, 11, 485, 173, 486, 173]], [[1, 2, 314, 181, 368, 234], [1, 3, 286, 164, 290, 168], [1, 4, 270, 197, 304, 214], [1, 5, 275, 199, 330, 254], [1, 6, 290, 164, 301, 171], [1, 7, 288, 162, 293, 168], [2, 0, 148, 168, 599, 399], [3, 0, 0, 0, 599, 399]], [[1, 3, 305, 168, 316, 182], [1, 6, 252, 201, 341, 262], [1, 7, 293, 168, 311, 195], [2, 0, 0, 173, 599, 399], [3, 0, 0, 0, 599, 271], [4, 10, 568, 169, 577, 170], [4, 11, 556, 169, 564, 171], [5, 9, 589, 170, 590, 170]], [[1, 3, 288, 176, 314, 199], [1, 7, 280, 189, 318, 257], [2, 0, 0, 176, 599, 399], [3, 0, 0, 0, 599, 283], [4, 10, 566, 170, 576, 172], [4, 11, 553, 169, 562, 172], [5, 9, 589, 171, 591, 171]], [[1, 1, 171, 158, 200, 177], [1, 8, 263, 188, 345, 259], [2, 0, 84, 144, 599, 399], [3, 0, 0, 0, 599, 399], [6, 20, 104, 134, 125, 147]], [[1, 9, 274, 160, 329, 232], [2, 0, 192, 142, 599, 399], [3, 0, 0, 0, 599, 399], [6, 21, 218, 144, 231, 153]]], "distance_down_track": [432.8648681640625, 451.1558837890625, 484.5914611816406, 513.6229248046875, 485.6455078125, 483.5526428222656, 503.7955017089844, 508.4455261230469, 439.7274169921875, 324.2586975097656], "velocity": [[16.38015365600586, 2.041112184524536, 15.619118690490723], [-4.296953201293945, 0.8854455947875977, 15.38492488861084], [-15.606986999511719, 2.4028851985931396, 4.374902725219727], [-23.035356521606445, 1.0416499376296997, 3.9808614253997803], [-12.822038650512695, 1.907410979270935, 0.9783093333244324], [-20.051822662353516, 2.904510259628296, -0.32224833965301514], [-21.550138473510742, 2.159219264984131, 1.8274365663528442], [-23.076435089111328, 2.2454142570495605, 3.1616740226745605], [6.4224629402160645, 1.1953727006912231, 21.589366912841797], [20.393104553222656, 1.1480754613876343, -10.573704719543457]]}