{"track": "tutorial", "karts": ["puffy", "hexley", "tux", "suzanne", "pidgin", "nolok", "beastie", "gavroche", "amanda", "adiumy"], "detections": [[[1, 0, 206, 203, 395, 326], [1, 1, 352, 194, 524, 345], [1, 3, 459, 161, 599, 263], [1, 5, 0, 202, 99, 284], [2, 0, 0, 107, 80, 142], [3, 0, 0, 56, 599, 399]], [[1, 0, 25, 200, 255, 324], [1, 1, 244, 192, 354, 350], [1, 3, 372, 156, 561, 266], [1, 5, 0, 240, 20, 254], [2, 0, 0, 104, 50, 126], [3, 0, 0, 36, 599, 399]], [[1, 2, 229, 196, 360, 312], [1, 4, 282, 178, 333, 213], [1, 7, 283, 142, 295, 151], [2, 0, 0, 151, 599, 399], [3, 0, 0, 117, 599, 248], [3, 6, 159, 126, 165, 129], [3, 7, 97, 110, 106, 119]], [[1, 0, 0, 239, 128, 387], [1, 1, 29, 239, 227, 399], [1, 3, 223, 201, 375, 319], [2, 0, 0, 129, 8, 132], [3, 0, 0, 42, 599, 399]], [[1, 4, 226, 218, 372, 319], [1, 7, 280, 136, 293, 147], [2, 0, 0, 150, 599, 399], [3, 0, 0, 116, 599, 249], [3, 6, 161, 128, 165, 132], [3, 7, 97, 113, 107, 121]], [[1, 0, 306, 183, 390, 228], [1, 1, 313, 176, 376, 201], [1, 3, 327, 165, 377, 193], [1, 5, 229, 206, 348, 323], [3, 0, 0, 34, 599, 399]], [[1, 6, 258, 189, 336, 259], [2, 0, 0, 173, 599, 399], [3, 0, 0, 63, 599, 355], [3, 6, 409, 52, 425, 73], [3, 7, 323, 65, 335, 79], [3, 8, 437, 95, 437, 95]], [[1, 2, 389, 180, 401, 190], [1, 4, 379, 186, 395, 196], [1, 7, 227, 203, 352, 320], [1, 9, 450, 171, 461, 178], [2, 0, 0, 155, 599, 399], [3, 0, 0, 126, 599, 375], [5, 18, 530, 159, 535, 163], [5, 19, 509, 160, 514, 163], [5, 20, 373, 178, 379, 183], [5, 21, 399, 176, 406, 182], [5, 22, 432, 175, 439, 182]], [[1, 0, 342, 160, 361, 172], [1, 1, 359, 160, 374, 173], [1, 3, 377, 157, 396, 169], [1, 5, 298, 157, 317, 167], [1, 8, 254, 189, 359, 283], [2, 0, 132, 112, 275, 154], [3, 0, 0, 21, 599, 399]], [[1, 2, 278, 160, 300, 175], [1, 4, 259, 161, 278, 170], [1, 7, 197, 143, 207, 149], [1, 9, 266, 194, 334, 259], [2, 0, 0, 152, 599, 399], [3, 0, 0, 110, 599, 399], [5, 20, 423, 169, 434, 188], [5, 21, 359, 169, 372, 189], [5, 22, 275, 167, 290, 190]]], "distance_down_track": [712.6583862304688, 712.6583862304688, 473.2306823730469, 491.73480224609375, 473.2306823730469, 547.9110717773438, 473.2306823730469, 512.133544921875, 455.9293518066406, 433.4427490234375], "velocity": [[-0.06824146211147308, -0.19186753034591675, 0.01750187948346138], [-0.14442451298236847, 0.08341880142688751, 0.0026776844169944525], [-2.7729363441467285, 0.41321852803230286, -5.158605098724365], [-0.10064569860696793, 0.06952601671218872, -0.0017354084411635995], [-3.3992443084716797, 0.5543419718742371, -6.745822906494141], [0.261188805103302, 0.10952858626842499, 1.9812318086624146], [7.143795013427734, -1.4348920583724976, -23.024547576904297], [1.5845820903778076, 0.1912786215543747, 0.36284884810447693], [-7.788740634918213, 0.14037254452705383, -2.1658859252929688], [-14.886938095092773, 1.2921116352081299, -10.072436332702637]]}