{"track": "tutorial", "karts": ["puffy", "hexley", "tux", "suzanne", "pidgin", "nolok", "beastie", "gavroche", "amanda", "adiumy"], "detections": [[[1, 0, 208, 201, 386, 328], [2, 0, 0, 76, 112, 173], [3, 0, 0, 19, 599, 399]], [[1, 0, 395, 199, 408, 205], [1, 1, 239, 193, 348, 350], [1, 3, 326, 197, 336, 203], [1, 4, 366, 189, 373, 194], [1, 7, 360, 191, 368, 196], [2, 0, 0, 160, 599, 399], [3, 0, 0, 0, 599, 261], [3, 8, 126, 39, 135, 50]], [[1, 1, 437, 164, 437, 164], [1, 2, 238, 181, 355, 281], [1, 6, 312, 145, 323, 154], [1, 8, 348, 150, 353, 153], [2, 0, 0, 152, 599, 399], [3, 0, 0, 63, 599, 247], [3, 6, 477, 52, 497, 73], [3, 7, 392, 66, 405, 80], [3, 8, 520, 86, 526, 86]], [[1, 0, 477, 169, 536, 194], [1, 3, 220, 201, 369, 321], [1, 4, 326, 162, 356, 178], [1, 7, 340, 163, 363, 187], [2, 0, 165, 111, 348, 160], [3, 0, 0, 20, 599, 399]], [[1, 0, 542, 198, 599, 241], [1, 4, 200, 214, 346, 328], [1, 7, 468, 315, 599, 399], [2, 0, 0, 67, 192, 223], [3, 0, 0, 41, 599, 399]], [[1, 1, 309, 154, 323, 166], [1, 5, 261, 203, 330, 271], [2, 0, 0, 151, 599, 399], [3, 0, 0, 0, 599, 348], [3, 6, 211, 0, 231, 17], [3, 7, 84, 0, 101, 7], [3, 8, 243, 55, 243, 55]], [[1, 1, 435, 178, 444, 181], [1, 5, 394, 174, 398, 176], [1, 6, 245, 187, 347, 277], [1, 8, 339, 166, 354, 178], [2, 0, 0, 172, 599, 399], [3, 0, 0, 66, 599, 346], [3, 6, 434, 55, 451, 76], [3, 7, 347, 69, 359, 82]], [[1, 0, 578, 214, 599, 235], [1, 4, 228, 178, 306, 230], [1, 7, 240, 205, 352, 322], [2, 0, 0, 63, 282, 170], [3, 0, 0, 0, 599, 399]], [[1, 1, 387, 165, 397, 171], [1, 5, 349, 167, 360, 175], [1, 8, 253, 190, 339, 265], [2, 0, 0, 167, 599, 399], [3, 0, 0, 43, 599, 399], [3, 6, 352, 31, 367, 55], [3, 7, 262, 41, 275, 57]], [[1, 1, 387, 147, 387, 147], [1, 2, 289, 144, 304, 158], [1, 6, 290, 131, 297, 136], [1, 8, 316, 134, 319, 136], [1, 9, 256, 192, 343, 284], [2, 0, 0, 134, 599, 399], [3, 0, 0, 57, 599, 254], [3, 6, 433, 47, 449, 66], [3, 7, 362, 52, 373, 65]]], "distance_down_track": [712.6583862304688, 700.5689086914062, 619.34228515625, 633.04345703125, 633.04345703125, 656.4569091796875, 619.34228515625, 656.4569091796875, 619.34228515625, 605.3455200195312], "velocity": [[-8.28026008605957, 0.13590694963932037, 0.4481986463069916], [-3.6651501655578613, -0.4935554265975952, -4.094432830810547], [6.055053234100342, -0.2646847069263458, -8.646885871887207], [-4.884193420410156, 0.09728992730379105, -0.9560697674751282], [-0.6409866213798523, 0.0034164395183324814, 0.9815730452537537], [-7.005492687225342, -2.417786121368408, -16.523788452148438], [6.578797817230225, -0.877903938293457, -16.49564552307129], [-7.721770763397217, 0.12976236641407013, 0.32612553238868713], [1.2184619903564453, -1.9750163555145264, -20.481462478637695], [5.994462013244629, -1.3783583641052246, -10.430388450622559]]}