{"track": "xr591", "karts": ["sara_the_racer", "tux", "gavroche", "konqi", "beastie", "kiki", "gnu", "hexley", "nolok", "pidgin"], "detections": [[[1, 0, 265, 182, 324, 262], [2, 0, 0, 50, 599, 399], [3, 0, 0, 0, 599, 399], [3, 1, 33, 37, 587, 184], [4, 34, 367, 48, 374, 51], [6, 7, 400, 128, 400, 131]], [[1, 1, 243, 197, 342, 288], [1, 5, 462, 166, 462, 166], [1, 7, 518, 164, 532, 169], [2, 0, 0, 163, 599, 399], [2, 11, 550, 163, 599, 171], [3, 0, 0, 0, 599, 194], [3, 9, 399, 58, 404, 63], [3, 11, 551, 158, 599, 164], [6, 56, 250, 144, 316, 195]], [[1, 0, 545, 185, 585, 204], [1, 2, 257, 203, 325, 268], [1, 3, 136, 351, 287, 399], [1, 8, 276, 152, 308, 179], [2, 0, 0, 67, 599, 399], [3, 0, 0, 0, 599, 399], [3, 1, 510, 70, 599, 117], [5, 31, 0, 160, 56, 208], [6, 45, 464, 88, 466, 92]], [[1, 2, 310, 194, 347, 226], [1, 3, 262, 188, 344, 282], [1, 8, 321, 170, 344, 189], [2, 0, 0, 99, 512, 399], [3, 0, 0, 0, 599, 399], [4, 32, 123, 127, 170, 165], [4, 33, 61, 102, 111, 138], [5, 31, 195, 162, 222, 182]], [[1, 4, 257, 189, 342, 261], [2, 0, 0, 161, 599, 399], [3, 0, 0, 0, 599, 233], [3, 1, 241, 140, 361, 164], [3, 7, 158, 90, 163, 94], [4, 55, 169, 166, 174, 169], [6, 57, 36, 169, 41, 175]], [[1, 5, 259, 179, 347, 278], [1, 6, 366, 136, 389, 153], [1, 9, 340, 150, 364, 162], [2, 0, 0, 136, 468, 399], [3, 0, 0, 0, 599, 399], [3, 7, 52, 0, 61, 1], [4, 33, 430, 140, 436, 144]], [[1, 2, 383, 210, 405, 225], [1, 3, 354, 196, 381, 226], [1, 6, 260, 157, 345, 237], [1, 8, 402, 205, 415, 216], [1, 9, 139, 243, 280, 337], [2, 0, 0, 143, 599, 399], [3, 0, 0, 0, 599, 363], [4, 32, 314, 168, 322, 183], [4, 33, 281, 153, 297, 169], [5, 31, 332, 186, 344, 192]], [[1, 5, 380, 173, 395, 189], [1, 6, 400, 171, 409, 180], [1, 7, 266, 195, 328, 279], [1, 9, 382, 176, 395, 182], [2, 0, 0, 160, 599, 399], [3, 0, 0, 0, 599, 300], [3, 7, 151, 25, 158, 32]], [[1, 8, 254, 202, 319, 266], [2, 0, 0, 112, 599, 399], [3, 0, 0, 0, 599, 338], [3, 1, 516, 101, 599, 145], [6, 10, 410, 114, 410, 115]], [[1, 2, 403, 209, 425, 223], [1, 3, 377, 195, 400, 218], [1, 6, 314, 158, 375, 214], [1, 8, 422, 205, 431, 213], [1, 9, 255, 211, 330, 265], [2, 0, 0, 144, 599, 399], [3, 0, 0, 0, 599, 316], [4, 32, 328, 167, 337, 179], [4, 33, 306, 155, 322, 169], [5, 31, 355, 188, 360, 193]]], "distance_down_track": [777.0398559570312, 649.3289794921875, 755.3084106445312, 752.6211547851562, 552.7538452148438, 725.4808959960938, 738.9168701171875, 712.3853759765625, 760.0784912109375, 737.7979736328125], "velocity": [[19.168170928955078, -1.4859803915023804, 4.133433818817139], [-7.814696311950684, 0.13671936094760895, 5.051672458648682], [1.0562596321105957, -5.765552520751953, 19.504911422729492], [-7.45443058013916, -9.303363800048828, 17.80434226989746], [-22.007465362548828, 2.0094008445739746, -0.7757847905158997], [-14.118415832519531, -0.6506625413894653, -0.40259093046188354], [-13.007766723632812, -2.887993574142456, 15.841320991516113], [-17.193681716918945, -1.4323465824127197, -2.462228775024414], [2.5174214839935303, -4.464284896850586, 20.055490493774414], [-15.16285228729248, -2.844487428665161, 15.06676197052002]]}