{"track": "overworld", "karts": ["beastie", "kiki", "hexley", "emule", "amanda", "wilber", "adiumy", "xue", "suzanne", "nolok"], "detections": [[[1, 0, 260, 189, 346, 264], [3, 0, 0, 0, 599, 187]], [[1, 1, 265, 183, 325, 253], [1, 2, 436, 151, 443, 154], [1, 4, 284, 150, 288, 153], [1, 9, 443, 152, 450, 154], [3, 0, 0, 90, 482, 163], [3, 4, 271, 142, 271, 142], [3, 5, 102, 149, 108, 149], [3, 7, 276, 142, 279, 143], [3, 24, 280, 142, 283, 143], [3, 25, 284, 143, 284, 143]], [[1, 2, 271, 197, 322, 268], [1, 7, 336, 161, 338, 162], [1, 9, 336, 197, 387, 246], [3, 0, 426, 69, 599, 160]], [[1, 3, 240, 199, 359, 321], [1, 6, 278, 157, 291, 172], [2, 7, 214, 151, 289, 168], [2, 24, 290, 151, 389, 168], [3, 0, 0, 0, 599, 177], [3, 7, 125, 0, 289, 165], [3, 24, 288, 0, 465, 167]], [[1, 4, 255, 191, 345, 266], [3, 0, 0, 95, 391, 158], [3, 7, 268, 151, 271, 152], [3, 24, 272, 151, 274, 152]], [[1, 0, 281, 147, 286, 151], [1, 5, 260, 190, 335, 258], [3, 0, 0, 0, 599, 179]], [[1, 6, 250, 189, 355, 303], [2, 0, 294, 337, 301, 338], [2, 7, 0, 256, 298, 326], [2, 24, 301, 253, 599, 326], [3, 0, 0, 0, 599, 367], [3, 7, 0, 0, 298, 304], [3, 24, 300, 0, 599, 254], [255, 16777215, 0, 326, 599, 391]], [[1, 7, 264, 187, 332, 264], [3, 0, 4, 6, 599, 170]], [[1, 1, 291, 173, 311, 197], [1, 2, 443, 168, 450, 171], [1, 4, 306, 166, 310, 169], [1, 8, 262, 200, 332, 255], [1, 9, 450, 169, 455, 172], [3, 0, 0, 87, 587, 177], [3, 4, 295, 160, 296, 160], [3, 5, 153, 164, 154, 164], [3, 7, 301, 159, 303, 160], [3, 8, 300, 160, 300, 160], [3, 24, 304, 159, 307, 160]], [[1, 2, 176, 204, 258, 288], [1, 7, 316, 161, 319, 162], [1, 9, 265, 202, 322, 256], [3, 0, 403, 72, 599, 161]]], "distance_down_track": [1285.188232421875, 109.4482421875, 165.89573669433594, 608.175048828125, 155.66482543945312, 1241.3756103515625, 621.9280395507812, 1133.8604736328125, 102.99532318115234, 166.61514282226562], "velocity": [[1.315226674079895, 3.365140199661255, -21.43259620666504], [3.880394697189331, -0.9352995753288269, 21.482324600219727], [20.53239631652832, 1.486883521080017, 6.426513195037842], [-0.20140139758586884, -0.459472119808197, 2.8578343391418457], [1.561294436454773, 0.17910343408584595, 17.9051570892334], [-1.736492395401001, 1.3162763118743896, -19.543903350830078], [0.002826153300702572, -0.022923342883586884, 0.08575785905122757], [-4.157207489013672, 0.23008476197719574, -20.276948928833008], [0.044393133372068405, -0.6678956151008606, 22.99025535583496], [23.130531311035156, 1.4177801609039307, 2.3644232749938965]]}