{"track": "overworld", "karts": ["beastie", "kiki", "hexley", "emule", "amanda", "wilber", "adiumy", "xue", "suzanne", "nolok"], "detections": [[[1, 0, 259, 189, 344, 264], [3, 0, 0, 0, 599, 270]], [[1, 1, 265, 183, 325, 253], [1, 2, 524, 158, 531, 163], [3, 0, 7, 86, 599, 156], [255, 16777215, 0, 168, 155, 181]], [[1, 2, 276, 195, 329, 261], [3, 0, 176, 33, 599, 160]], [[1, 3, 259, 200, 342, 285], [1, 6, 197, 160, 246, 201], [2, 7, 60, 147, 231, 185], [2, 24, 229, 147, 462, 187], [3, 0, 570, 107, 599, 185], [3, 7, 0, 0, 228, 180], [3, 24, 213, 0, 599, 186]], [[1, 4, 259, 191, 335, 258], [3, 0, 0, 0, 599, 187], [3, 4, 317, 167, 317, 167], [3, 7, 323, 165, 328, 167], [3, 8, 322, 165, 325, 167], [3, 24, 329, 165, 335, 168]], [[1, 0, 276, 142, 279, 144], [1, 5, 260, 189, 335, 258], [3, 0, 0, 0, 599, 170]], [[1, 6, 258, 192, 346, 279], [2, 7, 13, 160, 267, 216], [2, 24, 266, 162, 599, 219], [3, 7, 0, 0, 265, 206], [3, 24, 262, 0, 599, 217]], [[1, 7, 268, 187, 336, 265], [3, 0, 0, 154, 380, 178], [3, 3, 232, 173, 233, 173], [3, 4, 232, 167, 234, 170], [3, 7, 198, 166, 207, 173], [3, 24, 208, 166, 219, 173]], [[1, 5, 283, 156, 288, 160], [1, 8, 263, 201, 340, 260], [1, 9, 290, 170, 303, 181], [3, 0, 0, 0, 599, 163]], [[1, 5, 286, 152, 292, 157], [1, 9, 268, 203, 329, 259], [3, 0, 0, 0, 599, 162]]], "distance_down_track": [1329.52978515625, 157.23379516601562, 226.64402770996094, 619.1993408203125, 217.10653686523438, 1251.630615234375, 621.8544921875, 379.7975769042969, 1208.6990966796875, 1219.361328125], "velocity": [[-5.050464153289795, 3.4755098819732666, -20.852428436279297], [19.0338191986084, 0.21023616194725037, 10.728097915649414], [19.800119400024414, -2.8546411991119385, -7.389451026916504], [-1.123440146446228, -1.9968575239181519, 14.485848426818848], [-2.1938974857330322, 0.33511579036712646, 23.805269241333008], [-1.2163782119750977, 1.407484531402588, -19.576814651489258], [-0.0972391664981842, -0.6003649234771729, -3.2822046279907227], [14.928193092346191, 1.1129788160324097, 14.29686164855957], [-3.529414653778076, -0.19207251071929932, -20.395986557006836], [-3.153533697128296, -0.6830235719680786, -20.446971893310547]]}