{"track": "tutorial", "karts": ["puffy", "hexley", "tux", "suzanne", "pidgin", "nolok", "beastie", "gavroche", "amanda", "adiumy"], "detections": [[[1, 0, 205, 201, 389, 329], [2, 0, 0, 100, 201, 161], [3, 0, 0, 31, 599, 399]], [[1, 0, 332, 161, 360, 180], [1, 1, 242, 193, 349, 349], [1, 4, 186, 159, 218, 175], [2, 0, 168, 124, 296, 155], [3, 0, 0, 37, 599, 399]], [[1, 0, 393, 196, 406, 203], [1, 2, 264, 198, 328, 253], [1, 4, 353, 186, 362, 191], [2, 0, 0, 153, 599, 399], [3, 0, 0, 0, 599, 376], [3, 8, 179, 45, 187, 52]], [[1, 3, 214, 201, 362, 345], [2, 0, 0, 155, 599, 399], [3, 0, 0, 122, 599, 308], [3, 2, 390, 155, 403, 165], [5, 5, 197, 148, 199, 149], [5, 7, 115, 142, 116, 142], [5, 12, 206, 149, 206, 150], [5, 13, 211, 150, 212, 150], [5, 14, 292, 159, 294, 161], [5, 15, 278, 158, 281, 161], [5, 16, 262, 157, 265, 160]], [[1, 4, 221, 217, 366, 325], [2, 0, 119, 102, 347, 163], [3, 0, 0, 16, 599, 399]], [[1, 5, 270, 203, 327, 257], [1, 8, 260, 154, 265, 157], [2, 0, 0, 142, 599, 399], [3, 0, 0, 67, 599, 266], [3, 6, 286, 68, 295, 80], [3, 7, 234, 61, 243, 72]], [[1, 2, 328, 164, 342, 175], [1, 6, 256, 189, 335, 260], [2, 0, 0, 158, 599, 399], [3, 0, 0, 9, 599, 399], [3, 6, 232, 0, 252, 28], [3, 7, 109, 0, 134, 20], [3, 8, 262, 63, 262, 63]], [[1, 7, 274, 203, 328, 255], [2, 0, 80, 144, 599, 399], [3, 0, 0, 109, 599, 399], [5, 20, 271, 155, 277, 162], [5, 21, 244, 154, 251, 162], [5, 22, 209, 152, 217, 161]], [[1, 2, 356, 142, 356, 142], [1, 6, 326, 138, 327, 139], [1, 8, 263, 192, 338, 256], [2, 0, 0, 138, 599, 399], [3, 0, 0, 53, 599, 319], [3, 6, 390, 44, 404, 61], [3, 7, 324, 50, 335, 63]], [[1, 0, 364, 171, 388, 186], [1, 1, 414, 201, 498, 255], [1, 4, 248, 165, 269, 178], [1, 9, 274, 195, 331, 248], [2, 0, 194, 127, 303, 159], [3, 0, 0, 20, 599, 399]]], "distance_down_track": [712.6583862304688, 712.6583862304688, 343.6702575683594, 343.6702575683594, 343.6702575683594, 400.4352722167969, 321.3812561035156, 374.73779296875, 310.5081787109375, 310.5081787109375], "velocity": [[-5.0012640953063965, 0.09898107498884201, -0.15259572863578796], [-4.878728866577148, 0.11135140806436539, -1.3187860250473022], [-13.252252578735352, -2.2200138568878174, -18.666797637939453], [-0.05032242834568024, 0.07670094072818756, 0.3183467388153076], [-4.981588840484619, 0.09846250712871552, -0.6643513441085815], [1.0617634057998657, -2.511082410812378, -21.91103744506836], [-8.27061653137207, -3.3495185375213623, -22.4410343170166], [-22.370555877685547, 0.9044551253318787, -3.4625563621520996], [10.422122955322266, -2.9635562896728516, -21.582843780517578], [-9.192045211791992, -0.1413891464471817, -4.968700408935547]]}