{"track": "overworld", "karts": ["beastie", "kiki", "hexley", "emule", "amanda", "wilber", "adiumy", "xue", "suzanne", "nolok"], "detections": [[[1, 0, 260, 189, 346, 263], [3, 0, 0, 96, 466, 225]], [[1, 1, 267, 183, 328, 252], [1, 2, 428, 138, 433, 141], [3, 0, 0, 67, 368, 187], [3, 4, 365, 147, 367, 147], [3, 6, 181, 157, 194, 163], [3, 7, 340, 146, 345, 149], [3, 24, 346, 146, 352, 149], [255, 16777215, 204, 157, 481, 189]], [[1, 2, 277, 195, 328, 262], [1, 3, 273, 168, 278, 171], [3, 0, 0, 119, 526, 173], [3, 2, 58, 161, 66, 164], [3, 3, 57, 153, 62, 159], [3, 4, 55, 142, 63, 152], [3, 7, 0, 139, 27, 164], [3, 24, 22, 139, 52, 164], [3, 25, 36, 142, 50, 151]], [[1, 3, 272, 199, 329, 256], [3, 0, 0, 112, 391, 173], [3, 1, 103, 164, 127, 176], [3, 2, 118, 151, 128, 160], [3, 3, 116, 142, 124, 148], [3, 4, 113, 130, 124, 139], [3, 7, 124, 131, 146, 170], [3, 8, 123, 138, 123, 138], [3, 24, 140, 131, 168, 169], [3, 25, 154, 135, 167, 158], [255, 16777215, 0, 153, 337, 196]], [[1, 4, 255, 191, 342, 264], [1, 9, 343, 172, 349, 177], [3, 0, 0, 61, 599, 204], [3, 5, 582, 154, 583, 154]], [[1, 5, 250, 188, 331, 265], [3, 0, 0, 0, 599, 161]], [[1, 6, 252, 192, 356, 307], [2, 7, 0, 296, 244, 381], [2, 8, 93, 379, 177, 382], [2, 24, 234, 297, 599, 388], [2, 25, 383, 385, 487, 387], [3, 0, 0, 0, 599, 399], [3, 7, 0, 5, 288, 299], [3, 8, 5, 378, 197, 382], [3, 24, 246, 5, 599, 299], [3, 25, 365, 384, 586, 388], [255, 16777215, 84, 399, 98, 399]], [[1, 7, 266, 186, 335, 264], [1, 8, 409, 153, 421, 157], [3, 0, 1, 0, 599, 185]], [[1, 4, 401, 155, 413, 162], [1, 8, 253, 201, 342, 270], [1, 9, 490, 166, 494, 168], [3, 0, 0, 0, 599, 376]], [[1, 9, 271, 203, 332, 260], [3, 0, 0, 85, 599, 219]]], "distance_down_track": [1047.038818359375, 270.4015197753906, 270.4015197753906, 270.4015197753906, 1377.1217041015625, 1181.4256591796875, 621.7353515625, 1316.9219970703125, 1351.176513671875, 1403.7708740234375], "velocity": [[5.946475028991699, -1.2443419694900513, -20.86866569519043], [5.369962692260742, -0.14963440597057343, 21.1793212890625], [20.034887313842773, -1.5843348503112793, 8.574126243591309], [13.51797866821289, -2.234083414077759, 18.47357940673828], [-19.472055435180664, 0.8632522821426392, 5.9691877365112305], [0.1963174045085907, 0.7882799506187439, -18.847000122070312], [-0.007113893982023001, -0.03817998245358467, 0.11060113459825516], [0.8373481035232544, 2.911086082458496, -20.4771671295166], [-15.561041831970215, 2.3687360286712646, -5.999558925628662], [-17.576091766357422, -4.482559680938721, 9.973845481872559]]}