{"track": "overworld", "karts": ["beastie", "kiki", "hexley", "emule", "amanda", "wilber", "adiumy", "xue", "suzanne", "nolok"], "detections": [[[1, 0, 259, 190, 338, 258], [3, 0, 0, 69, 398, 157], [3, 7, 328, 145, 330, 146], [3, 24, 331, 145, 335, 146], [3, 25, 334, 145, 334, 145]], [[1, 1, 269, 181, 333, 258], [3, 0, 175, 32, 599, 160]], [[1, 2, 271, 196, 326, 270], [1, 5, 266, 128, 268, 130], [1, 8, 263, 127, 265, 128], [1, 9, 270, 128, 271, 129], [3, 0, 0, 0, 599, 158]], [[1, 3, 241, 199, 359, 320], [1, 6, 156, 173, 215, 222], [2, 7, 175, 146, 256, 164], [2, 24, 256, 146, 357, 164], [3, 0, 0, 0, 599, 173], [3, 7, 70, 0, 255, 161], [3, 24, 247, 0, 427, 163]], [[1, 4, 263, 191, 344, 262], [3, 0, 0, 103, 516, 234]], [[1, 5, 265, 188, 341, 262], [1, 8, 291, 169, 310, 184], [1, 9, 350, 188, 415, 236], [3, 0, 0, 0, 599, 240]], [[1, 6, 252, 190, 354, 301], [2, 7, 200, 137, 291, 158], [2, 24, 292, 137, 411, 158], [3, 0, 0, 0, 599, 171], [3, 7, 91, 0, 291, 154], [3, 24, 291, 0, 506, 157]], [[1, 4, 369, 184, 371, 186], [1, 7, 262, 187, 330, 265], [3, 0, 192, 156, 500, 182]], [[1, 8, 266, 201, 341, 260], [3, 0, 0, 0, 599, 180]], [[1, 5, 153, 209, 253, 291], [1, 8, 268, 174, 287, 189], [1, 9, 278, 203, 333, 256], [3, 0, 0, 21, 599, 217]]], "distance_down_track": [117.61087036132812, 226.5131378173828, 1221.7305908203125, 608.6109008789062, 1012.3101196289062, 1305.3792724609375, 610.9339599609375, 512.0198364257812, 1314.6190185546875, 1305.7021484375], "velocity": [[-3.149710178375244, -0.7670248746871948, 23.931432723999023], [18.959436416625977, -3.2911810874938965, -7.110556602478027], [-2.811537265777588, -0.5954142808914185, -19.453866958618164], [-0.09518752992153168, -0.7567088603973389, 4.588136672973633], [5.1324944496154785, -0.00025866206851787865, -21.12031364440918], [2.703895330429077, 2.8298230171203613, -19.271564483642578], [-0.42863985896110535, -1.276965618133545, 7.556075096130371], [17.145336151123047, 2.036363363265991, -11.418432235717773], [2.5589561462402344, 2.805783271789551, -20.94350814819336], [4.021215438842773, 3.251185417175293, -22.821474075317383]]}