{"track": "tutorial", "karts": ["puffy", "hexley", "tux", "suzanne", "pidgin", "nolok", "beastie", "gavroche", "amanda", "adiumy"], "detections": [[[1, 0, 205, 202, 393, 329], [1, 1, 329, 181, 448, 287], [1, 3, 0, 218, 71, 310], [1, 5, 223, 138, 345, 209], [3, 0, 0, 0, 599, 399]], [[1, 0, 0, 213, 254, 399], [1, 1, 243, 192, 354, 348], [1, 3, 0, 244, 0, 247], [1, 5, 99, 146, 263, 222], [2, 0, 0, 114, 24, 123], [3, 0, 0, 30, 599, 399]], [[1, 2, 239, 197, 365, 342], [1, 7, 206, 124, 216, 129], [2, 0, 0, 121, 599, 399], [3, 0, 0, 75, 599, 297], [5, 17, 253, 146, 265, 163], [5, 18, 323, 144, 334, 162], [5, 19, 382, 143, 392, 160], [5, 20, 251, 125, 254, 130], [5, 21, 233, 125, 236, 130], [5, 22, 210, 125, 214, 130]], [[1, 0, 539, 245, 599, 289], [1, 1, 587, 224, 599, 249], [1, 3, 223, 201, 376, 316], [1, 5, 489, 140, 599, 222], [2, 0, 0, 79, 158, 199], [3, 0, 0, 46, 599, 399]], [[1, 2, 205, 160, 273, 234], [1, 4, 230, 218, 380, 324], [1, 7, 180, 148, 189, 153], [2, 0, 0, 151, 599, 399], [3, 0, 0, 99, 599, 253], [5, 17, 223, 159, 233, 173], [5, 18, 283, 156, 292, 170], [5, 19, 333, 153, 340, 167], [5, 20, 223, 148, 226, 153], [5, 21, 206, 149, 209, 153], [5, 22, 183, 149, 187, 154]], [[1, 0, 310, 252, 545, 398], [1, 1, 268, 218, 387, 290], [1, 5, 242, 205, 367, 335], [3, 0, 0, 32, 599, 399]], [[1, 0, 429, 207, 446, 215], [1, 1, 445, 208, 459, 217], [1, 3, 409, 199, 422, 206], [1, 5, 436, 200, 451, 208], [1, 6, 258, 189, 337, 261], [1, 8, 325, 207, 332, 218], [2, 0, 334, 157, 580, 189], [3, 0, 0, 0, 599, 399], [3, 8, 135, 41, 144, 50]], [[1, 7, 233, 205, 350, 324], [2, 0, 0, 155, 599, 399], [3, 0, 0, 115, 599, 275], [3, 6, 157, 131, 162, 133], [3, 7, 93, 109, 104, 117]], [[1, 0, 509, 171, 549, 192], [1, 1, 538, 170, 577, 194], [1, 3, 435, 165, 461, 183], [1, 5, 501, 156, 545, 174], [1, 8, 216, 184, 372, 320], [2, 0, 225, 119, 379, 161], [3, 0, 0, 17, 599, 399]], [[1, 2, 332, 164, 359, 188], [1, 4, 373, 176, 409, 193], [1, 7, 143, 153, 153, 157], [1, 9, 266, 195, 332, 254], [2, 0, 127, 156, 599, 399], [3, 0, 0, 119, 599, 399], [5, 17, 259, 164, 264, 173], [5, 18, 294, 163, 298, 172], [5, 19, 320, 163, 324, 170], [5, 20, 189, 155, 192, 158], [5, 21, 175, 154, 178, 158], [5, 22, 155, 154, 159, 158]]], "distance_down_track": [712.6583862304688, 712.6583862304688, 433.4427490234375, 455.9293518066406, 433.4427490234375, 532.0, 420.1153259277344, 473.2306823730469, 400.4352722167969, 392.1418762207031], "velocity": [[-2.49672532081604, 0.2246881127357483, 0.7463366389274597], [-0.12061173468828201, 0.07740560919046402, 0.022495167329907417], [-4.304964542388916, -2.7202813625335693, -0.511909544467926], [-0.017162878066301346, 0.5245373249053955, 0.010047724470496178], [-1.873289942741394, 0.20032194256782532, 0.2595130205154419], [0.41932213306427, 0.7462006211280823, 1.8604758977890015], [-15.130472183227539, -6.497103691101074, -18.475465774536133], [-0.34481972455978394, 0.07702978700399399, -0.5753719806671143], [-4.614776611328125, 0.08910667896270752, -1.5258795022964478], [-17.404342651367188, 0.6157875061035156, 9.637722969055176]]}