{"track": "tutorial", "karts": ["puffy", "hexley", "tux", "suzanne", "pidgin", "nolok", "beastie", "gavroche", "amanda", "adiumy"], "detections": [[[1, 0, 208, 201, 387, 325], [1, 6, 380, 158, 390, 166], [1, 7, 468, 183, 484, 192], [1, 8, 370, 153, 380, 161], [2, 0, 0, 125, 531, 399], [3, 0, 0, 0, 599, 399], [3, 8, 86, 0, 98, 14]], [[1, 1, 241, 193, 347, 345], [1, 6, 343, 153, 355, 163], [1, 7, 481, 162, 507, 174], [1, 8, 328, 147, 342, 157], [2, 0, 179, 76, 351, 155], [3, 0, 0, 24, 599, 399]], [[1, 2, 266, 198, 331, 253], [1, 5, 320, 172, 336, 184], [2, 0, 0, 170, 599, 399], [3, 0, 0, 0, 599, 341], [3, 6, 267, 129, 274, 138], [3, 7, 228, 124, 228, 128]], [[1, 2, 262, 159, 270, 165], [1, 3, 262, 201, 336, 256], [1, 5, 271, 160, 275, 162], [2, 0, 0, 162, 599, 399], [3, 0, 0, 105, 599, 297], [3, 6, 221, 132, 226, 138], [3, 7, 172, 122, 178, 129]], [[1, 2, 254, 154, 260, 159], [1, 3, 274, 162, 287, 174], [1, 4, 254, 211, 343, 272], [1, 5, 259, 156, 261, 157], [1, 9, 280, 164, 301, 183], [2, 0, 0, 157, 599, 399], [3, 0, 0, 113, 599, 280], [3, 7, 150, 118, 158, 127]], [[1, 5, 243, 205, 350, 309], [2, 0, 0, 156, 599, 399], [3, 0, 0, 85, 599, 245], [3, 6, 274, 106, 282, 115], [3, 7, 227, 97, 234, 106]], [[1, 6, 210, 182, 378, 328], [1, 8, 0, 99, 214, 267], [2, 0, 16, 126, 254, 228], [3, 0, 0, 81, 599, 399]], [[1, 0, 558, 0, 596, 17], [1, 7, 239, 205, 353, 320], [2, 0, 488, 5, 599, 68], [3, 0, 0, 0, 599, 399]], [[1, 6, 349, 206, 479, 322], [1, 8, 216, 184, 377, 330], [2, 0, 0, 107, 257, 264], [3, 0, 0, 14, 599, 399]], [[1, 2, 260, 159, 267, 164], [1, 3, 268, 176, 303, 202], [1, 5, 268, 160, 270, 161], [1, 9, 271, 195, 330, 254], [2, 0, 0, 162, 599, 399], [3, 0, 0, 111, 599, 291], [3, 6, 217, 133, 222, 139], [3, 7, 168, 124, 174, 130]]], "distance_down_track": [704.5201416015625, 712.6583862304688, 455.9293518066406, 455.9293518066406, 455.9293518066406, 532.0, 455.9293518066406, 491.73480224609375, 420.1153259277344, 409.40948486328125], "velocity": [[-5.053824424743652, -4.047670841217041, -5.2655839920043945], [-4.439812183380127, 0.10591986030340195, -2.4363996982574463], [-1.3897111415863037, 2.163179874420166, -22.847606658935547], [-5.0657525062561035, 1.3294339179992676, -21.79867935180664], [-5.376810550689697, 1.1713554859161377, -16.86360740661621], [-0.15293081104755402, -0.012245908379554749, -9.72516918182373], [-0.5422763228416443, 0.19293616712093353, -0.1102135106921196], [2.518632411956787, -0.03333066403865814, 3.919034719467163], [-0.05144232138991356, 0.4739699959754944, 0.08162949979305267], [-5.3158087730407715, 1.3058747053146362, -20.669647216796875]]}