{"track": "overworld", "karts": ["beastie", "kiki", "hexley", "emule", "amanda", "wilber", "adiumy", "xue", "suzanne", "nolok"], "detections": [[[1, 0, 254, 188, 339, 261], [1, 3, 268, 158, 269, 158], [3, 0, 0, 116, 592, 168], [3, 1, 224, 156, 235, 161], [3, 2, 234, 148, 238, 153], [3, 3, 232, 142, 235, 145], [3, 4, 232, 134, 237, 140], [3, 7, 244, 132, 258, 159], [3, 8, 244, 135, 248, 139], [3, 24, 256, 132, 272, 158], [3, 25, 264, 134, 272, 151]], [[1, 0, 418, 171, 424, 174], [1, 1, 233, 168, 369, 313], [1, 2, 306, 173, 308, 175], [1, 3, 153, 174, 155, 175], [3, 0, 0, 125, 594, 176], [3, 2, 20, 159, 28, 162], [3, 3, 19, 151, 23, 158], [3, 4, 17, 141, 26, 150], [3, 24, 0, 150, 4, 161]], [[1, 0, 451, 152, 461, 157], [1, 2, 267, 196, 329, 281], [1, 3, 75, 147, 81, 149], [3, 0, 0, 109, 544, 165]], [[1, 3, 273, 199, 329, 256], [1, 6, 277, 164, 278, 165], [3, 0, 0, 83, 599, 174], [3, 1, 126, 155, 178, 184], [3, 2, 185, 129, 204, 150], [3, 3, 182, 113, 198, 129], [3, 4, 178, 91, 198, 113], [3, 7, 246, 115, 271, 163], [3, 8, 246, 117, 257, 131], [3, 24, 268, 114, 295, 162], [3, 25, 278, 116, 295, 149], [255, 16777215, 0, 148, 566, 197]], [[1, 4, 260, 192, 341, 260], [1, 7, 289, 160, 292, 163], [3, 0, 39, 0, 599, 167]], [[1, 4, 350, 161, 364, 173], [1, 5, 251, 188, 331, 265], [1, 7, 350, 159, 352, 162], [3, 0, 0, 0, 599, 161]], [[1, 6, 252, 190, 356, 303], [2, 7, 209, 143, 288, 161], [2, 24, 289, 143, 392, 161], [3, 0, 0, 0, 599, 172], [3, 7, 114, 0, 288, 158], [3, 24, 287, 0, 473, 160]], [[1, 7, 262, 187, 330, 264], [1, 8, 275, 144, 277, 146], [3, 0, 0, 0, 599, 177]], [[1, 8, 262, 201, 338, 260], [1, 9, 557, 138, 573, 143], [3, 0, 0, 0, 599, 205]], [[1, 9, 266, 203, 329, 262], [3, 0, 0, 49, 599, 198]]], "distance_down_track": [328.8379211425781, 391.29315185546875, 391.29315185546875, 391.29315185546875, 1197.06103515625, 1182.049560546875, 608.7257080078125, 1250.9622802734375, 1319.8759765625, 1371.269775390625], "velocity": [[6.982958793640137, -2.6432583332061768, 20.412290573120117], [2.032252073287964, 0.025775980204343796, 0.608672022819519], [17.476743698120117, -1.2210737466812134, 3.7397353649139404], [2.089076519012451, -3.244382381439209, 22.673988342285156], [-2.854512929916382, 0.9828746318817139, -21.524309158325195], [-0.041170813143253326, 0.841231107711792, -18.978721618652344], [-0.34904083609580994, -0.8553590178489685, 5.1002020835876465], [-1.0962930917739868, 1.4998489618301392, -20.61646270751953], [-1.565100073814392, 3.3261210918426514, -20.37099266052246], [-19.688617706298828, 1.1087487936019897, 3.687178373336792]]}