{"track": "scotland", "karts": ["konqi", "sara_the_racer", "wilber", "beastie", "gavroche", "pidgin", "tux", "gnu", "xue", "hexley"], "detections": [[[1, 0, 262, 192, 333, 260], [1, 5, 345, 164, 355, 170], [1, 6, 342, 164, 355, 175], [1, 9, 398, 161, 403, 162], [2, 0, 0, 160, 599, 399], [3, 0, 0, 110, 599, 342]], [[1, 1, 274, 179, 318, 259], [1, 3, 362, 154, 377, 165], [1, 4, 294, 158, 309, 167], [2, 0, 0, 134, 599, 399], [3, 0, 0, 44, 599, 247], [4, 15, 397, 149, 403, 154], [5, 25, 425, 152, 429, 156]], [[1, 2, 261, 190, 328, 252], [1, 8, 2, 208, 199, 370], [2, 0, 0, 137, 599, 399], [3, 0, 0, 0, 599, 352], [4, 37, 319, 154, 323, 157], [5, 35, 336, 156, 338, 157], [5, 36, 306, 155, 307, 157]], [[1, 2, 394, 161, 408, 171], [1, 3, 253, 189, 335, 263], [1, 8, 369, 160, 384, 171], [2, 0, 0, 139, 599, 399], [3, 0, 0, 26, 599, 272], [4, 15, 289, 156, 297, 164], [5, 25, 332, 160, 337, 166], [5, 36, 440, 154, 442, 155]], [[1, 2, 503, 164, 521, 174], [1, 3, 427, 172, 466, 202], [1, 4, 267, 202, 325, 253], [1, 8, 476, 163, 492, 173], [2, 0, 0, 144, 599, 399], [3, 0, 0, 110, 599, 208], [4, 15, 393, 159, 400, 166], [5, 25, 436, 163, 442, 169]], [[1, 1, 438, 153, 443, 158], [1, 5, 252, 212, 346, 277], [1, 7, 376, 151, 379, 156], [1, 9, 366, 157, 374, 159], [2, 0, 0, 154, 599, 399], [3, 0, 0, 87, 599, 250]], [[1, 1, 460, 156, 463, 159], [1, 5, 304, 172, 327, 188], [1, 6, 264, 198, 331, 256], [1, 7, 394, 154, 398, 158], [1, 9, 382, 159, 390, 161], [2, 0, 0, 157, 599, 399], [3, 0, 0, 100, 599, 213]], [[1, 1, 350, 153, 357, 163], [1, 3, 406, 150, 416, 155], [1, 4, 367, 151, 374, 155], [1, 7, 269, 160, 325, 232], [2, 0, 0, 150, 599, 399], [3, 0, 0, 46, 599, 223]], [[1, 2, 344, 179, 394, 221], [1, 8, 262, 186, 330, 264], [2, 0, 0, 130, 599, 399], [3, 0, 0, 0, 599, 273], [4, 37, 321, 150, 324, 153], [5, 25, 56, 184, 105, 216], [5, 35, 337, 152, 338, 153], [5, 36, 307, 151, 309, 153]], [[1, 1, 357, 145, 362, 154], [1, 3, 421, 144, 421, 145], [1, 4, 381, 144, 387, 148], [1, 7, 266, 145, 286, 168], [1, 9, 258, 217, 339, 311], [2, 0, 0, 144, 599, 399], [3, 0, 0, 42, 599, 235]]], "distance_down_track": [450.6302795410156, 533.41796875, 576.8548583984375, 554.07568359375, 547.5664672851562, 471.32318115234375, 463.5972900390625, 511.00140380859375, 574.6564331054688, 503.4581298828125], "velocity": [[18.74383544921875, -0.7884851098060608, 13.305901527404785], [15.926712036132812, -0.06477327644824982, -13.884096145629883], [-5.693058967590332, 0.26870205998420715, -22.217159271240234], [6.844712734222412, 0.0728713721036911, -21.796323776245117], [12.873627662658691, 0.18149365484714508, -21.17040252685547], [15.230863571166992, -0.8159769773483276, 6.31419038772583], [19.765947341918945, -0.8178354501724243, 10.247881889343262], [21.606441497802734, -0.9341319799423218, -7.050892353057861], [-5.423429489135742, -0.062387362122535706, -20.572023391723633], [10.782989501953125, -0.7255055904388428, -1.598876714706421]]}