{"track": "tutorial", "karts": ["puffy", "hexley", "tux", "suzanne", "pidgin", "nolok", "beastie", "gavroche", "amanda", "adiumy"], "detections": [[[1, 0, 221, 203, 404, 331], [1, 1, 334, 217, 334, 217], [1, 3, 336, 200, 344, 205], [1, 8, 294, 213, 304, 215], [2, 0, 0, 169, 599, 399], [3, 0, 0, 13, 599, 338], [3, 8, 47, 36, 61, 49]], [[1, 1, 243, 193, 350, 349], [1, 3, 235, 157, 266, 178], [2, 0, 0, 104, 232, 158], [3, 0, 0, 36, 599, 399]], [[1, 2, 254, 197, 353, 283], [1, 7, 116, 163, 124, 165], [2, 0, 0, 166, 599, 399], [3, 0, 0, 122, 599, 327], [5, 6, 299, 159, 305, 166], [5, 7, 271, 160, 277, 167], [5, 8, 236, 161, 242, 169], [5, 17, 153, 163, 155, 165], [5, 19, 183, 161, 185, 165], [5, 20, 38, 160, 41, 163], [5, 21, 27, 160, 30, 162], [5, 22, 11, 160, 15, 162]], [[1, 3, 223, 201, 376, 319], [2, 0, 0, 85, 202, 209], [3, 0, 0, 53, 599, 399]], [[1, 2, 255, 182, 275, 198], [1, 4, 235, 217, 385, 328], [1, 7, 58, 192, 60, 194], [2, 0, 0, 181, 599, 399], [3, 0, 0, 145, 599, 335], [5, 5, 217, 189, 231, 205], [5, 6, 242, 177, 246, 182], [5, 7, 223, 179, 227, 184], [5, 8, 198, 181, 202, 186], [5, 13, 343, 177, 357, 192], [5, 17, 100, 189, 103, 191], [5, 19, 127, 187, 130, 189]], [[1, 5, 258, 204, 335, 278], [2, 0, 0, 154, 599, 399], [3, 0, 0, 113, 599, 262], [3, 6, 203, 128, 210, 132], [3, 7, 153, 116, 161, 123]], [[1, 3, 405, 165, 439, 189], [1, 6, 208, 180, 379, 330], [1, 8, 577, 383, 599, 399], [2, 0, 134, 104, 353, 163], [3, 0, 0, 16, 599, 399]], [[1, 5, 158, 145, 167, 150], [1, 7, 267, 204, 339, 275], [2, 0, 22, 147, 599, 399], [3, 0, 0, 96, 599, 399], [5, 20, 307, 154, 314, 163], [5, 21, 274, 154, 282, 163], [5, 22, 232, 153, 241, 162]], [[1, 1, 522, 207, 599, 263], [1, 3, 339, 161, 363, 180], [1, 6, 111, 159, 216, 234], [1, 8, 216, 184, 372, 321], [2, 0, 101, 105, 308, 159], [3, 0, 0, 15, 599, 399]], [[1, 2, 234, 165, 255, 178], [1, 4, 383, 155, 441, 183], [1, 9, 263, 196, 333, 260], [2, 0, 173, 173, 599, 399], [3, 0, 0, 146, 599, 399], [5, 5, 220, 166, 233, 180], [5, 6, 164, 167, 169, 172], [5, 7, 142, 167, 148, 171], [5, 8, 113, 167, 118, 170], [5, 13, 310, 166, 320, 176]]], "distance_down_track": [712.6583862304688, 712.6583862304688, 392.1418762207031, 400.4352722167969, 400.4352722167969, 473.2306823730469, 383.7624206542969, 433.4427490234375, 365.0060729980469, 354.56878662109375], "velocity": [[-0.06958410143852234, 0.08161665499210358, 0.0017762214411050081], [-5.071800708770752, 0.105120949447155, -0.3357916474342346], [-5.624392986297607, 0.650537371635437, 11.72655963897705], [-0.10419337451457977, 0.08184918016195297, 0.013199917040765285], [-0.06969906389713287, 0.0817323848605156, 0.006764084566384554], [-4.7284440994262695, 1.031273603439331, -14.6775541305542], [-4.942498683929443, 0.09589961171150208, -0.6583221554756165], [-15.111330032348633, 0.8984308242797852, -5.610086917877197], [-5.034607410430908, 0.09924506396055222, -0.46718451380729675], [4.0431976318359375, 1.3616125583648682, 18.175691604614258]]}