{"track": "overworld", "karts": ["beastie", "kiki", "hexley", "emule", "amanda", "wilber", "adiumy", "xue", "suzanne", "nolok"], "detections": [[[1, 0, 259, 188, 345, 265], [3, 0, 0, 0, 599, 399]], [[1, 1, 270, 184, 330, 251], [1, 2, 292, 137, 295, 141], [1, 7, 289, 131, 292, 134], [1, 8, 238, 164, 266, 184], [1, 9, 290, 142, 295, 146], [3, 0, 0, 0, 599, 166]], [[1, 0, 291, 150, 292, 151], [1, 2, 272, 196, 327, 270], [1, 7, 287, 162, 298, 173], [3, 0, 0, 0, 599, 167]], [[1, 3, 238, 197, 359, 316], [1, 6, 279, 196, 291, 209], [2, 7, 218, 187, 291, 203], [2, 24, 292, 188, 387, 204], [3, 0, 0, 0, 599, 221], [3, 7, 142, 0, 291, 200], [3, 24, 291, 0, 455, 204]], [[1, 4, 258, 192, 333, 258], [3, 0, 0, 0, 599, 201], [3, 4, 317, 157, 319, 159], [3, 7, 324, 157, 330, 160], [3, 8, 323, 159, 324, 160], [3, 24, 331, 157, 337, 160], [3, 25, 338, 160, 338, 160]], [[1, 5, 262, 188, 337, 258], [2, 0, 422, 157, 430, 164], [3, 0, 0, 33, 580, 156], [3, 7, 510, 124, 517, 126], [3, 24, 517, 124, 524, 127], [3, 25, 523, 125, 525, 127]], [[1, 6, 250, 191, 354, 305], [2, 0, 293, 335, 301, 336], [2, 7, 0, 255, 298, 325], [2, 24, 300, 254, 599, 326], [3, 0, 0, 0, 599, 366], [3, 7, 0, 0, 300, 305], [3, 24, 301, 0, 599, 254], [255, 16777215, 0, 325, 599, 389]], [[1, 0, 305, 152, 306, 154], [1, 7, 270, 187, 338, 265], [3, 0, 0, 0, 599, 214]], [[1, 2, 287, 144, 291, 149], [1, 7, 280, 139, 284, 143], [1, 8, 258, 200, 334, 261], [1, 9, 289, 149, 295, 154], [3, 0, 0, 0, 599, 165]], [[1, 0, 285, 145, 286, 146], [1, 2, 289, 164, 303, 181], [1, 7, 285, 155, 292, 163], [1, 9, 268, 203, 328, 260], [3, 0, 0, 0, 599, 170]]], "distance_down_track": [1341.3599853515625, 1223.2039794921875, 1264.6485595703125, 621.8707885742188, 222.04083251953125, 1454.9625244140625, 621.890380859375, 1280.6156005859375, 1229.399169921875, 1255.7274169921875], "velocity": [[-6.259185791015625, 2.2576863765716553, -18.637834548950195], [-1.0406885147094727, -0.40135589241981506, -22.337167739868164], [-0.40462005138397217, 2.2226059436798096, -19.53480339050293], [-0.05423353612422943, 0.10930877178907394, 0.10422069579362869], [-2.119030714035034, 0.5805354714393616, 24.049846649169922], [-12.437142372131348, -3.342679500579834, 14.86122989654541], [0.005155058577656746, 0.09894050657749176, -0.00803675688803196], [1.0355312824249268, 3.2587428092956543, -20.41563606262207], [-2.4396777153015137, -0.5175283551216125, -20.549211502075195], [-1.0364526510238647, 1.0812504291534424, -20.645742416381836]]}