{"track": "volcano_island", "karts": ["gavroche", "adiumy", "amanda", "nolok", "tux", "konqi", "kiki", "pidgin", "sara_the_racer", "suzanne"], "detections": [[[1, 0, 272, 203, 328, 258], [1, 2, 237, 154, 240, 157], [1, 3, 265, 158, 270, 161], [1, 6, 273, 156, 280, 165], [2, 0, 0, 156, 599, 399], [3, 0, 0, 0, 599, 245], [4, 21, 230, 154, 232, 157], [4, 22, 244, 155, 247, 157], [4, 31, 258, 154, 261, 156]], [[1, 0, 256, 158, 261, 162], [1, 1, 275, 195, 327, 246], [1, 3, 228, 156, 230, 158], [1, 4, 265, 162, 276, 171], [1, 6, 236, 155, 239, 158], [1, 9, 201, 189, 256, 226], [2, 0, 0, 158, 599, 399], [3, 0, 0, 0, 599, 236]], [[1, 2, 259, 192, 341, 259], [1, 5, 282, 156, 288, 161], [2, 0, 0, 138, 599, 399], [3, 0, 0, 0, 599, 241]], [[1, 2, 266, 157, 273, 162], [1, 3, 272, 203, 328, 254], [1, 5, 248, 155, 249, 157], [2, 0, 0, 143, 599, 399], [3, 0, 0, 0, 599, 244], [4, 21, 248, 156, 255, 163], [4, 22, 277, 157, 283, 163], [4, 31, 304, 156, 311, 162]], [[1, 0, 272, 160, 280, 167], [1, 3, 241, 156, 245, 158], [1, 4, 267, 198, 333, 254], [1, 6, 250, 155, 254, 159], [2, 0, 0, 156, 599, 399], [3, 0, 0, 0, 599, 247], [4, 31, 228, 154, 230, 155]], [[1, 5, 260, 192, 337, 265], [2, 0, 0, 124, 599, 399], [3, 0, 0, 0, 599, 234]], [[1, 2, 260, 155, 266, 159], [1, 3, 282, 168, 298, 181], [1, 5, 240, 154, 243, 156], [1, 6, 268, 182, 333, 256], [2, 0, 0, 143, 599, 399], [3, 0, 0, 0, 599, 240], [4, 21, 246, 155, 252, 160], [4, 22, 269, 156, 274, 160], [4, 31, 291, 155, 296, 159]], [[1, 7, 259, 210, 333, 262], [2, 0, 0, 157, 599, 399], [3, 0, 0, 105, 599, 346], [3, 85, 532, 167, 599, 264], [5, 23, 421, 158, 426, 163], [5, 24, 393, 157, 398, 162], [5, 32, 369, 157, 373, 161]], [[1, 8, 281, 178, 321, 254], [2, 0, 0, 133, 599, 399], [3, 0, 0, 0, 599, 252]], [[1, 0, 255, 158, 260, 161], [1, 1, 381, 214, 492, 297], [1, 4, 275, 162, 287, 172], [1, 6, 231, 155, 234, 158], [1, 9, 264, 201, 337, 255], [2, 0, 0, 157, 599, 399], [3, 0, 0, 0, 599, 250]]], "distance_down_track": [1819.0196533203125, 1782.58544921875, 1882.7099609375, 1850.9471435546875, 1798.808349609375, 1915.6629638671875, 1842.2745361328125, 1974.3748779296875, 1703.8643798828125, 1784.0809326171875], "velocity": [[5.49126672744751, 0.08177386224269867, -20.76814079284668], [0.0531698502600193, 0.04510354623198509, -25.24590492248535], [14.442915916442871, 0.06802402436733246, -16.242156982421875], [10.858576774597168, 0.047974564135074615, -19.994644165039062], [1.8109995126724243, 0.08287009596824646, -21.890058517456055], [13.66569995880127, 0.04574006050825119, -15.547876358032227], [8.47796630859375, 0.08038076758384705, -18.009458541870117], [-15.345348358154297, 0.0817313864827156, -15.392327308654785], [-17.00419807434082, 0.08176006376743317, -13.721263885498047], [-1.1245132684707642, 0.04719168692827225, -22.258562088012695]]}