{"track": "tutorial", "karts": ["puffy", "hexley", "tux", "suzanne", "pidgin", "nolok", "beastie", "gavroche", "amanda", "adiumy"], "detections": [[[1, 0, 227, 200, 369, 302], [1, 2, 322, 162, 335, 173], [1, 6, 304, 159, 317, 171], [1, 9, 271, 163, 283, 174], [2, 0, 335, 120, 433, 146], [3, 0, 0, 0, 599, 399], [3, 8, 105, 9, 116, 22]], [[1, 1, 238, 192, 349, 350], [1, 2, 318, 209, 319, 212], [1, 9, 276, 207, 280, 214], [2, 0, 0, 161, 599, 399], [3, 0, 0, 0, 599, 313], [3, 8, 126, 37, 135, 47]], [[1, 2, 233, 196, 356, 307], [1, 6, 0, 174, 195, 343], [2, 0, 255, 124, 390, 161], [3, 0, 0, 17, 599, 399]], [[1, 3, 250, 201, 349, 277], [2, 0, 0, 145, 599, 399], [3, 0, 0, 118, 599, 276], [3, 2, 334, 141, 344, 149], [5, 5, 150, 138, 151, 138], [5, 8, 44, 132, 46, 132], [5, 12, 158, 139, 159, 139], [5, 13, 164, 139, 164, 139], [5, 14, 251, 145, 253, 148], [5, 15, 239, 145, 241, 147], [5, 16, 225, 145, 227, 147]], [[1, 1, 292, 150, 311, 166], [1, 4, 261, 209, 330, 259], [2, 0, 0, 155, 599, 399], [3, 0, 0, 0, 599, 386], [3, 6, 199, 1, 217, 16], [3, 7, 66, 0, 81, 3], [3, 8, 232, 56, 237, 59]], [[1, 1, 362, 143, 365, 144], [1, 5, 272, 204, 331, 260], [1, 8, 308, 219, 457, 344], [2, 0, 0, 141, 599, 399], [3, 0, 0, 55, 599, 319], [3, 6, 396, 46, 411, 64], [3, 7, 329, 53, 340, 64]], [[1, 2, 375, 208, 487, 305], [1, 6, 240, 185, 350, 285], [1, 9, 14, 280, 15, 280], [2, 0, 352, 129, 518, 167], [3, 0, 0, 0, 599, 399], [3, 8, 99, 41, 99, 41]], [[1, 0, 321, 54, 384, 92], [1, 7, 236, 205, 348, 315], [2, 0, 67, 0, 286, 87], [3, 0, 0, 0, 599, 399], [3, 7, 447, 0, 455, 3]], [[1, 1, 368, 144, 371, 144], [1, 5, 250, 189, 289, 227], [1, 8, 260, 191, 342, 261], [2, 0, 0, 141, 599, 399], [3, 0, 0, 54, 599, 288], [3, 6, 404, 45, 419, 63], [3, 7, 336, 53, 347, 65], [3, 8, 443, 77, 443, 77]], [[1, 2, 379, 177, 418, 210], [1, 6, 314, 170, 381, 212], [1, 9, 260, 193, 339, 270], [2, 0, 230, 129, 331, 162], [3, 0, 0, 23, 599, 399]]], "distance_down_track": [707.6713256835938, 712.6583862304688, 321.3812561035156, 310.5081787109375, 321.3812561035156, 383.7624206542969, 310.5081787109375, 365.0060729980469, 268.0081787109375, 268.0081787109375], "velocity": [[-4.209421634674072, -12.499423027038574, -4.644484996795654], [-0.15418173372745514, 0.08136007189750671, -0.00769065460190177], [-4.423404216766357, 0.11238100379705429, -1.9963970184326172], [14.943992614746094, 0.46596288681030273, 3.779059886932373], [-10.867169380187988, -3.149841547012329, -21.22614288330078], [9.858689308166504, -2.238152503967285, -18.954504013061523], [-6.793945789337158, 0.1303636133670807, -6.184630393981934], [3.209043025970459, -0.33486393094062805, -3.7744460105895996], [10.294459342956543, -2.3539154529571533, -18.69626235961914], [-6.734036922454834, 0.2511183023452759, -0.8014508485794067]]}