{"track": "snowtuxpeak", "karts": ["pidgin", "amanda", "xue", "tux", "gavroche", "emule", "puffy", "sara_the_wizard", "beastie", "gnu"], "detections": [[[1, 0, 251, 211, 326, 263], [1, 2, 420, 182, 429, 190], [1, 3, 384, 169, 386, 170], [1, 5, 421, 187, 432, 196], [1, 6, 452, 242, 599, 345], [2, 0, 0, 167, 599, 399], [3, 0, 0, 0, 599, 298], [3, 1, 107, 63, 127, 90], [4, 18, 464, 186, 476, 194]], [[1, 0, 307, 186, 342, 207], [1, 1, 254, 189, 334, 262], [1, 2, 481, 201, 489, 210], [1, 3, 446, 189, 449, 190], [1, 4, 412, 252, 599, 399], [1, 5, 471, 203, 484, 212], [1, 6, 400, 200, 451, 235], [1, 8, 101, 188, 260, 314], [2, 0, 0, 169, 548, 399], [3, 0, 0, 54, 599, 399], [3, 1, 206, 100, 220, 121], [4, 18, 534, 208, 550, 216]], [[1, 2, 260, 187, 328, 267], [1, 3, 213, 143, 225, 149], [2, 0, 0, 144, 599, 399], [3, 0, 0, 0, 599, 277], [4, 18, 435, 174, 473, 209]], [[1, 3, 249, 230, 350, 287], [1, 7, 219, 170, 226, 180], [2, 0, 156, 164, 599, 399], [3, 0, 0, 0, 599, 399], [3, 1, 188, 92, 204, 115], [6, 12, 204, 166, 204, 166]], [[1, 0, 240, 184, 272, 201], [1, 1, 185, 177, 247, 224], [1, 2, 402, 206, 409, 213], [1, 3, 381, 196, 383, 197], [1, 4, 264, 202, 324, 258], [1, 5, 393, 206, 403, 214], [1, 6, 308, 194, 344, 218], [1, 8, 78, 169, 189, 238], [2, 0, 0, 161, 452, 399], [3, 0, 0, 71, 599, 399], [3, 1, 152, 99, 168, 122], [4, 18, 443, 211, 453, 218]], [[1, 2, 281, 161, 305, 187], [1, 3, 224, 136, 232, 140], [1, 5, 266, 199, 322, 257], [2, 0, 0, 135, 599, 399], [3, 0, 0, 0, 599, 338], [4, 18, 362, 160, 382, 178]], [[1, 0, 53, 166, 163, 215], [1, 2, 371, 171, 377, 180], [1, 3, 343, 158, 345, 159], [1, 5, 363, 175, 373, 183], [1, 6, 237, 199, 336, 278], [2, 0, 0, 135, 419, 399], [3, 0, 0, 0, 599, 399], [3, 1, 56, 24, 82, 57], [4, 18, 410, 176, 420, 184]], [[1, 7, 281, 189, 318, 260], [2, 0, 0, 147, 599, 399], [3, 0, 0, 107, 599, 262], [3, 1, 320, 71, 335, 95], [6, 12, 319, 149, 319, 149]], [[1, 0, 332, 194, 363, 205], [1, 1, 321, 189, 381, 242], [1, 2, 483, 203, 491, 212], [1, 3, 449, 193, 451, 194], [1, 4, 443, 219, 564, 297], [1, 5, 474, 205, 486, 213], [1, 6, 418, 199, 462, 226], [1, 8, 247, 187, 332, 265], [2, 0, 0, 178, 574, 399], [3, 0, 0, 0, 599, 399], [3, 1, 207, 113, 221, 133], [4, 18, 535, 209, 550, 216]], [[1, 9, 261, 160, 324, 227], [2, 0, 0, 154, 599, 399], [3, 0, 0, 24, 599, 304], [6, 9, 305, 170, 330, 178], [6, 10, 234, 152, 269, 177], [6, 11, 191, 152, 225, 175]]], "distance_down_track": [689.1874389648438, 685.2489013671875, 715.3802490234375, 731.5472412109375, 684.4690551757812, 709.1198120117188, 689.3333129882812, 754.8650512695312, 683.791259765625, 568.9818725585938], "velocity": [[7.955657005310059, -0.1920452117919922, -21.467235565185547], [13.286473274230957, -1.6805298328399658, -17.37164306640625], [3.6467530727386475, -0.5976134538650513, -20.437597274780273], [9.58314323425293, -1.7037876844406128, -6.124579906463623], [10.37472152709961, -1.2938356399536133, -18.76612663269043], [0.9519127607345581, -1.906178593635559, -23.537761688232422], [5.850329399108887, -1.1107295751571655, -17.6890811920166], [22.9753475189209, -3.5345449447631836, -2.6833395957946777], [12.002567291259766, -0.9186943769454956, -17.18695831298828], [0.4250071942806244, 0.9283931255340576, 22.977323532104492]]}