{"track": "overworld", "karts": ["beastie", "kiki", "hexley", "emule", "amanda", "wilber", "adiumy", "xue", "suzanne", "nolok"], "detections": [[[1, 0, 258, 189, 342, 261], [3, 0, 0, 120, 599, 192], [3, 1, 252, 161, 261, 165], [3, 2, 260, 155, 264, 157], [3, 3, 259, 150, 262, 152], [3, 4, 259, 142, 263, 147], [3, 7, 268, 139, 281, 164], [3, 8, 268, 141, 273, 147], [3, 24, 280, 139, 294, 163], [3, 25, 287, 141, 293, 149]], [[1, 1, 275, 184, 330, 247], [1, 2, 376, 160, 385, 163], [1, 4, 427, 158, 435, 161], [1, 8, 197, 200, 274, 252], [1, 9, 407, 158, 413, 161], [3, 0, 280, 60, 599, 156]], [[1, 2, 266, 196, 325, 272], [1, 4, 352, 159, 372, 177], [1, 9, 294, 161, 315, 178], [3, 0, 0, 0, 599, 155]], [[1, 3, 254, 200, 346, 294], [2, 7, 156, 146, 294, 176], [2, 24, 295, 145, 479, 177], [3, 0, 0, 12, 599, 175], [3, 7, 0, 0, 294, 172], [3, 24, 294, 0, 599, 175]], [[1, 4, 254, 191, 336, 262], [3, 0, 15, 0, 599, 160]], [[1, 5, 255, 189, 339, 265], [3, 0, 0, 0, 599, 225]], [[1, 3, 191, 175, 250, 221], [1, 6, 259, 192, 345, 283], [2, 7, 158, 144, 272, 170], [2, 24, 272, 145, 425, 172], [3, 0, 0, 0, 599, 182], [3, 7, 25, 0, 271, 165], [3, 24, 266, 0, 547, 171]], [[1, 7, 262, 186, 327, 262], [3, 0, 0, 0, 487, 156], [3, 5, 525, 170, 599, 195], [3, 6, 380, 150, 384, 151]], [[1, 1, 332, 181, 386, 240], [1, 2, 320, 154, 327, 157], [1, 4, 362, 151, 368, 154], [1, 8, 269, 200, 333, 249], [1, 9, 345, 151, 350, 154], [3, 0, 221, 67, 599, 151]], [[1, 4, 373, 182, 423, 221], [1, 9, 262, 202, 323, 262], [3, 0, 0, 0, 599, 163]]], "distance_down_track": [317.1405334472656, 197.6947784423828, 1176.91845703125, 616.8923950195312, 1186.91748046875, 1347.4678955078125, 614.7177124023438, 264.1817626953125, 197.3779754638672, 1183.998779296875], "velocity": [[2.540100574493408, -1.1419236660003662, 21.964649200439453], [24.237537384033203, -0.6404712796211243, -5.198005676269531], [2.75016188621521, 0.8305670022964478, -21.634532928466797], [-0.6130750775337219, -1.7184160947799683, 12.617509841918945], [-2.9654250144958496, 0.8856469392776489, -21.513532638549805], [-14.897644996643066, 2.48846173286438, -8.434326171875], [-0.9908739924430847, -1.5999220609664917, 11.945014953613281], [-8.633259773254395, 1.0194350481033325, 20.524295806884766], [25.587406158447266, -0.8229604363441467, -5.908034324645996], [-1.783031702041626, 0.8548463582992554, -21.05784797668457]]}