{"track": "tutorial", "karts": ["puffy", "hexley", "tux", "suzanne", "pidgin", "nolok", "beastie", "gavroche", "amanda", "adiumy"], "detections": [[[1, 0, 201, 202, 389, 329], [1, 1, 355, 208, 366, 216], [1, 2, 314, 180, 333, 197], [1, 3, 374, 184, 383, 190], [1, 5, 346, 193, 354, 199], [1, 6, 318, 198, 328, 205], [1, 8, 333, 192, 342, 199], [1, 9, 351, 189, 437, 260], [2, 0, 0, 160, 599, 399], [3, 0, 0, 0, 599, 257], [3, 8, 126, 44, 135, 55]], [[1, 1, 242, 193, 350, 349], [1, 3, 240, 138, 266, 157], [1, 5, 136, 161, 184, 188], [1, 7, 314, 141, 331, 157], [1, 8, 36, 156, 120, 197], [2, 0, 63, 114, 258, 156], [3, 0, 0, 31, 599, 399]], [[1, 1, 375, 223, 391, 235], [1, 2, 266, 198, 330, 256], [1, 3, 397, 186, 410, 194], [1, 5, 360, 199, 371, 206], [1, 6, 321, 207, 336, 218], [1, 7, 430, 194, 442, 202], [1, 8, 343, 198, 356, 207], [2, 0, 335, 156, 569, 188], [3, 0, 0, 0, 599, 399], [3, 8, 132, 42, 142, 52]], [[1, 3, 222, 201, 374, 333], [1, 7, 518, 209, 599, 240], [2, 0, 0, 127, 211, 299], [3, 0, 0, 15, 599, 399]], [[1, 0, 429, 179, 432, 180], [1, 4, 213, 217, 363, 328], [2, 0, 0, 158, 599, 399], [3, 0, 0, 86, 599, 316], [3, 6, 483, 76, 502, 96], [3, 7, 402, 81, 414, 94], [3, 8, 524, 110, 528, 115]], [[1, 3, 328, 134, 364, 167], [1, 5, 236, 205, 354, 321], [1, 7, 446, 139, 499, 169], [1, 8, 0, 297, 187, 399], [2, 0, 0, 89, 308, 163], [3, 0, 0, 12, 599, 399]], [[1, 3, 381, 143, 405, 163], [1, 5, 341, 167, 370, 194], [1, 6, 208, 180, 379, 328], [1, 7, 466, 147, 493, 166], [1, 8, 288, 161, 334, 203], [2, 0, 216, 118, 374, 161], [3, 0, 0, 22, 599, 399]], [[1, 3, 0, 235, 17, 270], [1, 7, 241, 205, 357, 320], [2, 0, 0, 135, 118, 223], [3, 0, 0, 71, 599, 399]], [[1, 3, 370, 138, 402, 167], [1, 5, 347, 184, 414, 245], [1, 7, 476, 144, 522, 170], [1, 8, 217, 185, 374, 321], [2, 0, 115, 102, 347, 163], [3, 0, 0, 17, 599, 399]], [[1, 0, 112, 203, 254, 284], [1, 1, 367, 207, 379, 214], [1, 2, 309, 180, 327, 196], [1, 3, 392, 183, 401, 189], [1, 5, 361, 191, 369, 197], [1, 6, 331, 196, 342, 204], [1, 7, 414, 190, 423, 195], [1, 8, 348, 190, 357, 197], [1, 9, 271, 195, 327, 249], [2, 0, 0, 158, 599, 399], [3, 0, 0, 0, 599, 346], [3, 8, 166, 45, 174, 54]]], "distance_down_track": [700.0224609375, 712.6583862304688, 619.34228515625, 633.04345703125, 633.04345703125, 656.4569091796875, 619.34228515625, 656.4569091796875, 619.34228515625, 605.3455200195312], "velocity": [[-1.7438069581985474, -0.19177329540252686, -1.9710814952850342], [-4.712023735046387, 0.08802856504917145, -0.6232774257659912], [-14.497150421142578, -7.801267623901367, -17.408552169799805], [-0.2947070002555847, 0.14767076075077057, 0.33013734221458435], [0.011491132900118828, 0.10024507343769073, 1.3072564601898193], [-4.905572891235352, 0.09215422719717026, -0.18255358934402466], [-4.782708644866943, 0.09534309804439545, -1.482466459274292], [-0.10323891788721085, 0.08302957564592361, 0.009044299833476543], [-4.98495626449585, 0.09847809374332428, -0.6215206980705261], [-13.90981674194336, -2.1065332889556885, -18.195589065551758]]}