{"track": "tutorial", "karts": ["puffy", "hexley", "tux", "suzanne", "pidgin", "nolok", "beastie", "gavroche", "amanda", "adiumy"], "detections": [[[1, 0, 203, 201, 387, 323], [1, 1, 0, 307, 64, 393], [2, 0, 209, 129, 317, 155], [3, 0, 0, 36, 599, 399]], [[1, 0, 384, 199, 493, 271], [1, 1, 231, 194, 340, 348], [2, 0, 213, 48, 386, 163], [3, 0, 0, 0, 599, 399]], [[1, 0, 524, 133, 599, 161], [1, 1, 443, 132, 493, 160], [1, 2, 222, 197, 352, 316], [2, 0, 582, 103, 599, 114], [3, 0, 0, 0, 599, 399], [3, 7, 196, 0, 216, 21], [3, 8, 343, 39, 348, 48]], [[1, 3, 259, 200, 332, 259], [2, 0, 0, 158, 599, 399], [3, 0, 0, 9, 599, 399], [3, 6, 234, 0, 253, 28], [3, 7, 112, 0, 136, 20], [3, 8, 263, 63, 263, 63]], [[1, 2, 487, 181, 537, 201], [1, 4, 197, 217, 342, 334], [1, 7, 404, 191, 433, 210], [2, 0, 325, 103, 460, 141], [3, 0, 0, 0, 599, 399]], [[1, 3, 277, 136, 277, 136], [1, 5, 269, 203, 330, 259], [2, 0, 0, 136, 599, 399], [3, 0, 0, 24, 599, 277], [3, 6, 329, 51, 340, 66], [3, 7, 272, 49, 282, 62]], [[1, 6, 262, 190, 341, 256], [1, 9, 215, 153, 224, 159], [2, 0, 0, 156, 599, 399], [3, 0, 0, 101, 599, 325], [3, 2, 439, 146, 458, 161], [5, 5, 151, 148, 155, 150], [5, 8, 21, 144, 24, 144], [5, 12, 166, 149, 169, 151], [5, 13, 177, 150, 180, 152], [5, 14, 289, 157, 294, 163], [5, 15, 265, 157, 270, 163]], [[1, 2, 396, 169, 468, 213], [1, 7, 237, 205, 350, 318], [2, 0, 75, 0, 308, 90], [3, 0, 0, 0, 599, 399]], [[1, 8, 262, 192, 337, 255], [2, 0, 0, 70, 599, 399], [2, 1, 239, 167, 277, 175], [2, 3, 321, 167, 360, 175], [3, 0, 0, 35, 599, 367], [3, 1, 236, 140, 277, 174], [3, 2, 282, 143, 286, 147], [3, 3, 321, 141, 362, 175], [3, 4, 260, 101, 303, 145], [3, 5, 302, 104, 342, 141]], [[1, 9, 267, 197, 329, 249], [2, 0, 185, 167, 599, 399], [3, 0, 0, 136, 599, 399], [5, 5, 194, 159, 203, 168], [5, 6, 113, 159, 117, 160], [5, 7, 93, 158, 97, 159], [5, 8, 65, 156, 70, 158], [5, 12, 230, 161, 238, 169], [5, 13, 256, 162, 263, 169]]], "distance_down_track": [712.6583862304688, 712.6583862304688, 310.5081787109375, 268.0081787109375, 310.5081787109375, 365.0060729980469, 225.50819396972656, 343.6702575683594, 183.00819396972656, 183.00819396972656], "velocity": [[-4.633901119232178, 0.11465920507907867, -1.795392632484436], [-4.430743217468262, 0.048754557967185974, -2.572092294692993], [-1.1450231075286865, -0.21086446940898895, -4.915538311004639], [-7.433494567871094, -3.063150405883789, -20.68763542175293], [4.938752174377441, -0.18097689747810364, -0.5232518911361694], [4.520261287689209, -3.5454185009002686, -19.886859893798828], [20.78396987915039, 1.4498226642608643, 12.212577819824219], [3.8976731300354004, 0.0022730082273483276, -2.989586114883423], [24.14999771118164, -0.006066749803721905, 0.007814659737050533], [11.504487991333008, 1.7412172555923462, 19.839731216430664]]}