{"track": "overworld", "karts": ["beastie", "kiki", "hexley", "emule", "amanda", "wilber", "adiumy", "xue", "suzanne", "nolok"], "detections": [[[1, 0, 244, 187, 349, 277], [1, 2, 407, 157, 420, 171], [1, 8, 458, 163, 465, 166], [1, 9, 488, 171, 492, 174], [3, 0, 0, 6, 599, 207]], [[1, 0, 389, 154, 391, 155], [1, 1, 271, 181, 337, 258], [1, 2, 462, 141, 473, 145], [3, 0, 0, 0, 599, 212]], [[1, 2, 270, 196, 325, 272], [1, 5, 474, 195, 478, 196], [1, 8, 351, 170, 359, 174], [1, 9, 375, 176, 378, 179], [3, 0, 0, 48, 599, 199]], [[1, 3, 244, 199, 358, 319], [1, 6, 200, 161, 242, 198], [2, 7, 165, 137, 257, 157], [2, 24, 257, 137, 373, 158], [3, 0, 0, 0, 599, 171], [3, 7, 46, 0, 256, 155], [3, 24, 247, 0, 456, 156]], [[1, 4, 262, 192, 338, 255], [3, 0, 0, 0, 599, 151], [3, 4, 301, 127, 304, 128], [3, 7, 308, 123, 316, 129], [3, 8, 312, 124, 312, 124], [3, 24, 317, 123, 326, 128], [3, 25, 324, 125, 324, 125]], [[1, 5, 259, 190, 334, 259], [2, 0, 337, 150, 346, 160], [3, 0, 0, 0, 599, 163], [3, 7, 361, 124, 363, 125], [3, 24, 364, 124, 366, 125], [3, 25, 367, 125, 367, 125]], [[1, 6, 257, 192, 348, 287], [2, 7, 174, 141, 287, 167], [2, 24, 288, 142, 438, 169], [3, 0, 0, 0, 599, 177], [3, 7, 41, 0, 287, 162], [3, 24, 287, 0, 558, 168]], [[1, 7, 264, 186, 332, 264], [3, 0, 0, 100, 570, 170]], [[1, 5, 381, 171, 386, 173], [1, 8, 262, 201, 338, 260], [1, 9, 305, 170, 316, 180], [3, 0, 0, 77, 599, 213]], [[1, 5, 369, 151, 374, 154], [1, 9, 273, 203, 334, 261], [3, 0, 0, 47, 599, 183]]], "distance_down_track": [1353.10498046875, 1302.47412109375, 1366.1663818359375, 610.814453125, 269.439453125, 9.081209182739258, 614.370849609375, 981.3359375, 1394.020263671875, 1407.13671875], "velocity": [[-15.722223281860352, 2.3074965476989746, -4.978272438049316], [2.865567207336426, 3.035428762435913, -19.216838836669922], [-19.529966354370117, 1.9002400636672974, 1.2967960834503174], [-0.347298264503479, -1.4186062812805176, 8.301060676574707], [-0.9854981899261475, -2.3591625690460205, 21.584096908569336], [-1.9892340898513794, -2.2023634910583496, 19.737655639648438], [-0.5893416404724121, -1.4901753664016724, 11.137724876403809], [12.467222213745117, -0.8563517332077026, -16.502273559570312], [-18.403141021728516, -1.345238447189331, 9.381078720092773], [-17.426198959350586, -3.4262123107910156, 10.633843421936035]]}