{"track": "minigolf", "karts": ["nolok", "sara_the_racer", "emule", "adiumy", "gavroche", "konqi", "amanda", "xue", "sara_the_wizard", "puffy"], "detections": [[[1, 0, 264, 192, 347, 304], [1, 4, 0, 358, 20, 384], [2, 0, 0, 350, 262, 399], [3, 0, 0, 211, 599, 399], [3, 2, 0, 248, 64, 318], [3, 13, 489, 343, 599, 399], [4, 4, 587, 305, 587, 305], [5, 22, 0, 346, 0, 348], [255, 16777215, 180, 272, 468, 340]], [[1, 1, 180, 163, 333, 287], [2, 0, 0, 198, 240, 399], [3, 0, 0, 0, 599, 399], [3, 2, 36, 159, 77, 235], [3, 13, 512, 41, 599, 135], [255, 16777215, 184, 134, 210, 185]], [[1, 2, 270, 199, 331, 261], [2, 0, 0, 88, 599, 399], [3, 0, 0, 0, 599, 351]], [[1, 3, 268, 196, 333, 254], [1, 7, 200, 124, 212, 133], [2, 0, 0, 89, 599, 399], [3, 0, 0, 0, 599, 399], [3, 2, 379, 0, 414, 95], [3, 12, 416, 110, 452, 147], [5, 23, 300, 196, 302, 197]], [[1, 4, 271, 203, 338, 270], [2, 0, 0, 155, 599, 399], [3, 0, 0, 0, 599, 288], [3, 2, 277, 87, 297, 152], [3, 11, 425, 167, 425, 167], [4, 26, 179, 151, 193, 161], [4, 27, 188, 149, 195, 154], [5, 22, 288, 160, 291, 163], [255, 16777215, 401, 73, 414, 144]], [[1, 0, 317, 80, 327, 95], [1, 1, 322, 110, 331, 115], [1, 4, 240, 97, 248, 102], [1, 5, 235, 187, 346, 300], [2, 0, 183, 88, 599, 399], [2, 9, 395, 149, 456, 169], [3, 0, 0, 0, 599, 399], [3, 9, 394, 106, 464, 155], [3, 11, 206, 80, 216, 84], [3, 13, 407, 64, 502, 123], [4, 18, 259, 139, 308, 186], [4, 19, 452, 146, 524, 200], [4, 21, 197, 106, 209, 117], [6, 32, 564, 113, 594, 133], [255, 16777215, 220, 1, 507, 73]], [[1, 6, 257, 190, 336, 258], [2, 0, 0, 179, 432, 399], [3, 0, 0, 0, 599, 399]], [[1, 7, 256, 185, 332, 266], [2, 0, 0, 184, 599, 399], [3, 0, 0, 0, 599, 399], [3, 2, 455, 4, 538, 149]], [[1, 8, 272, 187, 320, 268], [2, 0, 88, 152, 599, 399], [3, 0, 0, 0, 599, 399], [5, 24, 184, 168, 203, 205]], [[1, 5, 435, 153, 448, 163], [1, 9, 255, 200, 362, 280], [2, 0, 0, 132, 599, 399], [2, 9, 479, 163, 515, 172], [3, 0, 0, 0, 599, 399], [3, 8, 364, 141, 398, 170], [3, 9, 478, 141, 520, 165], [4, 16, 209, 129, 230, 146], [4, 17, 286, 124, 297, 127], [4, 19, 445, 154, 462, 165], [6, 36, 180, 156, 235, 169]]], "distance_down_track": [318.0711364746094, 321.7644348144531, 432.8114929199219, 361.8418884277344, 329.6749572753906, 268.8935241699219, 166.26678466796875, 389.7256774902344, 486.6329650878906, 255.6323699951172], "velocity": [[-0.2683374285697937, -2.0528786182403564, -10.84101676940918], [3.4022574424743652, 0.18284381926059723, -2.4302680492401123], [17.835229873657227, 0.6947599649429321, 10.483885765075684], [20.31220054626465, -2.2559103965759277, 3.2886664867401123], [16.40361785888672, 2.075761318206787, -5.1334123611450195], [3.408777952194214, -1.9959802627563477, -12.62508773803711], [0.20153841376304626, -4.832093715667725, 22.42696189880371], [20.376554489135742, 2.565916061401367, -2.5888278484344482], [-15.453801155090332, 3.1678051948547363, 13.349225044250488], [-2.556267499923706, 0.07904849946498871, 16.040281295776367]]}