{"track": "overworld", "karts": ["beastie", "kiki", "hexley", "emule", "amanda", "wilber", "adiumy", "xue", "suzanne", "nolok"], "detections": [[[1, 0, 255, 189, 337, 261], [3, 0, 0, 84, 383, 146], [3, 7, 292, 141, 294, 141], [3, 24, 295, 141, 298, 142], [3, 25, 299, 142, 299, 142]], [[1, 1, 270, 182, 336, 258], [3, 0, 0, 0, 599, 321]], [[1, 2, 273, 196, 328, 271], [1, 5, 440, 167, 444, 169], [1, 8, 359, 173, 362, 175], [1, 9, 375, 172, 377, 174], [3, 0, 0, 78, 599, 210]], [[1, 3, 247, 200, 352, 311], [1, 6, 584, 371, 599, 399], [2, 7, 198, 136, 303, 160], [2, 24, 304, 136, 444, 161], [3, 0, 0, 0, 599, 166], [3, 7, 76, 0, 304, 156], [3, 24, 304, 0, 560, 159]], [[1, 4, 265, 191, 346, 262], [1, 7, 270, 162, 275, 166], [3, 0, 0, 73, 599, 232]], [[1, 5, 262, 190, 332, 253], [2, 0, 68, 173, 156, 244], [3, 0, 0, 0, 599, 176], [3, 7, 248, 135, 248, 135], [3, 24, 249, 135, 251, 136]], [[1, 3, 143, 172, 224, 229], [1, 6, 253, 191, 351, 296], [2, 7, 184, 133, 277, 157], [2, 24, 278, 135, 402, 159], [3, 0, 0, 0, 599, 180], [3, 7, 75, 0, 277, 151], [3, 24, 275, 0, 503, 159]], [[1, 7, 267, 187, 335, 264], [3, 0, 0, 95, 518, 194]], [[1, 5, 442, 165, 453, 171], [1, 8, 262, 200, 338, 259], [1, 9, 326, 177, 342, 189], [2, 0, 421, 163, 428, 170], [3, 0, 0, 42, 570, 162], [3, 4, 502, 131, 504, 132], [3, 7, 506, 130, 514, 133], [3, 24, 514, 131, 520, 133], [3, 25, 520, 132, 521, 133]], [[1, 5, 394, 152, 405, 160], [1, 9, 268, 203, 328, 259], [2, 0, 368, 149, 377, 158], [3, 0, 0, 21, 599, 160], [3, 7, 402, 121, 406, 122], [3, 24, 406, 121, 410, 123]]], "distance_down_track": [133.6180419921875, 1339.2611083984375, 1393.83251953125, 613.31201171875, 1027.5625, 31.141666412353516, 611.577880859375, 1065.9420166015625, 1454.5478515625, 1464.6429443359375], "velocity": [[2.911609411239624, -0.9756543636322021, 22.662961959838867], [-5.151131629943848, 2.143608331680298, -18.85690689086914], [-17.67672348022461, -1.28102707862854, 8.520830154418945], [-0.6241984963417053, -1.3815151453018188, 10.167981147766113], [4.082935333251953, -0.08495473861694336, -21.3478946685791], [5.728386402130127, -0.9800418615341187, 21.062942504882812], [-0.7759871482849121, -1.6072641611099243, 9.33029842376709], [6.955938816070557, -0.500020444393158, -19.489864349365234], [-12.990629196166992, -3.5920729637145996, 15.710841178894043], [-5.507121562957764, -3.0739850997924805, 19.71578598022461]]}