{"track": "overworld", "karts": ["beastie", "kiki", "hexley", "emule", "amanda", "wilber", "adiumy", "xue", "suzanne", "nolok"], "detections": [[[1, 0, 251, 188, 337, 265], [3, 0, 19, 0, 599, 160]], [[1, 1, 268, 182, 335, 258], [1, 2, 482, 153, 498, 159], [1, 8, 457, 153, 471, 160], [3, 0, 0, 0, 599, 287]], [[1, 2, 272, 196, 324, 267], [1, 8, 39, 210, 173, 283], [1, 9, 288, 168, 297, 173], [3, 0, 0, 64, 599, 194]], [[1, 3, 243, 199, 360, 320], [1, 6, 120, 226, 242, 328], [2, 7, 29, 232, 266, 293], [2, 24, 267, 230, 599, 298], [3, 7, 0, 0, 272, 282], [3, 24, 267, 0, 599, 231]], [[1, 4, 259, 192, 335, 257], [3, 0, 0, 89, 495, 176], [3, 7, 296, 163, 298, 163], [3, 24, 299, 163, 301, 163]], [[1, 4, 281, 142, 285, 145], [1, 5, 262, 190, 332, 254], [2, 0, 0, 180, 111, 282], [3, 0, 0, 0, 599, 185], [3, 7, 246, 135, 246, 135], [3, 24, 247, 135, 249, 136]], [[1, 3, 350, 193, 451, 298], [1, 6, 262, 194, 342, 269], [2, 7, 176, 150, 355, 205], [2, 24, 354, 152, 599, 230], [3, 0, 0, 0, 99, 177], [3, 7, 46, 0, 360, 183], [3, 24, 356, 0, 599, 152]], [[1, 7, 261, 187, 329, 266], [3, 0, 182, 160, 504, 193]], [[1, 2, 421, 193, 513, 268], [1, 8, 256, 201, 339, 265], [1, 9, 352, 166, 360, 172], [3, 0, 0, 31, 599, 200]], [[1, 5, 455, 177, 459, 178], [1, 9, 269, 203, 329, 259], [3, 0, 0, 73, 599, 201], [3, 6, 572, 133, 572, 133]]], "distance_down_track": [1186.674560546875, 1330.333984375, 1363.7904052734375, 621.8707885742188, 95.04254913330078, 32.22739028930664, 621.8599853515625, 516.4149169921875, 1363.611083984375, 1385.49169921875], "velocity": [[-3.1007637977600098, 0.7168939113616943, -21.500732421875], [-4.689767837524414, 3.15761399269104, -18.834749221801758], [-21.585872650146484, 1.8588347434997559, 4.231884002685547], [-0.05423353612422943, 0.10930877178907394, 0.10422069579362869], [0.36637118458747864, 0.9584182500839233, 23.813955307006836], [5.890742301940918, -0.968778669834137, 21.018638610839844], [-0.0821196511387825, 0.7432141900062561, 1.3220317363739014], [17.14279556274414, -0.07572700083255768, -11.60210132598877], [-18.79301643371582, 1.9226784706115723, 0.5510232448577881], [-19.161279678344727, -0.1535196453332901, 7.8301849365234375]]}