{"track": "overworld", "karts": ["beastie", "kiki", "hexley", "emule", "amanda", "wilber", "adiumy", "xue", "suzanne", "nolok"], "detections": [[[1, 0, 256, 189, 346, 265], [3, 0, 0, 78, 599, 168], [3, 7, 303, 152, 307, 153], [3, 24, 308, 152, 311, 153], [3, 25, 310, 152, 310, 152]], [[1, 1, 267, 182, 333, 256], [1, 2, 329, 175, 331, 178], [1, 7, 366, 173, 369, 175], [1, 8, 0, 218, 132, 292], [1, 9, 336, 177, 340, 180], [3, 0, 0, 77, 599, 209]], [[1, 2, 270, 196, 337, 269], [1, 7, 348, 151, 356, 157], [1, 9, 315, 177, 337, 197], [2, 0, 429, 143, 434, 147], [3, 0, 0, 0, 599, 214], [3, 5, 458, 111, 460, 111]], [[1, 3, 249, 200, 350, 305], [2, 7, 190, 142, 303, 168], [2, 24, 304, 142, 456, 168], [3, 0, 0, 0, 599, 171], [3, 7, 60, 0, 303, 164], [3, 24, 304, 0, 579, 166]], [[1, 4, 261, 192, 342, 260], [3, 0, 0, 92, 525, 176]], [[1, 0, 256, 146, 259, 149], [1, 5, 260, 190, 330, 255], [3, 0, 0, 101, 468, 163], [3, 5, 50, 148, 52, 148], [3, 7, 250, 141, 253, 142], [3, 24, 254, 141, 258, 143], [3, 25, 257, 142, 257, 142]], [[1, 3, 165, 168, 232, 217], [1, 6, 254, 191, 351, 293], [2, 7, 178, 134, 275, 157], [2, 24, 275, 135, 405, 160], [3, 0, 0, 0, 599, 179], [3, 7, 63, 0, 274, 152], [3, 24, 272, 0, 508, 159]], [[1, 7, 263, 186, 334, 264], [2, 0, 399, 147, 407, 156], [3, 0, 0, 24, 504, 147], [3, 7, 449, 117, 453, 118], [3, 24, 454, 117, 459, 119]], [[1, 1, 435, 173, 502, 230], [1, 2, 343, 174, 348, 176], [1, 7, 373, 172, 376, 174], [1, 8, 265, 200, 335, 254], [1, 9, 350, 176, 353, 178], [3, 0, 0, 69, 599, 215]], [[1, 7, 312, 140, 320, 147], [1, 9, 274, 203, 335, 262], [2, 0, 391, 132, 395, 136], [3, 0, 0, 0, 599, 228], [3, 5, 408, 101, 408, 101], [3, 6, 422, 95, 422, 95]]], "distance_down_track": [178.97914123535156, 1393.183837890625, 1429.627197265625, 614.4410400390625, 1073.522216796875, 112.80935668945312, 612.19482421875, 1461.6783447265625, 1393.0762939453125, 1435.11328125], "velocity": [[-0.9190695285797119, 0.1801605224609375, 20.96440887451172], [-17.56865692138672, -1.2931137084960938, 8.739699363708496], [-17.680126190185547, -4.075556755065918, 7.583876132965088], [-0.6771409511566162, -1.4618526697158813, 10.878287315368652], [6.529202461242676, 0.16245001554489136, -20.730491638183594], [5.721142768859863, -0.9915919303894043, 21.064373016357422], [-0.8136615753173828, -1.5803765058517456, 10.013829231262207], [-7.803803443908691, -3.1073880195617676, 18.91916275024414], [-20.658775329589844, -1.60076904296875, 10.872553825378418], [-13.790724754333496, -4.400946617126465, 14.796536445617676]]}