{"track": "scotland", "karts": ["konqi", "sara_the_racer", "wilber", "beastie", "gavroche", "pidgin", "tux", "gnu", "xue", "hexley"], "detections": [[[1, 0, 265, 193, 341, 265], [1, 3, 181, 144, 184, 145], [1, 8, 193, 141, 196, 144], [1, 9, 175, 149, 186, 158], [2, 0, 0, 142, 599, 399], [3, 0, 0, 0, 599, 311], [4, 37, 417, 162, 446, 190], [5, 35, 541, 171, 562, 189], [5, 36, 310, 166, 326, 185]], [[1, 1, 281, 177, 323, 255], [1, 2, 278, 154, 286, 161], [1, 3, 261, 165, 277, 171], [1, 5, 265, 157, 274, 162], [1, 6, 11, 354, 170, 399], [1, 7, 277, 157, 312, 199], [1, 8, 183, 137, 257, 189], [2, 0, 0, 155, 599, 399], [3, 0, 0, 21, 599, 326]], [[1, 2, 263, 191, 330, 251], [1, 5, 164, 209, 249, 257], [2, 0, 0, 168, 599, 399], [3, 0, 0, 38, 599, 237]], [[1, 2, 329, 155, 350, 173], [1, 3, 234, 221, 362, 293], [1, 5, 300, 161, 320, 173], [2, 0, 0, 155, 599, 399], [3, 0, 0, 24, 599, 200]], [[1, 7, 589, 0, 593, 1], [2, 0, 291, 46, 384, 73], [3, 0, 0, 0, 599, 399]], [[1, 2, 348, 191, 422, 250], [1, 5, 263, 209, 330, 255], [2, 0, 0, 167, 599, 399], [3, 0, 0, 56, 599, 221]], [[1, 1, 303, 167, 328, 204], [1, 2, 241, 154, 246, 160], [1, 3, 234, 164, 240, 169], [1, 5, 227, 156, 235, 160], [1, 6, 272, 198, 333, 250], [1, 7, 279, 156, 305, 181], [1, 8, 236, 144, 273, 176], [2, 0, 124, 154, 599, 399], [3, 0, 0, 17, 599, 399], [4, 9, 391, 210, 426, 240], [4, 11, 578, 178, 599, 222]], [[1, 1, 241, 212, 363, 399], [1, 2, 292, 154, 301, 162], [1, 3, 271, 167, 288, 174], [1, 5, 278, 157, 287, 162], [1, 7, 273, 159, 331, 231], [1, 8, 99, 125, 240, 214], [2, 0, 0, 155, 599, 399], [3, 0, 0, 22, 599, 306]], [[1, 1, 395, 250, 481, 351], [1, 2, 288, 224, 288, 224], [1, 3, 280, 234, 280, 234], [1, 5, 276, 224, 280, 229], [1, 7, 339, 225, 394, 273], [1, 8, 265, 205, 331, 262], [2, 0, 179, 222, 599, 399], [3, 0, 0, 106, 599, 399]], [[1, 2, 351, 148, 354, 150], [1, 3, 357, 150, 361, 151], [1, 5, 348, 149, 350, 150], [1, 7, 377, 147, 379, 149], [1, 8, 372, 145, 375, 148], [1, 9, 271, 196, 321, 266], [2, 0, 0, 149, 599, 399], [3, 0, 0, 0, 599, 289]]], "distance_down_track": [630.74072265625, 728.4989624023438, 751.403076171875, 742.6767578125, 688.9061279296875, 751.1885986328125, 724.4209594726562, 730.7326049804688, 730.467041015625, 660.7197265625], "velocity": [[4.302455902099609, 1.638435959815979, -21.520519256591797], [18.80572509765625, 1.17653226852417, -8.811951637268066], [21.113933563232422, 2.0858240127563477, -9.099364280700684], [11.341315269470215, 1.0355936288833618, -4.013441562652588], [15.709217071533203, -13.237385749816895, -13.655856132507324], [23.016225814819336, 2.2441751956939697, -10.068964958190918], [20.383678436279297, 1.5251367092132568, -14.057966232299805], [20.179943084716797, 1.1409465074539185, -8.30003547668457], [21.29269027709961, 1.3430737257003784, -10.815906524658203], [18.37215232849121, 1.159869909286499, -10.849040031433105]]}