{"track": "tutorial", "karts": ["puffy", "hexley", "tux", "suzanne", "pidgin", "nolok", "beastie", "gavroche", "amanda", "adiumy"], "detections": [[[1, 0, 203, 201, 387, 324], [1, 4, 393, 159, 412, 170], [1, 5, 160, 161, 199, 183], [1, 8, 272, 152, 289, 165], [2, 0, 188, 128, 303, 155], [3, 0, 0, 39, 599, 399]], [[1, 0, 336, 219, 359, 235], [1, 1, 255, 195, 338, 315], [1, 4, 448, 185, 462, 192], [1, 5, 320, 186, 331, 195], [1, 8, 370, 167, 381, 175], [2, 0, 323, 137, 504, 166], [3, 0, 0, 0, 599, 399], [3, 8, 95, 13, 107, 26]], [[1, 2, 236, 196, 369, 313], [2, 0, 0, 158, 599, 399], [3, 0, 0, 121, 599, 255], [3, 2, 361, 147, 372, 157], [5, 5, 163, 153, 164, 154], [5, 8, 60, 152, 62, 152], [5, 12, 172, 154, 172, 154], [5, 13, 178, 154, 179, 154], [5, 14, 265, 156, 266, 159], [5, 15, 251, 156, 253, 159], [5, 16, 234, 156, 236, 160]], [[1, 2, 22, 212, 35, 217], [1, 3, 266, 200, 337, 253], [2, 0, 0, 160, 599, 399], [3, 0, 0, 123, 599, 369], [3, 6, 146, 133, 154, 141], [3, 7, 81, 121, 93, 130]], [[1, 4, 225, 218, 373, 324], [3, 0, 0, 0, 599, 399]], [[1, 4, 524, 171, 565, 188], [1, 5, 234, 205, 351, 321], [1, 8, 331, 155, 354, 175], [2, 0, 203, 118, 355, 159], [3, 0, 0, 22, 599, 399]], [[1, 2, 283, 153, 293, 161], [1, 6, 209, 180, 383, 327], [2, 0, 0, 143, 599, 399], [3, 0, 0, 65, 599, 249], [3, 2, 302, 142, 310, 148], [5, 5, 147, 135, 148, 135], [5, 8, 53, 127, 54, 127], [5, 13, 156, 136, 157, 136], [5, 14, 236, 144, 237, 145], [5, 15, 227, 143, 228, 145], [5, 16, 216, 142, 217, 144]], [[1, 7, 271, 203, 327, 256], [2, 0, 0, 171, 599, 399], [3, 0, 0, 71, 599, 265], [3, 6, 461, 61, 480, 81], [3, 7, 375, 78, 387, 91], [3, 8, 504, 98, 504, 98]], [[1, 8, 210, 183, 371, 337], [2, 0, 0, 68, 270, 209], [3, 0, 0, 29, 599, 399]], [[1, 2, 280, 146, 284, 149], [1, 6, 294, 149, 301, 155], [1, 9, 259, 192, 347, 285], [2, 0, 0, 20, 599, 399], [2, 1, 178, 167, 261, 186], [2, 3, 338, 167, 422, 185], [3, 0, 0, 0, 599, 248], [3, 1, 169, 116, 261, 186], [3, 2, 280, 136, 286, 141], [3, 3, 338, 114, 430, 185], [3, 4, 217, 30, 308, 129], [3, 5, 303, 35, 390, 122]]], "distance_down_track": [712.6583862304688, 706.882080078125, 332.51373291015625, 326.4452819824219, 343.6702575683594, 400.4352722167969, 310.5081787109375, 365.0060729980469, 299.51806640625, 268.0081787109375], "velocity": [[-4.715119361877441, 0.11492440104484558, -1.5352061986923218], [-6.147700786590576, -8.118049621582031, -6.526113986968994], [2.0038771629333496, 0.11938394606113434, 0.753608226776123], [-10.177851676940918, 1.5950350761413574, -20.331945419311523], [-0.11907503008842468, 0.16107279062271118, 1.5287665128707886], [-4.815075874328613, 0.09661082178354263, -1.3518730401992798], [4.351122856140137, 0.10974867641925812, 0.5282183289527893], [11.298931121826172, -0.2326367050409317, -18.78091049194336], [-0.28875306248664856, 0.10128883272409439, 0.1772376149892807], [11.526162147521973, 0.028435736894607544, 0.038795165717601776]]}