{"track": "tutorial", "karts": ["puffy", "hexley", "tux", "suzanne", "pidgin", "nolok", "beastie", "gavroche", "amanda", "adiumy"], "detections": [[[1, 0, 204, 201, 388, 326], [1, 1, 339, 156, 353, 172], [1, 2, 244, 156, 265, 169], [1, 5, 319, 157, 341, 170], [1, 6, 235, 151, 253, 168], [1, 8, 267, 154, 288, 169], [1, 9, 226, 154, 244, 169], [2, 0, 124, 122, 273, 156], [3, 0, 0, 36, 599, 399]], [[1, 1, 244, 192, 354, 350], [1, 5, 114, 198, 270, 287], [2, 0, 0, 99, 63, 126], [3, 0, 0, 40, 599, 399]], [[1, 1, 520, 175, 599, 232], [1, 2, 234, 196, 364, 312], [1, 5, 463, 178, 547, 226], [1, 6, 79, 166, 259, 286], [1, 8, 314, 172, 409, 246], [1, 9, 0, 219, 235, 399], [2, 0, 0, 47, 218, 188], [3, 0, 0, 13, 599, 399]], [[1, 3, 258, 200, 333, 260], [1, 4, 290, 183, 328, 209], [1, 7, 351, 168, 362, 176], [2, 0, 0, 167, 599, 399], [3, 0, 0, 43, 599, 399], [3, 6, 342, 31, 357, 55], [3, 7, 251, 40, 265, 56]], [[1, 3, 246, 396, 290, 399], [1, 4, 255, 210, 333, 267], [1, 7, 341, 170, 354, 180], [2, 0, 0, 169, 599, 399], [3, 0, 0, 42, 599, 399], [3, 6, 324, 30, 339, 54], [3, 7, 231, 36, 246, 53]], [[1, 1, 252, 176, 392, 252], [1, 5, 229, 206, 348, 324], [3, 0, 0, 29, 599, 399]], [[1, 1, 437, 174, 498, 209], [1, 2, 343, 197, 449, 272], [1, 5, 406, 179, 450, 213], [1, 6, 205, 180, 379, 330], [1, 8, 328, 179, 425, 238], [1, 9, 336, 214, 599, 399], [2, 0, 0, 54, 179, 233], [3, 0, 0, 31, 599, 399]], [[1, 7, 267, 203, 324, 260], [2, 0, 0, 155, 599, 399], [3, 0, 0, 0, 599, 398], [3, 6, 221, 0, 241, 19], [3, 7, 97, 0, 116, 9], [3, 8, 257, 60, 257, 60]], [[1, 1, 592, 198, 599, 205], [1, 2, 0, 241, 226, 399], [1, 5, 497, 180, 599, 260], [1, 6, 0, 229, 115, 326], [1, 8, 224, 184, 384, 319], [2, 0, 0, 91, 192, 227], [3, 0, 0, 24, 599, 399]], [[1, 1, 597, 195, 599, 196], [1, 2, 340, 186, 435, 270], [1, 5, 531, 179, 599, 227], [1, 6, 233, 163, 343, 236], [1, 8, 392, 170, 472, 234], [1, 9, 249, 191, 353, 305], [2, 0, 0, 57, 291, 180], [3, 0, 0, 0, 599, 399]]], "distance_down_track": [712.6583862304688, 712.6583862304688, 619.34228515625, 619.34228515625, 619.34228515625, 656.4569091796875, 619.34228515625, 633.04345703125, 619.34228515625, 605.3455200195312], "velocity": [[-4.927305221557617, 0.10543549805879593, -1.0283006429672241], [0.08500576764345169, 0.06380777806043625, 1.1321262121200562], [-0.8567216396331787, 0.047838244587183, 0.9694965481758118], [0.3701082170009613, -2.0790066719055176, -21.666852951049805], [-1.5666027069091797, -2.467186212539673, -21.047164916992188], [-0.15398208796977997, 0.11125462502241135, 1.0999873876571655], [0.17829425632953644, 0.28076571226119995, 0.2091616541147232], [-8.343478202819824, -2.8276069164276123, -20.293643951416016], [0.4347997307777405, -0.013331984169781208, 2.1542670726776123], [-1.864698886871338, 0.0631604865193367, -0.12217279523611069]]}