{"track": "overworld", "karts": ["beastie", "kiki", "hexley", "emule", "amanda", "wilber", "adiumy", "xue", "suzanne", "nolok"], "detections": [[[1, 0, 255, 190, 341, 262], [3, 0, 0, 103, 563, 168]], [[1, 1, 271, 181, 337, 258], [1, 2, 312, 157, 315, 159], [1, 4, 281, 160, 287, 165], [1, 8, 462, 133, 467, 134], [1, 9, 522, 126, 528, 128], [3, 0, 0, 0, 599, 188]], [[1, 2, 267, 196, 333, 274], [3, 0, 0, 0, 599, 399]], [[1, 3, 243, 200, 357, 281], [1, 6, 226, 200, 396, 399], [2, 7, 210, 144, 288, 161], [2, 24, 289, 144, 392, 162], [3, 0, 0, 0, 599, 172], [3, 7, 115, 0, 288, 159], [3, 24, 287, 0, 472, 161]], [[1, 2, 353, 159, 366, 168], [1, 4, 260, 192, 341, 260], [3, 0, 0, 0, 599, 206]], [[1, 5, 265, 189, 341, 262], [1, 7, 371, 139, 379, 144], [2, 0, 396, 135, 402, 140], [3, 0, 0, 0, 599, 251], [3, 4, 515, 100, 517, 102], [3, 6, 418, 100, 418, 100]], [[1, 3, 259, 224, 338, 273], [1, 6, 250, 190, 355, 302], [2, 7, 216, 155, 290, 171], [2, 24, 291, 155, 388, 172], [3, 0, 0, 0, 599, 182], [3, 7, 130, 0, 290, 168], [3, 24, 289, 0, 464, 171]], [[1, 7, 263, 187, 329, 261], [2, 0, 264, 154, 281, 171], [3, 0, 0, 10, 599, 165], [3, 24, 285, 128, 288, 129]], [[1, 5, 370, 181, 373, 184], [1, 7, 432, 178, 433, 179], [1, 8, 260, 201, 337, 259], [1, 9, 311, 168, 324, 178], [3, 0, 0, 67, 599, 200], [3, 6, 590, 133, 591, 133]], [[1, 5, 347, 175, 350, 178], [1, 7, 406, 169, 409, 171], [1, 9, 270, 203, 331, 260], [3, 0, 0, 77, 599, 213]]], "distance_down_track": [976.5015258789062, 1283.9361572265625, 1342.851806640625, 608.70849609375, 1320.438232421875, 1442.0528564453125, 621.8305053710938, 20.3427791595459, 1382.8348388671875, 1394.325439453125], "velocity": [[14.072609901428223, -0.3468896448612213, -16.56053924560547], [1.1184167861938477, 3.0536816120147705, -19.394235610961914], [-9.317656517028809, 2.078472852706909, -12.061958312988281], [-0.32763102650642395, -0.798844575881958, 4.782862186431885], [-1.953188180923462, 3.51045560836792, -21.360523223876953], [-12.943588256835938, -3.9580063819885254, 14.2656888961792], [-0.026719601824879646, 0.524889349937439, 0.2820119857788086], [3.8825440406799316, -2.0556981563568115, 22.50229835510254], [-19.409177780151367, -0.1180591806769371, 7.194433212280273], [-18.368104934692383, -1.2731987237930298, 9.459474563598633]]}