{"track": "overworld", "karts": ["beastie", "kiki", "hexley", "emule", "amanda", "wilber", "adiumy", "xue", "suzanne", "nolok"], "detections": [[[1, 0, 256, 189, 342, 263], [3, 0, 255, 108, 537, 175]], [[1, 1, 267, 183, 328, 253], [1, 2, 480, 169, 489, 172], [3, 0, 0, 91, 505, 179], [3, 7, 298, 163, 301, 164], [3, 24, 302, 163, 305, 164]], [[1, 0, 128, 177, 132, 179], [1, 2, 267, 196, 322, 266], [3, 0, 356, 65, 599, 161]], [[1, 3, 246, 198, 364, 319], [1, 6, 249, 284, 353, 376], [2, 7, 186, 178, 264, 194], [2, 24, 265, 178, 358, 194], [3, 0, 0, 0, 599, 210], [3, 7, 90, 0, 263, 192], [3, 24, 260, 0, 421, 192]], [[1, 4, 263, 191, 344, 262], [2, 0, 393, 135, 398, 140], [3, 0, 0, 0, 599, 259], [3, 4, 507, 100, 507, 101], [3, 7, 511, 99, 516, 103], [3, 8, 510, 102, 510, 102]], [[1, 5, 261, 189, 330, 254], [1, 9, 275, 182, 302, 207], [3, 0, 0, 0, 599, 168]], [[1, 3, 235, 117, 363, 238], [1, 6, 250, 227, 355, 301], [2, 7, 216, 157, 281, 174], [2, 24, 318, 158, 387, 175], [3, 0, 0, 0, 599, 187], [3, 7, 129, 0, 289, 171], [3, 24, 289, 0, 464, 174]], [[1, 4, 542, 192, 548, 195], [1, 7, 258, 184, 337, 275], [3, 0, 0, 0, 599, 399]], [[1, 5, 376, 180, 416, 211], [1, 8, 259, 201, 330, 257], [1, 9, 361, 179, 381, 194], [3, 0, 0, 0, 599, 168]], [[1, 5, 241, 358, 428, 399], [1, 9, 266, 203, 326, 260], [3, 0, 0, 0, 599, 161]]], "distance_down_track": [1092.427978515625, 99.2182388305664, 178.98387145996094, 621.7161865234375, 1441.702392578125, 1229.6729736328125, 621.8712158203125, 1353.1512451171875, 1225.3497314453125, 1232.645263671875], "velocity": [[3.5792932510375977, 2.9144837856292725, -21.23922348022461], [0.0971018522977829, 0.896270751953125, 21.831396102905273], [21.164649963378906, 0.6199793815612793, -0.9381425976753235], [0.28540998697280884, 0.3559891879558563, 0.29016393423080444], [-13.96312427520752, -4.400937080383301, 16.064653396606445], [-2.5226891040802, -0.5304574370384216, -21.955429077148438], [-0.012391127645969391, 0.06062879040837288, -1.2493939399719238], [-16.10869789123535, 2.324504852294922, -4.643021106719971], [-2.2218143939971924, 0.27484574913978577, -23.292661666870117], [-2.495155096054077, -0.5411036014556885, -20.859329223632812]]}