{"track": "overworld", "karts": ["beastie", "kiki", "hexley", "emule", "amanda", "wilber", "adiumy", "xue", "suzanne", "nolok"], "detections": [[[1, 0, 251, 187, 351, 273], [3, 0, 0, 84, 500, 163], [3, 4, 289, 151, 289, 151], [3, 7, 296, 151, 299, 152], [3, 24, 300, 151, 302, 152], [3, 25, 304, 152, 304, 152]], [[1, 1, 270, 183, 331, 252], [1, 2, 206, 161, 212, 165], [1, 3, 157, 162, 158, 163], [3, 0, 0, 100, 583, 174], [3, 1, 44, 156, 70, 161], [3, 2, 56, 143, 68, 153], [3, 3, 53, 134, 59, 140], [3, 4, 50, 119, 56, 130], [3, 7, 46, 127, 79, 163], [3, 8, 46, 129, 47, 130], [3, 24, 77, 122, 106, 163], [3, 25, 79, 122, 99, 135], [255, 16777215, 0, 149, 286, 183]], [[1, 2, 275, 196, 325, 265], [1, 3, 274, 161, 279, 165], [3, 0, 0, 101, 532, 167], [3, 1, 163, 154, 191, 171], [3, 2, 189, 137, 201, 150], [3, 3, 187, 128, 195, 136], [3, 4, 185, 113, 197, 124], [3, 7, 215, 121, 237, 161], [3, 8, 215, 124, 223, 134], [3, 24, 234, 121, 258, 160], [3, 25, 242, 122, 257, 144], [255, 16777215, 0, 146, 463, 193]], [[1, 3, 273, 200, 329, 257], [1, 6, 298, 152, 299, 152], [2, 24, 302, 149, 314, 149], [3, 0, 0, 0, 599, 175], [3, 1, 0, 127, 94, 182], [3, 2, 139, 93, 175, 125], [3, 3, 131, 64, 161, 90], [3, 4, 122, 25, 164, 65], [3, 7, 266, 90, 295, 148], [3, 8, 267, 93, 280, 109], [3, 24, 293, 89, 323, 149], [3, 25, 306, 92, 323, 115]], [[1, 4, 264, 191, 345, 262], [3, 0, 0, 50, 434, 223]], [[1, 5, 260, 189, 335, 257], [3, 0, 0, 75, 599, 203], [3, 5, 592, 153, 592, 153]], [[1, 6, 264, 194, 338, 266], [2, 7, 27, 146, 261, 200], [2, 24, 260, 149, 579, 205], [3, 7, 0, 0, 259, 189], [3, 24, 253, 0, 599, 203]], [[1, 4, 384, 144, 389, 147], [1, 7, 264, 186, 332, 265], [3, 0, 0, 97, 566, 171]], [[1, 0, 290, 164, 292, 165], [1, 8, 258, 200, 334, 261], [1, 9, 337, 168, 341, 170], [3, 0, 0, 87, 382, 170], [3, 7, 285, 161, 286, 162], [3, 24, 287, 161, 289, 162]], [[1, 0, 35, 154, 50, 161], [1, 9, 269, 203, 329, 259], [3, 0, 0, 100, 191, 153], [3, 4, 113, 150, 113, 150], [3, 7, 126, 149, 128, 150], [3, 8, 125, 150, 125, 150]]], "distance_down_track": [172.81947326660156, 310.2080383300781, 310.2080383300781, 310.2080383300781, 1035.413330078125, 1381.0830078125, 621.8235473632812, 981.6630859375, 82.52749633789062, 140.2159881591797], "velocity": [[-0.29914960265159607, 0.07154762744903564, 18.39746856689453], [15.817497253417969, -1.822792410850525, 14.963513374328613], [5.558182239532471, -1.8432356119155884, 21.050691604614258], [-0.6284857392311096, -2.9835309982299805, 22.797006607055664], [4.693493366241455, -0.06749410927295685, -21.22208023071289], [-18.877309799194336, 0.02242320030927658, 5.509881973266602], [-0.22826004028320312, -0.6428122520446777, -3.155820608139038], [12.239139556884766, -0.49543777108192444, -16.68675994873047], [1.3162660598754883, 0.5857217907905579, 20.649803161621094], [11.808764457702637, -0.10908003151416779, 17.000913619995117]]}