{"track": "overworld", "karts": ["beastie", "kiki", "hexley", "emule", "amanda", "wilber", "adiumy", "xue", "suzanne", "nolok"], "detections": [[[1, 0, 256, 177, 336, 247], [3, 0, 0, 0, 599, 190], [3, 4, 308, 142, 309, 145], [3, 7, 313, 139, 321, 146], [3, 8, 313, 144, 313, 144], [3, 24, 322, 139, 331, 146], [3, 25, 325, 139, 327, 140]], [[1, 1, 271, 182, 337, 259], [1, 2, 373, 146, 376, 146], [1, 8, 420, 137, 425, 140], [1, 9, 493, 128, 498, 130], [3, 0, 0, 0, 599, 227]], [[1, 2, 267, 195, 329, 281], [1, 8, 308, 163, 328, 176], [1, 9, 367, 160, 377, 166], [3, 0, 0, 0, 599, 399]], [[1, 3, 257, 199, 340, 285], [1, 6, 516, 313, 599, 399], [2, 7, 110, 146, 297, 188], [2, 24, 298, 146, 551, 189], [3, 7, 0, 0, 297, 182], [3, 24, 298, 0, 599, 186]], [[1, 4, 256, 191, 338, 262], [3, 0, 4, 0, 599, 157]], [[1, 5, 258, 190, 333, 258], [2, 0, 425, 147, 434, 154], [3, 0, 0, 17, 574, 146], [3, 4, 495, 113, 497, 114], [3, 7, 501, 112, 506, 115], [3, 8, 500, 114, 500, 114], [3, 24, 507, 112, 513, 115]], [[1, 3, 184, 176, 245, 222], [1, 6, 262, 193, 341, 276], [2, 7, 116, 143, 262, 179], [2, 24, 262, 146, 463, 183], [3, 0, 0, 72, 599, 187], [3, 7, 0, 0, 261, 171], [3, 24, 256, 0, 599, 183]], [[1, 5, 301, 143, 313, 153], [1, 7, 271, 187, 338, 265], [2, 0, 393, 135, 398, 140], [3, 0, 0, 0, 599, 247], [3, 6, 415, 100, 415, 100], [3, 7, 518, 100, 522, 102]], [[1, 5, 462, 193, 465, 194], [1, 7, 437, 191, 438, 192], [1, 8, 256, 201, 339, 265], [1, 9, 328, 166, 341, 176], [3, 0, 0, 33, 599, 200]], [[1, 5, 404, 188, 406, 189], [1, 7, 384, 188, 385, 189], [1, 9, 267, 203, 329, 261], [3, 0, 0, 62, 599, 202], [3, 5, 597, 154, 599, 155]]], "distance_down_track": [260.990234375, 1296.0772705078125, 1353.458251953125, 620.0499267578125, 1149.0457763671875, 1458.49609375, 617.71630859375, 1440.1224365234375, 1363.744384765625, 1376.3831787109375], "velocity": [[-0.6239873766899109, -1.2716147899627686, 24.10842514038086], [2.4975314140319824, 2.7759127616882324, -19.307222366333008], [-16.54592514038086, 2.3882896900177, -4.842924118041992], [-0.49334102869033813, -1.9678961038589478, 14.375154495239258], [-4.714725494384766, 0.2078237682580948, -21.216463088989258], [-9.883933067321777, -3.165107011795044, 16.703357696533203], [-1.0553184747695923, -1.899779200553894, 13.762430191040039], [-13.46265983581543, -4.327754020690918, 15.116787910461426], [-18.813108444213867, 1.9195504188537598, 0.6064493060112], [-19.944440841674805, 0.9511967301368713, 5.459348678588867]]}