{"track": "tutorial", "karts": ["puffy", "hexley", "tux", "suzanne", "pidgin", "nolok", "beastie", "gavroche", "amanda", "adiumy"], "detections": [[[1, 0, 206, 201, 383, 319], [2, 0, 280, 134, 363, 154], [3, 0, 0, 15, 599, 399], [3, 8, 4, 24, 21, 40]], [[1, 1, 239, 193, 348, 349], [1, 3, 452, 167, 457, 170], [2, 0, 0, 160, 599, 399], [3, 0, 0, 0, 599, 263], [3, 8, 126, 37, 135, 48]], [[1, 2, 235, 196, 368, 313], [2, 0, 0, 164, 599, 399], [3, 0, 0, 15, 599, 252]], [[1, 3, 264, 201, 355, 280], [1, 4, 170, 177, 178, 180], [2, 0, 0, 139, 599, 399], [3, 0, 0, 37, 599, 375]], [[1, 4, 240, 214, 350, 293], [1, 5, 281, 132, 284, 135], [1, 6, 270, 141, 275, 145], [2, 0, 37, 109, 599, 399], [3, 0, 0, 0, 599, 399]], [[1, 5, 271, 203, 337, 266], [2, 0, 0, 128, 599, 399], [3, 0, 0, 0, 599, 239]], [[1, 5, 309, 147, 322, 159], [1, 6, 258, 186, 360, 281], [2, 0, 0, 115, 599, 399], [3, 0, 0, 0, 599, 244]], [[1, 7, 275, 203, 328, 252], [1, 8, 275, 159, 293, 173], [1, 9, 295, 153, 301, 157], [2, 0, 0, 157, 599, 399], [3, 0, 0, 0, 599, 355]], [[1, 8, 267, 185, 329, 236], [1, 9, 328, 159, 336, 165], [2, 0, 0, 163, 599, 399], [3, 0, 0, 44, 599, 292]], [[1, 9, 272, 195, 335, 245], [2, 0, 0, 176, 599, 399], [3, 0, 0, 0, 599, 338]]], "distance_down_track": [711.69189453125, 700.7485961914062, 753.8200073242188, 741.5721435546875, 741.5721435546875, 753.8200073242188, 741.5721435546875, 753.8200073242188, 741.5721435546875, 741.5721435546875], "velocity": [[-4.0934224128723145, 0.15792258083820343, -2.696054220199585], [-3.966430902481079, -0.5318015217781067, -4.415168762207031], [-0.004939920734614134, 0.08187701553106308, 0.11595660448074341], [-12.961716651916504, -1.304666519165039, 0.3997285068035126], [-7.691087245941162, -0.986537516117096, -9.256324768066406], [-16.341182708740234, 2.1683692932128906, -10.64693546295166], [-12.183812141418457, 1.0475540161132812, -13.218422889709473], [-21.24802017211914, 3.3244524002075195, 8.152896881103516], [-29.777345657348633, 4.759839057922363, 9.611252784729004], [-18.35955238342285, 3.803616762161255, 17.19086456298828]]}