{"track": "snowtuxpeak", "karts": ["pidgin", "amanda", "xue", "tux", "gavroche", "emule", "puffy", "sara_the_wizard", "beastie", "gnu"], "detections": [[[1, 0, 252, 211, 338, 273], [1, 1, 372, 153, 378, 157], [1, 3, 383, 154, 388, 158], [1, 5, 371, 152, 372, 153], [1, 6, 336, 181, 394, 219], [1, 9, 378, 150, 379, 153], [2, 0, 0, 0, 599, 399], [3, 0, 0, 0, 599, 394]], [[1, 1, 260, 192, 339, 257], [1, 3, 512, 319, 599, 399], [1, 5, 277, 156, 283, 159], [1, 9, 295, 154, 306, 167], [2, 0, 0, 157, 599, 399], [3, 0, 0, 0, 599, 257]], [[1, 2, 266, 187, 334, 264], [1, 7, 285, 158, 294, 171], [2, 0, 0, 147, 599, 399], [3, 0, 0, 0, 599, 327]], [[1, 1, 201, 177, 246, 211], [1, 3, 270, 198, 331, 249], [1, 5, 255, 158, 260, 160], [1, 9, 260, 155, 269, 166], [2, 0, 0, 158, 599, 399], [3, 0, 0, 0, 599, 312]], [[1, 0, 369, 175, 386, 183], [1, 1, 558, 173, 564, 173], [1, 3, 569, 173, 574, 173], [1, 4, 264, 193, 325, 246], [1, 6, 396, 174, 416, 182], [2, 0, 0, 15, 599, 399], [3, 0, 0, 0, 599, 271]], [[1, 5, 272, 199, 332, 261], [2, 0, 0, 156, 599, 399], [3, 0, 0, 0, 599, 310]], [[1, 0, 0, 351, 174, 399], [1, 1, 352, 152, 358, 156], [1, 3, 363, 153, 369, 157], [1, 5, 352, 151, 354, 152], [1, 6, 245, 201, 348, 273], [1, 9, 358, 149, 360, 152], [2, 0, 0, 0, 524, 399], [3, 0, 0, 0, 599, 399]], [[1, 7, 279, 188, 319, 266], [2, 0, 0, 149, 599, 399], [3, 0, 0, 0, 599, 275]], [[1, 0, 339, 145, 341, 145], [1, 4, 287, 148, 294, 152], [1, 6, 351, 144, 355, 145], [1, 8, 241, 186, 356, 283], [2, 0, 0, 79, 599, 399], [3, 0, 0, 0, 599, 246], [4, 14, 352, 153, 371, 168], [4, 15, 303, 153, 320, 168], [4, 16, 254, 153, 271, 169]], [[1, 5, 270, 158, 277, 163], [1, 9, 270, 159, 329, 228], [2, 0, 0, 158, 599, 399], [3, 0, 0, 0, 599, 327]]], "distance_down_track": [922.608154296875, 965.6482543945312, 67.99029541015625, 962.8555297851562, 903.5679931640625, 13.4053316116333, 925.3438110351562, 82.35871887207031, 870.0888671875, 977.7874145507812], "velocity": [[-4.7058234214782715, 0.02784445881843567, 17.54253387451172], [-0.556540310382843, 0.08177836984395981, 23.0322322845459], [-20.589336395263672, 1.212239146232605, 1.7605657577514648], [0.42810431122779846, 0.08190592378377914, 24.87818145751953], [-19.29370880126953, 1.7935212850570679, 11.441195487976074], [-8.454463005065918, 0.08189846575260162, 19.24681282043457], [-4.2433037757873535, 0.018316447734832764, 18.07434844970703], [-20.63117027282715, 1.4111214876174927, 0.9238671064376831], [-15.152888298034668, -0.6631220579147339, 3.5040836334228516], [-0.7487097382545471, 0.08191041648387909, 21.652902603149414]]}