{"track": "tutorial", "karts": ["puffy", "hexley", "tux", "suzanne", "pidgin", "nolok", "beastie", "gavroche", "amanda", "adiumy"], "detections": [[[1, 0, 203, 201, 386, 323], [1, 1, 405, 155, 416, 166], [1, 2, 414, 157, 427, 167], [1, 3, 391, 157, 405, 166], [1, 5, 500, 162, 530, 175], [1, 6, 377, 154, 394, 165], [1, 7, 361, 158, 375, 169], [2, 0, 261, 134, 348, 155], [3, 0, 0, 27, 599, 399]], [[1, 1, 244, 192, 354, 350], [1, 2, 335, 207, 486, 321], [1, 3, 71, 216, 264, 353], [1, 6, 0, 183, 181, 305], [2, 0, 0, 110, 35, 124], [3, 0, 0, 30, 599, 399]], [[1, 1, 104, 179, 261, 342], [1, 2, 235, 196, 365, 313], [1, 3, 0, 204, 152, 348], [1, 6, 0, 175, 94, 255], [3, 0, 0, 20, 599, 399]], [[1, 1, 330, 177, 466, 314], [1, 2, 413, 190, 576, 286], [1, 3, 222, 201, 375, 321], [1, 6, 77, 171, 255, 292], [2, 0, 0, 91, 28, 102], [3, 0, 0, 20, 599, 399]], [[1, 4, 251, 209, 332, 262], [2, 0, 0, 158, 599, 399], [3, 0, 0, 0, 599, 348], [3, 6, 210, 1, 228, 29], [3, 7, 82, 0, 102, 11]], [[1, 5, 235, 206, 355, 321], [2, 0, 520, 0, 599, 58], [3, 0, 0, 0, 599, 399]], [[1, 1, 267, 166, 363, 216], [1, 2, 306, 172, 347, 197], [1, 3, 310, 182, 390, 250], [1, 5, 349, 157, 371, 176], [1, 6, 206, 179, 381, 329], [3, 0, 0, 26, 599, 399]], [[1, 1, 353, 158, 382, 188], [1, 2, 378, 163, 410, 191], [1, 3, 324, 163, 357, 190], [1, 6, 285, 154, 326, 184], [1, 7, 239, 205, 352, 321], [2, 0, 0, 94, 211, 157], [3, 0, 0, 25, 599, 399]], [[1, 4, 348, 171, 362, 177], [1, 8, 260, 191, 335, 255], [2, 0, 0, 173, 599, 399], [3, 0, 0, 59, 599, 377], [3, 6, 395, 48, 412, 69], [3, 7, 309, 61, 323, 74]], [[1, 9, 250, 190, 354, 302], [2, 0, 0, 180, 599, 399], [3, 0, 0, 117, 599, 267], [3, 6, 280, 117, 289, 126], [3, 7, 233, 111, 242, 118]]], "distance_down_track": [712.6583862304688, 712.6583862304688, 590.8922729492188, 576.2125244140625, 576.2125244140625, 619.34228515625, 576.2125244140625, 605.3455200195312, 561.7310180664062, 561.7310180664062], "velocity": [[-4.378398418426514, 0.10736336559057236, -2.4895482063293457], [0.0016497904434800148, 0.09348009526729584, 0.9910703301429749], [-0.1025262176990509, 0.08620602637529373, 0.0024008932523429394], [-0.3256007134914398, 0.1182309091091156, 0.07883122563362122], [-5.0127482414245605, -2.7766170501708984, -23.460289001464844], [1.4567289352416992, 0.11630156636238098, 1.7102502584457397], [0.12244194000959396, 0.05738223344087601, 0.7562288641929626], [-5.0646257400512695, 0.10455299913883209, -0.285197913646698], [6.00944709777832, -1.537555456161499, -23.339773178100586], [0.7056345343589783, 0.1971784383058548, 0.15677544474601746]]}