{"track": "tutorial", "karts": ["puffy", "hexley", "tux", "suzanne", "pidgin", "nolok", "beastie", "gavroche", "amanda", "adiumy"], "detections": [[[1, 0, 204, 201, 388, 327], [1, 1, 325, 156, 341, 174], [1, 2, 229, 154, 255, 170], [1, 3, 164, 157, 201, 178], [1, 4, 218, 159, 244, 173], [1, 5, 301, 157, 325, 172], [1, 7, 261, 156, 284, 170], [2, 0, 72, 117, 254, 156], [3, 0, 0, 33, 599, 399]], [[1, 1, 243, 192, 354, 351], [1, 5, 105, 198, 263, 288], [1, 7, 0, 233, 67, 266], [2, 0, 0, 98, 75, 131], [3, 0, 0, 46, 599, 399]], [[1, 1, 364, 156, 432, 192], [1, 2, 223, 196, 354, 317], [1, 4, 368, 236, 599, 399], [1, 5, 347, 165, 390, 203], [1, 7, 310, 179, 365, 241], [2, 0, 0, 245, 12, 261], [3, 0, 0, 26, 599, 399]], [[1, 1, 518, 172, 599, 219], [1, 2, 310, 164, 369, 199], [1, 3, 221, 201, 369, 322], [1, 4, 320, 181, 378, 222], [1, 5, 466, 171, 536, 206], [1, 7, 377, 168, 438, 202], [2, 0, 0, 71, 307, 166], [3, 0, 0, 0, 599, 399]], [[1, 1, 520, 183, 599, 237], [1, 2, 222, 176, 329, 250], [1, 4, 222, 217, 371, 322], [1, 5, 459, 178, 551, 230], [1, 7, 340, 179, 432, 237], [2, 0, 0, 56, 233, 186], [3, 0, 0, 21, 599, 399]], [[1, 1, 255, 176, 393, 251], [1, 5, 228, 206, 347, 325], [3, 0, 0, 31, 599, 399]], [[1, 6, 258, 189, 337, 257], [1, 8, 314, 172, 340, 193], [2, 0, 0, 177, 599, 399], [3, 0, 0, 73, 599, 290], [3, 6, 418, 63, 434, 83], [3, 7, 335, 76, 346, 89], [3, 8, 448, 103, 448, 103]], [[1, 1, 317, 170, 394, 214], [1, 2, 134, 337, 313, 399], [1, 5, 301, 179, 349, 231], [1, 7, 229, 205, 343, 325], [3, 0, 0, 22, 599, 399]], [[1, 8, 260, 192, 336, 255], [2, 0, 0, 173, 599, 399], [3, 0, 0, 60, 599, 369], [3, 6, 401, 49, 417, 70], [3, 7, 315, 62, 327, 75]], [[1, 9, 250, 194, 360, 305], [2, 0, 0, 174, 599, 399], [3, 0, 0, 17, 599, 310], [5, 5, 193, 170, 198, 176], [5, 6, 134, 175, 134, 175], [5, 7, 118, 175, 120, 176], [5, 8, 96, 176, 99, 177], [5, 12, 221, 169, 226, 175], [5, 13, 243, 168, 247, 174]]], "distance_down_track": [712.6583862304688, 712.6583862304688, 420.1153259277344, 420.1153259277344, 420.1153259277344, 512.133544921875, 400.4352722167969, 473.2306823730469, 383.7624206542969, 383.7624206542969], "velocity": [[-4.94671106338501, 0.09752969443798065, -0.7390590906143188], [-0.14592678844928741, 0.11310342699289322, 0.00911558698862791], [-0.938309907913208, -0.03703993558883667, 2.800488233566284], [-6.4105634689331055, 0.12007953226566315, 0.014742495492100716], [-0.12472330778837204, 0.004683691542595625, 2.669469118118286], [0.1448734998703003, 0.15139883756637573, 1.751242756843567], [8.114171028137207, -0.9518307447433472, -22.726125717163086], [-0.18029029667377472, 0.17501166462898254, 1.8462125062942505], [6.634109020233154, -1.4894187450408936, -23.1731014251709], [-0.4691464304924011, 0.13380679488182068, 0.24400094151496887]]}