{"track": "overworld", "karts": ["beastie", "kiki", "hexley", "emule", "amanda", "wilber", "adiumy", "xue", "suzanne", "nolok"], "detections": [[[1, 0, 259, 189, 345, 263], [3, 0, 0, 92, 516, 199]], [[1, 1, 269, 183, 330, 252], [1, 2, 450, 149, 456, 152], [3, 0, 0, 142, 403, 173], [3, 4, 330, 152, 330, 155], [3, 6, 2, 166, 33, 179], [3, 7, 302, 152, 308, 156], [3, 24, 309, 152, 316, 155], [255, 16777215, 148, 164, 429, 198]], [[1, 2, 277, 196, 328, 265], [1, 3, 146, 152, 151, 155], [3, 0, 0, 112, 597, 163]], [[1, 3, 272, 200, 329, 257], [3, 0, 0, 101, 537, 167], [3, 1, 165, 154, 193, 171], [3, 2, 191, 137, 203, 151], [3, 3, 189, 128, 199, 136], [3, 4, 187, 112, 200, 126], [3, 7, 219, 121, 241, 162], [3, 8, 219, 123, 229, 134], [3, 24, 238, 121, 262, 161], [3, 25, 247, 123, 261, 146], [255, 16777215, 0, 147, 472, 193]], [[1, 4, 258, 191, 340, 259], [3, 0, 0, 82, 599, 210]], [[1, 5, 257, 189, 333, 260], [3, 0, 0, 87, 381, 170], [3, 7, 284, 161, 285, 162], [3, 24, 286, 161, 288, 162]], [[1, 6, 264, 194, 338, 269], [2, 7, 30, 145, 262, 198], [2, 24, 260, 147, 578, 202], [3, 7, 0, 0, 259, 188], [3, 24, 253, 0, 599, 200]], [[1, 7, 261, 187, 329, 264], [1, 8, 17, 202, 190, 295], [1, 9, 291, 141, 294, 143], [3, 0, 0, 0, 599, 168]], [[1, 7, 357, 182, 420, 236], [1, 8, 261, 200, 337, 258], [1, 9, 283, 145, 286, 147], [3, 0, 0, 0, 599, 162]], [[1, 4, 464, 104, 466, 105], [1, 9, 272, 203, 333, 261], [3, 0, 0, 0, 599, 180]]], "distance_down_track": [1063.14599609375, 195.050048828125, 195.050048828125, 195.050048828125, 1390.3837890625, 82.23505401611328, 621.5653076171875, 1220.0155029296875, 1218.859130859375, 1274.5050048828125], "velocity": [[7.239241600036621, -0.45491188764572144, -20.48893928527832], [9.0166654586792, -0.020226644352078438, 19.90281105041504], [20.938732147216797, -1.999696969985962, 5.915508270263672], [5.457555294036865, -1.9304128885269165, 22.259572982788086], [-19.530065536499023, -1.486228108406067, 9.422201156616211], [1.3333784341812134, 0.6970921158790588, 19.60735511779785], [-0.366849809885025, -2.151489734649658, 15.633784294128418], [-1.812955379486084, -0.5304032564163208, -20.613632202148438], [-2.6430959701538086, -0.667570173740387, -20.51970672607422], [0.4772448241710663, 2.0742504596710205, -20.485897064208984]]}