{"track": "tutorial", "karts": ["puffy", "hexley", "tux", "suzanne", "pidgin", "nolok", "beastie", "gavroche", "amanda", "adiumy"], "detections": [[[1, 0, 220, 200, 374, 310], [1, 3, 377, 154, 388, 162], [2, 0, 324, 124, 473, 152], [3, 0, 0, 0, 599, 399], [3, 8, 90, 2, 101, 16]], [[1, 1, 240, 192, 351, 350], [1, 3, 359, 192, 367, 197], [2, 0, 0, 162, 599, 399], [3, 0, 0, 0, 599, 327], [3, 8, 115, 35, 125, 46]], [[1, 1, 303, 135, 305, 135], [1, 2, 267, 198, 333, 254], [2, 0, 0, 135, 599, 399], [3, 0, 0, 37, 599, 281], [3, 6, 332, 49, 344, 65], [3, 7, 275, 48, 285, 60]], [[1, 3, 221, 203, 350, 334], [2, 0, 0, 49, 263, 195], [3, 0, 0, 0, 599, 399]], [[1, 4, 264, 210, 335, 256], [1, 7, 284, 170, 285, 171], [2, 0, 0, 170, 599, 399], [3, 0, 0, 0, 599, 275], [3, 6, 258, 130, 264, 137], [3, 7, 212, 122, 214, 126]], [[1, 0, 346, 30, 400, 67], [1, 5, 237, 205, 355, 317], [2, 0, 157, 0, 358, 102], [3, 0, 0, 0, 599, 399]], [[1, 4, 272, 161, 280, 165], [1, 6, 261, 190, 340, 256], [1, 9, 277, 161, 287, 169], [2, 0, 0, 163, 599, 399], [3, 0, 0, 109, 599, 304], [3, 6, 223, 135, 223, 135], [3, 7, 170, 125, 175, 133]], [[1, 2, 276, 169, 281, 173], [1, 7, 271, 202, 328, 259], [2, 0, 0, 157, 599, 399], [3, 0, 0, 88, 599, 265], [3, 6, 281, 88, 290, 100], [3, 7, 231, 81, 240, 90]], [[1, 6, 66, 142, 77, 146], [1, 8, 260, 192, 336, 255], [2, 0, 123, 150, 599, 399], [3, 0, 0, 103, 599, 399], [5, 20, 278, 155, 282, 161], [5, 21, 255, 155, 260, 161], [5, 22, 225, 154, 231, 161]], [[1, 4, 283, 172, 305, 186], [1, 7, 281, 168, 282, 168], [1, 9, 273, 195, 328, 249], [2, 0, 0, 167, 599, 399], [3, 0, 0, 51, 599, 277], [3, 7, 209, 126, 213, 132]]], "distance_down_track": [706.9501953125, 712.6583862304688, 310.5081787109375, 299.29388427734375, 307.898193359375, 383.7624206542969, 268.0081787109375, 343.6702575683594, 225.50819396972656, 225.50819396972656], "velocity": [[-4.754006385803223, -10.095667839050293, -4.943221092224121], [-0.0615985170006752, 0.48520949482917786, -0.0011129826307296753], [5.274689674377441, -3.6641347408294678, -21.245464324951172], [-1.0028997659683228, 0.7307832837104797, 1.1412960290908813], [-1.703741431236267, 2.3138768672943115, -23.175594329833984], [4.547290802001953, 0.34489983320236206, -1.939191460609436], [-5.423882961273193, 1.433854103088379, -23.489315032958984], [0.6945241093635559, -3.6610870361328125, -21.086267471313477], [-24.131786346435547, 0.8147767186164856, -0.4641074240207672], [-2.219168186187744, 1.086341142654419, -22.866901397705078]]}