{"track": "tutorial", "karts": ["puffy", "hexley", "tux", "suzanne", "pidgin", "nolok", "beastie", "gavroche", "amanda", "adiumy"], "detections": [[[1, 0, 235, 198, 354, 289], [1, 1, 485, 135, 495, 146], [1, 3, 468, 134, 485, 144], [1, 4, 398, 131, 411, 137], [1, 8, 375, 128, 388, 138], [2, 0, 325, 109, 411, 131], [3, 0, 0, 0, 599, 399], [3, 8, 90, 13, 102, 26]], [[1, 1, 249, 192, 359, 351], [1, 3, 100, 199, 265, 303], [3, 0, 0, 10, 599, 399]], [[1, 2, 229, 196, 360, 312], [1, 6, 262, 163, 267, 166], [1, 7, 272, 165, 277, 168], [1, 9, 277, 164, 282, 169], [2, 0, 0, 151, 599, 399], [3, 0, 0, 80, 599, 257], [3, 6, 293, 81, 303, 93], [3, 7, 242, 73, 252, 83]], [[1, 1, 249, 174, 386, 251], [1, 3, 222, 201, 374, 320], [3, 0, 0, 7, 599, 399]], [[1, 4, 223, 217, 373, 318], [1, 8, 0, 250, 57, 375], [2, 0, 0, 71, 224, 210], [3, 0, 0, 33, 599, 399]], [[1, 5, 266, 202, 323, 259], [2, 0, 0, 170, 599, 399], [3, 0, 0, 44, 599, 399], [3, 6, 320, 31, 335, 55], [3, 7, 226, 37, 242, 54]], [[1, 6, 263, 190, 342, 258], [2, 0, 0, 139, 599, 399], [3, 0, 0, 54, 599, 329], [3, 6, 386, 45, 401, 62], [3, 7, 321, 51, 332, 63]], [[1, 5, 280, 132, 281, 132], [1, 6, 269, 158, 292, 178], [1, 7, 269, 203, 331, 264], [2, 0, 0, 133, 599, 399], [3, 0, 0, 44, 599, 281], [3, 6, 364, 44, 377, 60], [3, 7, 302, 46, 314, 58]], [[1, 4, 397, 194, 508, 250], [1, 8, 213, 188, 365, 341], [2, 0, 0, 52, 299, 194], [3, 0, 0, 0, 599, 399]], [[1, 5, 265, 133, 267, 134], [1, 6, 267, 157, 283, 169], [1, 7, 281, 172, 301, 191], [1, 9, 273, 195, 328, 250], [2, 0, 0, 135, 599, 399], [3, 0, 0, 43, 599, 280], [3, 6, 344, 49, 356, 64], [3, 7, 285, 48, 296, 60]]], "distance_down_track": [709.87744140625, 712.6583862304688, 561.7310180664062, 561.7310180664062, 561.7310180664062, 605.3455200195312, 547.9110717773438, 576.2125244140625, 547.9110717773438, 532.0], "velocity": [[-5.406888961791992, -0.058033622801303864, -4.307029724121094], [0.6251717805862427, 0.009511873126029968, 1.2936521768569946], [0.33854109048843384, -0.5633061528205872, -5.305788516998291], [-0.0621836856007576, 0.06533320993185043, 0.5938798785209656], [0.0967637449502945, 0.6875419616699219, 0.06510642170906067], [-1.9622074365615845, -2.6520256996154785, -22.204259872436523], [10.329537391662598, -2.9190194606781006, -21.633365631103516], [6.768543243408203, -2.95039963722229, -18.335840225219727], [-0.8301013112068176, 0.7244884371757507, 0.6349111199378967], [6.343539237976074, -3.773564100265503, -21.78347396850586]]}