{"track": "tutorial", "karts": ["puffy", "hexley", "tux", "suzanne", "pidgin", "nolok", "beastie", "gavroche", "amanda", "adiumy"], "detections": [[[1, 0, 201, 201, 389, 330], [1, 1, 353, 208, 364, 216], [1, 3, 389, 195, 398, 201], [1, 4, 366, 189, 374, 193], [1, 5, 481, 228, 490, 232], [1, 7, 391, 193, 400, 198], [2, 0, 0, 160, 599, 399], [3, 0, 0, 0, 599, 257], [3, 8, 126, 43, 135, 54]], [[1, 1, 242, 193, 350, 349], [1, 3, 306, 158, 327, 175], [1, 4, 225, 156, 249, 170], [1, 7, 299, 156, 311, 170], [2, 0, 78, 115, 262, 156], [3, 0, 0, 31, 599, 399]], [[1, 2, 261, 198, 337, 262], [1, 6, 341, 162, 350, 168], [2, 0, 0, 166, 599, 399], [3, 0, 0, 75, 599, 263], [3, 6, 465, 64, 484, 85], [3, 7, 381, 78, 393, 91], [3, 8, 505, 98, 505, 98]], [[1, 3, 225, 201, 378, 320], [1, 4, 0, 210, 38, 239], [1, 7, 221, 181, 320, 242], [2, 0, 0, 81, 170, 178], [3, 0, 0, 23, 599, 399]], [[1, 3, 458, 184, 564, 236], [1, 4, 216, 217, 365, 327], [1, 7, 391, 184, 455, 226], [2, 0, 0, 59, 163, 234], [3, 0, 0, 24, 599, 399]], [[1, 0, 464, 61, 474, 65], [1, 5, 236, 206, 357, 318], [2, 0, 439, 44, 595, 101], [3, 0, 0, 0, 599, 399]], [[1, 0, 387, 169, 398, 174], [1, 6, 253, 188, 338, 265], [1, 8, 328, 167, 346, 182], [2, 0, 0, 170, 599, 399], [3, 0, 0, 50, 599, 399], [3, 6, 360, 39, 375, 61], [3, 7, 272, 48, 285, 63]], [[1, 3, 337, 190, 487, 284], [1, 5, 368, 157, 384, 171], [1, 7, 232, 205, 347, 319], [3, 0, 0, 32, 599, 399]], [[1, 0, 343, 161, 357, 168], [1, 8, 257, 191, 334, 259], [2, 0, 0, 163, 599, 399], [3, 0, 0, 27, 599, 399], [3, 6, 286, 14, 302, 39], [3, 7, 183, 18, 201, 37]], [[1, 0, 368, 144, 368, 145], [1, 2, 273, 142, 283, 150], [1, 6, 296, 134, 301, 137], [1, 8, 321, 137, 322, 137], [1, 9, 267, 194, 334, 263], [2, 0, 0, 137, 599, 399], [3, 0, 0, 56, 599, 273], [3, 6, 408, 47, 422, 65], [3, 7, 341, 52, 352, 64]]], "distance_down_track": [699.9653930664062, 712.6583862304688, 605.3455200195312, 619.34228515625, 619.34228515625, 656.4569091796875, 605.3455200195312, 633.04345703125, 605.3455200195312, 590.8922729492188], "velocity": [[-1.5789529085159302, -0.16563239693641663, -1.785235047340393], [-4.829379558563232, 0.09734391421079636, -0.7075711488723755], [10.627270698547363, -0.23486833274364471, -15.74704647064209], [0.2827017307281494, 0.020023643970489502, 1.9806350469589233], [-0.4813106954097748, 0.05379079282283783, 0.7034420371055603], [2.5018935203552246, -0.008245203644037247, 1.6373363733291626], [2.0505142211914062, -2.1961510181427, -22.43488883972168], [-0.061451952904462814, 0.04118034243583679, 2.8488223552703857], [-4.599206924438477, -2.8515543937683105, -23.371379852294922], [8.164015769958496, -2.1450283527374268, -15.891018867492676]]}