{"track": "overworld", "karts": ["beastie", "kiki", "hexley", "emule", "amanda", "wilber", "adiumy", "xue", "suzanne", "nolok"], "detections": [[[1, 0, 258, 188, 344, 263], [3, 0, 0, 18, 599, 181]], [[1, 1, 272, 183, 332, 252], [1, 2, 370, 155, 382, 160], [1, 7, 454, 149, 465, 151], [1, 8, 177, 199, 245, 243], [1, 9, 345, 158, 351, 163], [3, 0, 0, 0, 599, 176]], [[1, 2, 266, 196, 331, 282], [1, 7, 350, 152, 367, 165], [3, 0, 0, 0, 599, 212]], [[1, 3, 244, 200, 356, 316], [1, 6, 291, 149, 311, 168], [2, 7, 194, 136, 286, 157], [2, 24, 287, 136, 407, 157], [3, 0, 0, 0, 599, 172], [3, 7, 83, 0, 286, 153], [3, 24, 284, 0, 503, 156]], [[1, 4, 259, 191, 340, 258], [3, 0, 0, 140, 599, 193], [3, 1, 260, 178, 268, 182], [3, 2, 267, 171, 271, 175], [3, 3, 266, 168, 269, 170], [3, 4, 266, 161, 270, 164], [3, 7, 274, 159, 286, 181], [3, 8, 275, 161, 278, 164], [3, 24, 285, 159, 299, 180], [3, 25, 295, 162, 298, 167]], [[1, 5, 260, 189, 331, 255], [3, 0, 0, 87, 460, 171], [3, 7, 283, 162, 285, 162], [3, 24, 286, 162, 288, 162]], [[1, 6, 264, 193, 340, 272], [2, 7, 84, 147, 269, 188], [2, 24, 269, 147, 519, 189], [3, 7, 0, 0, 268, 181], [3, 24, 262, 0, 599, 187]], [[1, 0, 419, 178, 423, 181], [1, 7, 259, 185, 335, 273], [3, 0, 0, 22, 599, 200]], [[1, 1, 417, 175, 528, 275], [1, 2, 376, 150, 387, 157], [1, 7, 457, 143, 465, 146], [1, 8, 266, 201, 342, 262], [1, 9, 349, 155, 357, 160], [3, 0, 0, 0, 599, 177]], [[1, 2, 385, 166, 426, 201], [1, 7, 484, 143, 502, 155], [1, 9, 271, 203, 330, 261], [3, 0, 0, 0, 599, 399]]], "distance_down_track": [1415.953369140625, 1311.1910400390625, 1345.88916015625, 611.2213745117188, 310.6812744140625, 82.4281234741211, 619.932373046875, 1360.3026123046875, 1312.14697265625, 1341.4893798828125], "velocity": [[-16.938814163208008, -4.436496734619141, 12.876501083374023], [3.6854124069213867, 2.827846050262451, -21.877254486083984], [-13.165234565734863, 2.36867094039917, -9.458771705627441], [-0.5715939998626709, -1.5348385572433472, 8.938834190368652], [2.132028341293335, -1.2665151357650757, 21.593067169189453], [1.42634916305542, 0.6133887767791748, 21.79476547241211], [-0.7834384441375732, -2.0484869480133057, 14.839611053466797], [-18.09040069580078, 2.0033164024353027, -1.0220476388931274], [2.526393413543701, 2.721853017807007, -20.364154815673828], [-7.08017110824585, 2.187206745147705, -16.574199676513672]]}