{"track": "snowtuxpeak", "karts": ["pidgin", "amanda", "xue", "tux", "gavroche", "emule", "puffy", "sara_the_wizard", "beastie", "gnu"], "detections": [[[1, 0, 264, 209, 333, 259], [1, 3, 273, 141, 277, 143], [1, 9, 287, 139, 290, 142], [2, 0, 0, 144, 599, 399], [3, 0, 0, 0, 599, 283]], [[1, 0, 227, 149, 228, 149], [1, 1, 260, 192, 337, 256], [1, 4, 234, 151, 238, 154], [1, 6, 263, 161, 280, 171], [1, 8, 242, 151, 249, 157], [2, 0, 144, 138, 599, 399], [3, 0, 0, 0, 599, 399], [4, 4, 247, 150, 252, 154], [4, 5, 223, 149, 229, 153]], [[1, 2, 264, 187, 332, 264], [1, 7, 293, 159, 301, 171], [2, 0, 0, 152, 599, 399], [3, 0, 0, 0, 599, 270], [3, 1, 327, 136, 343, 159], [4, 8, 253, 149, 257, 152]], [[1, 3, 267, 198, 335, 253], [1, 5, 239, 169, 257, 181], [2, 0, 173, 172, 599, 399], [3, 0, 0, 0, 599, 399]], [[1, 0, 299, 156, 307, 161], [1, 3, 287, 138, 290, 139], [1, 4, 272, 203, 325, 255], [1, 9, 297, 137, 299, 139], [2, 0, 0, 140, 599, 399], [3, 0, 0, 0, 599, 270], [4, 4, 392, 173, 446, 216], [4, 5, 215, 167, 258, 207]], [[1, 2, 199, 147, 204, 151], [1, 5, 271, 199, 331, 260], [2, 0, 194, 148, 599, 399], [3, 0, 0, 0, 599, 399], [3, 1, 187, 126, 204, 145], [6, 21, 197, 145, 206, 154]], [[1, 0, 269, 155, 272, 156], [1, 4, 273, 157, 277, 161], [1, 6, 258, 201, 339, 257], [1, 8, 276, 157, 286, 166], [2, 0, 0, 143, 599, 399], [3, 0, 0, 0, 599, 395], [4, 4, 289, 156, 296, 161], [4, 5, 260, 154, 267, 159]], [[1, 7, 279, 188, 319, 265], [2, 0, 0, 151, 599, 399], [3, 0, 0, 0, 599, 269], [3, 1, 333, 136, 352, 160], [4, 6, 209, 146, 213, 150], [4, 7, 210, 145, 214, 149], [4, 8, 244, 149, 250, 153]], [[1, 0, 295, 157, 300, 159], [1, 3, 285, 141, 286, 141], [1, 4, 292, 165, 303, 176], [1, 8, 259, 190, 338, 258], [1, 9, 292, 141, 294, 142], [2, 0, 0, 142, 599, 399], [3, 0, 0, 0, 599, 382], [4, 4, 329, 160, 345, 173], [4, 5, 267, 158, 282, 171]], [[1, 3, 246, 170, 269, 188], [1, 5, 210, 165, 222, 173], [1, 9, 268, 161, 331, 226], [2, 0, 0, 173, 599, 399], [3, 0, 0, 0, 599, 315]]], "distance_down_track": [249.5816650390625, 179.3284912109375, 366.6636962890625, 305.9804382324219, 225.5223846435547, 319.8263854980469, 192.80787658691406, 380.7529296875, 213.67698669433594, 298.03936767578125], "velocity": [[-1.0148203372955322, 1.1383860111236572, -23.593612670898438], [-7.823207855224609, 0.5162593722343445, -22.472623825073242], [20.443984985351562, 1.7560051679611206, -2.7294416427612305], [10.804923057556152, 2.062518835067749, -18.15682029724121], [-0.14716383814811707, 0.20443637669086456, -22.998620986938477], [17.265727996826172, 1.137127161026001, -11.734743118286133], [-3.4462976455688477, 0.5490316152572632, -23.896528244018555], [20.549610137939453, 1.724028468132019, -1.7975587844848633], [-0.6320452690124512, 0.46606093645095825, -24.137229919433594], [8.903929710388184, 2.853189468383789, -22.327333450317383]]}