{"track": "tutorial", "karts": ["puffy", "hexley", "tux", "suzanne", "pidgin", "nolok", "beastie", "gavroche", "amanda", "adiumy"], "detections": [[[1, 0, 203, 201, 387, 323], [1, 1, 317, 157, 336, 175], [1, 2, 297, 154, 311, 164], [1, 3, 280, 155, 297, 164], [1, 4, 256, 156, 273, 165], [1, 5, 279, 153, 293, 160], [1, 7, 356, 156, 368, 167], [1, 9, 313, 152, 324, 162], [2, 0, 207, 130, 312, 155], [3, 0, 0, 37, 599, 399]], [[1, 1, 243, 193, 350, 349], [1, 2, 196, 155, 230, 179], [1, 3, 151, 159, 196, 183], [1, 4, 63, 166, 127, 193], [1, 5, 152, 156, 191, 170], [1, 7, 322, 159, 342, 181], [1, 9, 232, 150, 255, 172], [2, 0, 0, 104, 231, 159], [3, 0, 0, 36, 599, 399]], [[1, 2, 222, 196, 355, 326], [1, 3, 0, 304, 273, 399], [1, 5, 0, 219, 193, 344], [1, 7, 558, 185, 599, 214], [1, 9, 331, 167, 434, 252], [2, 0, 0, 61, 216, 217], [3, 0, 0, 15, 599, 399]], [[1, 2, 306, 176, 382, 249], [1, 3, 221, 201, 368, 319], [1, 5, 166, 179, 282, 256], [1, 7, 537, 184, 599, 233], [1, 9, 363, 161, 432, 216], [2, 0, 0, 53, 266, 184], [3, 0, 0, 8, 599, 399]], [[1, 2, 370, 167, 412, 214], [1, 3, 327, 178, 397, 235], [1, 4, 222, 217, 367, 326], [1, 5, 283, 167, 347, 207], [1, 7, 555, 178, 599, 216], [1, 9, 402, 158, 454, 197], [2, 0, 0, 64, 326, 169], [3, 0, 0, 0, 599, 399]], [[1, 2, 285, 185, 385, 248], [1, 3, 343, 213, 522, 344], [1, 5, 236, 206, 358, 328], [1, 7, 365, 173, 407, 202], [1, 9, 308, 168, 366, 208], [2, 0, 0, 40, 161, 244], [3, 0, 0, 51, 599, 399]], [[1, 6, 261, 190, 340, 257], [1, 8, 255, 137, 261, 142], [2, 0, 0, 137, 599, 399], [3, 0, 0, 48, 599, 297], [3, 6, 370, 46, 383, 63], [3, 7, 308, 49, 318, 62]], [[1, 7, 240, 207, 354, 322], [1, 9, 0, 205, 10, 230], [2, 0, 0, 152, 103, 191], [3, 0, 0, 114, 599, 399]], [[1, 8, 262, 192, 337, 253], [2, 0, 0, 174, 599, 399], [3, 0, 0, 73, 599, 285], [3, 6, 449, 63, 467, 83], [3, 7, 364, 79, 376, 92]], [[1, 2, 11, 139, 225, 321], [1, 3, 0, 163, 3, 178], [1, 5, 0, 202, 26, 267], [1, 7, 588, 289, 599, 295], [1, 9, 248, 191, 353, 304], [2, 0, 0, 209, 211, 314], [3, 0, 0, 247, 599, 399]]], "distance_down_track": [712.6583862304688, 712.6583862304688, 455.9293518066406, 455.9293518066406, 455.9293518066406, 532.0, 420.1153259277344, 491.73480224609375, 400.4352722167969, 400.4352722167969], "velocity": [[-4.575559616088867, 0.11695006489753723, -1.7146793603897095], [-5.024092197418213, 0.1019313856959343, -0.3172357678413391], [-0.31745418906211853, 0.08416052907705307, 0.35663163661956787], [-2.115128517150879, -0.027925485745072365, 2.0582518577575684], [-6.332422256469727, 0.11740072071552277, 0.0808529183268547], [-0.9012572169303894, 0.04754609614610672, 1.4990988969802856], [8.767501831054688, -3.5667831897735596, -22.217819213867188], [-0.5940856337547302, 0.2216922491788864, 0.05357548967003822], [11.39685344696045, -0.38844427466392517, -21.288101196289062], [-0.18943782150745392, 0.23195768892765045, 0.10764411091804504]]}