{"track": "overworld", "karts": ["beastie", "kiki", "hexley", "emule", "amanda", "wilber", "adiumy", "xue", "suzanne", "nolok"], "detections": [[[1, 0, 245, 187, 348, 275], [3, 0, 128, 133, 481, 173]], [[1, 1, 260, 180, 334, 263], [1, 2, 427, 176, 428, 178], [1, 9, 373, 163, 380, 168], [3, 0, 0, 26, 599, 199]], [[1, 2, 274, 196, 329, 270], [3, 0, 0, 23, 599, 177]], [[1, 3, 239, 201, 359, 321], [1, 6, 251, 161, 357, 266], [2, 7, 214, 167, 288, 183], [2, 24, 289, 168, 385, 184], [3, 0, 0, 0, 599, 201], [3, 7, 128, 0, 288, 181], [3, 24, 287, 0, 460, 183]], [[1, 1, 354, 141, 357, 143], [1, 4, 262, 192, 343, 262], [1, 8, 329, 146, 332, 147], [1, 9, 470, 126, 471, 127], [3, 0, 0, 0, 599, 211]], [[1, 5, 260, 191, 329, 254], [3, 0, 0, 98, 599, 156], [255, 16777215, 0, 168, 172, 181]], [[1, 3, 233, 223, 379, 341], [1, 6, 234, 189, 355, 312], [2, 7, 27, 239, 155, 260], [2, 24, 155, 239, 262, 258], [3, 0, 266, 0, 599, 259], [3, 7, 0, 0, 177, 260], [3, 24, 157, 0, 309, 244]], [[1, 0, 364, 139, 371, 144], [1, 7, 265, 187, 334, 264], [3, 0, 0, 116, 528, 156]], [[1, 1, 351, 157, 372, 182], [1, 2, 531, 176, 531, 176], [1, 8, 252, 201, 342, 271], [1, 9, 450, 158, 457, 162], [3, 0, 0, 0, 599, 329]], [[1, 2, 331, 175, 335, 180], [1, 9, 269, 203, 329, 259], [3, 0, 0, 76, 599, 203]]], "distance_down_track": [520.7779541015625, 1357.9202880859375, 1413.336181640625, 621.8923950195312, 1280.19580078125, 154.54376220703125, 621.7230224609375, 472.2033996582031, 1350.7474365234375, 1387.2109375], "velocity": [[12.652458190917969, 0.17059454321861267, -12.285686492919922], [-17.420713424682617, 1.9854305982589722, -1.935842752456665], [-16.095077514648438, -3.665168046951294, 10.687711715698242], [0.16724079847335815, 0.3380029797554016, -0.8040636777877808], [1.0482081174850464, 3.4280881881713867, -21.437341690063477], [18.632402420043945, 0.20854929089546204, 11.411077499389648], [0.11630997061729431, 0.35945913195610046, -0.0489804781973362], [20.544679641723633, -0.25483980774879456, -2.518157720565796], [-15.272000312805176, 2.3566131591796875, -6.269623756408691], [-18.997039794921875, -0.15819619596004486, 8.220548629760742]]}