{"track": "tutorial", "karts": ["puffy", "hexley", "tux", "suzanne", "pidgin", "nolok", "beastie", "gavroche", "amanda", "adiumy"], "detections": [[[1, 0, 203, 201, 387, 323], [1, 2, 154, 155, 188, 175], [1, 5, 299, 155, 314, 164], [1, 7, 252, 156, 270, 168], [1, 9, 115, 155, 155, 182], [2, 0, 203, 129, 311, 155], [3, 0, 0, 38, 599, 399]], [[1, 1, 239, 193, 349, 351], [1, 2, 312, 196, 320, 202], [1, 5, 374, 189, 382, 194], [1, 7, 346, 192, 354, 197], [2, 0, 0, 159, 599, 399], [3, 0, 0, 0, 599, 261], [3, 8, 127, 38, 137, 50]], [[1, 2, 229, 196, 358, 313], [1, 5, 402, 162, 425, 180], [1, 7, 377, 169, 407, 197], [2, 0, 236, 117, 392, 162], [3, 0, 0, 12, 599, 399]], [[1, 1, 396, 171, 404, 176], [1, 3, 261, 200, 331, 257], [1, 4, 365, 173, 375, 179], [2, 0, 0, 173, 599, 399], [3, 0, 0, 56, 599, 393], [3, 6, 368, 45, 384, 66], [3, 7, 281, 56, 295, 70]], [[1, 1, 308, 159, 323, 171], [1, 4, 261, 209, 330, 258], [2, 0, 0, 155, 599, 399], [3, 0, 0, 0, 599, 397], [3, 6, 218, 0, 238, 21], [3, 7, 92, 0, 112, 10], [3, 8, 250, 58, 250, 58]], [[1, 5, 221, 204, 334, 330], [2, 0, 0, 58, 188, 215], [3, 0, 0, 31, 599, 399]], [[1, 3, 230, 151, 232, 152], [1, 6, 260, 190, 339, 257], [2, 0, 0, 152, 599, 399], [3, 0, 0, 74, 599, 267], [3, 6, 290, 79, 300, 90], [3, 7, 239, 73, 248, 83]], [[1, 5, 330, 163, 364, 194], [1, 7, 239, 205, 353, 321], [2, 0, 0, 87, 313, 164], [3, 0, 0, 9, 599, 399]], [[1, 6, 284, 173, 290, 176], [1, 8, 263, 193, 338, 252], [2, 0, 0, 177, 599, 399], [3, 0, 0, 85, 599, 291], [3, 6, 268, 120, 275, 125], [3, 7, 220, 113, 228, 118]], [[1, 2, 270, 171, 325, 219], [1, 5, 389, 160, 409, 175], [1, 7, 361, 164, 382, 184], [1, 9, 249, 191, 352, 302], [2, 0, 251, 122, 385, 160], [3, 0, 0, 16, 599, 399]]], "distance_down_track": [712.6583862304688, 700.135009765625, 383.7624206542969, 383.7624206542969, 383.7624206542969, 473.2306823730469, 365.0060729980469, 420.1153259277344, 343.6702575683594, 343.6702575683594], "velocity": [[-4.66726541519165, 0.11474035680294037, -1.6926078796386719], [-2.594043493270874, -0.34430718421936035, -2.906672954559326], [-4.849564552307129, 0.0963900163769722, -1.4773483276367188], [2.6375186443328857, -2.1773386001586914, -22.74428939819336], [-9.351409912109375, -3.031006097793579, -22.05870819091797], [-0.27109643816947937, -0.28546738624572754, 0.7073454856872559], [1.7646024227142334, -3.2715373039245605, -23.862224578857422], [-4.894227981567383, 0.09189966320991516, -0.20350421965122223], [-0.36304470896720886, 1.1717125177383423, -24.118825912475586], [-4.586637496948242, 0.08899916708469391, -1.5597163438796997]]}