{"track": "tutorial", "karts": ["puffy", "hexley", "tux", "suzanne", "pidgin", "nolok", "beastie", "gavroche", "amanda", "adiumy"], "detections": [[[1, 0, 258, 200, 338, 261], [1, 1, 380, 162, 409, 184], [1, 7, 555, 164, 583, 181], [2, 0, 346, 124, 475, 155], [3, 0, 0, 0, 599, 399], [3, 8, 121, 34, 132, 47]], [[1, 1, 240, 193, 347, 349], [1, 7, 434, 163, 462, 184], [2, 0, 136, 111, 320, 158], [3, 0, 0, 20, 599, 399]], [[1, 2, 260, 197, 342, 273], [1, 3, 140, 178, 149, 182], [1, 4, 54, 156, 56, 158], [2, 0, 1, 140, 599, 262], [3, 0, 0, 8, 599, 399]], [[1, 3, 242, 201, 355, 288], [1, 4, 303, 132, 307, 134], [2, 0, 0, 97, 599, 399], [3, 0, 0, 0, 599, 213]], [[1, 4, 264, 211, 345, 271], [2, 0, 0, 129, 599, 399], [3, 0, 0, 0, 599, 243]], [[1, 0, 312, 158, 346, 177], [1, 1, 340, 154, 355, 166], [1, 5, 232, 204, 349, 316], [1, 7, 429, 160, 440, 169], [2, 0, 305, 134, 388, 156], [3, 0, 0, 0, 599, 399], [3, 8, 18, 13, 34, 28]], [[1, 6, 256, 189, 341, 262], [2, 0, 0, 151, 599, 399], [3, 0, 0, 0, 599, 369]], [[1, 7, 244, 209, 346, 318], [2, 0, 0, 78, 68, 113], [3, 0, 0, 27, 599, 399]], [[1, 8, 260, 192, 341, 261], [1, 9, 168, 197, 231, 255], [2, 0, 0, 158, 599, 399], [3, 0, 0, 0, 599, 344]], [[1, 8, 430, 184, 599, 352], [1, 9, 254, 190, 357, 305], [2, 0, 0, 163, 599, 399], [3, 0, 0, 12, 599, 251]]], "distance_down_track": [719.9757690429688, 721.3157958984375, 753.8200073242188, 753.8200073242188, 753.8200073242188, 0.0, 753.8200073242188, 0.0, 753.8200073242188, 753.8200073242188], "velocity": [[-6.843441009521484, -0.8789975047111511, -7.580042839050293], [-4.797518253326416, 0.09480004012584686, -0.8182470202445984], [-14.141029357910156, -2.432278633117676, -1.3032331466674805], [-6.0701117515563965, -0.5287389159202576, -9.753162384033203], [-16.23328971862793, 2.1760973930358887, -10.792821884155273], [-4.243926048278809, 0.09035348147153854, -2.7038333415985107], [-10.922539710998535, 1.2157950401306152, 18.75180435180664], [-0.595052182674408, 0.4579916298389435, 0.07629896700382233], [-0.012555492110550404, 0.5355057120323181, 0.12999776005744934], [-0.004262292757630348, 0.08301358669996262, 0.11614510416984558]]}