{"track": "tutorial", "karts": ["puffy", "hexley", "tux", "suzanne", "pidgin", "nolok", "beastie", "gavroche", "amanda", "adiumy"], "detections": [[[1, 0, 200, 202, 389, 330], [1, 1, 393, 197, 404, 204], [1, 8, 372, 190, 379, 196], [2, 0, 0, 160, 599, 399], [3, 0, 0, 0, 599, 314], [3, 8, 125, 37, 134, 48]], [[1, 1, 250, 198, 334, 326], [1, 8, 0, 204, 44, 274], [2, 0, 0, 77, 104, 174], [3, 0, 0, 18, 599, 399]], [[1, 2, 243, 196, 374, 329], [1, 4, 252, 172, 265, 179], [2, 0, 0, 171, 599, 399], [3, 0, 0, 83, 599, 315], [3, 2, 483, 137, 509, 158], [5, 5, 162, 167, 165, 169], [5, 7, 56, 172, 58, 172], [5, 8, 42, 172, 46, 173], [5, 12, 178, 167, 181, 170], [5, 13, 190, 167, 193, 170], [5, 14, 298, 167, 303, 174], [5, 15, 269, 169, 274, 176], [5, 16, 233, 172, 240, 180]], [[1, 3, 267, 200, 337, 252], [1, 9, 0, 210, 2, 212], [2, 0, 0, 158, 599, 399], [3, 0, 0, 118, 599, 399], [3, 6, 85, 128, 96, 138], [3, 7, 0, 112, 14, 123]], [[1, 4, 251, 213, 353, 284], [2, 0, 0, 159, 599, 399], [3, 0, 0, 41, 599, 313], [5, 5, 187, 151, 194, 157], [5, 7, 94, 151, 97, 151], [5, 8, 71, 149, 75, 150], [5, 12, 215, 152, 221, 158], [5, 13, 236, 154, 241, 159], [5, 14, 598, 233, 599, 242], [5, 15, 388, 208, 435, 264], [5, 16, 58, 213, 160, 272]], [[1, 0, 313, 152, 330, 162], [1, 5, 266, 203, 324, 260], [2, 0, 0, 158, 599, 399], [3, 0, 0, 11, 599, 398], [3, 6, 237, 1, 256, 29], [3, 7, 116, 0, 139, 23]], [[1, 2, 283, 155, 293, 164], [1, 4, 244, 157, 251, 159], [1, 6, 209, 180, 384, 336], [1, 9, 0, 234, 241, 399], [2, 0, 0, 155, 599, 399], [3, 0, 0, 126, 599, 270], [3, 2, 363, 153, 375, 162], [5, 5, 165, 147, 166, 148], [5, 8, 63, 141, 64, 141], [5, 12, 174, 148, 175, 149], [5, 13, 181, 149, 182, 150], [5, 14, 267, 156, 269, 159], [5, 15, 254, 156, 255, 159], [5, 16, 237, 155, 239, 158]], [[1, 0, 313, 136, 317, 137], [1, 7, 273, 203, 327, 256], [2, 0, 0, 136, 599, 399], [3, 0, 0, 39, 599, 285], [3, 6, 345, 49, 357, 64], [3, 7, 286, 49, 297, 60]], [[1, 8, 220, 184, 380, 319], [2, 0, 0, 108, 313, 206], [3, 0, 0, 63, 599, 399]], [[1, 2, 274, 147, 284, 155], [1, 4, 232, 149, 238, 152], [1, 6, 317, 161, 396, 231], [1, 9, 266, 183, 335, 253], [2, 0, 0, 148, 599, 399], [3, 0, 0, 118, 599, 279], [3, 2, 345, 143, 356, 152], [5, 5, 147, 141, 149, 142], [5, 8, 35, 135, 37, 136], [5, 12, 156, 142, 157, 142], [5, 13, 163, 143, 164, 143], [5, 14, 254, 149, 256, 151], [5, 15, 241, 148, 243, 151], [5, 16, 224, 148, 226, 151]]], "distance_down_track": [712.6583862304688, 712.6583862304688, 365.0060729980469, 345.0538330078125, 354.56878662109375, 420.1153259277344, 343.6702575683594, 383.7624206542969, 321.3812561035156, 310.5081787109375], "velocity": [[-0.06958717107772827, 0.08165953308343887, 0.00176147127058357], [-0.3415866196155548, 0.4787275791168213, 0.20672588050365448], [-0.09574803709983826, 0.046548448503017426, 0.4336777925491333], [-13.389500617980957, 1.6922285556793213, -18.62411117553711], [8.033010482788086, 1.138000726699829, 11.97323989868164], [-7.07877779006958, -2.974287748336792, -20.210613250732422], [0.9054074287414551, 0.027972271665930748, -0.28365737199783325], [6.331536769866943, -3.705474853515625, -21.215415954589844], [-0.09979798644781113, 0.08368026465177536, -0.023224567994475365], [16.0968017578125, 0.7190688848495483, 5.288685321807861]]}