{"track": "snowtuxpeak", "karts": ["pidgin", "amanda", "xue", "tux", "gavroche", "emule", "puffy", "sara_the_wizard", "beastie", "gnu"], "detections": [[[1, 0, 265, 209, 335, 257], [1, 2, 589, 147, 597, 152], [1, 5, 357, 146, 366, 151], [1, 7, 582, 134, 585, 138], [1, 9, 301, 157, 315, 175], [2, 0, 0, 104, 599, 399], [3, 0, 0, 0, 599, 284], [3, 1, 236, 5, 255, 40]], [[1, 1, 263, 183, 339, 246], [1, 6, 329, 155, 345, 164], [1, 8, 329, 160, 351, 179], [2, 0, 0, 160, 599, 399], [3, 0, 0, 0, 599, 304], [4, 10, 205, 173, 263, 226], [4, 11, 84, 171, 158, 224], [5, 9, 385, 184, 425, 222]], [[1, 2, 259, 184, 331, 263], [1, 7, 194, 169, 197, 172], [2, 0, 0, 174, 599, 399], [3, 0, 0, 0, 599, 396]], [[1, 0, 380, 190, 388, 195], [1, 3, 263, 198, 332, 257], [1, 4, 340, 234, 464, 339], [1, 5, 435, 193, 442, 196], [1, 9, 390, 188, 395, 194], [2, 0, 0, 169, 599, 399], [3, 0, 0, 0, 599, 333], [3, 1, 364, 74, 380, 99]], [[1, 0, 365, 190, 374, 194], [1, 3, 233, 186, 281, 225], [1, 4, 274, 202, 327, 254], [1, 9, 378, 189, 382, 194], [2, 0, 0, 168, 599, 399], [3, 0, 0, 0, 599, 399], [3, 1, 358, 78, 374, 102]], [[1, 2, 464, 184, 472, 190], [1, 5, 264, 199, 327, 262], [2, 0, 0, 147, 525, 399], [3, 0, 0, 0, 599, 399], [6, 18, 513, 194, 531, 205]], [[1, 6, 256, 200, 336, 255], [2, 0, 0, 191, 352, 399], [3, 0, 0, 23, 599, 399], [3, 1, 540, 152, 567, 180]], [[1, 7, 276, 187, 317, 264], [2, 0, 54, 149, 599, 399], [3, 0, 0, 35, 599, 399], [5, 12, 261, 150, 261, 151], [5, 13, 277, 149, 277, 149]], [[1, 6, 272, 165, 300, 180], [1, 8, 261, 190, 341, 259], [2, 0, 0, 169, 418, 399], [3, 0, 0, 0, 599, 399], [3, 1, 598, 149, 599, 155]], [[1, 5, 362, 138, 374, 146], [1, 9, 271, 160, 328, 231], [2, 0, 0, 98, 599, 399], [3, 0, 0, 19, 599, 297], [3, 1, 215, 0, 236, 28]]], "distance_down_track": [641.4407348632812, 577.6848754882812, 723.0773315429688, 617.28466796875, 616.3102416992188, 677.1151123046875, 596.2593994140625, 740.4405517578125, 586.0679931640625, 651.233154296875], "velocity": [[21.94597625732422, -9.146967887878418, 1.3090766668319702], [3.3467581272125244, 1.130303978919983, 23.89025115966797], [10.825240135192871, 0.7977529764175415, -17.733726501464844], [18.744396209716797, -4.984983444213867, 9.387104988098145], [18.95528221130371, -5.33772611618042, 9.471090316772461], [14.781967163085938, 0.8744822144508362, -16.06708526611328], [13.989792823791504, 2.2963054180145264, 19.55083465576172], [19.514677047729492, -3.534651756286621, -5.930731773376465], [8.657500267028809, 1.5804013013839722, 22.489383697509766], [20.654277801513672, -8.785746574401855, 0.35240545868873596]]}