{"track": "tutorial", "karts": ["puffy", "hexley", "tux", "suzanne", "pidgin", "nolok", "beastie", "gavroche", "amanda", "adiumy"], "detections": [[[1, 0, 255, 201, 344, 262], [1, 1, 298, 154, 300, 155], [2, 0, 0, 124, 599, 399], [2, 1, 286, 155, 290, 156], [2, 3, 309, 155, 313, 156], [3, 0, 0, 93, 599, 263], [3, 1, 285, 149, 293, 156], [3, 2, 287, 145, 290, 148], [3, 3, 306, 149, 314, 156], [3, 4, 291, 140, 300, 149], [3, 5, 301, 140, 309, 148], [4, 4, 304, 154, 308, 158], [4, 9, 316, 154, 320, 158], [4, 10, 291, 154, 296, 158], [4, 11, 279, 154, 283, 158]], [[1, 1, 273, 196, 327, 271], [2, 0, 0, 145, 599, 399], [3, 0, 0, 0, 599, 267], [3, 2, 282, 139, 289, 145], [5, 14, 228, 144, 228, 145], [5, 15, 220, 143, 221, 145]], [[1, 2, 270, 198, 334, 251], [2, 0, 171, 167, 599, 399], [3, 0, 0, 139, 599, 399], [5, 5, 204, 161, 215, 171], [5, 6, 134, 160, 138, 162], [5, 7, 113, 159, 119, 161], [5, 8, 85, 157, 91, 160], [5, 12, 245, 163, 254, 171], [5, 13, 274, 164, 281, 172]], [[1, 3, 265, 201, 335, 253], [2, 0, 0, 160, 599, 399], [3, 0, 0, 125, 599, 266], [3, 7, 173, 130, 181, 134]], [[1, 4, 265, 209, 334, 256], [1, 5, 238, 160, 241, 161], [1, 6, 230, 150, 232, 152], [2, 0, 0, 152, 599, 399], [3, 0, 0, 72, 599, 268], [3, 6, 291, 79, 300, 91], [3, 7, 239, 73, 248, 82]], [[1, 5, 273, 203, 329, 254], [1, 6, 331, 158, 340, 164], [2, 0, 0, 165, 599, 399], [3, 0, 0, 71, 599, 284], [3, 6, 452, 61, 470, 81], [3, 7, 372, 76, 384, 88], [3, 8, 494, 97, 494, 97]], [[1, 6, 255, 180, 334, 251], [1, 7, 414, 177, 417, 179], [2, 0, 0, 173, 599, 399], [3, 0, 0, 57, 599, 397], [3, 6, 350, 46, 365, 67], [3, 7, 264, 55, 278, 69]], [[1, 7, 271, 202, 325, 259], [1, 8, 354, 196, 366, 204], [1, 9, 391, 193, 398, 199], [2, 0, 333, 158, 565, 190], [3, 0, 0, 0, 599, 399], [3, 8, 133, 43, 142, 53]], [[1, 8, 217, 184, 374, 321], [1, 9, 337, 163, 376, 196], [2, 0, 0, 85, 331, 166], [3, 0, 0, 5, 599, 399]], [[1, 9, 248, 191, 355, 307], [2, 0, 0, 103, 298, 216], [3, 0, 0, 65, 599, 399]]], "distance_down_track": [228.4879608154297, 305.7188415527344, 0.0, 0.0, 0.0, 0.0, 0.0, 0.0, 0.0, 0.0], "velocity": [[21.73499870300293, 0.0016864093486219645, -0.0023132371716201305], [19.653505325317383, 0.010280835442245007, 0.6721994280815125], [8.129202842712402, 1.8696308135986328, 21.434097290039062], [-5.96116304397583, 1.5827795267105103, -22.15760040283203], [1.7963286638259888, -3.325324058532715, -23.852420806884766], [12.556879997253418, -0.34043389558792114, -19.266780853271484], [2.2703616619110107, -2.329503297805786, -23.9299259185791], [-14.641674995422363, -7.3203887939453125, -17.262229919433594], [-5.024807453155518, 0.10005701333284378, -0.22746451199054718], [-0.16718260943889618, 0.11772113293409348, 0.012802236713469028]]}