{"track": "tutorial", "karts": ["puffy", "hexley", "tux", "suzanne", "pidgin", "nolok", "beastie", "gavroche", "amanda", "adiumy"], "detections": [[[1, 0, 210, 200, 380, 322], [1, 4, 412, 165, 424, 171], [1, 6, 346, 159, 358, 167], [1, 8, 367, 156, 377, 164], [2, 0, 324, 125, 520, 155], [3, 0, 0, 0, 599, 399], [3, 8, 91, 0, 102, 8]], [[1, 0, 318, 211, 320, 217], [1, 1, 240, 193, 349, 350], [1, 4, 399, 194, 408, 199], [1, 6, 344, 189, 353, 195], [1, 8, 362, 187, 370, 193], [2, 0, 0, 160, 599, 399], [3, 0, 0, 0, 599, 259], [3, 8, 125, 41, 135, 52]], [[1, 2, 253, 197, 339, 275], [1, 7, 370, 211, 472, 294], [2, 0, 0, 182, 599, 399], [3, 0, 0, 0, 599, 279], [3, 6, 309, 141, 313, 146]], [[1, 2, 275, 152, 287, 162], [1, 3, 220, 201, 369, 319], [1, 7, 293, 154, 303, 162], [2, 0, 0, 159, 599, 399], [3, 0, 0, 65, 599, 254], [3, 6, 259, 127, 262, 129], [3, 7, 217, 118, 217, 118]], [[1, 4, 224, 217, 375, 322], [2, 0, 0, 101, 91, 146], [3, 0, 0, 50, 599, 399]], [[1, 0, 291, 179, 310, 188], [1, 1, 235, 168, 278, 203], [1, 4, 423, 186, 432, 191], [1, 5, 266, 203, 324, 258], [1, 6, 370, 179, 379, 185], [1, 8, 388, 178, 396, 183], [2, 0, 0, 151, 599, 399], [3, 0, 0, 0, 599, 389], [3, 8, 187, 42, 195, 49]], [[1, 4, 533, 166, 599, 197], [1, 6, 209, 180, 380, 331], [1, 8, 312, 161, 366, 214], [2, 0, 0, 75, 332, 168], [3, 0, 0, 0, 599, 399]], [[1, 2, 28, 188, 212, 302], [1, 7, 239, 205, 355, 319], [2, 0, 0, 176, 599, 399], [3, 0, 0, 129, 599, 255], [3, 6, 270, 132, 277, 141], [3, 7, 225, 127, 227, 131]], [[1, 8, 213, 183, 374, 335], [2, 0, 0, 76, 278, 215], [3, 0, 0, 28, 599, 399]], [[1, 9, 272, 195, 327, 250], [2, 0, 0, 150, 599, 399], [3, 0, 0, 76, 599, 267], [3, 6, 291, 78, 300, 90], [3, 7, 239, 71, 248, 81]]], "distance_down_track": [705.546875, 700.3687744140625, 512.133544921875, 512.133544921875, 532.0, 576.2125244140625, 512.133544921875, 532.0, 491.73480224609375, 473.2306823730469], "velocity": [[-4.915450096130371, -6.5528950691223145, -5.1244707107543945], [-3.217690944671631, -0.43154412508010864, -3.60418438911438], [0.7100730538368225, -0.5394567847251892, -16.180578231811523], [-0.6606321334838867, 0.40381234884262085, -6.88297176361084], [0.008086682297289371, 0.45136758685112, -0.012468804605305195], [-12.196660995483398, -2.1934473514556885, -17.91206932067871], [-5.670862674713135, 0.1155000850558281, -0.04854312539100647], [-0.03827420249581337, -0.018074460327625275, -1.1322379112243652], [-0.48187968134880066, 0.13843192160129547, 0.10476873815059662], [1.5914394855499268, -2.9734089374542236, -22.75139808654785]]}