{"track": "xr591", "karts": ["sara_the_racer", "tux", "gavroche", "konqi", "beastie", "kiki", "gnu", "hexley", "nolok", "pidgin"], "detections": [[[1, 0, 266, 172, 325, 281], [2, 0, 0, 153, 599, 399], [3, 0, 0, 0, 599, 229], [4, 57, 248, 153, 280, 181]], [[1, 0, 24, 172, 29, 177], [1, 1, 265, 198, 334, 256], [1, 2, 258, 161, 269, 166], [1, 4, 39, 172, 52, 176], [1, 5, 343, 159, 351, 166], [2, 0, 0, 161, 599, 399], [3, 0, 0, 0, 599, 229], [3, 1, 226, 139, 350, 164], [3, 9, 409, 90, 414, 94], [4, 8, 421, 166, 429, 169], [6, 34, 408, 176, 411, 177], [6, 35, 414, 176, 416, 177], [6, 36, 418, 178, 425, 178], [6, 37, 423, 177, 429, 178], [6, 51, 570, 176, 583, 176]], [[1, 0, 114, 162, 117, 166], [1, 2, 269, 203, 335, 263], [1, 4, 106, 163, 118, 171], [2, 0, 0, 161, 599, 399], [3, 0, 0, 0, 599, 291], [3, 1, 320, 87, 599, 172], [4, 56, 214, 160, 219, 164], [4, 57, 98, 161, 108, 167], [6, 52, 126, 159, 148, 172], [6, 53, 154, 169, 180, 173], [6, 54, 188, 162, 188, 162], [6, 55, 211, 157, 221, 168]], [[1, 3, 256, 191, 332, 265], [1, 7, 156, 212, 266, 318], [1, 8, 0, 282, 161, 399], [2, 0, 0, 158, 599, 399], [3, 0, 0, 61, 599, 239], [3, 5, 280, 58, 285, 63], [6, 50, 338, 174, 386, 184]], [[1, 0, 321, 163, 341, 196], [1, 4, 252, 188, 339, 264], [2, 0, 0, 157, 599, 399], [3, 0, 0, 0, 599, 226], [4, 57, 304, 156, 323, 173]], [[1, 5, 261, 182, 327, 257], [1, 6, 425, 258, 432, 266], [2, 0, 0, 161, 599, 399], [2, 1, 209, 162, 209, 162], [3, 0, 0, 0, 599, 352], [3, 1, 0, 72, 209, 175], [3, 9, 239, 66, 243, 71], [6, 34, 279, 164, 287, 170], [6, 35, 290, 164, 295, 171], [6, 36, 300, 171, 303, 171], [6, 37, 311, 167, 313, 170], [6, 51, 431, 161, 443, 162]], [[1, 6, 252, 113, 376, 278], [1, 9, 423, 171, 423, 171], [2, 0, 218, 146, 599, 399], [3, 0, 0, 0, 599, 399], [3, 5, 599, 124, 599, 126], [4, 6, 400, 160, 404, 164], [4, 7, 409, 163, 423, 175], [6, 41, 505, 164, 505, 164]], [[1, 3, 330, 181, 397, 242], [1, 7, 267, 196, 330, 274], [1, 8, 152, 237, 284, 361], [2, 0, 0, 157, 599, 399], [3, 0, 0, 62, 599, 244], [3, 5, 289, 57, 293, 62], [6, 50, 362, 171, 409, 180]], [[1, 3, 358, 173, 410, 220], [1, 7, 313, 182, 358, 234], [1, 8, 263, 202, 327, 264], [2, 0, 0, 159, 599, 399], [3, 0, 0, 61, 599, 247], [3, 5, 323, 56, 327, 61], [6, 50, 391, 169, 438, 178]], [[1, 9, 246, 213, 352, 286], [2, 0, 0, 94, 599, 399], [3, 0, 0, 0, 599, 241], [3, 5, 500, 76, 501, 76], [4, 6, 313, 151, 322, 159], [6, 41, 513, 108, 516, 114]]], "distance_down_track": [619.6257934570312, 554.0711059570312, 575.9293823242188, 483.390625, 615.287109375, 582.79736328125, 389.9039001464844, 482.229248046875, 480.72332763671875, 423.6043701171875], "velocity": [[-5.843498706817627, -0.538012683391571, -12.268062591552734], [-20.59125328063965, 1.8881683349609375, 0.9617795944213867], [-12.126846313476562, 0.12032818794250488, -11.491636276245117], [11.236356735229492, 0.06032472848892212, -18.159875869750977], [-5.715633869171143, -0.9549397230148315, -20.94826316833496], [-12.403367042541504, 0.0934169590473175, 15.259747505187988], [0.1057654544711113, 0.03888873755931854, 0.08352123945951462], [10.310674667358398, 0.07220552861690521, -15.192645072937012], [13.4540376663208, 0.07026612758636475, -13.986902236938477], [13.965897560119629, 1.2984724044799805, 0.5156511068344116]]}