{"track": "volcano_island", "karts": ["gavroche", "adiumy", "amanda", "nolok", "tux", "konqi", "kiki", "pidgin", "sara_the_racer", "suzanne"], "detections": [[[1, 0, 274, 203, 328, 255], [2, 0, 0, 133, 599, 399], [3, 0, 0, 24, 599, 271], [3, 75, 287, 153, 294, 158], [3, 77, 322, 156, 327, 160], [3, 79, 321, 158, 321, 160], [3, 137, 53, 141, 127, 158], [3, 139, 12, 134, 117, 162], [3, 153, 0, 130, 70, 153], [3, 180, 251, 126, 253, 157], [3, 195, 180, 120, 185, 153], [3, 208, 195, 134, 241, 140], [3, 353, 119, 124, 173, 160], [3, 356, 99, 113, 171, 160], [4, 19, 222, 155, 229, 161], [4, 20, 269, 155, 275, 161], [4, 30, 248, 157, 253, 161]], [[1, 1, 273, 195, 330, 252], [1, 2, 255, 157, 263, 163], [1, 3, 268, 158, 275, 163], [1, 4, 265, 176, 298, 204], [1, 7, 199, 155, 203, 156], [1, 8, 241, 156, 245, 163], [2, 0, 0, 129, 599, 399], [3, 0, 0, 0, 599, 243]], [[1, 2, 259, 192, 339, 257], [1, 3, 377, 200, 453, 251], [1, 7, 260, 156, 265, 158], [1, 8, 167, 176, 220, 239], [2, 0, 0, 111, 599, 399], [3, 0, 0, 0, 599, 267]], [[1, 2, 111, 196, 222, 268], [1, 3, 272, 204, 330, 257], [1, 7, 237, 157, 242, 159], [1, 8, 30, 180, 114, 249], [2, 0, 0, 112, 599, 399], [3, 0, 0, 0, 599, 232]], [[1, 1, 360, 344, 482, 399], [1, 2, 254, 158, 263, 165], [1, 3, 269, 160, 277, 165], [1, 4, 270, 198, 331, 249], [1, 7, 196, 156, 200, 157], [1, 8, 239, 157, 244, 165], [2, 0, 0, 129, 599, 399], [3, 0, 0, 0, 599, 255]], [[1, 1, 246, 157, 252, 162], [1, 3, 215, 155, 218, 157], [1, 4, 240, 157, 245, 161], [1, 5, 265, 192, 337, 260], [1, 6, 252, 156, 258, 163], [1, 9, 255, 185, 297, 221], [2, 0, 0, 0, 599, 399], [3, 0, 0, 0, 599, 253]], [[1, 1, 281, 175, 310, 202], [1, 2, 253, 157, 260, 163], [1, 3, 266, 159, 271, 162], [1, 4, 273, 170, 291, 187], [1, 6, 272, 184, 330, 249], [1, 7, 197, 156, 201, 157], [1, 8, 241, 156, 245, 163], [2, 0, 0, 131, 599, 399], [3, 0, 0, 0, 599, 248]], [[1, 7, 263, 210, 338, 261], [2, 0, 0, 156, 599, 399], [3, 0, 0, 0, 599, 299]], [[1, 2, 387, 198, 505, 274], [1, 3, 495, 205, 599, 265], [1, 7, 276, 156, 281, 158], [1, 8, 279, 180, 318, 250], [2, 0, 0, 109, 599, 399], [3, 0, 0, 0, 599, 364]], [[1, 1, 249, 157, 256, 162], [1, 3, 216, 155, 220, 157], [1, 4, 243, 157, 249, 161], [1, 5, 295, 228, 455, 386], [1, 6, 255, 156, 261, 163], [1, 9, 265, 200, 336, 256], [2, 0, 0, 157, 599, 399], [3, 0, 0, 0, 599, 262]]], "distance_down_track": [1614.2529296875, 1716.453369140625, 1744.79833984375, 1745.111572265625, 1720.03076171875, 1684.7591552734375, 1713.0185546875, 1789.9476318359375, 1745.2230224609375, 1686.4119873046875], "velocity": [[-19.193519592285156, 0.08171863853931427, 12.672886848449707], [-15.206893920898438, 0.04777227342128754, -15.59359073638916], [-9.784663200378418, 0.10279276967048645, -19.920259475708008], [-9.202083587646484, 0.06916049867868423, -19.53780174255371], [-16.764419555664062, 0.1433558315038681, -17.926006317138672], [-20.21697425842285, 0.08171886205673218, -9.9137544631958], [-16.535762786865234, 0.08071887493133545, -16.883419036865234], [-0.03490555286407471, 0.11051000654697418, -21.734691619873047], [-8.868023872375488, 0.07414522022008896, -21.044906616210938], [-20.039295196533203, 0.08168601244688034, -10.166901588439941]]}