{"track": "sandtrack", "karts": ["wilber", "tux", "beastie", "hexley", "adiumy", "gnu", "gavroche", "sara_the_wizard", "puffy", "emule"], "detections": [[[1, 0, 264, 188, 338, 261], [1, 5, 237, 243, 239, 246], [1, 7, 232, 245, 237, 249], [2, 0, 0, 244, 599, 399], [3, 0, 0, 0, 599, 313], [5, 30, 111, 259, 154, 309], [5, 31, 329, 257, 338, 268], [5, 32, 269, 262, 273, 263], [5, 34, 233, 247, 235, 249], [5, 35, 234, 242, 236, 244]], [[1, 1, 258, 198, 340, 267], [1, 6, 455, 121, 461, 125], [2, 0, 0, 102, 599, 399], [3, 0, 0, 28, 599, 354], [3, 147, 571, 9, 599, 146], [3, 151, 400, 92, 438, 129], [3, 153, 360, 72, 405, 138], [3, 167, 475, 23, 596, 139], [3, 169, 406, 29, 487, 126], [3, 171, 439, 59, 482, 122], [3, 173, 493, 22, 594, 144], [3, 175, 476, 3, 599, 87], [3, 177, 384, 63, 447, 132], [3, 179, 326, 0, 429, 144], [3, 181, 430, 0, 599, 144]], [[1, 2, 258, 189, 343, 259], [2, 0, 0, 180, 599, 399], [3, 0, 0, 0, 599, 254], [4, 4, 156, 183, 156, 183], [5, 37, 426, 187, 446, 216]], [[1, 3, 277, 196, 329, 265], [1, 4, 286, 148, 293, 154], [2, 0, 0, 152, 599, 399], [3, 0, 0, 0, 599, 341]], [[1, 4, 273, 195, 331, 247], [2, 0, 0, 179, 599, 399], [3, 0, 0, 0, 599, 306]], [[1, 2, 230, 147, 242, 156], [1, 5, 273, 159, 327, 228], [1, 7, 207, 182, 259, 255], [1, 8, 265, 158, 287, 170], [2, 0, 0, 156, 599, 399], [3, 0, 0, 0, 599, 248], [5, 34, 18, 206, 106, 263], [5, 35, 393, 178, 406, 192], [5, 37, 256, 150, 259, 155]], [[1, 0, 303, 154, 306, 156], [1, 6, 274, 203, 329, 257], [2, 0, 0, 153, 599, 399], [3, 0, 0, 29, 599, 224], [3, 147, 575, 0, 579, 5], [3, 149, 429, 20, 573, 132], [3, 151, 133, 84, 209, 181], [3, 153, 0, 3, 106, 220], [3, 167, 265, 0, 443, 161], [3, 169, 129, 0, 307, 176], [3, 171, 210, 69, 276, 171], [3, 173, 287, 42, 411, 159], [3, 175, 299, 0, 562, 179], [3, 177, 0, 0, 221, 202]], [[1, 2, 213, 148, 227, 156], [1, 5, 327, 161, 408, 230], [1, 7, 275, 187, 316, 266], [1, 8, 258, 157, 282, 169], [2, 0, 0, 155, 599, 399], [3, 0, 0, 0, 599, 233], [5, 34, 135, 231, 203, 293], [5, 35, 396, 172, 409, 185], [5, 37, 239, 149, 243, 154]], [[1, 2, 270, 163, 290, 179], [1, 8, 256, 201, 344, 262], [2, 0, 0, 173, 599, 399], [3, 0, 0, 0, 599, 377], [5, 37, 320, 164, 327, 174]], [[1, 9, 272, 197, 328, 259], [2, 0, 0, 102, 599, 399], [3, 0, 0, 0, 599, 309]]], "distance_down_track": [953.6299438476562, 841.0435791015625, 1027.21630859375, 893.6161499023438, 917.1259155273438, 1004.2215576171875, 892.4389038085938, 1003.9954833984375, 1016.8462524414062, 825.9319458007812], "velocity": [[8.073522567749023, 1.4143292903900146, -18.479576110839844], [15.370404243469238, 1.7712492942810059, -6.803639888763428], [20.03826141357422, -1.3146213293075562, 8.315649032592773], [17.56532096862793, 7.890338897705078, 9.465307235717773], [17.314899444580078, 9.115656852722168, 10.12897777557373], [23.053586959838867, -2.066932201385498, -3.4380080699920654], [9.520041465759277, 3.799022674560547, -20.152000427246094], [19.992149353027344, -2.0315473079681396, -4.967578411102295], [21.149324417114258, -0.6533982157707214, 4.96882963180542], [18.762296676635742, -10.25220775604248, -8.477530479431152]]}