{"track": "overworld", "karts": ["beastie", "kiki", "hexley", "emule", "amanda", "wilber", "adiumy", "xue", "suzanne", "nolok"], "detections": [[[1, 0, 261, 188, 347, 265], [3, 0, 0, 100, 534, 235]], [[1, 1, 267, 182, 333, 257], [1, 2, 329, 174, 361, 211], [2, 7, 169, 153, 311, 186], [2, 24, 312, 148, 509, 185], [3, 0, 0, 0, 311, 189], [3, 7, 2, 0, 311, 184], [3, 24, 309, 0, 599, 179], [255, 16777215, 311, 143, 311, 148]], [[1, 2, 246, 192, 357, 350], [2, 7, 0, 148, 259, 206], [2, 24, 257, 147, 588, 205], [3, 7, 0, 0, 256, 200], [3, 24, 249, 0, 599, 199]], [[1, 1, 289, 150, 291, 151], [1, 2, 293, 150, 293, 150], [1, 3, 268, 200, 331, 265], [2, 24, 306, 148, 312, 148], [3, 0, 0, 0, 599, 164], [3, 2, 24, 36, 96, 97], [3, 3, 7, 0, 58, 31], [3, 7, 258, 80, 290, 147], [3, 8, 259, 83, 275, 102], [3, 24, 290, 80, 323, 148], [3, 25, 304, 83, 323, 131]], [[1, 4, 263, 182, 339, 247], [3, 0, 0, 0, 599, 251]], [[1, 5, 259, 190, 334, 258], [1, 6, 353, 167, 378, 188], [1, 7, 294, 163, 316, 185], [2, 0, 0, 199, 189, 398], [3, 0, 0, 0, 599, 215]], [[1, 6, 274, 195, 326, 247], [1, 7, 153, 179, 218, 230], [3, 0, 0, 0, 599, 179], [3, 7, 240, 135, 241, 135], [3, 24, 242, 136, 244, 136]], [[1, 6, 438, 207, 548, 279], [1, 7, 267, 188, 331, 260], [3, 0, 0, 0, 599, 172]], [[1, 8, 259, 201, 335, 261], [1, 9, 471, 157, 476, 160], [3, 0, 443, 77, 599, 155]], [[1, 9, 272, 204, 332, 260], [3, 0, 188, 41, 599, 160]]], "distance_down_track": [1016.3466796875, 544.0811767578125, 544.0811767578125, 503.62255859375, 0.0, 32.86249923706055, 39.542945861816406, 39.97026443481445, 162.08230590820312, 222.9545440673828], "velocity": [[4.569830417633057, 0.26838669180870056, -21.247465133666992], [-1.5503849983215332, -2.6321828365325928, 19.426273345947266], [-0.0003048790676984936, 0.08177848160266876, 0.17196951806545258], [0.02888907492160797, -1.7722291946411133, 20.399919509887695], [-6.399127006530762, 2.6225764751434326, -23.138620376586914], [6.304835319519043, -0.7780917882919312, 18.610637664794922], [6.716192722320557, -1.1086488962173462, 23.79550552368164], [7.776172161102295, -0.7791241407394409, 20.438032150268555], [19.297466278076172, 0.9420810341835022, 7.430355072021484], [19.376726150512695, 0.505353569984436, -7.264776706695557]]}