{"track": "zengarden", "karts": ["nolok", "sara_the_wizard", "gnu", "beastie", "hexley", "gavroche", "puffy", "xue", "kiki", "sara_the_racer"], "detections": [[[1, 0, 272, 202, 321, 248], [2, 0, 0, 164, 599, 399], [3, 0, 0, 0, 599, 271], [3, 461, 187, 119, 191, 126], [4, 9, 212, 164, 235, 186], [4, 10, 330, 164, 357, 187]], [[1, 1, 281, 187, 324, 265], [1, 5, 302, 168, 319, 183], [2, 0, 0, 161, 599, 399], [3, 0, 0, 0, 599, 262]], [[1, 2, 267, 160, 322, 228], [1, 8, 341, 164, 355, 179], [2, 0, 0, 168, 405, 399], [3, 0, 0, 0, 599, 399], [3, 246, 246, 116, 262, 139], [3, 289, 236, 110, 271, 167], [8, 25, 371, 166, 384, 178]], [[1, 3, 258, 188, 344, 261], [1, 4, 397, 163, 419, 173], [2, 0, 0, 156, 587, 399], [3, 0, 0, 0, 599, 399], [4, 17, 424, 154, 435, 162], [4, 18, 460, 160, 468, 165]], [[1, 4, 270, 193, 328, 271], [2, 0, 0, 149, 452, 399], [3, 0, 0, 0, 599, 399], [4, 17, 250, 153, 269, 169], [4, 18, 330, 164, 342, 175]], [[1, 5, 271, 203, 328, 260], [2, 0, 0, 167, 599, 399], [3, 0, 0, 0, 599, 245], [3, 174, 366, 162, 367, 166]], [[1, 6, 249, 201, 363, 283], [2, 0, 161, 129, 599, 399], [3, 0, 0, 0, 599, 399], [3, 307, 14, 99, 32, 113], [3, 461, 50, 97, 60, 110], [3, 469, 20, 118, 20, 118], [3, 485, 474, 4, 599, 174], [3, 489, 68, 87, 85, 118], [4, 10, 160, 128, 161, 130], [6, 21, 161, 133, 170, 134]], [[1, 7, 265, 187, 332, 263], [1, 9, 417, 156, 425, 161], [2, 0, 0, 160, 599, 399], [3, 0, 0, 0, 599, 262], [3, 243, 430, 135, 437, 145], [3, 249, 365, 133, 372, 144], [3, 286, 426, 133, 442, 159], [3, 292, 360, 131, 378, 158]], [[1, 3, 382, 167, 410, 189], [1, 4, 514, 166, 544, 175], [1, 8, 261, 183, 320, 252], [2, 0, 0, 167, 599, 399], [3, 0, 0, 0, 599, 399], [4, 17, 572, 159, 588, 168], [8, 25, 345, 182, 384, 220]], [[1, 2, 333, 151, 351, 170], [1, 9, 276, 178, 322, 259], [2, 0, 0, 162, 452, 399], [3, 0, 0, 0, 599, 399], [3, 243, 181, 94, 206, 126], [3, 246, 327, 124, 338, 139], [3, 286, 166, 86, 219, 167], [3, 289, 321, 119, 344, 159]]], "distance_down_track": [340.5274353027344, 544.806640625, 465.572021484375, 490.0095520019531, 511.6357116699219, 552.8336791992188, 280.6683044433594, 413.5294494628906, 479.9283447265625, 454.6020812988281], "velocity": [[24.687952041625977, 0.08143947273492813, -11.4760160446167], [20.38987159729004, 1.8940846920013428, -3.025804042816162], [-20.21528434753418, 0.16990908980369568, 11.784455299377441], [-2.570535182952881, -0.003399331122636795, 21.58245849609375], [13.959342956542969, 1.0832226276397705, 13.80853271484375], [20.410715103149414, 1.7419506311416626, -2.976289987564087], [11.65672779083252, -1.0537792444229126, -11.064838409423828], [-12.247076988220215, 0.08147871494293213, -17.170692443847656], [-9.695880889892578, 0.05167141556739807, 20.153921127319336], [-19.32459259033203, 0.09461251646280289, 3.641881227493286]]}