{"track": "overworld", "karts": ["beastie", "kiki", "hexley", "emule", "amanda", "wilber", "adiumy", "xue", "suzanne", "nolok"], "detections": [[[1, 0, 259, 189, 345, 264], [3, 0, 0, 0, 599, 276]], [[1, 1, 265, 183, 325, 253], [1, 2, 496, 158, 504, 162], [1, 7, 587, 159, 591, 162], [1, 8, 491, 247, 599, 369], [1, 9, 504, 159, 509, 162], [3, 0, 0, 86, 599, 156], [255, 16777215, 0, 168, 155, 181]], [[1, 2, 275, 196, 326, 266], [1, 7, 328, 156, 338, 163], [1, 9, 274, 179, 300, 202], [3, 0, 204, 51, 599, 153]], [[1, 3, 239, 198, 359, 321], [1, 6, 256, 303, 345, 387], [2, 7, 215, 167, 289, 184], [2, 24, 290, 168, 386, 185], [3, 0, 0, 0, 599, 204], [3, 7, 129, 0, 289, 181], [3, 24, 288, 0, 463, 184]], [[1, 4, 262, 192, 339, 256], [3, 0, 0, 18, 596, 161], [3, 4, 310, 150, 311, 151], [3, 7, 317, 150, 321, 151], [3, 24, 322, 150, 326, 151], [3, 25, 327, 151, 327, 151]], [[1, 0, 290, 152, 295, 156], [1, 5, 265, 189, 341, 262], [3, 0, 0, 0, 599, 220]], [[1, 3, 225, 59, 378, 182], [1, 6, 251, 190, 356, 304], [2, 7, 214, 152, 226, 167], [2, 24, 377, 153, 388, 168], [3, 0, 0, 0, 599, 178], [3, 7, 125, 0, 288, 166], [3, 24, 287, 0, 464, 168]], [[1, 7, 259, 187, 327, 266], [3, 0, 0, 0, 599, 154]], [[1, 1, 187, 173, 229, 212], [1, 2, 526, 159, 534, 163], [1, 8, 266, 200, 331, 249], [1, 9, 539, 161, 544, 164], [3, 0, 0, 109, 599, 158]], [[1, 7, 343, 154, 354, 162], [1, 9, 272, 203, 328, 256], [3, 0, 204, 40, 599, 150]]], "distance_down_track": [1329.7017822265625, 156.74609375, 212.961181640625, 621.7919311523438, 201.27365112304688, 1280.5977783203125, 608.0148315429688, 1175.1995849609375, 153.0663604736328, 216.187255859375], "velocity": [[-5.078005313873291, 3.4766979217529297, -20.84554100036621], [19.070466995239258, 0.21103012561798096, 10.662796974182129], [19.914945602416992, -0.16260507702827454, -8.443358421325684], [-0.27754339575767517, -0.6400988101959229, -3.141348123550415], [-2.145711898803711, -0.2911480665206909, 23.864913940429688], [0.9443490505218506, 3.105785369873047, -19.395217895507812], [-0.18099857866764069, -0.4095103144645691, 2.5324835777282715], [-3.4019875526428223, 0.37671351432800293, -20.415056228637695], [19.387474060058594, 0.21471093595027924, 17.322811126708984], [21.099008560180664, 0.09074727445840836, -8.313556671142578]]}