{"track": "minigolf", "karts": ["nolok", "sara_the_racer", "emule", "adiumy", "gavroche", "konqi", "amanda", "xue", "sara_the_wizard", "puffy"], "detections": [[[1, 0, 274, 203, 336, 260], [1, 4, 202, 169, 226, 182], [1, 7, 154, 157, 179, 175], [2, 0, 70, 161, 599, 399], [3, 0, 0, 0, 599, 399], [5, 24, 140, 160, 154, 174], [5, 25, 359, 174, 367, 189]], [[1, 0, 241, 177, 270, 198], [1, 1, 279, 180, 325, 253], [1, 4, 158, 166, 179, 176], [1, 7, 106, 156, 132, 171], [2, 0, 53, 165, 599, 399], [3, 0, 0, 0, 599, 399], [5, 24, 103, 157, 114, 169], [5, 25, 283, 171, 288, 180]], [[1, 2, 268, 199, 332, 263], [1, 8, 359, 168, 360, 171], [2, 0, 0, 170, 582, 399], [3, 0, 0, 0, 599, 399], [3, 2, 347, 29, 467, 154], [3, 12, 588, 211, 599, 214], [5, 12, 355, 168, 356, 170]], [[1, 1, 231, 148, 238, 155], [1, 3, 272, 195, 330, 254], [2, 0, 0, 43, 599, 399], [3, 0, 0, 0, 599, 335]], [[1, 4, 272, 203, 331, 255], [1, 7, 207, 162, 252, 204], [2, 0, 16, 153, 599, 399], [3, 0, 0, 0, 599, 399], [5, 24, 126, 178, 170, 210]], [[1, 5, 271, 192, 343, 262], [2, 0, 0, 0, 599, 399], [3, 0, 0, 0, 599, 399], [3, 2, 561, 0, 599, 95]], [[1, 6, 252, 175, 362, 272], [2, 0, 16, 68, 599, 399], [3, 0, 0, 0, 599, 399], [3, 9, 403, 113, 425, 133], [3, 11, 73, 65, 90, 71], [3, 13, 303, 75, 369, 123], [4, 18, 50, 139, 125, 194], [4, 19, 270, 146, 317, 189], [4, 20, 203, 100, 214, 110], [4, 21, 36, 95, 60, 110], [5, 22, 19, 65, 24, 68], [6, 9, 467, 120, 477, 130], [6, 32, 401, 130, 422, 133], [255, 16777215, 100, 0, 379, 57]], [[1, 4, 431, 384, 575, 399], [1, 7, 263, 183, 339, 266], [2, 0, 76, 168, 599, 399], [3, 0, 0, 0, 599, 399], [5, 24, 94, 219, 185, 286]], [[1, 8, 276, 187, 317, 264], [2, 0, 0, 165, 599, 399], [2, 7, 327, 161, 333, 166], [3, 0, 0, 0, 599, 300], [3, 2, 250, 0, 509, 146], [3, 3, 443, 156, 451, 160], [3, 5, 432, 156, 437, 160], [3, 7, 323, 156, 333, 166], [4, 14, 341, 160, 344, 162], [4, 33, 333, 161, 340, 166], [5, 10, 410, 168, 417, 178], [5, 11, 368, 165, 372, 171], [5, 12, 226, 167, 233, 175], [5, 13, 281, 166, 285, 171]], [[1, 3, 195, 137, 195, 137], [1, 5, 203, 165, 224, 180], [1, 9, 250, 201, 355, 275], [2, 0, 0, 121, 599, 399], [3, 0, 0, 0, 599, 355], [3, 2, 328, 15, 357, 114], [3, 11, 481, 121, 599, 185], [3, 12, 360, 128, 389, 157], [5, 22, 438, 207, 531, 280], [5, 23, 264, 169, 277, 183], [255, 16777215, 555, 0, 587, 99]]], "distance_down_track": [475.60137939453125, 470.5884094238281, 537.2011108398438, 437.68731689453125, 487.06842041015625, 370.83172607421875, 294.55487060546875, 490.5487060546875, 586.3281860351562, 356.23358154296875], "velocity": [[-3.745453357696533, 2.546668767929077, 20.198415756225586], [3.45186448097229, 2.8721399307250977, 21.909557342529297], [14.121503829956055, 0.3005368709564209, -14.263833999633789], [17.58328628540039, 0.08463961631059647, 11.182272911071777], [-16.83280372619629, 3.6225810050964355, 15.839104652404785], [19.145334243774414, -0.8453922867774963, 11.556861877441406], [4.297524452209473, -2.293002128601074, -14.355229377746582], [-18.18587303161621, 3.115208148956299, 9.384002685546875], [5.0267653465271, -3.499708890914917, -19.773054122924805], [17.864904403686523, -1.7553584575653076, -1.9442511796951294]]}