{"track": "hacienda", "karts": ["adiumy", "tux", "puffy", "pidgin", "nolok", "emule", "beastie", "sara_the_wizard", "gavroche", "konqi"], "detections": [[[1, 0, 274, 195, 329, 250], [1, 4, 330, 148, 334, 151], [1, 8, 313, 153, 319, 157], [2, 0, 0, 139, 599, 399], [3, 0, 0, 0, 599, 273]], [[1, 1, 266, 198, 331, 252], [1, 7, 459, 146, 460, 148], [2, 0, 0, 158, 521, 399], [3, 0, 0, 0, 599, 399], [5, 2, 324, 161, 331, 170], [5, 30, 284, 154, 300, 171]], [[1, 2, 260, 201, 348, 263], [2, 0, 70, 147, 599, 399], [3, 0, 0, 0, 599, 399], [4, 14, 563, 174, 599, 234], [4, 21, 405, 179, 501, 252]], [[1, 2, 245, 156, 266, 169], [1, 3, 269, 209, 336, 257], [1, 6, 199, 185, 269, 243], [2, 0, 0, 130, 599, 399], [3, 0, 0, 0, 599, 264], [4, 14, 329, 149, 347, 164], [4, 21, 284, 150, 301, 167]], [[1, 1, 367, 147, 381, 157], [1, 4, 270, 203, 325, 255], [2, 0, 0, 138, 599, 399], [3, 0, 0, 0, 599, 377], [5, 2, 420, 136, 425, 142], [5, 30, 398, 134, 408, 144]], [[1, 2, 246, 156, 261, 163], [1, 3, 296, 167, 314, 178], [1, 5, 275, 200, 330, 255], [1, 6, 277, 163, 295, 178], [1, 9, 376, 218, 598, 372], [2, 0, 0, 136, 599, 399], [3, 0, 0, 0, 599, 272], [4, 14, 295, 151, 305, 160], [4, 21, 269, 152, 280, 162]], [[1, 2, 246, 157, 271, 171], [1, 3, 345, 217, 446, 280], [1, 6, 260, 189, 345, 262], [2, 0, 0, 131, 599, 399], [3, 0, 0, 0, 599, 307], [4, 14, 333, 149, 352, 165], [4, 21, 288, 151, 307, 168]], [[1, 2, 366, 167, 370, 169], [1, 3, 385, 168, 389, 170], [1, 5, 368, 167, 374, 172], [1, 6, 377, 168, 378, 169], [1, 7, 282, 188, 322, 262], [1, 9, 375, 165, 384, 172], [2, 0, 0, 158, 599, 399], [3, 0, 0, 0, 599, 356], [4, 14, 392, 164, 397, 168], [4, 21, 377, 166, 382, 168]], [[1, 1, 392, 140, 402, 146], [1, 4, 322, 161, 337, 173], [1, 8, 272, 203, 325, 255], [2, 0, 0, 134, 599, 399], [3, 0, 0, 0, 599, 321], [5, 30, 432, 126, 441, 135]], [[1, 2, 209, 160, 223, 167], [1, 3, 253, 170, 269, 179], [1, 5, 215, 190, 254, 227], [1, 6, 235, 165, 252, 179], [1, 9, 272, 191, 340, 259], [2, 0, 0, 139, 599, 399], [3, 0, 0, 0, 599, 384], [4, 14, 256, 155, 266, 163], [4, 21, 231, 156, 242, 165]]], "distance_down_track": [897.6642456054688, 961.6968383789062, 1048.285400390625, 1036.467041015625, 942.5629272460938, 1025.87255859375, 1036.7889404296875, 996.838134765625, 931.4204711914062, 1024.4671630859375], "velocity": [[-2.281954050064087, 0.008653845638036728, -22.88651466369629], [-20.971717834472656, 3.727257251739502, -7.716456890106201], [-18.029909133911133, 2.5526764392852783, 11.866610527038574], [-16.419736862182617, 1.0208697319030762, 18.468990325927734], [-13.303714752197266, 2.111222505569458, -18.64279556274414], [-10.723411560058594, 0.4970603585243225, 21.404958724975586], [-13.55058765411377, 1.0252493619918823, 17.271276473999023], [-16.726551055908203, 2.469993829727173, 13.839948654174805], [-8.234221458435059, 1.1385831832885742, -21.4453067779541], [-9.988471984863281, 0.564153254032135, 21.81321144104004]]}