{"track": "snowtuxpeak", "karts": ["pidgin", "amanda", "xue", "tux", "gavroche", "emule", "puffy", "sara_the_wizard", "beastie", "gnu"], "detections": [[[1, 0, 267, 209, 335, 254], [2, 0, 42, 172, 599, 399], [3, 0, 0, 0, 599, 399]], [[1, 0, 257, 159, 262, 161], [1, 1, 241, 226, 359, 289], [1, 4, 282, 159, 289, 165], [1, 8, 260, 161, 288, 184], [2, 0, 0, 162, 599, 399], [3, 0, 0, 0, 599, 257]], [[1, 2, 266, 186, 335, 263], [1, 7, 274, 159, 283, 171], [2, 0, 0, 162, 599, 399], [3, 0, 0, 0, 599, 271]], [[1, 2, 293, 146, 295, 148], [1, 3, 267, 198, 329, 250], [1, 5, 293, 162, 300, 169], [1, 7, 288, 144, 289, 144], [1, 9, 447, 340, 599, 399], [2, 0, 0, 142, 599, 399], [3, 0, 0, 0, 599, 332], [4, 4, 329, 160, 342, 172], [4, 5, 273, 158, 283, 170]], [[1, 0, 258, 164, 269, 169], [1, 4, 274, 203, 327, 254], [2, 0, 0, 168, 599, 399], [3, 0, 0, 0, 599, 296]], [[1, 2, 304, 139, 308, 143], [1, 5, 269, 200, 329, 261], [1, 7, 298, 137, 300, 138], [2, 0, 0, 136, 599, 399], [3, 0, 0, 0, 599, 271]], [[1, 0, 248, 155, 252, 156], [1, 1, 272, 170, 300, 182], [1, 4, 274, 154, 277, 159], [1, 6, 242, 187, 351, 258], [1, 8, 263, 155, 278, 167], [2, 0, 0, 157, 599, 399], [3, 0, 0, 0, 599, 260]], [[1, 7, 279, 188, 319, 264], [2, 0, 0, 169, 599, 399], [3, 0, 0, 0, 599, 341]], [[1, 0, 249, 162, 256, 165], [1, 4, 283, 164, 292, 172], [1, 8, 261, 190, 340, 257], [2, 0, 0, 165, 599, 399], [3, 0, 0, 0, 599, 328]], [[1, 2, 299, 146, 301, 148], [1, 3, 249, 174, 282, 201], [1, 5, 295, 160, 296, 161], [1, 7, 295, 144, 296, 144], [1, 9, 270, 159, 328, 229], [2, 0, 0, 143, 599, 399], [3, 0, 0, 0, 599, 274], [4, 4, 322, 158, 332, 168], [4, 5, 273, 157, 282, 166]]], "distance_down_track": [151.5780487060547, 105.491455078125, 279.1482238769531, 212.43856811523438, 129.39564514160156, 231.9464874267578, 98.99342346191406, 293.60498046875, 112.63682556152344, 208.7008056640625], "velocity": [[-21.14368438720703, 1.5255407094955444, -11.416905403137207], [-11.965804100036621, 1.5643670558929443, 0.42176640033721924], [-0.03064044378697872, 2.541027307510376, -20.54342269897461], [-1.5121556520462036, 0.47001251578330994, -24.284425735473633], [-22.695749282836914, 2.3073322772979736, -2.929011821746826], [-0.26213452219963074, 0.2654574513435364, -21.08769989013672], [-17.39792823791504, 2.3014333248138428, 2.389470100402832], [3.5392162799835205, 2.54472279548645, -20.235815048217773], [-23.969072341918945, 2.786809206008911, 0.9693813323974609], [-0.3796042203903198, 0.4304939806461334, -21.612380981445312]]}