{"track": "tutorial", "karts": ["puffy", "hexley", "tux", "suzanne", "pidgin", "nolok", "beastie", "gavroche", "amanda", "adiumy"], "detections": [[[1, 0, 202, 201, 386, 323], [1, 1, 376, 152, 389, 161], [1, 4, 353, 157, 366, 164], [1, 5, 297, 154, 307, 160], [1, 7, 511, 163, 542, 177], [1, 8, 307, 153, 320, 162], [2, 0, 258, 134, 346, 155], [3, 0, 0, 27, 599, 399]], [[1, 1, 243, 192, 354, 350], [1, 4, 0, 240, 161, 335], [2, 0, 0, 111, 101, 168], [3, 0, 0, 57, 599, 399]], [[1, 2, 231, 197, 360, 319], [2, 0, 401, 38, 584, 96], [3, 0, 0, 0, 599, 399]], [[1, 3, 264, 200, 335, 253], [1, 6, 411, 177, 416, 179], [2, 0, 0, 176, 599, 399], [3, 0, 0, 72, 599, 314], [3, 6, 437, 61, 455, 82], [3, 7, 352, 77, 364, 90]], [[1, 1, 275, 149, 379, 204], [1, 2, 475, 134, 495, 146], [1, 4, 216, 218, 365, 327], [1, 7, 367, 155, 387, 170], [3, 0, 0, 30, 599, 399]], [[1, 1, 335, 159, 381, 183], [1, 2, 580, 157, 599, 171], [1, 4, 307, 176, 344, 201], [1, 5, 229, 205, 352, 324], [1, 7, 430, 165, 447, 177], [1, 8, 309, 181, 422, 268], [2, 0, 0, 43, 196, 230], [3, 0, 0, 54, 599, 399]], [[1, 5, 395, 178, 401, 181], [1, 6, 255, 189, 334, 261], [1, 8, 399, 180, 404, 182], [2, 0, 0, 157, 599, 399], [3, 0, 0, 0, 599, 398], [3, 6, 194, 0, 215, 16], [3, 7, 71, 0, 74, 2], [3, 8, 229, 55, 230, 57]], [[1, 2, 392, 134, 415, 154], [1, 7, 238, 205, 352, 320], [2, 0, 528, 0, 599, 57], [3, 0, 0, 0, 599, 399]], [[1, 4, 510, 191, 599, 248], [1, 5, 76, 185, 243, 277], [1, 8, 217, 184, 376, 321], [2, 0, 0, 61, 347, 179], [3, 0, 0, 1, 599, 399]], [[1, 3, 297, 148, 306, 155], [1, 6, 388, 154, 388, 154], [1, 9, 273, 195, 329, 251], [2, 0, 0, 152, 599, 399], [3, 0, 0, 60, 599, 317], [3, 6, 443, 50, 461, 70], [3, 7, 367, 63, 379, 76]]], "distance_down_track": [712.6583862304688, 712.6583862304688, 590.8922729492188, 576.2125244140625, 590.8922729492188, 619.34228515625, 576.2125244140625, 605.3455200195312, 576.2125244140625, 561.7310180664062], "velocity": [[-4.271625995635986, 0.12094321101903915, -2.3700828552246094], [-0.14328165352344513, 0.07399637997150421, 0.01729322224855423], [4.635763645172119, 1.0316513776779175, 1.3093795776367188], [10.130292892456055, -0.6127147078514099, -20.63981056213379], [0.21465358138084412, 0.21140170097351074, 2.418059825897217], [-1.0916426181793213, -0.022854287177324295, 0.36103931069374084], [-11.073201179504395, -3.2480554580688477, -21.214542388916016], [1.9976048469543457, 0.026073243468999863, 2.500018835067749], [-1.9355741739273071, 0.1306942254304886, 0.9420386552810669], [12.47497844696045, -1.4231195449829102, -19.270435333251953]]}