{"track": "overworld", "karts": ["beastie", "kiki", "hexley", "emule", "amanda", "wilber", "adiumy", "xue", "suzanne", "nolok"], "detections": [[[1, 0, 254, 189, 339, 264], [3, 0, 0, 0, 599, 163]], [[1, 1, 256, 179, 337, 270], [1, 2, 555, 162, 558, 166], [3, 0, 0, 0, 599, 242]], [[1, 2, 276, 196, 331, 271], [1, 5, 470, 140, 475, 142], [1, 8, 409, 147, 414, 149], [1, 9, 443, 144, 448, 145], [3, 0, 0, 44, 599, 184]], [[1, 3, 240, 199, 358, 321], [1, 6, 216, 183, 268, 234], [2, 7, 201, 159, 276, 176], [2, 24, 277, 159, 374, 176], [3, 0, 0, 0, 599, 183], [3, 7, 111, 0, 276, 173], [3, 24, 271, 0, 445, 174]], [[1, 4, 258, 192, 337, 259], [1, 7, 84, 150, 103, 165], [3, 0, 0, 94, 355, 146], [3, 7, 260, 141, 261, 142], [3, 8, 259, 141, 259, 141], [3, 24, 262, 141, 265, 142], [3, 25, 266, 142, 266, 142]], [[1, 4, 242, 143, 244, 144], [1, 5, 264, 191, 334, 256], [3, 0, 0, 57, 599, 169], [3, 7, 232, 138, 232, 138], [3, 24, 233, 138, 235, 139], [3, 25, 236, 139, 236, 139]], [[1, 6, 251, 190, 354, 301], [2, 7, 202, 140, 288, 160], [2, 24, 289, 141, 402, 162], [3, 0, 0, 0, 599, 178], [3, 7, 100, 0, 288, 156], [3, 24, 289, 0, 493, 161]], [[1, 7, 267, 187, 335, 264], [3, 0, 0, 61, 599, 154]], [[1, 5, 318, 150, 327, 158], [1, 8, 261, 201, 332, 255], [1, 9, 309, 159, 322, 170], [2, 0, 236, 155, 258, 178], [3, 0, 0, 0, 599, 167], [3, 7, 268, 127, 268, 127], [3, 24, 269, 127, 271, 128]], [[1, 5, 295, 161, 313, 178], [1, 9, 270, 203, 326, 255], [3, 0, 0, 0, 599, 176], [3, 7, 238, 135, 238, 135], [3, 24, 239, 135, 240, 135]]], "distance_down_track": [1225.0831298828125, 1347.8948974609375, 1407.0245361328125, 608.2129516601562, 138.82252502441406, 45.14741516113281, 610.1912231445312, 157.7384490966797, 23.81068229675293, 36.09586715698242], "velocity": [[-2.2444851398468018, -0.4611012935638428, -21.613882064819336], [-12.92216682434082, 2.1905550956726074, -7.600396156311035], [-16.743371963500977, -3.2513792514801025, 9.787759780883789], [-0.0798320546746254, -1.1684001684188843, 2.318988084793091], [4.978363990783691, 0.054572951048612595, 21.999784469604492], [5.760128498077393, 0.47650641202926636, 21.07169532775879], [-0.3935352563858032, -1.0672694444656372, 6.769295692443848], [-11.011983871459961, -0.21934103965759277, 17.959644317626953], [4.645495414733887, -1.7451448440551758, 22.458269119262695], [6.721859931945801, -0.978771448135376, 21.974042892456055]]}