{"track": "overworld", "karts": ["beastie", "kiki", "hexley", "emule", "amanda", "wilber", "adiumy", "xue", "suzanne", "nolok"], "detections": [[[1, 0, 254, 190, 340, 264], [3, 0, 1, 0, 599, 177]], [[1, 1, 270, 184, 331, 253], [1, 2, 284, 159, 284, 160], [1, 3, 285, 159, 286, 162], [1, 6, 290, 155, 292, 157], [3, 0, 0, 0, 599, 184], [3, 2, 0, 31, 61, 105], [3, 3, 6, 3, 14, 27], [3, 7, 250, 89, 285, 157], [3, 8, 253, 93, 267, 106], [3, 24, 282, 89, 317, 158], [3, 25, 298, 93, 317, 120]], [[1, 2, 275, 196, 326, 265], [1, 3, 310, 150, 321, 168], [1, 6, 389, 119, 480, 192], [2, 7, 245, 147, 315, 163], [2, 24, 316, 144, 410, 163], [3, 0, 0, 0, 599, 178], [3, 7, 160, 0, 315, 163], [3, 24, 313, 0, 483, 151]], [[1, 3, 241, 198, 361, 322], [3, 0, 0, 64, 599, 284], [3, 7, 0, 203, 297, 399], [3, 24, 298, 202, 599, 399]], [[1, 4, 258, 192, 339, 260], [3, 0, 0, 73, 537, 164], [3, 4, 302, 144, 302, 144], [3, 5, 150, 149, 154, 149], [3, 7, 306, 143, 309, 144], [3, 24, 310, 143, 313, 144]], [[1, 0, 361, 163, 365, 165], [1, 5, 250, 188, 331, 266], [3, 0, 0, 0, 599, 161]], [[1, 2, 29, 283, 192, 399], [1, 3, 276, 215, 283, 222], [1, 6, 248, 188, 355, 300], [2, 7, 214, 210, 283, 228], [2, 24, 316, 213, 382, 231], [3, 0, 0, 0, 599, 250], [3, 7, 151, 0, 291, 224], [3, 24, 288, 0, 440, 230]], [[1, 7, 262, 186, 334, 269], [1, 8, 349, 175, 387, 201], [3, 0, 0, 53, 599, 202], [3, 5, 592, 154, 594, 155]], [[1, 8, 260, 200, 337, 258], [1, 9, 373, 189, 375, 191], [3, 0, 0, 69, 599, 204], [3, 5, 582, 154, 582, 154]], [[1, 9, 273, 203, 335, 261], [2, 0, 393, 134, 397, 139], [3, 0, 0, 0, 599, 237]]], "distance_down_track": [1238.498046875, 195.050048828125, 195.050048828125, 195.050048828125, 107.384765625, 1180.8072509765625, 621.7353515625, 1375.13427734375, 1379.1087646484375, 1437.80126953125], "velocity": [[-1.9157999753952026, 1.326464295387268, -21.60972785949707], [0.533073365688324, -1.6854832172393799, 21.778371810913086], [-2.254800796508789, -3.724579095840454, 21.41181755065918], [0.14497458934783936, 0.13366007804870605, -0.015623800456523895], [-1.1933932304382324, -0.753250241279602, 21.68913459777832], [0.5531573295593262, 0.8094922304153442, -18.705718994140625], [-0.007113893982023001, -0.03817998245358467, 0.11060113459825516], [-18.87489128112793, 0.8931974172592163, 5.369706630706787], [-19.7836971282959, 0.22566021978855133, 6.08640718460083], [-13.644074440002441, -4.376801013946533, 14.938969612121582]]}