{"track": "tutorial", "karts": ["puffy", "hexley", "tux", "suzanne", "pidgin", "nolok", "beastie", "gavroche", "amanda", "adiumy"], "detections": [[[1, 0, 204, 201, 389, 328], [1, 1, 282, 159, 310, 188], [1, 6, 166, 133, 208, 162], [2, 0, 0, 108, 230, 158], [3, 0, 0, 35, 599, 399]], [[1, 1, 249, 194, 345, 333], [1, 6, 0, 122, 69, 172], [2, 0, 0, 83, 156, 170], [3, 0, 0, 17, 599, 399]], [[1, 2, 268, 198, 328, 248], [1, 4, 344, 169, 364, 181], [1, 7, 339, 181, 369, 207], [2, 0, 0, 169, 599, 399], [3, 0, 0, 61, 599, 319], [3, 6, 512, 49, 536, 72], [3, 7, 415, 72, 428, 85], [3, 8, 559, 82, 569, 90]], [[1, 2, 242, 141, 248, 146], [1, 3, 265, 201, 336, 255], [1, 4, 249, 136, 254, 139], [1, 7, 249, 139, 254, 143], [1, 9, 243, 143, 250, 149], [2, 0, 0, 135, 599, 399], [3, 0, 0, 42, 599, 291], [3, 6, 357, 44, 370, 62], [3, 7, 297, 46, 307, 59]], [[1, 4, 264, 209, 333, 254], [2, 0, 0, 175, 599, 399], [3, 0, 0, 73, 599, 297], [3, 6, 444, 62, 462, 83], [3, 7, 359, 77, 371, 90]], [[1, 5, 235, 206, 357, 322], [2, 0, 410, 33, 547, 85], [3, 0, 0, 0, 599, 399]], [[1, 6, 204, 179, 378, 347], [2, 0, 0, 122, 202, 314], [3, 0, 0, 0, 599, 399]], [[1, 2, 0, 304, 197, 399], [1, 4, 303, 176, 328, 192], [1, 7, 274, 202, 324, 250], [2, 0, 0, 172, 599, 399], [3, 0, 0, 72, 599, 268], [3, 6, 472, 61, 492, 82], [3, 7, 384, 78, 396, 91], [3, 8, 512, 95, 517, 99]], [[1, 8, 250, 189, 352, 275], [2, 0, 0, 147, 599, 399], [3, 0, 0, 109, 599, 318], [5, 20, 356, 161, 367, 175], [5, 21, 307, 160, 318, 174], [5, 22, 246, 158, 257, 173]], [[1, 2, 306, 173, 334, 196], [1, 4, 344, 162, 358, 170], [1, 7, 340, 167, 358, 183], [1, 9, 277, 187, 330, 237], [2, 0, 0, 163, 599, 399], [3, 0, 0, 57, 599, 361], [3, 6, 511, 45, 535, 68], [3, 7, 416, 67, 429, 81], [3, 8, 560, 77, 570, 85]]], "distance_down_track": [712.6583862304688, 712.6583862304688, 473.2306823730469, 473.2306823730469, 473.2306823730469, 547.9110717773438, 473.2306823730469, 491.73480224609375, 433.4427490234375, 420.1153259277344], "velocity": [[-5.031546115875244, 0.10019472986459732, -0.4265625476837158], [-9.482271194458008, 0.14984743297100067, 0.419252872467041], [14.576522827148438, -0.3918251097202301, -21.400331497192383], [7.562080383300781, -3.4575681686401367, -21.345643997192383], [11.047872543334961, -0.4104991853237152, -21.362165451049805], [3.778564453125, -0.0747491642832756, 2.050123453140259], [0.07492335885763168, 0.05687562748789787, 0.3121216297149658], [13.462380409240723, -0.2789846956729889, -21.136524200439453], [-13.24506950378418, 0.9809248447418213, -9.748505592346191], [15.370904922485352, -0.49988463521003723, -20.152118682861328]]}