{"track": "overworld", "karts": ["beastie", "kiki", "hexley", "emule", "amanda", "wilber", "adiumy", "xue", "suzanne", "nolok"], "detections": [[[1, 0, 253, 189, 339, 264], [3, 0, 0, 0, 599, 163]], [[1, 1, 271, 183, 332, 253], [1, 2, 283, 147, 283, 149], [1, 3, 280, 151, 282, 152], [1, 6, 284, 151, 285, 151], [2, 24, 286, 149, 298, 149], [3, 0, 0, 0, 599, 166], [3, 1, 0, 129, 104, 183], [3, 2, 138, 95, 174, 126], [3, 3, 130, 66, 160, 92], [3, 4, 122, 28, 162, 67], [3, 7, 249, 91, 279, 149], [3, 8, 250, 94, 263, 147], [3, 24, 276, 91, 306, 149], [3, 25, 289, 94, 307, 149], [255, 16777215, 279, 144, 279, 144]], [[1, 2, 275, 196, 325, 265], [1, 3, 317, 155, 327, 161], [1, 6, 325, 159, 335, 169], [2, 7, 278, 150, 317, 159], [2, 24, 318, 148, 369, 158], [3, 0, 0, 0, 599, 164], [3, 7, 235, 0, 317, 159], [3, 24, 313, 0, 402, 156], [3, 25, 395, 14, 401, 79]], [[1, 3, 237, 197, 355, 322], [2, 7, 0, 145, 45, 268], [2, 24, 25, 146, 310, 255], [3, 0, 337, 0, 599, 169], [3, 7, 0, 18, 24, 145], [3, 24, 0, 0, 357, 180], [255, 16777215, 337, 170, 337, 170]], [[1, 4, 256, 191, 337, 261], [1, 9, 304, 171, 313, 178], [3, 0, 0, 89, 492, 174], [3, 4, 289, 162, 289, 162], [3, 7, 295, 162, 297, 163], [3, 24, 298, 162, 301, 163], [3, 25, 300, 162, 300, 162]], [[1, 5, 256, 190, 338, 261], [3, 0, 0, 0, 599, 399]], [[1, 3, 285, 152, 307, 166], [1, 6, 251, 190, 355, 303], [2, 7, 209, 141, 289, 160], [2, 24, 290, 142, 394, 162], [3, 0, 0, 0, 599, 176], [3, 7, 116, 0, 289, 155], [3, 24, 290, 0, 480, 161]], [[1, 4, 320, 136, 323, 138], [1, 7, 261, 186, 330, 265], [1, 8, 333, 148, 339, 152], [1, 9, 315, 135, 316, 136], [2, 0, 265, 154, 281, 170], [3, 0, 0, 10, 599, 165], [3, 7, 284, 127, 285, 127], [3, 24, 286, 127, 288, 128]], [[1, 4, 274, 140, 280, 145], [1, 8, 259, 201, 336, 260], [1, 9, 272, 141, 273, 143], [3, 0, 0, 54, 599, 148], [3, 7, 250, 137, 251, 137], [3, 24, 252, 137, 253, 137]], [[1, 9, 265, 203, 326, 261], [3, 0, 0, 103, 472, 161], [3, 4, 250, 142, 250, 142], [3, 5, 57, 149, 63, 149], [3, 7, 255, 141, 258, 142], [3, 8, 254, 142, 254, 142], [3, 24, 259, 141, 262, 142]]], "distance_down_track": [1222.5526123046875, 270.4015197753906, 270.4015197753906, 270.4015197753906, 93.75111389160156, 1342.124267578125, 608.89404296875, 20.019798278808594, 56.92711639404297, 112.384033203125], "velocity": [[-2.309837579727173, -0.6023969054222107, -21.603517532348633], [1.120726227760315, -2.845907688140869, 21.634862899780273], [-2.3250200748443604, -3.561781644821167, 21.431997299194336], [0.9993854761123657, 0.07122740149497986, 0.31810155510902405], [0.4223623275756836, 0.8770886063575745, 21.713186264038086], [-10.58597469329834, 2.1940348148345947, -12.03077220916748], [-0.3767804801464081, -0.9305771589279175, 5.522665500640869], [3.3868236541748047, -1.847767949104309, 20.337284088134766], [4.294128894805908, -0.9096202850341797, 20.22926139831543], [4.975680828094482, -0.9229406118392944, 20.071887969970703]]}