{"track": "overworld", "karts": ["beastie", "kiki", "hexley", "emule", "amanda", "wilber", "adiumy", "xue", "suzanne", "nolok"], "detections": [[[1, 0, 260, 189, 346, 264], [3, 0, 0, 0, 599, 187]], [[1, 1, 265, 183, 325, 253], [1, 2, 494, 148, 504, 151], [1, 4, 283, 147, 286, 150], [3, 0, 0, 89, 485, 163], [3, 4, 269, 142, 269, 142], [3, 5, 99, 148, 101, 148], [3, 7, 273, 142, 277, 143], [3, 24, 278, 142, 281, 143], [3, 25, 280, 142, 280, 142]], [[1, 2, 267, 196, 322, 265], [1, 8, 403, 167, 410, 169], [1, 9, 437, 166, 442, 168], [3, 0, 348, 63, 599, 163]], [[1, 3, 239, 198, 359, 322], [1, 6, 264, 239, 334, 345], [2, 7, 215, 160, 289, 176], [2, 24, 290, 160, 387, 177], [3, 0, 0, 0, 599, 188], [3, 7, 127, 0, 289, 174], [3, 24, 287, 0, 461, 175]], [[1, 4, 256, 191, 345, 265], [3, 0, 0, 86, 491, 163], [3, 7, 294, 152, 298, 153], [3, 24, 299, 152, 303, 153], [3, 25, 302, 152, 302, 152]], [[1, 0, 275, 136, 278, 138], [1, 5, 263, 189, 338, 258], [3, 0, 27, 0, 599, 157]], [[1, 3, 236, 155, 361, 274], [1, 6, 249, 199, 346, 305], [2, 7, 216, 154, 290, 172], [2, 24, 291, 155, 388, 174], [3, 0, 0, 0, 599, 188], [3, 7, 133, 0, 292, 167], [3, 24, 291, 0, 468, 173]], [[1, 7, 265, 187, 333, 264], [3, 0, 0, 22, 551, 183], [3, 4, 386, 143, 386, 144], [3, 6, 225, 154, 235, 158], [3, 7, 361, 144, 366, 147], [3, 24, 367, 144, 374, 146], [255, 16777215, 231, 155, 504, 184]], [[1, 5, 516, 148, 527, 154], [1, 8, 255, 201, 334, 264], [1, 9, 368, 160, 390, 176], [3, 0, 3, 0, 599, 150]], [[1, 5, 374, 161, 380, 167], [1, 9, 257, 202, 324, 270], [3, 0, 0, 0, 599, 162]]], "distance_down_track": [1285.0162353515625, 109.81430053710938, 180.15240478515625, 621.84130859375, 172.19198608398438, 1212.336669921875, 621.7353515625, 335.4996643066406, 1171.055908203125, 1179.1007080078125], "velocity": [[1.3063421249389648, 3.366302967071533, -21.432958602905273], [4.133177280426025, -0.9430018663406372, 21.43478775024414], [21.313167572021484, 0.503006637096405, -1.7541999816894531], [-1.1511530876159668, -0.6363886594772339, -2.6205713748931885], [-0.2569999098777771, 0.07291284203529358, 20.025535583496094], [-3.1866414546966553, -0.28946051001548767, -19.402929306030273], [-0.007113893982023001, -0.03817998245358467, 0.11060113459825516], [2.77124285697937, -0.20274755358695984, 20.51265525817871], [8.760894775390625, 0.2287903130054474, -14.206890106201172], [1.4058027267456055, 0.809307336807251, -18.125751495361328]]}