{"track": "tutorial", "karts": ["puffy", "hexley", "tux", "suzanne", "pidgin", "nolok", "beastie", "gavroche", "amanda", "adiumy"], "detections": [[[1, 0, 203, 201, 387, 326], [1, 1, 43, 371, 260, 399], [1, 6, 169, 152, 197, 170], [1, 8, 211, 156, 249, 183], [1, 9, 253, 155, 272, 173], [2, 0, 142, 124, 281, 156], [3, 0, 0, 37, 599, 399]], [[1, 0, 310, 177, 377, 228], [1, 1, 241, 193, 349, 349], [1, 5, 294, 128, 296, 128], [1, 6, 217, 151, 238, 166], [1, 8, 258, 154, 285, 175], [1, 9, 286, 154, 302, 169], [2, 0, 190, 126, 307, 155], [3, 0, 0, 37, 599, 399]], [[1, 2, 269, 198, 342, 264], [2, 0, 0, 128, 599, 399], [3, 0, 0, 0, 599, 238]], [[1, 3, 267, 200, 338, 255], [2, 0, 0, 130, 599, 399], [3, 0, 0, 0, 599, 287]], [[1, 4, 267, 209, 336, 257], [2, 0, 0, 156, 599, 399], [3, 0, 0, 8, 599, 273]], [[1, 5, 242, 205, 354, 318], [2, 0, 0, 155, 599, 399], [3, 0, 0, 28, 599, 220]], [[1, 6, 209, 180, 383, 329], [2, 0, 109, 97, 419, 174], [3, 0, 0, 18, 599, 399]], [[1, 2, 268, 139, 271, 140], [1, 7, 255, 204, 342, 290], [2, 0, 0, 125, 599, 399], [3, 0, 0, 0, 599, 357]], [[1, 6, 80, 158, 156, 204], [1, 8, 219, 185, 376, 319], [1, 9, 292, 165, 327, 202], [2, 0, 41, 107, 287, 161], [3, 0, 0, 28, 599, 399]], [[1, 9, 252, 191, 353, 305], [2, 0, 0, 86, 259, 167], [3, 0, 0, 15, 599, 399]]], "distance_down_track": [712.6583862304688, 712.6583862304688, 741.5721435546875, 741.5721435546875, 741.5721435546875, 741.5721435546875, 729.2155151367188, 741.5721435546875, 712.6583862304688, 712.6583862304688], "velocity": [[-4.766320705413818, 0.11360461264848709, -1.1008940935134888], [-4.824978828430176, 0.10850807279348373, -1.548256516456604], [-15.97324275970459, 2.141197681427002, -11.120155334472656], [-12.73036003112793, 0.7069854736328125, 19.14257049560547], [-0.860769510269165, 0.30617475509643555, 24.13271141052246], [-8.021206855773926, -0.48451682925224304, 2.84234881401062], [-3.5624594688415527, 0.11377549171447754, -0.901019811630249], [-8.870430946350098, -1.4834985733032227, -7.1669158935546875], [-4.946290969848633, 0.09673701226711273, -0.4947890341281891], [-6.180846691131592, 0.11949702352285385, -0.039226751774549484]]}