{"track": "overworld", "karts": ["beastie", "kiki", "hexley", "emule", "amanda", "wilber", "adiumy", "xue", "suzanne", "nolok"], "detections": [[[1, 0, 262, 189, 347, 266], [3, 0, 0, 0, 599, 216]], [[1, 1, 254, 179, 326, 264], [1, 2, 362, 162, 364, 166], [1, 7, 364, 163, 365, 165], [1, 8, 305, 164, 329, 182], [1, 9, 356, 162, 361, 165], [3, 0, 0, 0, 599, 161]], [[1, 0, 271, 128, 274, 130], [1, 2, 271, 196, 326, 272], [1, 7, 293, 154, 306, 167], [3, 0, 0, 0, 599, 158]], [[1, 3, 242, 200, 358, 320], [2, 7, 200, 138, 287, 157], [2, 24, 288, 138, 401, 158], [3, 0, 0, 0, 599, 172], [3, 7, 96, 0, 287, 154], [3, 24, 285, 0, 491, 157]], [[1, 4, 258, 191, 343, 263], [3, 0, 0, 82, 542, 166], [3, 7, 299, 152, 302, 153], [3, 24, 303, 152, 307, 153]], [[1, 5, 262, 190, 338, 259], [3, 0, 0, 20, 599, 177]], [[1, 3, 274, 179, 326, 226], [1, 6, 251, 190, 356, 304], [2, 7, 214, 150, 289, 167], [2, 24, 290, 151, 389, 168], [3, 0, 0, 0, 599, 178], [3, 7, 125, 0, 289, 164], [3, 24, 288, 0, 466, 167]], [[1, 0, 279, 132, 283, 135], [1, 7, 263, 187, 331, 266], [3, 0, 0, 0, 599, 183]], [[1, 2, 323, 166, 325, 170], [1, 7, 321, 165, 321, 165], [1, 8, 252, 201, 333, 268], [1, 9, 319, 166, 324, 171], [3, 0, 0, 0, 599, 166]], [[1, 0, 268, 134, 270, 136], [1, 2, 293, 163, 305, 177], [1, 7, 291, 155, 299, 162], [1, 9, 269, 203, 330, 260], [3, 0, 15, 0, 599, 157]]], "distance_down_track": [1294.876220703125, 1180.43115234375, 1225.421630859375, 610.2755126953125, 176.03712463378906, 1413.946533203125, 608.09716796875, 1239.3519287109375, 1188.3203125, 1214.3880615234375], "velocity": [[2.6492135524749756, 2.9894890785217285, -21.36480140686035], [-0.5086056590080261, 0.6556899547576904, -17.990921020507812], [-2.900777816772461, -0.1071508377790451, -19.449581146240234], [-0.5054357647895813, -1.3165361881256104, 7.7112884521484375], [-0.6076403260231018, 0.06733912229537964, 20.771093368530273], [-15.959223747253418, -3.83203387260437, 10.831939697265625], [-0.20782773196697235, -0.4792717397212982, 2.965675115585327], [-1.7273019552230835, 1.371962070465088, -20.582130432128906], [-2.3010849952697754, 1.178382396697998, -19.45343780517578], [-3.4494776725769043, -0.03481556475162506, -20.410531997680664]]}