{"track": "overworld", "karts": ["beastie", "kiki", "hexley", "emule", "amanda", "wilber", "adiumy", "xue", "suzanne", "nolok"], "detections": [[[1, 0, 261, 188, 346, 264], [3, 0, 0, 104, 451, 167], [3, 24, 0, 125, 34, 170], [3, 25, 2, 125, 35, 167], [255, 16777215, 0, 151, 274, 185]], [[1, 1, 263, 182, 328, 257], [1, 2, 281, 148, 284, 151], [1, 4, 295, 158, 302, 164], [3, 0, 0, 0, 599, 156]], [[1, 2, 271, 197, 326, 272], [1, 5, 334, 131, 338, 132], [1, 7, 440, 114, 441, 115], [1, 8, 275, 145, 279, 148], [1, 9, 272, 144, 274, 146], [3, 0, 0, 0, 599, 177]], [[1, 3, 243, 197, 362, 317], [1, 6, 276, 183, 291, 195], [2, 7, 208, 177, 282, 193], [2, 24, 283, 177, 378, 193], [3, 0, 0, 0, 599, 211], [3, 7, 121, 0, 282, 190], [3, 24, 280, 0, 449, 192]], [[1, 2, 294, 140, 300, 146], [1, 4, 255, 191, 336, 261], [1, 8, 279, 127, 282, 129], [1, 9, 275, 125, 277, 127], [3, 0, 0, 0, 599, 178]], [[1, 5, 258, 190, 335, 260], [1, 7, 374, 166, 380, 169], [3, 0, 0, 42, 599, 197]], [[1, 6, 256, 193, 349, 288], [2, 7, 140, 161, 330, 222], [2, 24, 330, 165, 599, 251], [3, 0, 0, 9, 54, 183], [3, 7, 0, 0, 333, 196], [3, 24, 331, 0, 599, 224]], [[1, 7, 267, 187, 335, 264], [3, 0, 0, 78, 599, 215]], [[1, 5, 438, 144, 448, 149], [1, 8, 266, 201, 343, 262], [1, 9, 293, 168, 305, 179], [3, 0, 0, 0, 599, 236]], [[1, 5, 486, 142, 503, 147], [1, 9, 273, 203, 334, 261], [3, 0, 8, 0, 599, 184]]], "distance_down_track": [486.1632385253906, 1205.47216796875, 1260.98046875, 621.8597412109375, 1233.764404296875, 1360.3856201171875, 621.7723388671875, 1394.8265380859375, 1304.277099609375, 1316.0150146484375], "velocity": [[14.697853088378906, -1.3239715099334717, 13.248318672180176], [-3.906646251678467, 0.17679007351398468, -19.272235870361328], [-0.6990793347358704, 2.245549440383911, -19.52385711669922], [-0.22127047181129456, -0.5701792240142822, -3.593869686126709], [-1.6983132362365723, -0.3261535167694092, -21.666091918945312], [-19.2738037109375, 2.175124406814575, -1.6499965190887451], [-3.751016139984131, -0.7407798171043396, -1.5771560668945312], [-18.322917938232422, -1.243574619293213, 9.550607681274414], [3.0254950523376465, 3.187173843383789, -20.2281551361084], [1.5682272911071777, 2.812535047531128, -20.44799041748047]]}