{"track": "overworld", "karts": ["beastie", "kiki", "hexley", "emule", "amanda", "wilber", "adiumy", "xue", "suzanne", "nolok"], "detections": [[[1, 0, 255, 189, 341, 262], [3, 0, 0, 79, 598, 168], [3, 4, 297, 149, 297, 149], [3, 5, 147, 154, 152, 154], [3, 7, 303, 148, 305, 149], [3, 8, 302, 149, 302, 149], [3, 24, 306, 148, 309, 150], [3, 25, 310, 150, 310, 150]], [[1, 1, 268, 173, 329, 242], [1, 2, 210, 159, 215, 161], [1, 3, 138, 161, 142, 161], [3, 0, 0, 109, 520, 164], [3, 2, 10, 146, 20, 150], [3, 3, 8, 137, 15, 144], [3, 4, 4, 126, 15, 136], [3, 24, 0, 132, 11, 150], [3, 25, 7, 135, 7, 135]], [[1, 2, 274, 196, 325, 265], [1, 3, 261, 155, 266, 158], [3, 0, 0, 97, 500, 161], [3, 1, 159, 149, 184, 164], [3, 2, 181, 133, 192, 146], [3, 3, 179, 125, 188, 133], [3, 4, 177, 110, 188, 121], [3, 7, 201, 117, 224, 156], [3, 8, 202, 119, 210, 127], [3, 24, 220, 117, 244, 155], [3, 25, 230, 119, 243, 139], [255, 16777215, 0, 141, 439, 187]], [[1, 3, 274, 199, 331, 257], [1, 6, 278, 151, 279, 151], [2, 24, 283, 148, 291, 148], [3, 0, 0, 51, 599, 160], [3, 1, 98, 138, 162, 172], [3, 2, 174, 109, 198, 133], [3, 3, 169, 90, 188, 108], [3, 4, 164, 63, 190, 89], [3, 7, 246, 96, 274, 149], [3, 8, 247, 98, 259, 112], [3, 24, 270, 96, 299, 148], [3, 25, 280, 97, 299, 145]], [[1, 4, 254, 191, 342, 263], [3, 0, 76, 112, 530, 162]], [[1, 5, 263, 190, 338, 258], [3, 0, 205, 53, 599, 151]], [[1, 6, 255, 191, 349, 293], [2, 7, 188, 135, 285, 158], [2, 24, 286, 136, 414, 159], [3, 0, 0, 0, 599, 172], [3, 7, 72, 0, 285, 153], [3, 24, 284, 0, 516, 158]], [[1, 1, 399, 150, 403, 154], [1, 7, 267, 187, 335, 264], [3, 0, 0, 147, 391, 181], [3, 4, 292, 156, 294, 160], [3, 7, 263, 157, 270, 161], [3, 24, 271, 157, 279, 161]], [[1, 8, 263, 200, 340, 261], [1, 9, 582, 147, 598, 150], [3, 0, 0, 0, 599, 233]], [[1, 9, 268, 203, 328, 260], [3, 0, 0, 66, 599, 205], [3, 5, 583, 154, 587, 155]]], "distance_down_track": [105.15763854980469, 233.90414428710938, 229.18423461914062, 233.90414428710938, 960.914306640625, 210.63294982910156, 612.0454711914062, 365.57354736328125, 1327.88134765625, 1378.2828369140625], "velocity": [[-0.7587720155715942, -0.7223940491676331, 21.709735870361328], [20.584972381591797, -2.074960947036743, 7.0268049240112305], [6.768354415893555, -2.391681432723999, 20.63714599609375], [1.758104920387268, -3.0910093784332275, 22.723440170288086], [14.407353401184082, -1.3281798362731934, -14.312606811523438], [17.989763259887695, -0.05333419516682625, -7.942150592803955], [-0.6244567036628723, -1.718544840812683, 9.971724510192871], [11.363312721252441, 0.45197010040283203, 17.2962646484375], [-4.414943695068359, 3.2795207500457764, -19.956026077270508], [-19.823272705078125, 0.4671877920627594, 5.942182540893555]]}