{"track": "xr591", "karts": ["sara_the_racer", "tux", "gavroche", "konqi", "beastie", "kiki", "gnu", "hexley", "nolok", "pidgin"], "detections": [[[1, 0, 279, 178, 330, 260], [2, 0, 2, 163, 599, 399], [3, 0, 0, 0, 599, 399], [5, 29, 253, 156, 257, 163], [6, 4, 321, 144, 370, 173]], [[1, 1, 259, 198, 329, 260], [1, 2, 358, 119, 361, 120], [1, 4, 316, 111, 318, 112], [1, 5, 378, 127, 383, 133], [2, 0, 0, 95, 599, 399], [3, 0, 0, 0, 599, 266], [3, 15, 242, 129, 264, 136], [5, 46, 219, 110, 220, 112], [5, 47, 404, 124, 407, 127], [6, 48, 379, 117, 385, 120]], [[1, 0, 246, 132, 248, 134], [1, 2, 274, 203, 333, 261], [1, 4, 270, 145, 278, 152], [2, 0, 0, 129, 599, 399], [3, 0, 0, 0, 599, 390], [4, 24, 255, 139, 260, 143], [4, 26, 294, 139, 299, 142], [5, 27, 282, 140, 284, 142]], [[1, 3, 269, 190, 345, 265], [2, 0, 0, 166, 599, 399], [2, 11, 258, 159, 596, 193], [3, 0, 0, 0, 599, 313], [3, 1, 486, 0, 599, 146], [3, 11, 257, 145, 599, 166]], [[1, 0, 248, 146, 253, 152], [1, 4, 258, 189, 343, 262], [2, 0, 0, 146, 599, 399], [3, 0, 0, 0, 599, 224], [4, 24, 254, 157, 266, 167], [4, 25, 286, 168, 286, 168], [4, 26, 341, 156, 355, 168], [5, 27, 313, 159, 318, 167], [6, 4, 240, 143, 246, 147]], [[1, 2, 216, 169, 224, 174], [1, 4, 149, 165, 155, 168], [1, 5, 266, 182, 332, 256], [2, 0, 0, 154, 599, 399], [3, 0, 0, 0, 599, 230], [4, 26, 149, 161, 154, 163], [5, 27, 138, 161, 140, 163], [5, 47, 343, 170, 355, 182], [6, 48, 263, 161, 269, 170]], [[1, 6, 259, 144, 343, 249], [2, 0, 0, 152, 599, 399], [3, 0, 0, 0, 599, 329], [5, 51, 254, 149, 256, 153], [6, 5, 129, 147, 137, 156], [6, 8, 0, 212, 15, 216], [6, 59, 0, 330, 237, 399], [6, 60, 22, 167, 56, 171]], [[1, 7, 256, 197, 329, 270], [1, 9, 0, 202, 170, 287], [2, 0, 0, 105, 599, 399], [3, 0, 0, 0, 599, 373], [3, 1, 471, 92, 599, 140], [6, 10, 375, 104, 376, 107]], [[1, 7, 393, 208, 397, 215], [1, 8, 264, 202, 324, 260], [1, 9, 361, 197, 378, 207], [2, 0, 0, 156, 599, 399], [3, 0, 0, 0, 599, 332], [4, 32, 280, 170, 296, 187], [4, 33, 255, 157, 268, 173], [5, 31, 310, 188, 318, 197]], [[1, 7, 383, 215, 433, 273], [1, 9, 247, 212, 325, 270], [2, 0, 0, 114, 599, 399], [3, 0, 0, 0, 599, 201], [3, 1, 552, 106, 599, 150], [6, 10, 429, 114, 430, 117]]], "distance_down_track": [964.5027465820312, 824.0882568359375, 896.735595703125, 687.2693481445312, 924.8961181640625, 862.3419799804688, 602.8673706054688, 761.224609375, 741.1064453125, 759.42236328125], "velocity": [[18.043994903564453, 0.9087536931037903, -7.765345096588135], [-1.6460896730422974, -5.594388484954834, -19.86159896850586], [5.568381309509277, -2.053459644317627, -19.83094596862793], [-14.431670188903809, 0.11945897340774536, 16.436017990112305], [5.985249996185303, -0.5307106375694275, -20.887922286987305], [-8.877432823181152, -1.5283584594726562, -17.480487823486328], [-1.7519842386245728, -0.6405229568481445, 14.474678993225098], [5.667204856872559, -4.406179904937744, 18.307937622070312], [-11.411515235900879, -3.450382709503174, 17.23080062866211], [0.9041715860366821, -4.4458770751953125, 21.2562198638916]]}