{"track": "tutorial", "karts": ["puffy", "hexley", "tux", "suzanne", "pidgin", "nolok", "beastie", "gavroche", "amanda", "adiumy"], "detections": [[[1, 0, 203, 201, 387, 323], [1, 3, 299, 154, 316, 164], [2, 0, 202, 129, 311, 155], [3, 0, 0, 37, 599, 399]], [[1, 0, 350, 158, 384, 179], [1, 1, 265, 197, 329, 288], [1, 3, 399, 142, 413, 150], [1, 5, 0, 269, 184, 399], [2, 0, 326, 120, 414, 142], [3, 0, 0, 0, 599, 399], [3, 8, 96, 24, 107, 37]], [[1, 2, 267, 198, 333, 253], [2, 0, 0, 173, 599, 399], [3, 0, 0, 72, 599, 275], [3, 6, 452, 62, 470, 83], [3, 7, 367, 78, 379, 91]], [[1, 3, 226, 201, 379, 321], [2, 0, 0, 82, 165, 237], [3, 0, 0, 19, 599, 399]], [[1, 2, 232, 148, 235, 150], [1, 4, 264, 209, 335, 258], [1, 7, 274, 163, 281, 168], [2, 0, 0, 144, 599, 399], [3, 0, 0, 20, 599, 270], [3, 6, 301, 66, 310, 80], [3, 7, 247, 61, 256, 72]], [[1, 0, 494, 146, 549, 172], [1, 1, 407, 170, 487, 261], [1, 3, 569, 130, 598, 141], [1, 5, 222, 204, 340, 324], [2, 0, 454, 103, 599, 132], [3, 0, 0, 0, 599, 399], [3, 8, 243, 47, 250, 55]], [[1, 2, 230, 183, 232, 183], [1, 4, 284, 186, 291, 190], [1, 6, 261, 189, 341, 254], [1, 9, 269, 183, 278, 191], [2, 0, 0, 180, 599, 399], [3, 0, 0, 116, 599, 276], [3, 6, 276, 117, 284, 125], [3, 7, 229, 110, 235, 117]], [[1, 2, 248, 136, 254, 141], [1, 7, 272, 203, 328, 258], [2, 0, 0, 134, 599, 399], [3, 0, 0, 39, 599, 288], [3, 6, 356, 44, 368, 61], [3, 7, 295, 46, 305, 58]], [[1, 6, 251, 161, 254, 162], [1, 8, 262, 192, 338, 254], [2, 0, 0, 163, 599, 399], [3, 0, 0, 112, 599, 335], [3, 6, 206, 135, 211, 141], [3, 7, 155, 124, 161, 132]], [[1, 2, 213, 155, 215, 157], [1, 4, 307, 177, 332, 192], [1, 7, 263, 167, 269, 171], [1, 9, 275, 195, 326, 246], [2, 0, 0, 151, 599, 399], [3, 0, 0, 69, 599, 398], [3, 6, 269, 75, 278, 89], [3, 7, 214, 68, 224, 79]]], "distance_down_track": [712.6583862304688, 711.159912109375, 310.5081787109375, 298.8807373046875, 308.7452087402344, 383.7624206542969, 268.0081787109375, 343.6702575683594, 225.50819396972656, 225.50819396972656], "velocity": [[-4.758798122406006, 0.10988275706768036, -1.7200325727462769], [-6.618248462677002, -1.111973762512207, -6.175359725952148], [10.799166679382324, -0.31466564536094666, -19.388063430786133], [-0.10283315181732178, 0.0650395005941391, 0.14312715828418732], [2.66268253326416, -3.740969181060791, -22.872533798217773], [-2.8570556640625, -0.16841569542884827, -4.089784145355225], [0.34216856956481934, -0.8880928158760071, -24.13123893737793], [6.879444599151611, -3.2656924724578857, -20.01312255859375], [-6.577779769897461, 1.493245244026184, -23.188907623291016], [-1.0631345510482788, -3.684581756591797, -25.715627670288086]]}