{"track": "overworld", "karts": ["beastie", "kiki", "hexley", "emule", "amanda", "wilber", "adiumy", "xue", "suzanne", "nolok"], "detections": [[[1, 0, 257, 189, 336, 259], [3, 0, 0, 0, 599, 183], [3, 7, 322, 166, 327, 168], [3, 8, 321, 166, 324, 168], [3, 24, 328, 166, 333, 168], [3, 25, 331, 166, 331, 166]], [[1, 1, 265, 181, 331, 256], [1, 2, 272, 153, 274, 155], [1, 5, 508, 124, 511, 126], [1, 8, 275, 151, 278, 153], [1, 9, 287, 150, 288, 150], [3, 0, 0, 0, 599, 173]], [[1, 2, 276, 196, 332, 271], [1, 8, 317, 158, 334, 170], [1, 9, 352, 155, 359, 160], [3, 0, 0, 0, 599, 178]], [[1, 3, 239, 201, 359, 322], [1, 6, 251, 161, 357, 267], [2, 7, 216, 160, 289, 176], [2, 24, 290, 160, 387, 177], [3, 0, 0, 0, 599, 191], [3, 7, 129, 0, 289, 174], [3, 24, 288, 0, 463, 176]], [[1, 4, 255, 191, 336, 261], [3, 0, 220, 109, 599, 196]], [[1, 5, 262, 189, 338, 260], [3, 0, 0, 10, 599, 182]], [[1, 3, 237, 229, 354, 353], [1, 6, 248, 190, 354, 290], [2, 7, 212, 163, 286, 182], [2, 24, 286, 166, 382, 185], [3, 0, 0, 0, 599, 208], [3, 7, 130, 0, 289, 176], [3, 24, 287, 0, 464, 185]], [[1, 5, 315, 173, 325, 181], [1, 7, 267, 187, 335, 264], [3, 0, 0, 81, 599, 220]], [[1, 8, 263, 201, 339, 261], [1, 9, 316, 170, 326, 179], [3, 0, 0, 0, 599, 217]], [[1, 9, 273, 203, 329, 260], [3, 0, 0, 0, 599, 399]]], "distance_down_track": [212.76258850097656, 1256.8289794921875, 1313.234375, 621.8928833007812, 1104.494873046875, 1417.4490966796875, 621.7239990234375, 1396.6602783203125, 1324.09814453125, 1342.012451171875], "velocity": [[-2.230117082595825, 1.2618223428726196, 24.013681411743164], [-0.8688068389892578, 1.0973683595657349, -19.61512565612793], [2.315976142883301, 2.601835012435913, -19.354040145874023], [0.16536881029605865, 0.3408629596233368, -0.8558340072631836], [0.7603594064712524, 2.82706880569458, -21.53693962097168], [-15.319945335388184, -4.0091986656188965, 11.659235000610352], [0.10710640996694565, 0.35308051109313965, -0.1272212415933609], [-18.179582595825195, -1.1212455034255981, 9.835419654846191], [-4.083209037780762, 3.29590106010437, -20.023845672607422], [-7.482901573181152, 2.1622581481933594, -15.706700325012207]]}