{"track": "tutorial", "karts": ["puffy", "hexley", "tux", "suzanne", "pidgin", "nolok", "beastie", "gavroche", "amanda", "adiumy"], "detections": [[[1, 0, 204, 203, 394, 327], [1, 3, 0, 226, 40, 264], [1, 7, 87, 185, 238, 288], [2, 0, 0, 102, 71, 133], [3, 0, 0, 43, 599, 399]], [[1, 0, 414, 180, 429, 188], [1, 1, 250, 194, 339, 322], [1, 2, 361, 181, 372, 189], [1, 3, 389, 173, 400, 180], [1, 5, 353, 203, 366, 213], [1, 6, 334, 178, 346, 187], [1, 7, 408, 177, 419, 183], [1, 8, 379, 170, 389, 177], [1, 9, 369, 168, 376, 174], [2, 0, 324, 136, 527, 167], [3, 0, 0, 0, 599, 399], [3, 8, 98, 4, 110, 18]], [[1, 0, 405, 166, 457, 194], [1, 2, 231, 196, 361, 313], [1, 3, 304, 161, 334, 187], [1, 7, 376, 159, 407, 185], [1, 8, 262, 155, 295, 185], [1, 9, 220, 156, 249, 184], [2, 0, 0, 97, 274, 161], [3, 0, 0, 24, 599, 399]], [[1, 0, 591, 235, 599, 244], [1, 3, 222, 201, 375, 320], [1, 7, 460, 187, 599, 296], [1, 8, 0, 181, 202, 337], [2, 0, 0, 85, 193, 208], [3, 0, 0, 52, 599, 399]], [[1, 1, 337, 163, 344, 167], [1, 4, 247, 212, 343, 283], [2, 0, 0, 158, 599, 399], [3, 0, 0, 7, 599, 334], [3, 6, 232, 0, 251, 28], [3, 7, 108, 0, 132, 18]], [[1, 0, 338, 158, 359, 172], [1, 2, 229, 159, 262, 184], [1, 3, 280, 155, 300, 169], [1, 5, 237, 205, 354, 319], [1, 6, 117, 155, 178, 191], [1, 7, 321, 154, 337, 168], [1, 8, 257, 152, 277, 169], [1, 9, 235, 153, 250, 168], [2, 0, 115, 120, 272, 156], [3, 0, 0, 35, 599, 399]], [[1, 0, 463, 167, 517, 192], [1, 2, 418, 183, 530, 249], [1, 3, 375, 162, 403, 184], [1, 6, 208, 180, 379, 329], [1, 7, 436, 162, 468, 184], [1, 8, 339, 157, 368, 183], [1, 9, 302, 157, 326, 181], [2, 0, 120, 106, 331, 161], [3, 0, 0, 19, 599, 399]], [[1, 0, 353, 223, 599, 366], [1, 3, 0, 221, 130, 347], [1, 7, 241, 205, 358, 319], [2, 0, 0, 111, 111, 177], [3, 0, 0, 63, 599, 399]], [[1, 3, 396, 196, 599, 324], [1, 8, 220, 185, 380, 321], [1, 9, 0, 198, 187, 336], [2, 0, 0, 102, 275, 214], [3, 0, 0, 58, 599, 399]], [[1, 3, 500, 198, 599, 291], [1, 8, 379, 184, 558, 296], [1, 9, 245, 191, 350, 310], [2, 0, 0, 88, 316, 210], [3, 0, 0, 47, 599, 399]]], "distance_down_track": [712.6583862304688, 705.5972900390625, 675.6192626953125, 675.6192626953125, 656.4569091796875, 694.2288208007812, 656.4569091796875, 694.2288208007812, 656.4569091796875, 633.04345703125], "velocity": [[-0.0695670023560524, 0.08163854479789734, 0.0012635650346055627], [-6.2389068603515625, -5.604452133178711, -6.635618686676025], [-4.783576965332031, 0.08258605003356934, -0.4181387424468994], [-0.1042252629995346, 0.08248237520456314, 0.012272168882191181], [-5.484928131103516, -2.1810598373413086, -15.057494163513184], [-4.919469356536865, 0.10080697387456894, -0.9415097236633301], [-4.924789905548096, 0.09592277556657791, -0.7077970504760742], [-0.10517803579568863, 0.08584048599004745, 0.006507250014692545], [-0.0996100902557373, 0.09450466185808182, 0.03414415568113327], [-0.17331838607788086, 0.0775296688079834, 0.04444800317287445]]}