{"track": "tutorial", "karts": ["puffy", "hexley", "tux", "suzanne", "pidgin", "nolok", "beastie", "gavroche", "amanda", "adiumy"], "detections": [[[1, 0, 219, 200, 374, 311], [1, 2, 388, 156, 400, 162], [1, 4, 340, 160, 351, 166], [1, 5, 416, 156, 427, 163], [1, 6, 321, 163, 334, 173], [1, 7, 370, 158, 380, 164], [1, 9, 351, 152, 358, 158], [2, 0, 324, 124, 479, 153], [3, 0, 0, 0, 599, 399], [3, 8, 90, 1, 102, 15]], [[1, 1, 240, 192, 350, 350], [1, 2, 377, 188, 385, 193], [1, 4, 338, 190, 346, 195], [1, 5, 397, 190, 405, 195], [1, 6, 322, 193, 332, 201], [1, 7, 362, 189, 369, 194], [1, 8, 350, 204, 449, 285], [1, 9, 348, 183, 353, 187], [2, 0, 0, 158, 599, 399], [3, 0, 0, 0, 599, 280], [3, 8, 125, 38, 135, 49]], [[1, 2, 229, 196, 361, 314], [1, 5, 367, 153, 447, 193], [3, 0, 0, 57, 599, 399]], [[1, 3, 268, 200, 338, 253], [2, 0, 101, 162, 599, 399], [3, 0, 0, 113, 599, 399], [5, 6, 275, 165, 280, 172], [5, 7, 249, 165, 256, 172], [5, 8, 216, 164, 224, 172], [5, 12, 486, 212, 536, 278], [5, 17, 108, 159, 113, 162], [5, 18, 127, 160, 132, 163], [5, 19, 141, 160, 145, 164]], [[1, 2, 378, 163, 425, 193], [1, 4, 221, 217, 367, 325], [1, 5, 502, 149, 565, 177], [1, 7, 369, 174, 417, 214], [1, 9, 228, 159, 265, 196], [2, 0, 51, 92, 340, 165], [3, 0, 0, 9, 599, 399]], [[1, 2, 0, 282, 63, 343], [1, 5, 239, 206, 360, 318], [2, 0, 0, 114, 103, 181], [3, 0, 0, 51, 599, 399]], [[1, 2, 384, 161, 418, 181], [1, 4, 291, 173, 334, 204], [1, 5, 478, 152, 512, 172], [1, 6, 207, 180, 378, 330], [1, 7, 368, 165, 391, 189], [1, 9, 283, 156, 304, 178], [2, 0, 188, 113, 365, 162], [3, 0, 0, 18, 599, 399]], [[1, 2, 306, 168, 381, 219], [1, 5, 488, 143, 598, 189], [1, 7, 242, 205, 350, 319], [1, 9, 0, 181, 64, 237], [2, 0, 0, 63, 272, 170], [3, 0, 0, 0, 599, 399]], [[1, 1, 122, 180, 237, 292], [1, 2, 344, 184, 352, 189], [1, 4, 307, 187, 315, 192], [1, 5, 362, 185, 370, 190], [1, 6, 293, 191, 299, 193], [1, 7, 330, 186, 337, 190], [1, 8, 257, 192, 333, 256], [1, 9, 317, 180, 322, 184], [2, 0, 0, 155, 599, 399], [3, 0, 0, 0, 599, 321], [3, 8, 79, 27, 91, 40]], [[1, 2, 553, 216, 599, 256], [1, 9, 247, 191, 351, 306], [2, 0, 0, 101, 413, 212], [3, 0, 0, 52, 599, 399]]], "distance_down_track": [706.834228515625, 712.6583862304688, 299.08758544921875, 268.0081787109375, 304.65509033203125, 383.7624206542969, 268.0081787109375, 343.6702575683594, 225.50819396972656, 225.50819396972656], "velocity": [[-4.808177947998047, -9.818774223327637, -4.913311958312988], [-0.14264333248138428, 0.08157024532556534, 0.012630784884095192], [-0.09263362735509872, 0.10728953033685684, 0.9400697946548462], [-7.398550033569336, 1.1246590614318848, 21.748483657836914], [-4.8752217292785645, 0.08971118181943893, -0.33241981267929077], [-0.0219127144664526, 0.5045689940452576, -0.014848941937088966], [-4.930168628692627, 0.0974917784333229, -1.130985975265503], [-8.397340774536133, 0.13410638272762299, 0.5292109847068787], [-14.565430641174316, -2.222728967666626, -19.13452911376953], [-0.20118042826652527, 0.08952809870243073, 0.05590655282139778]]}