{"track": "tutorial", "karts": ["puffy", "hexley", "tux", "suzanne", "pidgin", "nolok", "beastie", "gavroche", "amanda", "adiumy"], "detections": [[[1, 0, 200, 201, 389, 332], [1, 1, 393, 191, 403, 197], [1, 3, 371, 159, 378, 163], [2, 0, 0, 156, 599, 399], [3, 0, 0, 0, 599, 257], [3, 8, 126, 37, 135, 49]], [[1, 1, 244, 192, 354, 350], [2, 0, 0, 94, 125, 193], [3, 0, 0, 56, 599, 399]], [[1, 2, 268, 198, 333, 253], [2, 0, 0, 157, 599, 399], [3, 0, 0, 8, 599, 274]], [[1, 3, 225, 201, 375, 323], [2, 0, 0, 166, 599, 399], [3, 0, 0, 39, 599, 237]], [[1, 4, 226, 217, 346, 310], [1, 5, 182, 109, 185, 113], [1, 6, 193, 111, 201, 117], [2, 0, 0, 79, 599, 399], [3, 0, 0, 0, 599, 253]], [[1, 5, 253, 204, 342, 291], [2, 0, 0, 96, 599, 399], [3, 0, 0, 0, 599, 203]], [[1, 5, 304, 161, 316, 172], [1, 6, 239, 186, 354, 285], [2, 0, 0, 114, 599, 399], [3, 0, 0, 0, 599, 204]], [[1, 7, 272, 202, 325, 255], [1, 8, 312, 393, 331, 399], [1, 9, 323, 168, 331, 174], [2, 0, 0, 158, 599, 399], [3, 0, 0, 0, 599, 382]], [[1, 7, 267, 181, 290, 205], [1, 8, 260, 192, 330, 252], [1, 9, 283, 168, 290, 173], [2, 0, 0, 159, 599, 399], [3, 0, 0, 0, 599, 337]], [[1, 9, 273, 197, 326, 246], [2, 0, 0, 132, 599, 399], [3, 0, 0, 0, 599, 315]]], "distance_down_track": [699.8048095703125, 712.6583862304688, 753.8200073242188, 741.5721435546875, 741.5721435546875, 753.8200073242188, 741.5721435546875, 753.8200073242188, 741.5721435546875, 741.5721435546875], "velocity": [[-0.8448933362960815, -0.13822905719280243, -0.9589900970458984], [-0.14403057098388672, 0.08620449155569077, 0.010381190106272697], [-0.10792234539985657, 0.5447206497192383, -1.0481700897216797], [-5.076757431030273, -0.004379667341709137, 1.7744152545928955], [-10.352295875549316, -2.0842831134796143, -4.595769882202148], [-5.850658893585205, -0.36904487013816833, -9.893613815307617], [-7.368411064147949, -0.44748836755752563, -12.276477813720703], [-12.641463279724121, 1.4355427026748657, 19.16070556640625], [-14.420538902282715, 2.3861629962921143, 22.99442481994629], [-17.090904235839844, 0.8912676572799683, 21.38387107849121]]}