{"track": "tutorial", "karts": ["puffy", "hexley", "tux", "suzanne", "pidgin", "nolok", "beastie", "gavroche", "amanda", "adiumy"], "detections": [[[1, 0, 255, 202, 344, 258], [1, 1, 308, 183, 309, 184], [2, 0, 0, 170, 599, 399], [3, 0, 0, 0, 599, 354], [3, 1, 303, 181, 305, 183], [3, 2, 303, 179, 304, 180], [3, 3, 311, 181, 314, 183], [3, 4, 305, 177, 308, 180], [3, 5, 309, 177, 312, 180], [6, 1, 310, 179, 320, 187], [6, 2, 299, 182, 304, 185], [6, 3, 322, 180, 327, 185]], [[1, 1, 272, 196, 327, 271], [1, 2, 298, 153, 300, 155], [2, 0, 0, 125, 599, 399], [2, 1, 286, 155, 290, 156], [2, 3, 309, 155, 313, 156], [3, 0, 0, 94, 599, 262], [3, 1, 285, 149, 293, 156], [3, 2, 289, 147, 292, 148], [3, 3, 305, 149, 313, 154], [3, 4, 291, 140, 300, 149], [3, 5, 300, 141, 309, 148], [4, 4, 303, 154, 308, 158], [4, 9, 315, 154, 320, 158], [4, 10, 291, 154, 296, 158], [4, 11, 279, 154, 284, 158]], [[1, 2, 267, 189, 332, 243], [2, 0, 47, 0, 572, 399], [2, 1, 0, 239, 180, 399], [2, 3, 441, 243, 599, 399], [3, 0, 161, 43, 464, 205], [3, 1, 0, 7, 176, 358], [3, 2, 288, 143, 296, 150], [3, 3, 445, 20, 599, 343], [3, 4, 0, 0, 302, 112], [3, 5, 325, 0, 599, 84]], [[1, 3, 264, 200, 344, 257], [2, 0, 183, 169, 599, 399], [3, 0, 0, 132, 599, 399], [5, 5, 226, 164, 237, 177], [5, 6, 172, 163, 177, 167], [5, 7, 153, 161, 157, 165], [5, 8, 126, 161, 130, 163], [5, 12, 274, 166, 283, 176], [5, 13, 308, 167, 317, 177]], [[1, 4, 268, 200, 337, 247], [1, 5, 205, 157, 209, 158], [2, 0, 0, 159, 599, 399], [3, 0, 0, 122, 599, 399], [3, 6, 87, 131, 98, 139], [3, 7, 1, 116, 17, 127], [5, 21, 482, 201, 543, 249]], [[1, 5, 275, 203, 324, 247], [1, 6, 278, 172, 281, 173], [2, 0, 0, 172, 599, 399], [3, 0, 0, 0, 599, 294], [3, 6, 253, 134, 260, 138], [3, 7, 206, 124, 210, 126]], [[1, 6, 259, 190, 338, 258], [1, 7, 261, 152, 265, 154], [2, 0, 0, 139, 599, 399], [3, 0, 0, 65, 599, 271], [3, 6, 284, 64, 294, 77], [3, 7, 232, 57, 242, 67]], [[1, 7, 274, 203, 328, 255], [1, 8, 310, 137, 311, 137], [2, 0, 0, 139, 599, 399], [3, 0, 0, 54, 599, 307], [3, 6, 392, 44, 406, 62], [3, 7, 326, 51, 337, 63]], [[1, 8, 259, 191, 334, 257], [2, 0, 0, 163, 599, 399], [3, 0, 0, 30, 599, 399], [3, 6, 290, 16, 306, 42], [3, 7, 188, 21, 206, 40]], [[1, 9, 257, 192, 345, 287], [2, 0, 288, 128, 420, 163], [3, 0, 0, 11, 599, 399]]], "distance_down_track": [141.71388244628906, 227.2053985595703, 0.0, 0.0, 0.0, 0.0, 0.0, 0.0, 0.0, 0.0], "velocity": [[21.701168060302734, 1.0450776815414429, 0.614216148853302], [19.664997100830078, 0.009307079948484898, -0.00402890844270587], [22.99563980102539, -0.002605047542601824, 0.4477889835834503], [5.789344787597656, 1.7915587425231934, 22.187244415283203], [-14.711376190185547, 1.8176580667495728, -19.065521240234375], [-2.3293116092681885, 2.610281229019165, -27.276559829711914], [1.084667444229126, -2.8362364768981934, -23.95833396911621], [10.088618278503418, -2.8107690811157227, -20.4772891998291], [-4.163257122039795, -2.9485785961151123, -23.604991912841797], [-4.340717315673828, 0.11139032989740372, -2.0968270301818848]]}