{"track": "overworld", "karts": ["beastie", "kiki", "hexley", "emule", "amanda", "wilber", "adiumy", "xue", "suzanne", "nolok"], "detections": [[[1, 0, 257, 189, 343, 262], [3, 0, 0, 120, 599, 192], [3, 1, 252, 161, 261, 165], [3, 2, 260, 153, 264, 157], [3, 3, 259, 150, 262, 152], [3, 4, 259, 142, 263, 147], [3, 7, 268, 139, 281, 164], [3, 8, 268, 144, 270, 147], [3, 24, 279, 139, 294, 163], [3, 25, 285, 140, 293, 149]], [[1, 1, 227, 167, 361, 307], [2, 7, 0, 156, 173, 253], [2, 24, 168, 155, 402, 227], [3, 0, 443, 0, 599, 180], [3, 7, 0, 0, 167, 156], [3, 24, 154, 0, 474, 189]], [[1, 2, 251, 193, 358, 349], [1, 3, 350, 158, 359, 164], [3, 0, 0, 2, 599, 141], [3, 5, 471, 142, 492, 147]], [[1, 3, 266, 200, 327, 264], [3, 0, 0, 0, 530, 131], [3, 5, 418, 137, 448, 145], [3, 6, 459, 124, 462, 125]], [[1, 4, 254, 191, 335, 263], [3, 0, 3, 0, 599, 156]], [[1, 5, 257, 190, 337, 260], [3, 0, 0, 0, 599, 399]], [[1, 1, 273, 143, 296, 164], [1, 6, 254, 191, 352, 298], [2, 7, 192, 134, 284, 156], [2, 24, 285, 136, 407, 158], [3, 0, 0, 0, 599, 176], [3, 7, 82, 0, 284, 152], [3, 24, 284, 0, 505, 158]], [[1, 7, 271, 187, 338, 265], [3, 0, 0, 102, 519, 230]], [[1, 8, 257, 201, 334, 262], [1, 9, 308, 163, 310, 165], [3, 0, 0, 80, 357, 166], [3, 7, 271, 158, 273, 158], [3, 24, 274, 158, 275, 158], [3, 25, 276, 158, 276, 158]], [[1, 9, 266, 203, 327, 260], [3, 0, 0, 92, 563, 175], [3, 4, 156, 145, 156, 145], [3, 7, 163, 144, 167, 145], [3, 24, 168, 144, 170, 145], [3, 25, 171, 144, 171, 144]]], "distance_down_track": [317.08203125, 233.90414428710938, 195.050048828125, 195.050048828125, 1181.8603515625, 1341.8642578125, 611.2623901367188, 1012.0043334960938, 72.88755798339844, 126.55526733398438], "velocity": [[2.4912729263305664, -1.119072675704956, 21.562732696533203], [0.37862226366996765, 0.09158270061016083, 0.19404073059558868], [-7.252521991729736, -0.31934282183647156, 2.06415057182312], [-16.722408294677734, -0.6114035248756409, 14.040902137756348], [-3.3216304779052734, 0.5980375409126282, -21.471359252929688], [-10.201180458068848, 2.1810054779052734, -12.296666145324707], [0.15203753113746643, -1.5536773204803467, 9.1087646484375], [5.113431930541992, -0.03696515038609505, -20.058448791503906], [2.3279237747192383, 0.8382081985473633, 20.55159568786621], [10.491910934448242, -0.6581878662109375, 17.83189582824707]]}