{"track": "hacienda", "karts": ["adiumy", "tux", "puffy", "pidgin", "nolok", "emule", "beastie", "sara_the_wizard", "gavroche", "konqi"], "detections": [[[1, 0, 261, 225, 343, 279], [1, 1, 363, 146, 381, 158], [1, 4, 474, 132, 482, 135], [1, 8, 331, 153, 352, 167], [2, 0, 0, 143, 479, 399], [3, 0, 0, 0, 599, 399], [5, 2, 396, 141, 401, 148], [5, 30, 369, 137, 378, 149]], [[1, 1, 267, 198, 328, 250], [1, 4, 377, 159, 390, 168], [1, 5, 442, 153, 448, 157], [2, 0, 0, 163, 508, 399], [3, 0, 0, 0, 599, 399], [5, 2, 296, 168, 305, 180], [5, 30, 246, 158, 264, 181]], [[1, 2, 259, 200, 345, 262], [1, 6, 226, 147, 239, 156], [1, 7, 160, 133, 164, 138], [1, 9, 209, 144, 221, 151], [2, 0, 0, 131, 599, 399], [3, 0, 0, 0, 599, 260], [4, 14, 298, 148, 309, 159], [4, 21, 268, 149, 280, 161], [4, 22, 238, 159, 241, 162]], [[1, 0, 355, 141, 360, 143], [1, 3, 253, 212, 347, 278], [1, 8, 382, 133, 385, 136], [2, 0, 0, 134, 599, 399], [3, 0, 0, 0, 599, 253]], [[1, 4, 269, 203, 327, 255], [1, 5, 341, 165, 355, 175], [1, 7, 395, 162, 397, 163], [2, 0, 0, 160, 571, 399], [3, 0, 0, 0, 599, 399]], [[1, 2, 364, 168, 373, 173], [1, 5, 273, 198, 327, 253], [1, 6, 348, 165, 353, 168], [1, 7, 308, 159, 310, 161], [1, 9, 338, 164, 343, 166], [2, 0, 0, 157, 599, 399], [3, 0, 0, 0, 599, 366], [4, 14, 382, 164, 386, 168], [4, 21, 367, 165, 372, 169], [4, 22, 354, 169, 355, 169]], [[1, 6, 260, 189, 344, 261], [1, 7, 254, 152, 259, 160], [1, 9, 269, 168, 299, 195], [2, 0, 25, 152, 599, 399], [3, 0, 0, 0, 599, 399]], [[1, 7, 279, 187, 319, 266], [2, 0, 0, 162, 599, 399], [3, 0, 0, 75, 599, 262]], [[1, 1, 308, 170, 339, 196], [1, 4, 387, 151, 399, 158], [1, 8, 269, 203, 326, 258], [2, 0, 0, 156, 599, 399], [3, 0, 0, 0, 599, 367], [5, 2, 318, 159, 325, 169], [5, 30, 278, 152, 292, 170]], [[1, 7, 274, 156, 281, 166], [1, 9, 266, 193, 336, 259], [2, 0, 0, 156, 599, 399], [3, 0, 0, 0, 599, 381]]], "distance_down_track": [950.4302978515625, 966.6466674804688, 1029.6279296875, 907.9056396484375, 985.3731079101562, 1000.1199340820312, 1053.295166015625, 1076.430419921875, 961.6038818359375, 1057.931396484375], "velocity": [[-8.031094551086426, 1.488435983657837, -8.095437049865723], [-24.238502502441406, 4.135452747344971, -4.294807434082031], [-10.78635311126709, 0.525131106376648, 19.637737274169922], [-2.2936785221099854, 0.026152953505516052, -16.39879608154297], [-20.372652053833008, 3.291276216506958, 8.597286224365234], [-18.556076049804688, 2.5569798946380615, 17.389299392700195], [-19.249950408935547, 2.906014919281006, 9.87994384765625], [-19.27503776550293, 3.256293535232544, 6.808772563934326], [-19.90104866027832, 3.469651699066162, -6.336247444152832], [-21.130775451660156, 3.261300563812256, 8.554391860961914]]}