{"track": "tutorial", "karts": ["puffy", "hexley", "tux", "suzanne", "pidgin", "nolok", "beastie", "gavroche", "amanda", "adiumy"], "detections": [[[1, 0, 204, 203, 394, 327], [1, 2, 40, 196, 243, 328], [1, 3, 0, 195, 139, 298], [2, 0, 0, 101, 80, 136], [3, 0, 0, 46, 599, 399]], [[1, 0, 312, 170, 373, 215], [1, 1, 247, 193, 346, 338], [1, 2, 249, 167, 309, 208], [1, 3, 194, 165, 263, 207], [1, 7, 52, 167, 140, 213], [2, 0, 0, 86, 167, 167], [3, 0, 0, 16, 599, 399]], [[1, 0, 321, 197, 507, 301], [1, 2, 229, 196, 361, 316], [1, 3, 0, 201, 242, 354], [3, 0, 0, 1, 599, 399]], [[1, 0, 269, 178, 356, 214], [1, 1, 427, 158, 567, 229], [1, 2, 262, 182, 374, 246], [1, 3, 214, 201, 366, 323], [3, 0, 0, 42, 599, 399]], [[1, 0, 395, 163, 423, 177], [1, 1, 395, 164, 422, 186], [1, 2, 374, 160, 394, 177], [1, 3, 351, 159, 375, 175], [1, 4, 225, 217, 366, 318], [1, 7, 304, 156, 321, 172], [2, 0, 144, 109, 307, 156], [3, 0, 0, 10, 599, 399]], [[1, 5, 230, 205, 351, 324], [1, 8, 346, 151, 346, 151], [2, 0, 0, 141, 599, 399], [3, 0, 0, 71, 599, 288], [3, 6, 399, 63, 414, 80], [3, 7, 337, 63, 348, 75]], [[1, 5, 273, 185, 274, 185], [1, 6, 209, 180, 385, 327], [2, 0, 0, 176, 599, 399], [3, 0, 0, 114, 599, 249], [3, 6, 283, 116, 292, 125], [3, 7, 236, 108, 245, 114]], [[1, 0, 592, 207, 599, 209], [1, 2, 557, 208, 599, 253], [1, 3, 442, 182, 599, 269], [1, 7, 234, 205, 351, 333], [2, 0, 0, 77, 232, 224], [3, 0, 0, 22, 599, 399]], [[1, 2, 423, 187, 428, 187], [1, 3, 417, 184, 425, 187], [1, 7, 403, 181, 411, 185], [1, 8, 259, 191, 334, 258], [2, 0, 0, 154, 599, 399], [3, 0, 0, 0, 599, 382], [3, 6, 174, 0, 188, 7], [3, 8, 207, 50, 213, 55]], [[1, 6, 291, 164, 306, 177], [1, 9, 245, 190, 352, 304], [2, 0, 0, 172, 599, 399], [3, 0, 0, 114, 599, 274], [3, 6, 274, 131, 282, 137], [3, 7, 236, 126, 236, 126]]], "distance_down_track": [712.6583862304688, 712.6583862304688, 576.2125244140625, 561.7310180664062, 561.7310180664062, 619.34228515625, 547.9110717773438, 590.8922729492188, 547.9110717773438, 532.0], "velocity": [[0.08459366858005524, 0.05130847543478012, 0.8423907160758972], [-8.988645553588867, 0.14414051175117493, 0.2938542366027832], [1.0743600130081177, -0.12827545404434204, 1.3535995483398438], [0.26667365431785583, 0.035402994602918625, 1.5700745582580566], [-4.7957940101623535, 0.09036277234554291, -0.5852237939834595], [-0.10342186689376831, 0.08349001407623291, 0.008477820083498955], [0.0698288157582283, 0.04183591157197952, -2.5633556842803955], [0.23948287963867188, 0.05486832931637764, 0.4652421176433563], [-12.014665603637695, -3.3852994441986084, -20.673898696899414], [-0.06807193905115128, -0.029990768060088158, -1.9175015687942505]]}