{"track": "overworld", "karts": ["beastie", "kiki", "hexley", "emule", "amanda", "wilber", "adiumy", "xue", "suzanne", "nolok"], "detections": [[[1, 0, 252, 188, 346, 269], [3, 0, 83, 108, 529, 157]], [[1, 1, 225, 166, 360, 314], [1, 2, 316, 156, 320, 160], [1, 3, 345, 158, 348, 159], [3, 0, 0, 0, 474, 164], [3, 6, 303, 157, 307, 158]], [[1, 2, 271, 196, 324, 269], [1, 3, 340, 162, 345, 165], [3, 0, 0, 0, 443, 176], [3, 6, 270, 163, 276, 166], [3, 7, 385, 154, 389, 156], [3, 24, 390, 154, 393, 155]], [[1, 3, 273, 198, 330, 257], [3, 0, 0, 142, 405, 184], [3, 4, 322, 151, 322, 154], [3, 7, 294, 152, 300, 156], [3, 24, 301, 152, 308, 155], [255, 16777215, 137, 162, 423, 205]], [[1, 4, 263, 191, 344, 262], [1, 9, 304, 156, 311, 161], [3, 0, 0, 20, 599, 186]], [[1, 5, 257, 190, 332, 260], [3, 0, 424, 73, 599, 165]], [[1, 6, 262, 192, 342, 277], [2, 7, 139, 146, 277, 177], [2, 24, 277, 147, 461, 178], [3, 0, 0, 17, 599, 180], [3, 7, 0, 0, 276, 172], [3, 24, 273, 0, 599, 177]], [[1, 4, 282, 128, 285, 130], [1, 7, 261, 187, 329, 266], [1, 8, 293, 136, 298, 140], [1, 9, 277, 123, 278, 125], [3, 0, 0, 0, 599, 178]], [[1, 4, 279, 156, 287, 162], [1, 8, 262, 201, 338, 259], [1, 9, 279, 152, 282, 154], [3, 0, 0, 0, 599, 169]], [[1, 9, 271, 204, 332, 260], [3, 0, 0, 0, 599, 211]]], "distance_down_track": [958.4342651367188, 310.2080383300781, 270.4015197753906, 270.4015197753906, 1298.1563720703125, 167.2706298828125, 616.8563842773438, 1234.1058349609375, 1269.4080810546875, 1324.09814453125], "velocity": [[14.136689186096191, -0.8328163623809814, -13.984898567199707], [-0.002052764408290386, 0.08144427090883255, 0.1717003732919693], [0.7965982556343079, 0.37838754057884216, 21.053203582763672], [10.306906700134277, 0.12062796950340271, 20.560962677001953], [2.9560134410858154, 3.2854013442993164, -21.28093719482422], [18.88119125366211, 1.3053171634674072, 5.339381217956543], [-0.744255781173706, -1.837654948234558, 13.358115196228027], [-1.5988010168075562, -0.3057161867618561, -20.63589859008789], [-0.13477738201618195, 2.2289905548095703, -20.57919692993164], [-3.8320417404174805, 3.396557569503784, -20.056638717651367]]}