{"track": "overworld", "karts": ["beastie", "kiki", "hexley", "emule", "amanda", "wilber", "adiumy", "xue", "suzanne", "nolok"], "detections": [[[1, 0, 247, 187, 348, 274], [1, 7, 329, 163, 333, 166], [3, 0, 122, 127, 483, 168]], [[1, 1, 231, 167, 366, 305], [2, 7, 38, 162, 302, 222], [2, 24, 303, 154, 599, 221], [3, 0, 302, 145, 303, 173], [3, 7, 0, 0, 301, 220], [3, 24, 300, 0, 599, 161], [255, 16777215, 302, 168, 303, 171]], [[1, 2, 266, 196, 325, 276], [3, 0, 421, 76, 599, 157]], [[1, 3, 268, 199, 329, 261], [3, 0, 0, 0, 587, 139], [3, 5, 446, 144, 475, 151], [3, 6, 504, 130, 508, 132]], [[1, 4, 262, 191, 343, 261], [3, 0, 0, 0, 599, 186]], [[1, 4, 284, 150, 293, 157], [1, 5, 259, 189, 335, 258], [3, 0, 0, 0, 599, 173]], [[1, 1, 276, 159, 289, 175], [1, 6, 251, 190, 354, 306], [2, 7, 215, 154, 290, 170], [2, 24, 290, 154, 388, 171], [3, 0, 0, 0, 599, 180], [3, 7, 129, 0, 289, 168], [3, 24, 289, 0, 463, 170]], [[1, 7, 265, 187, 333, 262], [3, 0, 0, 89, 530, 222]], [[1, 8, 260, 201, 336, 259], [1, 9, 292, 148, 295, 151], [2, 0, 59, 173, 153, 249], [3, 0, 0, 0, 599, 175], [3, 24, 247, 135, 248, 135]], [[1, 2, 339, 166, 343, 168], [1, 9, 265, 203, 326, 261], [3, 0, 0, 86, 371, 169], [3, 7, 280, 161, 281, 161], [3, 8, 279, 161, 279, 161], [3, 24, 282, 161, 284, 161]]], "distance_down_track": [523.039306640625, 160.1875, 153.539794921875, 230.8592071533203, 1284.8265380859375, 1258.833984375, 607.8634643554688, 996.9552001953125, 30.944717407226562, 78.53050231933594], "velocity": [[13.109195709228516, 0.2981743812561035, -12.559000968933105], [0.003579020034521818, 0.1196117177605629, 0.02621304616332054], [18.01276206970215, 0.10544860363006592, 5.876258373260498], [-16.439483642578125, -1.48880934715271, 12.490667343139648], [1.299797534942627, 3.3660128116607666, -21.433401107788086], [-0.8207510709762573, 1.7561112642288208, -19.569225311279297], [-0.10660871863365173, -0.2366563081741333, 0.8830603361129761], [8.622919082641602, -0.4797212481498718, -18.800758361816406], [5.520191669464111, -0.916363537311554, 19.929319381713867], [1.7255676984786987, 0.8407713174819946, 20.610809326171875]]}