{"track": "snowtuxpeak", "karts": ["pidgin", "amanda", "xue", "tux", "gavroche", "emule", "puffy", "sara_the_wizard", "beastie", "gnu"], "detections": [[[1, 0, 227, 218, 372, 318], [1, 2, 260, 143, 267, 148], [1, 5, 254, 144, 260, 147], [1, 8, 251, 145, 253, 146], [2, 0, 0, 148, 599, 399], [3, 0, 0, 0, 599, 239]], [[1, 1, 258, 192, 339, 258], [2, 0, 0, 149, 599, 399], [3, 0, 0, 0, 599, 335], [6, 21, 244, 150, 270, 166]], [[1, 2, 270, 188, 332, 253], [1, 3, 246, 170, 265, 183], [1, 4, 229, 169, 244, 178], [1, 5, 261, 186, 289, 222], [1, 6, 224, 168, 232, 175], [1, 8, 256, 186, 290, 202], [2, 0, 69, 173, 599, 399], [3, 0, 0, 0, 599, 399]], [[1, 1, 222, 157, 235, 166], [1, 3, 270, 198, 332, 248], [1, 4, 266, 177, 292, 198], [1, 6, 252, 171, 276, 187], [1, 7, 240, 163, 253, 177], [2, 0, 189, 150, 599, 399], [3, 0, 0, 0, 599, 399]], [[1, 1, 245, 157, 260, 168], [1, 4, 275, 203, 327, 253], [1, 6, 265, 181, 307, 209], [1, 7, 259, 165, 274, 185], [2, 0, 198, 145, 599, 399], [3, 0, 0, 0, 599, 399], [6, 21, 206, 145, 217, 154]], [[1, 2, 297, 207, 418, 336], [1, 3, 244, 173, 266, 187], [1, 4, 224, 171, 240, 182], [1, 5, 276, 198, 329, 253], [1, 6, 218, 170, 228, 179], [1, 8, 261, 195, 306, 216], [2, 0, 222, 175, 599, 399], [3, 0, 0, 0, 599, 399]], [[1, 1, 260, 158, 276, 171], [1, 4, 262, 335, 389, 399], [1, 6, 261, 201, 341, 256], [1, 7, 270, 168, 290, 196], [2, 0, 169, 142, 599, 399], [3, 0, 0, 0, 599, 399], [6, 21, 221, 144, 236, 154]], [[1, 1, 277, 160, 300, 179], [1, 7, 274, 188, 316, 259], [2, 0, 85, 141, 599, 399], [3, 0, 0, 0, 599, 399], [6, 21, 241, 143, 261, 155]], [[1, 3, 258, 167, 287, 188], [1, 4, 240, 164, 258, 177], [1, 5, 270, 336, 419, 399], [1, 6, 224, 161, 246, 172], [1, 7, 210, 156, 218, 167], [1, 8, 250, 220, 356, 277], [2, 0, 209, 159, 599, 399], [3, 0, 0, 0, 599, 399]], [[1, 0, 221, 182, 221, 183], [1, 9, 240, 124, 380, 276], [2, 0, 0, 132, 599, 399], [3, 0, 0, 33, 599, 392], [4, 4, 240, 177, 244, 180], [4, 5, 222, 184, 226, 187]]], "distance_down_track": [265.353759765625, 338.24664306640625, 305.6239013671875, 315.35455322265625, 322.28265380859375, 307.1750183105469, 325.29791259765625, 330.5902404785156, 309.73016357421875, 188.56687927246094], "velocity": [[-0.31648722290992737, 0.7881006598472595, -7.6177473068237305], [20.874948501586914, 1.7228142023086548, -5.80333137512207], [12.87027359008789, 2.3654468059539795, -20.394865036010742], [18.83904457092285, 1.4546397924423218, -14.794537544250488], [20.525165557861328, 1.2340470552444458, -12.016511917114258], [12.536900520324707, 2.109679937362671, -20.598682403564453], [21.985591888427734, 1.2023295164108276, -10.566875457763672], [22.903615951538086, 1.3322380781173706, -5.455298900604248], [8.500136375427246, 1.089806318283081, -10.52808666229248], [-12.293696403503418, -9.965526580810547, -1.8603509664535522]]}