{"track": "overworld", "karts": ["beastie", "kiki", "hexley", "emule", "amanda", "wilber", "adiumy", "xue", "suzanne", "nolok"], "detections": [[[1, 0, 237, 186, 346, 283], [3, 0, 163, 172, 478, 202]], [[1, 1, 271, 184, 331, 252], [1, 2, 294, 139, 298, 143], [1, 4, 284, 136, 288, 139], [1, 8, 229, 170, 261, 191], [1, 9, 275, 137, 278, 140], [3, 0, 0, 0, 599, 159]], [[1, 2, 275, 196, 324, 263], [1, 4, 260, 170, 282, 188], [1, 9, 164, 177, 205, 199], [3, 0, 0, 0, 599, 167]], [[1, 3, 240, 198, 357, 319], [1, 6, 395, 214, 533, 315], [2, 7, 30, 179, 292, 235], [2, 24, 292, 179, 599, 237], [3, 7, 0, 0, 291, 228], [3, 24, 290, 0, 599, 179]], [[1, 4, 260, 191, 341, 260], [3, 0, 0, 0, 599, 177]], [[1, 5, 263, 189, 339, 260], [2, 0, 401, 143, 405, 147], [3, 0, 0, 0, 599, 220]], [[1, 3, 45, 171, 210, 277], [1, 6, 254, 192, 350, 287], [2, 7, 0, 165, 235, 224], [2, 24, 232, 169, 583, 232], [3, 7, 0, 0, 231, 209], [3, 24, 221, 0, 599, 231]], [[1, 7, 269, 188, 333, 259], [3, 0, 0, 143, 396, 173], [3, 4, 334, 152, 334, 155], [3, 6, 50, 165, 76, 176], [3, 7, 307, 153, 313, 156], [3, 24, 313, 153, 320, 156], [255, 16777215, 156, 165, 434, 198]], [[1, 2, 290, 137, 295, 141], [1, 4, 278, 135, 282, 138], [1, 8, 261, 201, 337, 260], [1, 9, 269, 136, 272, 139], [3, 0, 0, 0, 599, 157]], [[1, 4, 343, 177, 381, 206], [1, 9, 271, 203, 326, 253], [3, 0, 0, 0, 599, 170]]], "distance_down_track": [512.4136962890625, 1218.72021484375, 1265.62841796875, 621.8806762695312, 1273.7425537109375, 1429.627197265625, 621.7880859375, 357.1285400390625, 1223.8450927734375, 1269.53271484375], "velocity": [[12.019898414611816, 2.342703342437744, -10.689913749694824], [-1.7302004098892212, -0.7908671498298645, -22.283945083618164], [1.053405523300171, 2.649445056915283, -22.182514190673828], [0.25593292713165283, -0.6016771793365479, -3.1622090339660645], [0.4745950400829315, 1.3699742555618286, -21.614566802978516], [-14.210885047912598, -3.4952831268310547, 13.135671615600586], [-0.4360496401786804, -0.641650378704071, -3.1611247062683105], [8.114165306091309, 0.010122946463525295, 21.52115821838379], [-3.266653537750244, -0.309257835149765, -20.438278198242188], [-0.9247883558273315, 0.3005206882953644, -23.37978744506836]]}