{"track": "volcano_island", "karts": ["gavroche", "adiumy", "amanda", "nolok", "tux", "konqi", "kiki", "pidgin", "sara_the_racer", "suzanne"], "detections": [[[1, 0, 273, 202, 325, 249], [1, 2, 149, 208, 262, 287], [1, 4, 373, 164, 380, 170], [2, 0, 0, 159, 599, 399], [3, 0, 0, 0, 599, 334], [5, 7, 254, 162, 266, 181], [5, 8, 360, 154, 376, 173], [5, 11, 302, 156, 314, 177]], [[1, 1, 273, 195, 332, 253], [1, 5, 356, 161, 377, 178], [1, 6, 375, 172, 436, 234], [1, 8, 341, 161, 359, 193], [2, 0, 0, 163, 599, 399], [3, 0, 0, 6, 599, 238]], [[1, 0, 336, 189, 386, 229], [1, 2, 260, 191, 340, 257], [1, 4, 372, 163, 388, 166], [2, 0, 0, 155, 599, 399], [3, 0, 0, 0, 599, 260], [5, 7, 267, 158, 278, 176], [5, 8, 373, 150, 387, 169], [5, 11, 315, 152, 326, 173]], [[1, 0, 337, 170, 360, 188], [1, 2, 305, 168, 338, 195], [1, 3, 270, 203, 328, 255], [1, 4, 375, 160, 380, 163], [1, 7, 323, 270, 514, 399], [2, 0, 0, 157, 599, 399], [3, 0, 0, 0, 599, 247], [5, 7, 284, 157, 292, 172], [5, 8, 366, 151, 377, 165], [5, 11, 322, 153, 331, 168]], [[1, 1, 401, 153, 408, 159], [1, 4, 266, 198, 334, 253], [2, 0, 0, 159, 599, 399], [3, 0, 0, 0, 599, 349], [5, 8, 477, 360, 599, 399]], [[1, 5, 263, 193, 333, 258], [2, 0, 0, 166, 599, 399], [3, 0, 0, 0, 599, 311]], [[1, 1, 140, 210, 226, 274], [1, 5, 327, 165, 351, 183], [1, 6, 267, 183, 327, 251], [1, 8, 293, 166, 312, 200], [2, 0, 0, 166, 599, 399], [3, 0, 0, 0, 599, 319]], [[1, 0, 332, 164, 350, 179], [1, 2, 301, 163, 328, 185], [1, 3, 254, 185, 298, 219], [1, 4, 379, 153, 386, 158], [1, 7, 259, 211, 341, 265], [2, 0, 0, 154, 599, 399], [3, 0, 0, 0, 599, 263], [5, 7, 295, 154, 303, 167], [5, 8, 370, 147, 381, 160], [5, 11, 330, 149, 338, 164]], [[1, 5, 311, 169, 342, 197], [1, 8, 277, 177, 321, 257], [2, 0, 0, 165, 599, 399], [3, 0, 0, 0, 599, 277]], [[1, 9, 262, 200, 333, 254], [2, 0, 0, 150, 599, 399], [2, 29, 111, 187, 111, 187], [3, 0, 0, 0, 599, 275], [3, 23, 116, 186, 118, 187], [3, 24, 113, 187, 116, 188], [3, 25, 113, 186, 116, 186], [3, 27, 112, 185, 115, 186], [3, 28, 116, 185, 117, 185], [3, 63, 173, 173, 181, 181], [3, 69, 56, 182, 75, 198], [3, 171, 240, 165, 240, 170], [3, 177, 137, 166, 138, 176], [3, 186, 3, 172, 11, 203]]], "distance_down_track": [745.6680908203125, 791.118896484375, 744.6834106445312, 739.427978515625, 760.8452758789062, 802.07666015625, 791.9775390625, 737.4329833984375, 796.6134643554688, 642.7360229492188], "velocity": [[23.801605224609375, 3.2667644023895264, 4.358828544616699], [6.92136287689209, 1.242531180381775, -19.493423461914062], [21.78379249572754, 2.9426310062408447, 4.303022861480713], [21.303808212280273, 2.8795852661132812, 4.277650833129883], [20.026147842407227, 2.4464776515960693, -7.175287246704102], [0.9932093620300293, 0.9233928918838501, -23.36067008972168], [7.8647565841674805, 1.3873467445373535, -20.890527725219727], [18.69551658630371, 2.720825672149658, 5.467291831970215], [3.519972801208496, 0.9958497881889343, -19.321754455566406], [-20.029342651367188, 0.5960232019424438, 11.29027271270752]]}