{"track": "tutorial", "karts": ["puffy", "hexley", "tux", "suzanne", "pidgin", "nolok", "beastie", "gavroche", "amanda", "adiumy"], "detections": [[[1, 0, 237, 200, 360, 289], [1, 1, 455, 137, 464, 146], [1, 2, 437, 137, 453, 146], [1, 3, 392, 128, 405, 136], [1, 4, 440, 137, 453, 143], [1, 6, 341, 132, 355, 141], [1, 8, 317, 134, 332, 146], [1, 9, 466, 137, 478, 147], [2, 0, 325, 110, 409, 133], [3, 0, 0, 0, 599, 399], [3, 8, 90, 11, 102, 24]], [[1, 1, 252, 193, 361, 353], [1, 2, 0, 209, 245, 365], [1, 4, 151, 199, 262, 275], [1, 9, 344, 191, 455, 297], [2, 0, 0, 101, 124, 183], [3, 0, 0, 10, 599, 399]], [[1, 1, 198, 175, 332, 241], [1, 2, 240, 196, 373, 314], [1, 4, 79, 214, 246, 327], [1, 9, 241, 172, 295, 210], [3, 0, 0, 0, 599, 399]], [[1, 3, 221, 201, 373, 330], [1, 4, 585, 236, 599, 259], [2, 0, 0, 115, 218, 271], [3, 0, 0, 30, 599, 399]], [[1, 1, 263, 173, 389, 248], [1, 2, 351, 187, 523, 305], [1, 4, 216, 217, 364, 327], [1, 9, 276, 173, 332, 207], [3, 0, 0, 16, 599, 399]], [[1, 5, 269, 203, 328, 258], [2, 0, 0, 164, 599, 399], [3, 0, 0, 88, 599, 276], [3, 7, 198, 123, 198, 123]], [[1, 1, 564, 178, 589, 188], [1, 2, 554, 176, 599, 210], [1, 3, 371, 148, 407, 179], [1, 4, 517, 174, 568, 200], [1, 6, 208, 180, 379, 330], [2, 0, 74, 95, 343, 164], [3, 0, 0, 12, 599, 399]], [[1, 5, 7, 139, 11, 140], [1, 7, 272, 203, 333, 262], [2, 0, 67, 148, 599, 399], [3, 0, 0, 102, 599, 399], [5, 20, 269, 154, 274, 161], [5, 21, 242, 154, 249, 161], [5, 22, 207, 153, 215, 161]], [[1, 1, 535, 169, 580, 194], [1, 2, 506, 171, 555, 193], [1, 3, 383, 151, 407, 170], [1, 4, 493, 170, 517, 187], [1, 6, 299, 158, 339, 195], [1, 8, 216, 184, 372, 321], [1, 9, 568, 170, 596, 193], [2, 0, 221, 118, 378, 161], [3, 0, 0, 18, 599, 399]], [[1, 1, 87, 184, 247, 379], [1, 2, 0, 285, 96, 360], [1, 4, 0, 211, 146, 294], [1, 9, 251, 190, 356, 306], [2, 0, 0, 132, 5, 134], [3, 0, 0, 34, 599, 399]]], "distance_down_track": [709.0252075195312, 712.6583862304688, 383.7624206542969, 383.7624206542969, 383.7624206542969, 455.9293518066406, 365.0060729980469, 409.40948486328125, 343.6702575683594, 343.6702575683594], "velocity": [[-4.56435489654541, -15.56674861907959, -4.701607704162598], [-1.0179932117462158, 0.06827732920646667, 0.611329972743988], [0.08157385140657425, 0.1407773643732071, 0.8875030279159546], [-0.37344446778297424, 0.0682298094034195, 0.2633359134197235], [-0.09722711890935898, 0.09635967761278152, 2.2505664825439453], [-3.2859599590301514, 1.1563656330108643, -21.26759910583496], [-4.887030124664307, 0.0900239646434784, -0.4233207106590271], [-20.03113555908203, 0.7685627937316895, -2.705193519592285], [-4.7268829345703125, 0.09326659142971039, -1.5118601322174072], [-0.14801406860351562, 0.07418276369571686, 0.003518033307045698]]}