{"track": "hacienda", "karts": ["adiumy", "tux", "puffy", "pidgin", "nolok", "emule", "beastie", "sara_the_wizard", "gavroche", "konqi"], "detections": [[[1, 0, 262, 225, 343, 279], [1, 4, 319, 155, 335, 169], [1, 5, 348, 142, 359, 149], [2, 0, 0, 129, 599, 399], [3, 0, 0, 0, 599, 293], [5, 30, 433, 120, 436, 127]], [[1, 0, 303, 171, 320, 179], [1, 1, 268, 198, 333, 253], [1, 4, 328, 155, 337, 162], [1, 5, 356, 145, 364, 150], [1, 8, 276, 174, 300, 194], [2, 0, 0, 135, 599, 399], [3, 0, 0, 0, 599, 267]], [[1, 2, 255, 201, 339, 259], [1, 6, 371, 163, 383, 171], [1, 9, 384, 162, 396, 170], [2, 0, 0, 160, 539, 399], [3, 0, 0, 0, 599, 399]], [[1, 0, 301, 154, 305, 155], [1, 1, 295, 154, 302, 159], [1, 3, 233, 217, 372, 315], [1, 4, 313, 149, 316, 152], [1, 5, 331, 144, 335, 146], [1, 8, 294, 153, 297, 157], [2, 0, 0, 140, 599, 399], [3, 0, 0, 0, 599, 274]], [[1, 4, 270, 203, 326, 255], [1, 5, 333, 156, 348, 167], [2, 0, 0, 137, 594, 399], [3, 0, 0, 0, 599, 399], [5, 2, 444, 133, 447, 138], [5, 30, 426, 131, 432, 139]], [[1, 2, 449, 138, 467, 145], [1, 5, 269, 198, 325, 258], [2, 0, 0, 146, 543, 399], [3, 0, 0, 0, 599, 399], [5, 2, 397, 146, 400, 152], [5, 29, 423, 142, 428, 149], [5, 30, 372, 142, 378, 153]], [[1, 6, 257, 188, 342, 262], [1, 7, 347, 164, 353, 172], [1, 9, 325, 180, 380, 230], [2, 0, 0, 154, 599, 399], [3, 0, 0, 0, 599, 276], [4, 14, 354, 160, 358, 165], [4, 21, 339, 161, 343, 166], [4, 22, 323, 161, 327, 166]], [[1, 7, 281, 189, 319, 258], [2, 0, 0, 132, 599, 399], [3, 0, 0, 0, 599, 271], [4, 14, 298, 149, 308, 160], [4, 21, 267, 151, 277, 162], [4, 22, 230, 151, 242, 164]], [[1, 0, 311, 183, 339, 198], [1, 4, 331, 157, 342, 166], [1, 5, 356, 144, 365, 151], [1, 8, 272, 203, 326, 255], [2, 0, 0, 131, 599, 399], [3, 0, 0, 0, 599, 258]], [[1, 6, 133, 210, 264, 314], [1, 7, 347, 166, 353, 174], [1, 9, 265, 193, 333, 257], [2, 0, 0, 151, 599, 399], [3, 0, 0, 0, 599, 353], [4, 14, 357, 161, 361, 166], [4, 21, 341, 162, 345, 166], [4, 22, 324, 162, 329, 167]]], "distance_down_track": [925.9957275390625, 917.2124633789062, 982.6600341796875, 885.8080444335938, 935.95263671875, 950.105224609375, 1006.9904174804688, 1030.6864013671875, 922.0701293945312, 1008.7308349609375], "velocity": [[-3.0928549766540527, 0.4582129418849945, -11.066810607910156], [-3.859771728515625, 0.2636831998825073, -22.672286987304688], [-21.675640106201172, 3.455711603164673, 6.921894073486328], [-0.6004101634025574, 0.025949984788894653, -4.568253517150879], [-9.250523567199707, 1.5120949745178223, -20.978178024291992], [-16.46461296081543, 2.7771246433258057, -15.311864852905273], [-13.031566619873047, 1.740701675415039, 17.458534240722656], [-11.789896011352539, 0.6096228957176208, 20.954896926879883], [-5.726451396942139, 0.6179445385932922, -22.267147064208984], [-14.760442733764648, 1.8095457553863525, 18.836408615112305]]}