{"track": "overworld", "karts": ["beastie", "kiki", "hexley", "emule", "amanda", "wilber", "adiumy", "xue", "suzanne", "nolok"], "detections": [[[1, 0, 257, 188, 343, 261], [1, 1, 535, 117, 538, 117], [3, 0, 0, 0, 599, 178]], [[1, 1, 270, 181, 336, 258], [1, 2, 345, 159, 349, 163], [1, 8, 338, 162, 343, 165], [1, 9, 371, 155, 374, 157], [3, 0, 0, 54, 599, 192]], [[1, 2, 273, 196, 328, 272], [1, 8, 24, 292, 266, 399], [1, 9, 338, 172, 349, 178], [2, 0, 410, 164, 416, 170], [3, 0, 0, 0, 599, 171], [3, 4, 511, 133, 512, 133], [3, 6, 416, 132, 416, 132], [3, 7, 517, 132, 524, 134], [3, 8, 516, 134, 516, 134], [3, 24, 524, 132, 531, 135], [3, 25, 529, 132, 532, 135]], [[1, 3, 240, 199, 359, 321], [1, 6, 286, 170, 316, 199], [2, 7, 214, 151, 289, 168], [2, 24, 290, 152, 389, 169], [3, 0, 0, 0, 599, 178], [3, 7, 126, 0, 289, 165], [3, 24, 288, 0, 466, 168]], [[1, 4, 259, 191, 341, 260], [3, 0, 0, 69, 468, 160], [3, 4, 303, 154, 303, 154], [3, 7, 310, 153, 313, 155], [3, 24, 314, 153, 317, 155], [3, 25, 318, 154, 319, 155]], [[1, 4, 203, 144, 207, 147], [1, 5, 261, 190, 330, 255], [3, 0, 0, 99, 484, 165], [3, 4, 200, 141, 201, 141], [3, 7, 208, 141, 211, 142], [3, 24, 211, 141, 214, 142]], [[1, 6, 257, 192, 350, 290], [2, 7, 181, 136, 284, 159], [2, 24, 284, 136, 419, 160], [3, 0, 0, 0, 599, 170], [3, 7, 57, 0, 283, 156], [3, 24, 281, 0, 526, 158]], [[1, 7, 272, 186, 340, 266], [3, 0, 0, 72, 599, 229]], [[1, 2, 311, 171, 348, 212], [1, 8, 265, 201, 341, 260], [1, 9, 336, 156, 346, 162], [2, 0, 401, 148, 407, 153], [3, 0, 0, 0, 599, 160], [3, 4, 502, 117, 503, 117], [3, 6, 409, 116, 409, 116], [3, 7, 506, 115, 514, 119], [3, 24, 514, 116, 521, 119]], [[1, 9, 267, 203, 327, 261], [2, 0, 336, 150, 346, 160], [3, 0, 0, 0, 599, 162], [3, 7, 358, 124, 360, 124], [3, 24, 361, 124, 363, 125]]], "distance_down_track": [1273.4986572265625, 1405.671630859375, 1449.6307373046875, 608.1539916992188, 186.06680297851562, 120.5733413696289, 612.8939208984375, 1027.093505859375, 1447.2137451171875, 8.948344230651855], "velocity": [[0.5184195637702942, 1.156766414642334, -21.645532608032227], [-16.713796615600586, -3.2880709171295166, 9.825973510742188], [-13.026625633239746, -1.2313374280929565, 14.680022239685059], [-0.19510629773139954, -0.4421820044517517, 2.7495298385620117], [-1.467732548713684, 0.05861760303378105, 21.685304641723633], [8.316372871398926, -0.5518573522567749, 18.72406768798828], [-0.6634831428527832, -1.4545083045959473, 10.71683406829834], [3.949566125869751, -0.09300584346055984, -20.319503784179688], [-13.315255165100098, -1.2258440256118774, 15.801621437072754], [-1.8296592235565186, -2.304511547088623, 20.887527465820312]]}