{"track": "tutorial", "karts": ["puffy", "hexley", "tux", "suzanne", "pidgin", "nolok", "beastie", "gavroche", "amanda", "adiumy"], "detections": [[[1, 0, 204, 201, 388, 327], [1, 1, 288, 159, 313, 186], [1, 2, 303, 156, 325, 175], [1, 3, 326, 159, 349, 177], [1, 4, 180, 148, 211, 166], [1, 5, 126, 161, 170, 185], [1, 7, 271, 157, 296, 174], [2, 0, 21, 112, 241, 157], [3, 0, 0, 31, 599, 399]], [[1, 1, 247, 193, 347, 339], [1, 2, 270, 165, 338, 208], [1, 3, 340, 170, 397, 215], [1, 4, 0, 152, 59, 200], [1, 7, 211, 168, 273, 206], [2, 0, 0, 86, 165, 167], [3, 0, 0, 16, 599, 399]], [[1, 1, 504, 178, 599, 287], [1, 2, 225, 196, 357, 316], [1, 3, 267, 183, 372, 251], [1, 7, 193, 305, 369, 399], [3, 0, 0, 32, 599, 399]], [[1, 2, 52, 193, 247, 305], [1, 3, 224, 201, 375, 319], [1, 7, 0, 200, 101, 299], [2, 0, 0, 102, 28, 112], [3, 0, 0, 36, 599, 399]], [[1, 2, 565, 207, 599, 243], [1, 4, 219, 217, 368, 335], [1, 7, 491, 210, 599, 272], [2, 0, 0, 115, 271, 266], [3, 0, 0, 32, 599, 399]], [[1, 1, 576, 213, 599, 235], [1, 2, 471, 169, 542, 206], [1, 3, 531, 174, 599, 213], [1, 4, 264, 150, 315, 191], [1, 5, 236, 205, 353, 322], [1, 7, 418, 169, 481, 202], [2, 0, 0, 72, 303, 165], [3, 0, 0, 0, 599, 399]], [[1, 6, 261, 190, 340, 257], [1, 8, 288, 133, 288, 133], [2, 0, 0, 134, 599, 399], [3, 0, 0, 44, 599, 293], [3, 6, 359, 45, 371, 62], [3, 7, 298, 46, 308, 59]], [[1, 1, 447, 157, 599, 238], [1, 2, 266, 179, 340, 246], [1, 3, 289, 174, 362, 221], [1, 7, 231, 205, 346, 322], [3, 0, 0, 33, 599, 399]], [[1, 8, 251, 191, 338, 261], [2, 0, 0, 157, 599, 399], [3, 0, 0, 7, 599, 371], [3, 6, 218, 4, 237, 32], [3, 7, 90, 0, 116, 18]], [[1, 9, 252, 192, 356, 302], [2, 0, 0, 146, 599, 399], [3, 0, 0, 105, 599, 253], [5, 17, 241, 158, 251, 174], [5, 18, 306, 158, 315, 173], [5, 19, 361, 157, 369, 172], [5, 20, 244, 147, 246, 151], [5, 21, 226, 147, 229, 151], [5, 22, 204, 146, 207, 151]]], "distance_down_track": [712.6583862304688, 712.6583862304688, 491.73480224609375, 491.73480224609375, 491.73480224609375, 547.9110717773438, 473.2306823730469, 512.133544921875, 455.9293518066406, 433.4427490234375], "velocity": [[-4.903589725494385, 0.09521884471178055, -0.5384810566902161], [-8.866908073425293, 0.14343848824501038, 0.2929737865924835], [0.13551227748394012, 0.04525754600763321, 2.7554962635040283], [-0.6787111759185791, 0.1916549652814865, 0.4857417047023773], [-0.4492555558681488, 0.10781446844339371, 0.16968996822834015], [-6.545089244842529, 0.12003118544816971, 0.04801599681377411], [8.06782341003418, -3.640580415725708, -22.46950912475586], [0.18305900692939758, 0.07612992823123932, 1.3903371095657349], [-5.181859493255615, -2.792233467102051, -23.421661376953125], [-5.666999816894531, 0.09670327603816986, -0.0006872049416415393]]}