{"track": "tutorial", "karts": ["puffy", "hexley", "tux", "suzanne", "pidgin", "nolok", "beastie", "gavroche", "amanda", "adiumy"], "detections": [[[1, 0, 201, 202, 403, 326], [1, 1, 181, 249, 190, 256], [2, 0, 0, 214, 599, 399], [3, 0, 0, 101, 599, 378]], [[1, 1, 244, 192, 354, 350], [2, 0, 0, 94, 125, 193], [3, 0, 0, 55, 599, 399]], [[1, 0, 398, 25, 422, 38], [1, 2, 228, 196, 358, 311], [2, 0, 387, 29, 529, 82], [3, 0, 0, 0, 599, 399]], [[1, 3, 264, 201, 336, 256], [2, 0, 0, 137, 599, 399], [3, 0, 0, 32, 599, 280], [3, 6, 324, 52, 335, 68], [3, 7, 268, 50, 277, 62]], [[1, 0, 540, 0, 560, 7], [1, 2, 353, 149, 384, 174], [1, 4, 220, 218, 368, 323], [1, 7, 297, 168, 344, 204], [2, 0, 513, 0, 599, 60], [3, 0, 0, 0, 599, 399]], [[1, 5, 269, 203, 329, 259], [2, 0, 0, 162, 599, 399], [3, 0, 0, 100, 599, 289], [3, 6, 232, 138, 237, 141], [3, 7, 190, 128, 190, 128]], [[1, 6, 248, 187, 349, 274], [1, 9, 297, 155, 303, 161], [2, 0, 0, 93, 599, 399], [2, 1, 266, 158, 286, 161], [2, 3, 314, 159, 335, 162], [3, 0, 0, 62, 599, 262], [3, 1, 265, 142, 287, 161], [3, 2, 288, 143, 289, 145], [3, 3, 314, 143, 336, 162], [3, 4, 278, 120, 303, 144], [3, 5, 302, 122, 325, 142], [4, 4, 329, 168, 396, 228], [4, 9, 442, 170, 519, 230], [4, 10, 240, 218, 244, 222], [4, 11, 85, 164, 150, 223]], [[1, 0, 438, 36, 460, 48], [1, 2, 313, 166, 355, 203], [1, 7, 237, 205, 352, 320], [2, 0, 424, 36, 567, 90], [3, 0, 0, 0, 599, 399]], [[1, 6, 298, 148, 301, 150], [1, 8, 234, 188, 365, 296], [2, 0, 0, 125, 599, 399], [2, 1, 290, 149, 295, 149], [2, 3, 306, 149, 309, 149], [3, 0, 0, 99, 599, 246], [3, 1, 289, 144, 295, 148], [3, 2, 289, 140, 291, 143], [3, 3, 304, 144, 310, 148], [3, 4, 293, 137, 299, 144], [3, 5, 300, 138, 306, 143], [4, 4, 302, 147, 305, 150], [4, 9, 310, 147, 313, 150], [4, 11, 286, 147, 289, 150]], [[1, 9, 273, 195, 329, 251], [2, 0, 0, 0, 599, 399], [2, 1, 0, 205, 221, 294], [2, 3, 380, 206, 599, 298], [3, 0, 0, 0, 599, 183], [3, 1, 0, 65, 220, 256], [3, 2, 281, 141, 286, 146], [3, 3, 382, 67, 599, 259], [3, 4, 15, 0, 310, 128], [3, 5, 311, 0, 599, 113]]], "distance_down_track": [712.6583862304688, 712.6583862304688, 308.5753479003906, 268.0081787109375, 302.75274658203125, 365.0060729980469, 225.50819396972656, 343.6702575683594, 183.00819396972656, 183.00819396972656], "velocity": [[-0.06964373588562012, 0.08165740966796875, 0.0012053092941641808], [-0.1438092142343521, 0.08175038546323776, 0.01137003768235445], [4.338549613952637, 0.0024345144629478455, 2.2917368412017822], [4.60169792175293, -3.731940746307373, -21.389598846435547], [1.9216368198394775, 0.03294166922569275, 2.6272454261779785], [-4.003062725067139, 1.2311931848526, -20.271892547607422], [18.015493392944336, 0.011856704950332642, 0.005332572385668755], [2.729485511779785, 0.09664926677942276, 1.600458025932312], [11.463815689086914, 0.03294055163860321, 0.005448505282402039], [22.999603271484375, -0.0020608771592378616, 0.13497136533260345]]}