{"track": "hacienda", "karts": ["adiumy", "tux", "puffy", "pidgin", "nolok", "emule", "beastie", "sara_the_wizard", "gavroche", "konqi"], "detections": [[[1, 0, 269, 196, 331, 250], [1, 1, 178, 156, 189, 163], [1, 2, 128, 146, 131, 148], [1, 3, 123, 151, 127, 152], [1, 4, 150, 152, 155, 155], [1, 5, 132, 152, 137, 155], [1, 7, 131, 149, 133, 152], [1, 8, 141, 151, 146, 154], [2, 0, 12, 136, 599, 399], [3, 0, 0, 0, 599, 399], [4, 12, 173, 160, 193, 177], [4, 13, 254, 151, 267, 166], [8, 7, 261, 164, 282, 186]], [[1, 1, 270, 198, 334, 254], [1, 2, 286, 150, 289, 152], [1, 3, 273, 155, 277, 158], [1, 4, 287, 159, 295, 165], [1, 5, 269, 157, 275, 163], [1, 7, 281, 153, 284, 157], [1, 8, 283, 157, 288, 161], [1, 9, 311, 142, 313, 144], [2, 0, 0, 142, 599, 399], [3, 0, 0, 0, 599, 282]], [[1, 2, 258, 201, 341, 259], [1, 9, 357, 146, 370, 153], [2, 0, 0, 135, 599, 399], [3, 0, 0, 0, 599, 331], [5, 30, 434, 126, 438, 133]], [[1, 2, 311, 157, 321, 163], [1, 3, 268, 209, 332, 252], [1, 7, 351, 186, 401, 250], [1, 9, 350, 142, 357, 146], [2, 0, 0, 138, 599, 399], [3, 0, 0, 0, 599, 341]], [[1, 2, 316, 155, 321, 158], [1, 3, 286, 159, 296, 165], [1, 4, 266, 202, 324, 258], [1, 5, 240, 168, 268, 189], [1, 7, 303, 158, 309, 166], [1, 8, 290, 170, 308, 188], [1, 9, 352, 149, 357, 151], [2, 0, 0, 148, 599, 399], [3, 0, 0, 0, 599, 280]], [[1, 2, 306, 153, 312, 157], [1, 3, 286, 163, 298, 171], [1, 5, 273, 200, 329, 257], [1, 7, 306, 159, 313, 170], [1, 8, 348, 187, 399, 223], [1, 9, 339, 143, 344, 146], [2, 0, 0, 140, 599, 399], [3, 0, 0, 0, 599, 385]], [[1, 6, 257, 188, 343, 262], [2, 0, 0, 153, 599, 399], [3, 0, 0, 0, 599, 361], [4, 14, 349, 161, 354, 166], [4, 21, 333, 162, 339, 167], [4, 22, 317, 162, 323, 167]], [[1, 2, 310, 156, 321, 162], [1, 3, 159, 213, 246, 261], [1, 7, 281, 188, 319, 261], [1, 9, 358, 141, 365, 145], [2, 0, 0, 137, 599, 399], [3, 0, 0, 0, 599, 266]], [[1, 2, 313, 155, 320, 158], [1, 3, 276, 163, 290, 171], [1, 5, 55, 216, 202, 315], [1, 7, 299, 160, 307, 172], [1, 8, 270, 203, 324, 256], [1, 9, 352, 147, 358, 149], [2, 0, 0, 146, 599, 399], [3, 0, 0, 0, 599, 267]], [[1, 9, 260, 193, 333, 263], [2, 0, 0, 148, 539, 399], [3, 0, 0, 0, 599, 399], [5, 2, 374, 149, 378, 155], [5, 29, 403, 151, 406, 152], [5, 30, 347, 144, 356, 157], [8, 5, 441, 126, 458, 139]]], "distance_down_track": [841.5000610351562, 865.1104125976562, 928.2752075195312, 906.4757080078125, 886.0972290039062, 891.317138671875, 1006.3964233398438, 906.5403442382812, 892.7100830078125, 952.77490234375], "velocity": [[-13.108142852783203, -1.442126989364624, -18.844013214111328], [-3.829831600189209, -0.49701443314552307, -22.673450469970703], [-6.802772045135498, 1.0103795528411865, -22.291893005371094], [-4.999100208282471, -0.03538278862833977, -26.271326065063477], [-1.7642736434936523, -0.10600754618644714, -22.856027603149414], [-3.519727945327759, -0.1228177547454834, -22.728757858276367], [-13.331937789916992, 1.7949340343475342, 17.071842193603516], [-2.7758357524871826, 0.01768500544130802, -22.461118698120117], [-2.074265480041504, -0.11066289246082306, -22.859817504882812], [-16.944400787353516, 2.9530317783355713, -13.023225784301758]]}