{"track": "overworld", "karts": ["beastie", "kiki", "hexley", "emule", "amanda", "wilber", "adiumy", "xue", "suzanne", "nolok"], "detections": [[[1, 0, 253, 189, 339, 264], [3, 0, 0, 0, 599, 180], [3, 3, 311, 146, 312, 146], [3, 4, 311, 141, 313, 144], [3, 7, 317, 139, 325, 145], [3, 8, 317, 144, 317, 144], [3, 24, 326, 139, 335, 145], [3, 25, 332, 140, 336, 145]], [[1, 1, 271, 183, 331, 253], [1, 2, 291, 146, 294, 150], [1, 3, 283, 152, 284, 153], [1, 6, 287, 150, 288, 152], [2, 24, 296, 149, 305, 149], [3, 0, 0, 0, 599, 170], [3, 2, 39, 51, 106, 109], [3, 3, 14, 0, 73, 47], [3, 4, 43, 0, 65, 7], [3, 7, 250, 83, 283, 149], [3, 8, 252, 87, 265, 102], [3, 24, 281, 82, 315, 149], [3, 25, 297, 87, 315, 132], [255, 16777215, 284, 148, 284, 148]], [[1, 2, 273, 196, 324, 265], [1, 3, 288, 173, 292, 176], [1, 6, 294, 170, 298, 174], [2, 7, 261, 169, 290, 176], [2, 24, 291, 167, 327, 175], [3, 0, 0, 0, 599, 178], [3, 7, 231, 50, 290, 176], [3, 24, 284, 49, 345, 172], [3, 25, 338, 81, 344, 99], [255, 16777215, 0, 152, 599, 201]], [[1, 3, 261, 204, 336, 286], [1, 6, 355, 167, 460, 249], [2, 7, 44, 172, 292, 227], [2, 24, 292, 164, 568, 222], [3, 0, 291, 146, 291, 158], [3, 7, 0, 0, 291, 226], [3, 24, 288, 0, 599, 207]], [[1, 4, 257, 191, 338, 259], [1, 9, 364, 180, 369, 183], [3, 0, 108, 61, 599, 190]], [[1, 5, 259, 190, 334, 258], [2, 0, 392, 148, 401, 156], [3, 0, 0, 24, 496, 147], [3, 4, 440, 118, 440, 118], [3, 7, 444, 118, 448, 120], [3, 8, 443, 119, 443, 119], [3, 24, 448, 118, 453, 120]], [[1, 3, 64, 254, 229, 388], [1, 6, 251, 190, 357, 305], [2, 7, 0, 339, 244, 399], [2, 24, 236, 341, 599, 399], [3, 0, 0, 0, 599, 187], [3, 7, 0, 49, 290, 342], [3, 24, 246, 49, 599, 344]], [[1, 4, 348, 137, 353, 140], [1, 7, 266, 187, 334, 264], [1, 9, 412, 152, 415, 153], [3, 0, 0, 94, 525, 191]], [[1, 4, 282, 168, 285, 170], [1, 8, 257, 200, 333, 261], [1, 9, 439, 171, 442, 173], [3, 0, 399, 76, 599, 167]], [[1, 9, 269, 202, 329, 261], [3, 0, 149, 0, 599, 140]]], "distance_down_track": [257.70672607421875, 310.2080383300781, 310.2080383300781, 310.2080383300781, 1124.1478271484375, 1461.8287353515625, 621.7353515625, 1067.0592041015625, 170.69302368164062, 231.15890502929688], "velocity": [[-1.3759886026382446, -1.0013784170150757, 21.66827392578125], [0.6405033469200134, -2.5366978645324707, 21.692798614501953], [-0.15799027681350708, -1.6694154739379883, 21.785558700561523], [0.07285892218351364, 0.9402933716773987, 0.5167356729507446], [-3.1204326152801514, 1.385779619216919, -21.46514892578125], [-7.295637130737305, -2.9373514652252197, 18.023813247680664], [-0.007113893982023001, -0.03817998245358467, 0.11060113459825516], [6.884646892547607, -0.4322217106819153, -19.516782760620117], [20.365318298339844, 1.1518362760543823, 3.5237865447998047], [18.718524932861328, -0.15799102187156677, -8.83639144897461]]}