{"track": "tutorial", "karts": ["puffy", "hexley", "tux", "suzanne", "pidgin", "nolok", "beastie", "gavroche", "amanda", "adiumy"], "detections": [[[1, 0, 204, 203, 393, 326], [2, 0, 0, 102, 80, 138], [3, 0, 0, 49, 599, 399]], [[1, 0, 324, 159, 352, 179], [1, 1, 243, 193, 350, 349], [2, 0, 0, 108, 241, 157], [3, 0, 0, 32, 599, 399]], [[1, 2, 268, 198, 332, 252], [1, 9, 276, 133, 279, 136], [2, 0, 0, 136, 599, 399], [3, 0, 0, 51, 599, 293], [3, 6, 370, 47, 383, 63], [3, 7, 308, 50, 319, 62]], [[1, 2, 263, 160, 269, 165], [1, 3, 261, 201, 337, 258], [1, 9, 225, 142, 227, 144], [2, 0, 0, 144, 599, 399], [3, 0, 0, 48, 599, 279], [3, 6, 287, 68, 297, 81], [3, 7, 233, 61, 243, 72], [3, 8, 318, 89, 318, 89]], [[1, 4, 223, 218, 373, 324], [1, 6, 285, 164, 401, 261], [2, 0, 517, 0, 599, 55], [3, 0, 0, 0, 599, 399]], [[1, 0, 420, 159, 434, 168], [1, 1, 394, 158, 407, 171], [1, 4, 568, 171, 591, 182], [1, 5, 234, 205, 352, 316], [1, 6, 588, 172, 599, 185], [2, 0, 299, 134, 381, 156], [3, 0, 0, 6, 599, 399], [3, 8, 0, 17, 4, 25]], [[1, 4, 2, 219, 216, 364], [1, 6, 215, 179, 389, 328], [3, 0, 0, 0, 599, 399]], [[1, 2, 271, 163, 275, 166], [1, 3, 284, 164, 297, 174], [1, 7, 250, 203, 338, 292], [2, 0, 0, 149, 599, 399], [3, 0, 0, 83, 599, 280], [3, 6, 292, 84, 301, 96], [3, 7, 243, 74, 251, 83]], [[1, 8, 231, 187, 367, 300], [2, 0, 0, 155, 599, 399], [3, 0, 0, 101, 599, 250], [3, 7, 187, 121, 194, 126]], [[1, 9, 272, 195, 328, 251], [2, 0, 0, 168, 599, 399], [3, 0, 0, 46, 599, 399], [3, 6, 350, 34, 366, 57], [3, 7, 261, 44, 274, 60]]], "distance_down_track": [712.6583862304688, 712.6583862304688, 532.0, 532.0, 532.0, 590.8922729492188, 532.0, 547.9110717773438, 491.73480224609375, 491.73480224609375], "velocity": [[-0.06947949528694153, 0.08893691748380661, 0.001236757729202509], [-4.887203216552734, 0.09547597914934158, -0.43684959411621094], [8.28575611114502, -3.3939788341522217, -21.1855411529541], [1.4060391187667847, -3.0719008445739746, -21.557886123657227], [0.4987331032752991, 0.11851496249437332, 0.816209077835083], [-4.344372272491455, 0.09072783589363098, -2.592064380645752], [-0.23810826241970062, 0.2248968780040741, 0.477323979139328], [0.48282909393310547, -1.9883272647857666, -12.649030685424805], [-1.9954676628112793, 0.683079719543457, -10.522624969482422], [1.4628057479858398, -2.2506256103515625, -22.842830657958984]]}