{"track": "overworld", "karts": ["beastie", "kiki", "hexley", "emule", "amanda", "wilber", "adiumy", "xue", "suzanne", "nolok"], "detections": [[[1, 0, 257, 189, 344, 263], [3, 0, 0, 100, 357, 158], [3, 7, 251, 152, 254, 153], [3, 24, 255, 152, 258, 153]], [[1, 1, 270, 183, 331, 251], [1, 2, 207, 162, 211, 164], [3, 0, 0, 106, 406, 167], [3, 1, 116, 157, 138, 170], [3, 2, 130, 143, 140, 154], [3, 3, 128, 134, 135, 142], [3, 4, 126, 122, 137, 132], [3, 7, 137, 125, 160, 163], [3, 8, 136, 127, 144, 133], [3, 24, 155, 125, 182, 162], [3, 25, 161, 125, 180, 148], [255, 16777215, 0, 148, 355, 190]], [[1, 2, 276, 196, 327, 265], [1, 3, 288, 151, 292, 153], [1, 6, 281, 150, 282, 151], [2, 24, 287, 149, 297, 149], [3, 0, 0, 8, 599, 164], [3, 1, 15, 131, 118, 181], [3, 2, 146, 96, 179, 128], [3, 3, 139, 71, 167, 96], [3, 4, 132, 35, 169, 72], [3, 7, 249, 92, 278, 149], [3, 8, 250, 95, 262, 110], [3, 24, 275, 92, 305, 149], [3, 25, 287, 94, 306, 149]], [[1, 3, 269, 200, 326, 257], [1, 6, 294, 165, 297, 168], [2, 7, 268, 164, 291, 167], [2, 24, 291, 163, 320, 167], [3, 0, 0, 17, 599, 196], [3, 7, 244, 71, 290, 167], [3, 8, 252, 87, 255, 90], [3, 24, 287, 70, 334, 167], [3, 25, 313, 79, 334, 114]], [[1, 4, 264, 191, 345, 262], [3, 0, 0, 75, 501, 238]], [[1, 5, 250, 188, 331, 266], [3, 0, 0, 0, 599, 161]], [[1, 6, 251, 190, 356, 305], [2, 7, 0, 337, 244, 399], [2, 24, 236, 339, 599, 399], [3, 0, 0, 0, 599, 186], [3, 7, 0, 48, 290, 341], [3, 24, 246, 48, 599, 343]], [[1, 1, 268, 158, 271, 162], [1, 7, 269, 187, 337, 265], [3, 0, 0, 107, 525, 164], [3, 2, 47, 150, 55, 153], [3, 3, 45, 142, 51, 148], [3, 4, 42, 132, 51, 141], [3, 7, 0, 128, 15, 154], [3, 24, 9, 128, 45, 154], [3, 25, 25, 131, 39, 140]], [[1, 8, 256, 201, 339, 265], [1, 9, 402, 183, 404, 186], [3, 0, 0, 35, 599, 200]], [[1, 9, 272, 204, 332, 261], [2, 0, 410, 137, 414, 140], [3, 0, 0, 4, 599, 186]]], "distance_down_track": [145.73953247070312, 230.71429443359375, 233.90414428710938, 233.90414428710938, 1004.9354858398438, 1181.11572265625, 621.7353515625, 412.187255859375, 1364.83349609375, 1419.588134765625], "velocity": [[3.139585018157959, 0.08461585640907288, 18.775402069091797], [11.63361930847168, -2.8281068801879883, 18.277944564819336], [1.199826717376709, -2.888915777206421, 21.62491798400879], [0.05634298548102379, -1.7525562047958374, 22.933061599731445], [6.133315086364746, -0.20254245400428772, -20.850696563720703], [0.37350931763648987, 0.8003160953521729, -18.776540756225586], [-0.007113893982023001, -0.03817998245358467, 0.11060113459825516], [19.029726028442383, -1.1909868717193604, 8.058600425720215], [-18.963178634643555, 1.8890339136123657, 1.1006327867507935], [-15.663071632385254, -4.230557918548584, 12.855367660522461]]}