{"track": "snowtuxpeak", "karts": ["pidgin", "amanda", "xue", "tux", "gavroche", "emule", "puffy", "sara_the_wizard", "beastie", "gnu"], "detections": [[[1, 0, 239, 239, 363, 360], [1, 4, 333, 184, 346, 192], [2, 0, 0, 188, 599, 399], [3, 0, 0, 0, 599, 378]], [[1, 1, 228, 212, 372, 367], [1, 8, 324, 184, 336, 194], [2, 0, 0, 174, 599, 399], [3, 0, 0, 0, 599, 290], [6, 22, 311, 181, 317, 181]], [[1, 0, 314, 183, 320, 186], [1, 2, 231, 186, 368, 388], [1, 9, 303, 178, 310, 186], [2, 0, 0, 184, 599, 399], [3, 0, 0, 0, 599, 278]], [[1, 1, 337, 184, 348, 193], [1, 3, 239, 225, 363, 362], [1, 8, 372, 186, 378, 190], [2, 0, 0, 180, 599, 399], [3, 0, 0, 0, 599, 354], [6, 22, 375, 185, 382, 185]], [[1, 3, 356, 192, 369, 201], [1, 4, 237, 231, 362, 362], [2, 0, 0, 198, 402, 399], [3, 0, 0, 0, 599, 399]], [[1, 0, 301, 165, 303, 166], [1, 2, 294, 166, 298, 171], [1, 5, 238, 213, 362, 362], [1, 9, 296, 163, 298, 165], [2, 0, 0, 165, 599, 399], [3, 0, 0, 0, 599, 265], [4, 4, 276, 169, 281, 174], [4, 5, 305, 169, 310, 174]], [[1, 6, 207, 229, 392, 365], [2, 0, 0, 136, 599, 399], [3, 0, 0, 0, 599, 281], [3, 1, 178, 72, 214, 124], [4, 14, 191, 180, 193, 180], [4, 15, 196, 180, 196, 180], [4, 16, 202, 180, 203, 181], [4, 17, 205, 180, 207, 181], [6, 23, 351, 258, 599, 399]], [[1, 7, 249, 218, 355, 356], [2, 0, 0, 195, 394, 399], [3, 0, 0, 0, 599, 399]], [[1, 8, 238, 212, 356, 375], [2, 0, 0, 165, 599, 399], [3, 0, 0, 0, 599, 389], [6, 22, 308, 174, 320, 175]], [[1, 4, 343, 182, 351, 187], [1, 9, 233, 154, 366, 302], [2, 0, 0, 185, 599, 399], [3, 0, 0, 0, 599, 320]]], "distance_down_track": [183.5341033935547, 123.11368560791016, 219.9421844482422, 145.2042999267578, 165.22906494140625, 264.4089660644531, 0.25934961438179016, 318.64923095703125, 103.13206481933594, 197.0216827392578], "velocity": [[-5.400015354156494, 0.51421719789505, -21.047222137451172], [-21.612403869628906, 2.2936666011810303, -1.0520762205123901], [-0.2981240749359131, 0.40221527218818665, -20.69394302368164], [-19.219310760498047, 1.7429591417312622, -7.5762200355529785], [-12.970966339111328, 0.412125825881958, -16.126813888549805], [-0.9261103868484497, 2.092421770095825, -20.573139190673828], [0.5405105948448181, 0.08174543082714081, 24.143810272216797], [16.580669403076172, 1.184329628944397, -12.33566665649414], [-8.876439094543457, 1.2370158433914185, -0.7021598815917969], [-2.2818241119384766, 0.49075642228126526, -20.567995071411133]]}