{"track": "tutorial", "karts": ["puffy", "hexley", "tux", "suzanne", "pidgin", "nolok", "beastie", "gavroche", "amanda", "adiumy"], "detections": [[[1, 0, 203, 201, 388, 326], [1, 1, 337, 218, 350, 228], [1, 2, 306, 191, 315, 197], [1, 4, 312, 201, 317, 202], [1, 5, 351, 192, 360, 197], [1, 7, 324, 192, 333, 197], [1, 9, 356, 184, 362, 189], [2, 0, 0, 156, 599, 399], [3, 0, 0, 0, 599, 284], [3, 8, 116, 37, 126, 49]], [[1, 1, 242, 193, 349, 349], [1, 2, 67, 155, 122, 177], [1, 4, 54, 167, 128, 197], [1, 5, 241, 157, 263, 172], [1, 7, 153, 157, 189, 176], [1, 9, 243, 151, 258, 163], [2, 0, 161, 124, 293, 155], [3, 0, 0, 36, 599, 399]], [[1, 2, 230, 196, 360, 313], [1, 5, 419, 172, 466, 201], [1, 7, 359, 182, 434, 237], [1, 9, 340, 156, 364, 179], [2, 0, 204, 111, 367, 161], [3, 0, 0, 15, 599, 399]], [[1, 0, 315, 159, 332, 169], [1, 3, 260, 200, 331, 257], [2, 0, 0, 156, 599, 399], [3, 0, 0, 2, 599, 399], [3, 6, 224, 0, 244, 23], [3, 7, 96, 0, 121, 14]], [[1, 2, 167, 165, 238, 210], [1, 4, 220, 217, 365, 323], [1, 5, 377, 167, 403, 191], [1, 7, 280, 168, 319, 200], [1, 9, 340, 156, 358, 175], [2, 0, 235, 120, 385, 161], [3, 0, 0, 16, 599, 399]], [[1, 5, 236, 205, 353, 322], [1, 9, 209, 157, 249, 198], [2, 0, 0, 84, 301, 164], [3, 0, 0, 10, 599, 399]], [[1, 6, 262, 189, 341, 255], [1, 8, 269, 181, 308, 210], [2, 0, 0, 186, 599, 399], [3, 0, 0, 126, 599, 276], [3, 6, 274, 125, 282, 133], [3, 7, 228, 119, 229, 125]], [[1, 2, 0, 336, 41, 393], [1, 5, 396, 177, 458, 220], [1, 7, 239, 205, 352, 321], [1, 9, 313, 157, 340, 184], [2, 0, 148, 105, 355, 162], [3, 0, 0, 16, 599, 399]], [[1, 6, 300, 272, 560, 399], [1, 8, 266, 192, 335, 245], [2, 0, 0, 181, 599, 399], [3, 0, 0, 116, 599, 287], [3, 6, 270, 117, 277, 126], [3, 7, 221, 110, 229, 115]], [[1, 9, 241, 193, 350, 314], [2, 0, 0, 83, 340, 211], [3, 0, 0, 41, 599, 399]]], "distance_down_track": [701.7347412109375, 712.6583862304688, 420.1153259277344, 420.1153259277344, 420.1153259277344, 512.133544921875, 400.4352722167969, 473.2306823730469, 383.7624206542969, 383.7624206542969], "velocity": [[-4.2656426429748535, -0.5285568237304688, -4.656976222991943], [-4.875735759735107, 0.11201241612434387, -1.2541906833648682], [-4.7405595779418945, 0.08369988948106766, -0.39868584275245667], [-8.450089454650879, -3.0587117671966553, -21.17168617248535], [-4.717368125915527, 0.09494861215353012, -1.6269149780273438], [-5.039764404296875, 0.10425351560115814, -0.29010990262031555], [0.1322013884782791, -0.26779067516326904, -24.14815330505371], [-4.907618045806885, 0.09279752522706985, -0.5625534653663635], [-0.16211719810962677, -1.1931970119476318, -27.023183822631836], [-0.3523927330970764, 0.004938879050314426, 0.2641896605491638]]}