{"track": "snowtuxpeak", "karts": ["pidgin", "amanda", "xue", "tux", "gavroche", "emule", "puffy", "sara_the_wizard", "beastie", "gnu"], "detections": [[[1, 0, 267, 209, 337, 253], [2, 0, 0, 172, 599, 399], [3, 0, 0, 0, 599, 358]], [[1, 0, 260, 137, 263, 138], [1, 1, 264, 192, 339, 255], [1, 4, 267, 144, 270, 147], [1, 6, 240, 160, 256, 170], [1, 8, 262, 147, 269, 152], [2, 0, 0, 137, 599, 399], [3, 0, 0, 0, 599, 365], [4, 5, 16, 172, 109, 243]], [[1, 2, 265, 187, 333, 264], [1, 7, 256, 157, 266, 169], [2, 0, 0, 162, 599, 399], [3, 0, 0, 0, 599, 394], [3, 1, 486, 152, 515, 161], [4, 6, 238, 153, 254, 167], [4, 7, 268, 155, 279, 164], [4, 8, 330, 159, 346, 171]], [[1, 2, 259, 150, 262, 153], [1, 3, 264, 198, 332, 256], [1, 5, 289, 162, 303, 175], [1, 9, 48, 154, 197, 267], [2, 0, 0, 151, 599, 399], [3, 0, 0, 0, 599, 296], [3, 1, 323, 143, 337, 158], [4, 8, 252, 148, 255, 150], [6, 21, 176, 150, 255, 212]], [[1, 0, 274, 156, 282, 160], [1, 4, 273, 203, 326, 255], [2, 0, 0, 157, 599, 399], [3, 0, 0, 0, 599, 265]], [[1, 2, 260, 152, 265, 156], [1, 5, 268, 200, 328, 261], [2, 0, 0, 153, 599, 399], [3, 0, 0, 0, 599, 270], [3, 1, 335, 144, 350, 161], [4, 8, 254, 150, 258, 152]], [[1, 0, 291, 144, 294, 145], [1, 4, 302, 151, 306, 155], [1, 6, 258, 201, 339, 258], [1, 8, 299, 154, 309, 162], [2, 0, 0, 144, 599, 399], [3, 0, 0, 0, 599, 280]], [[1, 7, 278, 188, 318, 264], [2, 0, 117, 168, 599, 399], [3, 0, 0, 0, 599, 399], [4, 6, 156, 175, 243, 267], [4, 7, 343, 164, 370, 187]], [[1, 0, 276, 154, 282, 156], [1, 4, 290, 166, 303, 179], [1, 8, 259, 190, 339, 255], [2, 0, 0, 155, 599, 399], [3, 0, 0, 0, 599, 273]], [[1, 2, 259, 150, 263, 153], [1, 3, 354, 192, 413, 232], [1, 5, 311, 164, 324, 175], [1, 9, 276, 162, 329, 231], [2, 0, 163, 151, 599, 399], [3, 0, 0, 0, 599, 399], [3, 1, 317, 143, 330, 157], [4, 8, 253, 148, 253, 148], [6, 21, 258, 155, 326, 204]]], "distance_down_track": [297.0416564941406, 227.61123657226562, 408.7644348144531, 351.3836669921875, 271.46917724609375, 362.0999755859375, 241.0570526123047, 423.5594787597656, 261.8790283203125, 350.4280700683594], "velocity": [[6.208320140838623, 2.884166717529297, -22.655357360839844], [-0.44290655851364136, 0.1849430352449417, -24.14522933959961], [19.265979766845703, 2.4505579471588135, 7.162872791290283], [20.8924560546875, 1.8110713958740234, -3.7188773155212402], [-0.47750550508499146, 2.3375580310821533, -22.87592124938965], [20.768611907958984, 1.7965177297592163, -2.8860507011413574], [-0.6682530045509338, 1.1431692838668823, -24.113672256469727], [15.760026931762695, 2.3216803073883057, 13.218218803405762], [-1.2217096090316772, 2.4084835052490234, -23.998523712158203], [23.82564926147461, 2.0133371353149414, -3.0317223072052]]}