{"track": "minigolf", "karts": ["nolok", "sara_the_racer", "emule", "adiumy", "gavroche", "konqi", "amanda", "xue", "sara_the_wizard", "puffy"], "detections": [[[1, 0, 272, 204, 331, 259], [1, 1, 251, 168, 282, 226], [1, 2, 240, 146, 247, 151], [1, 6, 253, 149, 262, 156], [2, 0, 0, 91, 599, 399], [3, 0, 0, 0, 599, 371]], [[1, 0, 317, 228, 409, 305], [1, 1, 282, 179, 320, 251], [1, 2, 234, 148, 242, 153], [1, 6, 249, 151, 258, 158], [2, 0, 89, 91, 599, 399], [3, 0, 0, 0, 599, 399]], [[1, 2, 273, 199, 332, 261], [1, 3, 158, 143, 173, 153], [1, 7, 171, 142, 191, 155], [2, 0, 0, 149, 599, 399], [3, 0, 0, 0, 599, 384], [5, 25, 222, 149, 227, 155]], [[1, 3, 268, 197, 313, 243], [1, 7, 279, 196, 387, 328], [2, 0, 109, 160, 599, 399], [3, 0, 0, 0, 599, 399], [5, 24, 173, 166, 190, 185]], [[1, 0, 209, 179, 220, 186], [1, 1, 201, 174, 208, 185], [1, 4, 274, 202, 328, 255], [2, 0, 0, 136, 599, 399], [3, 0, 0, 0, 599, 343], [3, 2, 367, 0, 455, 131]], [[1, 5, 249, 186, 368, 301], [2, 0, 0, 152, 385, 399], [3, 0, 0, 0, 599, 399], [3, 2, 311, 52, 351, 149], [3, 12, 379, 166, 392, 171], [4, 27, 0, 195, 11, 275], [4, 28, 326, 171, 345, 186], [4, 29, 294, 178, 303, 185], [255, 16777215, 557, 19, 580, 148]], [[1, 2, 263, 157, 285, 175], [1, 3, 146, 129, 159, 137], [1, 6, 263, 192, 341, 258], [1, 7, 158, 128, 174, 139], [2, 0, 4, 138, 599, 399], [3, 0, 0, 0, 599, 399], [5, 25, 195, 134, 199, 139]], [[1, 3, 252, 187, 289, 221], [1, 7, 267, 185, 335, 258], [2, 0, 57, 157, 599, 399], [3, 0, 0, 0, 599, 399], [5, 24, 151, 164, 167, 182], [5, 25, 484, 193, 517, 219]], [[1, 8, 272, 187, 320, 264], [2, 0, 0, 168, 599, 399], [2, 3, 200, 174, 201, 174], [3, 0, 0, 0, 599, 399], [3, 2, 11, 39, 163, 163], [3, 3, 201, 173, 203, 174], [3, 4, 198, 173, 198, 173], [3, 6, 206, 173, 209, 174], [3, 7, 108, 168, 111, 169], [5, 12, 43, 168, 44, 168], [5, 13, 72, 170, 73, 170], [255, 16777215, 269, 118, 270, 123]], [[1, 1, 188, 172, 188, 173], [1, 4, 198, 170, 198, 171], [1, 9, 238, 201, 349, 278], [2, 0, 0, 161, 599, 399], [3, 0, 0, 0, 599, 292], [3, 2, 295, 72, 320, 152], [3, 11, 406, 154, 561, 187], [3, 12, 326, 162, 349, 180], [4, 27, 122, 146, 131, 150], [5, 22, 319, 181, 333, 198], [5, 23, 256, 188, 263, 197], [255, 16777215, 463, 44, 478, 141]]], "distance_down_track": [424.9220886230469, 427.36712646484375, 461.96392822265625, 482.5544738769531, 403.2318420410156, 370.2602844238281, 454.47210693359375, 481.55419921875, 521.285400390625, 348.84136962890625], "velocity": [[19.024337768554688, 0.9059339761734009, 10.426023483276367], [21.556209564208984, 1.1178648471832275, 10.639892578125], [11.14141845703125, 2.7807674407958984, 18.209638595581055], [-10.700631141662598, 1.1635689735412598, 18.0506534576416], [22.525463104248047, 0.1704665720462799, -4.037032604217529], [10.781935691833496, 0.008410096168518066, -4.3114094734191895], [15.754424095153809, 0.47176164388656616, 16.471372604370117], [-6.114431381225586, 2.258202314376831, 20.105623245239258], [-2.6920948028564453, 1.5340728759765625, -20.46678352355957], [15.094860076904297, 0.43068334460258484, -6.881786823272705]]}