{"track": "hacienda", "karts": ["adiumy", "tux", "puffy", "pidgin", "nolok", "emule", "beastie", "sara_the_wizard", "gavroche", "konqi"], "detections": [[[1, 0, 275, 195, 324, 243], [1, 1, 274, 163, 283, 169], [2, 0, 0, 165, 599, 399], [3, 0, 0, 0, 599, 276], [3, 109, 255, 35, 278, 66], [3, 111, 226, 37, 250, 67], [3, 113, 202, 42, 219, 67]], [[1, 1, 268, 197, 332, 252], [1, 4, 63, 165, 63, 165], [1, 8, 15, 176, 33, 184], [2, 0, 0, 169, 599, 399], [3, 0, 0, 0, 599, 356]], [[1, 2, 263, 201, 340, 255], [1, 9, 296, 156, 302, 161], [2, 0, 0, 143, 599, 399], [3, 0, 0, 0, 599, 267], [8, 5, 297, 133, 305, 141]], [[1, 2, 288, 156, 298, 163], [1, 3, 266, 210, 339, 260], [1, 7, 275, 168, 294, 200], [1, 9, 277, 149, 280, 153], [2, 0, 0, 139, 599, 399], [3, 0, 0, 0, 599, 270], [8, 5, 274, 133, 279, 139], [8, 7, 310, 160, 326, 176]], [[1, 2, 251, 140, 258, 146], [1, 3, 165, 156, 194, 171], [1, 4, 281, 203, 366, 292], [1, 7, 200, 145, 214, 160], [1, 8, 216, 192, 254, 229], [1, 9, 260, 133, 263, 136], [2, 0, 0, 128, 293, 373], [3, 0, 0, 0, 599, 399], [4, 12, 57, 140, 97, 170], [8, 5, 264, 118, 269, 123], [8, 7, 241, 145, 251, 155]], [[1, 2, 217, 156, 225, 161], [1, 3, 248, 166, 265, 176], [1, 4, 425, 137, 464, 161], [1, 5, 276, 199, 335, 258], [1, 7, 233, 160, 242, 171], [1, 8, 354, 158, 384, 174], [1, 9, 195, 153, 198, 155], [2, 0, 0, 142, 599, 399], [3, 0, 0, 0, 599, 323], [4, 12, 208, 164, 234, 185], [8, 5, 186, 138, 192, 143], [8, 7, 243, 157, 251, 165]], [[1, 6, 253, 189, 338, 262], [2, 0, 0, 154, 492, 399], [3, 0, 0, 0, 599, 399], [5, 2, 339, 157, 344, 165], [5, 29, 375, 153, 382, 162], [5, 30, 305, 151, 314, 167]], [[1, 2, 289, 160, 302, 168], [1, 7, 281, 188, 320, 262], [1, 9, 274, 153, 278, 156], [2, 0, 0, 142, 599, 399], [3, 0, 0, 0, 599, 286], [8, 5, 271, 136, 276, 142], [8, 7, 328, 167, 352, 191]], [[1, 2, 284, 137, 292, 142], [1, 3, 196, 152, 230, 170], [1, 4, 538, 306, 599, 399], [1, 7, 235, 139, 249, 156], [1, 8, 277, 203, 347, 271], [1, 9, 291, 130, 294, 133], [2, 0, 0, 125, 324, 399], [3, 0, 0, 0, 599, 399], [4, 12, 72, 132, 117, 169], [8, 5, 294, 115, 299, 120], [8, 7, 277, 140, 288, 151]], [[1, 6, 377, 135, 384, 140], [1, 9, 263, 192, 338, 264], [2, 0, 0, 136, 599, 399], [3, 0, 0, 0, 599, 260], [8, 5, 285, 107, 307, 130]]], "distance_down_track": [788.3349609375, 813.8455810546875, 878.6597290039062, 857.2921142578125, 837.7213745117188, 845.3235473632812, 959.8252563476562, 861.4910278320312, 837.7213745117188, 908.493408203125], "velocity": [[-18.375001907348633, -2.164003849029541, 19.886627197265625], [-20.37701988220215, -2.681586265563965, 10.324060440063477], [-2.023090124130249, -0.278374582529068, -25.956640243530273], [-4.1779584884643555, -0.5906923413276672, -22.629858016967773], [-0.8276171088218689, -2.088388442993164, -14.091421127319336], [-9.734707832336426, -1.2992414236068726, -20.619585037231445], [-19.642940521240234, 3.4614346027374268, -8.636176109313965], [-4.361766815185547, -0.49974140524864197, -22.014493942260742], [0.2112044394016266, -1.1279075145721436, -16.981531143188477], [-2.818071126937866, 0.03729943931102753, -21.180316925048828]]}