{"track": "overworld", "karts": ["beastie", "kiki", "hexley", "emule", "amanda", "wilber", "adiumy", "xue", "suzanne", "nolok"], "detections": [[[1, 0, 259, 189, 342, 261], [3, 0, 0, 51, 520, 161], [3, 4, 308, 153, 308, 153], [3, 7, 314, 153, 318, 154], [3, 8, 315, 153, 315, 153], [3, 24, 319, 153, 322, 154], [3, 25, 322, 153, 322, 153]], [[1, 1, 262, 183, 323, 253], [1, 9, 463, 156, 482, 166], [3, 0, 45, 0, 599, 153]], [[1, 2, 271, 196, 326, 271], [3, 0, 0, 0, 599, 160]], [[1, 3, 246, 198, 352, 308], [1, 6, 386, 212, 509, 305], [2, 7, 38, 168, 293, 223], [2, 24, 293, 167, 599, 225], [3, 7, 0, 0, 292, 215], [3, 24, 291, 0, 599, 167]], [[1, 4, 261, 192, 343, 261], [3, 0, 0, 89, 511, 197]], [[1, 5, 262, 190, 337, 259], [3, 0, 0, 84, 599, 220]], [[1, 3, 77, 176, 218, 273], [1, 6, 258, 193, 345, 279], [2, 7, 0, 155, 237, 212], [2, 24, 234, 158, 573, 217], [3, 7, 0, 0, 233, 199], [3, 24, 223, 0, 599, 216]], [[1, 7, 262, 187, 327, 260], [3, 0, 0, 0, 528, 149], [3, 5, 457, 156, 503, 168], [3, 6, 443, 143, 446, 144]], [[1, 1, 291, 159, 300, 169], [1, 2, 546, 150, 548, 153], [1, 8, 265, 200, 336, 254], [1, 9, 386, 154, 395, 158], [3, 0, 200, 48, 599, 153]], [[1, 2, 330, 161, 334, 166], [1, 9, 260, 203, 326, 268], [3, 0, 0, 0, 599, 162]]], "distance_down_track": [193.5777587890625, 1168.650146484375, 1216.2991943359375, 621.868408203125, 1061.5164794921875, 1397.43017578125, 621.7752075195312, 247.0324249267578, 214.40664672851562, 1185.000732421875], "velocity": [[-1.8942184448242188, 0.04211091995239258, 22.976036071777344], [13.877823829650879, -0.0047581493854522705, -13.155871391296387], [-3.0383267402648926, -0.019604047760367393, -19.42885398864746], [-0.09652631729841232, -0.5863049030303955, -3.3065075874328613], [7.154399394989014, -0.5163586139678955, -20.517263412475586], [-17.495431900024414, -1.0348737239837646, 8.919143676757812], [-0.4447454512119293, -0.6659258604049683, -2.878175973892212], [-13.650406837463379, 0.3820807933807373, 18.392847061157227], [21.218130111694336, -0.5619478821754456, -8.858622550964355], [-1.7634197473526, 0.9415535926818848, -18.935144424438477]]}