{"track": "tutorial", "karts": ["puffy", "hexley", "tux", "suzanne", "pidgin", "nolok", "beastie", "gavroche", "amanda", "adiumy"], "detections": [[[1, 0, 207, 200, 383, 326], [1, 2, 344, 160, 355, 168], [1, 3, 308, 175, 321, 184], [1, 7, 320, 172, 331, 180], [1, 9, 386, 152, 393, 159], [2, 0, 330, 119, 522, 150], [3, 0, 0, 0, 599, 399], [3, 8, 102, 0, 110, 4]], [[1, 0, 345, 222, 409, 253], [1, 1, 240, 193, 345, 345], [1, 2, 348, 192, 357, 198], [1, 3, 320, 204, 330, 212], [1, 7, 330, 202, 338, 209], [1, 9, 384, 185, 390, 191], [2, 0, 0, 155, 599, 399], [3, 0, 0, 0, 599, 282], [3, 8, 118, 31, 128, 42]], [[1, 2, 230, 196, 360, 314], [1, 9, 334, 158, 360, 183], [2, 0, 95, 101, 331, 162], [3, 0, 0, 16, 599, 399]], [[1, 2, 359, 165, 389, 190], [1, 3, 227, 201, 356, 307], [1, 7, 322, 187, 383, 249], [1, 9, 416, 160, 435, 176], [2, 0, 289, 127, 427, 163], [3, 0, 0, 12, 599, 399]], [[1, 1, 279, 158, 296, 171], [1, 4, 261, 209, 329, 259], [1, 9, 418, 180, 419, 181], [2, 0, 0, 156, 599, 399], [3, 0, 0, 0, 599, 385], [3, 6, 197, 0, 215, 15], [3, 7, 70, 0, 73, 3], [3, 8, 235, 56, 236, 59]], [[1, 1, 322, 137, 325, 138], [1, 4, 305, 136, 305, 136], [1, 5, 270, 203, 329, 258], [1, 6, 78, 349, 193, 399], [2, 0, 0, 135, 599, 399], [3, 0, 0, 41, 599, 283], [3, 6, 352, 47, 364, 63], [3, 7, 292, 48, 303, 59]], [[1, 1, 330, 137, 333, 137], [1, 4, 314, 136, 314, 136], [1, 5, 314, 180, 342, 205], [1, 6, 259, 189, 338, 257], [1, 8, 119, 189, 213, 250], [2, 0, 0, 135, 599, 399], [3, 0, 0, 47, 599, 315], [3, 6, 360, 47, 372, 62], [3, 7, 301, 48, 311, 59]], [[1, 2, 306, 162, 339, 192], [1, 3, 17, 292, 275, 399], [1, 7, 238, 205, 350, 319], [1, 9, 363, 156, 380, 173], [2, 0, 226, 120, 370, 159], [3, 0, 0, 19, 599, 399]], [[1, 1, 320, 136, 322, 137], [1, 4, 305, 136, 305, 136], [1, 5, 371, 180, 410, 205], [1, 6, 386, 190, 489, 258], [1, 8, 264, 193, 340, 256], [2, 0, 212, 135, 599, 399], [3, 0, 0, 49, 599, 399], [3, 6, 346, 48, 358, 63], [3, 7, 286, 48, 296, 59]], [[1, 9, 244, 190, 351, 315], [2, 0, 0, 47, 150, 229], [3, 0, 0, 0, 599, 399]]], "distance_down_track": [705.4942016601562, 702.2123413085938, 512.133544921875, 512.133544921875, 512.133544921875, 561.7310180664062, 491.73480224609375, 532.0, 473.2306823730469, 473.2306823730469], "velocity": [[-4.017815589904785, -7.194254398345947, -4.404649257659912], [-5.858150959014893, -0.7284478545188904, -5.980259895324707], [-5.039029598236084, 0.10145827382802963, -0.5617443323135376], [-4.5478620529174805, 0.10692024976015091, -1.9922409057617188], [-11.026787757873535, -3.207401752471924, -21.244882583618164], [6.650609970092773, -3.546860933303833, -20.778156280517578], [7.353564262390137, -3.926299810409546, -22.6656494140625], [-4.659420490264893, 0.11431621760129929, -1.5500575304031372], [8.404617309570312, -3.8692805767059326, -22.307252883911133], [0.11134177446365356, 0.15398825705051422, 0.7802603244781494]]}