{"track": "xr591", "karts": ["sara_the_racer", "tux", "gavroche", "konqi", "beastie", "kiki", "gnu", "hexley", "nolok", "pidgin"], "detections": [[[1, 0, 269, 187, 331, 357], [2, 0, 0, 212, 599, 399], [3, 0, 0, 77, 599, 330], [3, 8, 365, 70, 372, 77], [4, 12, 180, 218, 180, 218], [6, 10, 257, 197, 285, 213]], [[1, 1, 236, 224, 359, 362], [1, 5, 443, 152, 446, 155], [1, 7, 426, 157, 433, 160], [2, 0, 0, 136, 599, 399], [3, 0, 0, 0, 599, 239], [3, 16, 26, 148, 73, 199], [5, 49, 286, 168, 288, 171]], [[1, 2, 263, 230, 388, 367], [2, 0, 0, 189, 599, 399], [3, 0, 0, 0, 599, 344]], [[1, 3, 229, 18, 367, 189], [2, 0, 0, 0, 599, 399], [3, 0, 507, 0, 599, 399], [6, 58, 166, 240, 282, 362]], [[1, 4, 240, 208, 357, 375], [2, 0, 0, 190, 599, 399], [3, 0, 0, 0, 599, 242], [4, 14, 373, 191, 383, 196], [4, 15, 313, 189, 322, 195], [4, 16, 290, 189, 298, 194], [5, 17, 346, 192, 350, 196], [5, 49, 308, 195, 308, 195]], [[1, 5, 223, 178, 346, 341], [1, 9, 273, 174, 280, 177], [2, 0, 0, 72, 599, 399], [3, 0, 0, 0, 599, 294], [4, 18, 284, 171, 292, 178], [5, 19, 325, 174, 329, 178]], [[1, 3, 410, 148, 414, 154], [1, 6, 268, 159, 326, 228], [1, 8, 318, 173, 339, 193], [2, 0, 0, 69, 599, 399], [3, 0, 0, 0, 599, 236], [3, 1, 291, 97, 339, 151], [3, 2, 397, 125, 417, 129], [3, 8, 462, 82, 462, 84], [3, 10, 304, 113, 304, 114], [5, 46, 88, 182, 90, 185], [6, 1, 382, 156, 395, 164], [6, 58, 404, 162, 404, 162]], [[1, 5, 217, 180, 251, 213], [1, 7, 235, 215, 378, 393], [1, 9, 278, 174, 283, 176], [2, 0, 0, 105, 599, 399], [3, 0, 0, 0, 599, 244], [4, 18, 284, 171, 290, 177], [5, 19, 318, 174, 321, 177]], [[1, 3, 423, 145, 427, 152], [1, 8, 256, 204, 335, 279], [2, 0, 0, 57, 599, 399], [3, 0, 0, 0, 599, 257], [3, 1, 292, 92, 342, 151], [3, 2, 408, 118, 432, 124], [3, 10, 304, 110, 304, 115], [6, 1, 394, 154, 412, 164], [6, 48, 90, 174, 93, 177], [6, 58, 415, 161, 416, 161]], [[1, 3, 301, 176, 306, 183], [1, 9, 235, 239, 359, 360], [2, 0, 0, 0, 599, 399], [3, 0, 0, 0, 599, 239], [3, 5, 25, 64, 34, 70], [3, 6, 326, 110, 329, 113], [6, 1, 309, 193, 309, 193], [6, 58, 307, 193, 316, 194]]], "distance_down_track": [289.27947998046875, 162.7139129638672, 238.0390167236328, 2.252601146697998, 197.6587371826172, 82.95608520507812, 1180.2835693359375, 89.44135284423828, 1185.4544677734375, 44.849674224853516], "velocity": [[-1.9092910289764404, -1.8518537282943726, -19.48428726196289], [-16.351211547851562, 3.2230846881866455, 12.277604103088379], [-11.505094528198242, 1.475101351737976, -17.144878387451172], [-1.6052381992340088, 0.3069741725921631, 17.585128784179688], [-17.836091995239258, 0.8259036540985107, 12.393624305725098], [8.156325340270996, -3.007158041000366, 20.768150329589844], [-11.62977123260498, 1.5737252235412598, 18.935653686523438], [6.034068584442139, -2.4878478050231934, 18.550277709960938], [-7.7582902908325195, 1.2226970195770264, 12.915606498718262], [-2.8183176517486572, -1.1577181816101074, 22.593082427978516]]}