{"track": "volcano_island", "karts": ["gavroche", "adiumy", "amanda", "nolok", "tux", "konqi", "kiki", "pidgin", "sara_the_racer", "suzanne"], "detections": [[[1, 0, 269, 202, 329, 254], [1, 2, 454, 158, 493, 182], [1, 3, 321, 189, 363, 227], [1, 5, 487, 155, 498, 161], [1, 6, 583, 232, 599, 255], [2, 0, 0, 160, 599, 399], [3, 0, 0, 90, 599, 269], [6, 33, 511, 154, 516, 159]], [[1, 0, 95, 197, 161, 228], [1, 1, 272, 196, 329, 249], [1, 2, 330, 165, 354, 184], [1, 3, 155, 189, 203, 214], [1, 6, 234, 181, 282, 234], [2, 0, 0, 166, 599, 399], [3, 0, 0, 0, 599, 283]], [[1, 2, 259, 191, 340, 259], [1, 5, 386, 161, 395, 168], [2, 0, 0, 165, 599, 399], [3, 0, 0, 0, 599, 318], [6, 33, 407, 159, 411, 164]], [[1, 0, 169, 227, 276, 309], [1, 2, 447, 160, 490, 187], [1, 3, 267, 202, 325, 254], [1, 5, 483, 155, 493, 162], [2, 0, 0, 161, 599, 399], [3, 0, 0, 88, 599, 259], [6, 33, 508, 154, 511, 159]], [[1, 4, 265, 198, 332, 252], [2, 0, 0, 161, 599, 399], [3, 0, 0, 0, 599, 295], [5, 7, 392, 153, 400, 160]], [[1, 5, 262, 192, 339, 265], [1, 7, 314, 155, 316, 156], [2, 0, 0, 155, 599, 399], [3, 0, 0, 69, 599, 234], [4, 10, 314, 154, 316, 155], [4, 13, 322, 153, 324, 155], [4, 14, 305, 154, 307, 155], [6, 33, 281, 153, 293, 162], [6, 34, 323, 152, 329, 158], [6, 35, 308, 153, 313, 157]], [[1, 0, 69, 204, 153, 245], [1, 1, 323, 204, 401, 271], [1, 2, 332, 165, 356, 185], [1, 3, 147, 193, 201, 224], [1, 6, 269, 183, 329, 252], [2, 0, 0, 166, 599, 399], [3, 0, 0, 0, 599, 253]], [[1, 7, 263, 210, 337, 261], [2, 0, 0, 157, 599, 399], [3, 0, 0, 0, 599, 231], [4, 10, 292, 157, 307, 170], [4, 13, 332, 157, 347, 169], [4, 14, 251, 157, 265, 170]], [[1, 8, 278, 178, 318, 254], [2, 0, 0, 156, 599, 399], [3, 0, 0, 0, 599, 276]], [[1, 9, 261, 200, 336, 256], [2, 0, 0, 158, 599, 399], [3, 0, 0, 0, 599, 285], [5, 7, 105, 167, 152, 203], [5, 8, 316, 148, 362, 192], [5, 11, 203, 158, 247, 198]]], "distance_down_track": [795.2655029296875, 793.7354125976562, 802.8673706054688, 796.6177368164062, 717.8419189453125, 834.1492309570312, 794.6519165039062, 906.2733764648438, 616.6179809570312, 752.835205078125], "velocity": [[4.979672908782959, 1.1437108516693115, -22.792734146118164], [6.3117475509643555, 1.2301506996154785, -20.866287231445312], [0.5538274645805359, 0.7986136078834534, -21.713260650634766], [4.656955718994141, 1.0805929899215698, -22.90644073486328], [15.220741271972656, 3.461819648742676, 15.22364330291748], [-9.314495086669922, -0.3935614824295044, -18.481754302978516], [8.006050109863281, 1.1551986932754517, -20.6068115234375], [-10.548233985900879, -0.47819849848747253, -18.9977970123291], [-21.845460891723633, 0.358325332403183, -0.264506071805954], [20.68374252319336, 2.607362747192383, -2.5184214115142822]]}