{"track": "tutorial", "karts": ["puffy", "hexley", "tux", "suzanne", "pidgin", "nolok", "beastie", "gavroche", "amanda", "adiumy"], "detections": [[[1, 0, 203, 201, 387, 324], [1, 1, 406, 157, 426, 172], [1, 2, 388, 159, 412, 172], [1, 4, 383, 159, 399, 170], [1, 6, 275, 153, 296, 166], [1, 8, 249, 152, 267, 165], [2, 0, 179, 127, 297, 156], [3, 0, 0, 39, 599, 399]], [[1, 1, 249, 191, 361, 346], [1, 2, 57, 200, 252, 323], [1, 4, 178, 203, 261, 262], [2, 0, 0, 133, 126, 193], [3, 0, 0, 0, 599, 399]], [[1, 1, 212, 172, 345, 241], [1, 2, 236, 196, 369, 313], [1, 4, 44, 214, 238, 341], [3, 0, 0, 10, 599, 399]], [[1, 3, 242, 181, 371, 281], [2, 0, 0, 161, 599, 399], [3, 0, 0, 134, 599, 288], [5, 5, 211, 153, 220, 162], [5, 6, 167, 155, 169, 156], [5, 7, 150, 155, 152, 155], [5, 8, 126, 154, 130, 155], [5, 12, 248, 154, 256, 161], [5, 13, 276, 155, 283, 161]], [[1, 1, 276, 168, 387, 239], [1, 2, 347, 182, 496, 290], [1, 4, 221, 218, 371, 324], [3, 0, 0, 0, 599, 399]], [[1, 5, 270, 203, 329, 256], [2, 0, 0, 164, 599, 399], [3, 0, 0, 99, 599, 265], [3, 6, 280, 98, 290, 108], [3, 7, 231, 91, 241, 99]], [[1, 1, 508, 158, 587, 186], [1, 2, 530, 163, 588, 198], [1, 4, 472, 167, 525, 194], [1, 6, 204, 180, 377, 329], [1, 8, 0, 289, 86, 399], [2, 0, 0, 55, 128, 217], [3, 0, 0, 0, 599, 399]], [[1, 7, 273, 203, 327, 255], [2, 0, 0, 161, 599, 399], [3, 0, 0, 114, 599, 306], [3, 6, 207, 135, 208, 139], [3, 7, 157, 125, 158, 129]], [[1, 6, 395, 181, 532, 301], [1, 8, 219, 186, 376, 329], [2, 0, 0, 49, 326, 188], [3, 0, 0, 0, 599, 399]], [[1, 3, 227, 158, 233, 161], [1, 9, 256, 190, 358, 306], [2, 0, 0, 163, 599, 399], [3, 0, 0, 121, 599, 276], [3, 2, 359, 145, 370, 155], [5, 5, 162, 160, 163, 160], [5, 7, 66, 163, 66, 163], [5, 8, 59, 163, 61, 163], [5, 12, 171, 160, 171, 160], [5, 13, 178, 160, 178, 160], [5, 14, 263, 159, 265, 162], [5, 15, 250, 161, 251, 163], [5, 16, 232, 160, 235, 164]]], "distance_down_track": [712.6583862304688, 712.6583862304688, 383.7624206542969, 374.73779296875, 383.7624206542969, 455.9293518066406, 365.0060729980469, 409.40948486328125, 343.6702575683594, 343.6702575683594], "velocity": [[-4.797825813293457, 0.11252319067716599, -1.4545410871505737], [-0.6379716992378235, 0.3898896276950836, -0.4987486004829407], [1.0955302715301514, 0.005800487939268351, 1.0266774892807007], [3.013645887374878, 0.8748368620872498, 10.319034576416016], [-0.40660372376441956, 0.1530909240245819, -0.08641011267900467], [0.5310174226760864, -2.849215030670166, -21.355224609375], [-1.9173381328582764, 0.25027841329574585, 1.4801493883132935], [-6.342987060546875, 1.4764940738677979, -21.674728393554688], [-3.392195224761963, 0.4970057010650635, 0.21272718906402588], [-0.013149661011993885, 0.21107324957847595, -0.028444645926356316]]}