{"track": "overworld", "karts": ["beastie", "kiki", "hexley", "emule", "amanda", "wilber", "adiumy", "xue", "suzanne", "nolok"], "detections": [[[1, 0, 256, 189, 341, 263], [1, 1, 422, 131, 424, 132], [3, 0, 0, 0, 599, 173]], [[1, 1, 266, 182, 332, 256], [1, 2, 373, 181, 375, 183], [3, 0, 0, 71, 599, 199], [3, 6, 587, 133, 588, 133]], [[1, 2, 275, 197, 329, 274], [1, 5, 509, 137, 513, 139], [1, 8, 500, 145, 505, 147], [1, 9, 508, 140, 510, 142], [2, 0, 403, 152, 409, 157], [3, 0, 0, 0, 599, 165], [3, 4, 503, 120, 505, 122], [3, 6, 410, 120, 410, 120], [3, 7, 508, 119, 515, 123], [3, 8, 509, 120, 511, 121], [3, 24, 515, 120, 522, 123], [3, 25, 520, 120, 523, 123]], [[1, 3, 242, 199, 361, 321], [2, 7, 0, 204, 203, 262], [2, 24, 202, 205, 527, 263], [3, 7, 0, 0, 201, 204], [3, 24, 194, 0, 599, 258]], [[1, 4, 256, 191, 344, 264], [3, 0, 0, 77, 599, 168], [3, 7, 304, 152, 307, 153], [3, 24, 308, 152, 312, 153]], [[1, 4, 297, 165, 298, 165], [1, 5, 261, 190, 331, 255], [3, 0, 0, 87, 482, 173], [3, 7, 291, 161, 294, 162], [3, 24, 295, 161, 297, 162]], [[1, 3, 311, 159, 323, 171], [1, 6, 248, 191, 355, 297], [2, 7, 216, 158, 290, 175], [2, 24, 291, 159, 387, 176], [3, 0, 0, 0, 599, 189], [3, 7, 130, 0, 290, 171], [3, 24, 290, 0, 465, 175]], [[1, 7, 267, 188, 334, 264], [3, 0, 0, 17, 547, 150], [3, 5, 404, 158, 416, 161], [3, 6, 514, 144, 515, 145], [255, 16777215, 562, 169, 599, 177]], [[1, 5, 282, 151, 292, 160], [1, 8, 261, 201, 332, 257], [1, 9, 286, 158, 298, 169], [3, 0, 0, 70, 352, 160], [3, 7, 267, 151, 269, 151], [3, 24, 270, 151, 271, 151]], [[1, 4, 290, 165, 291, 165], [1, 5, 284, 166, 306, 187], [1, 9, 268, 203, 324, 256], [3, 0, 0, 87, 462, 172], [3, 7, 285, 162, 286, 162], [3, 8, 284, 162, 284, 162], [3, 24, 287, 162, 290, 163], [3, 25, 289, 162, 289, 162]]], "distance_down_track": [1268.3902587890625, 1383.86083984375, 1447.96826171875, 621.8134155273438, 179.8219757080078, 90.2789306640625, 621.8467407226562, 203.89137268066406, 71.1679458618164, 83.09341430664062], "velocity": [[-0.13188569247722626, 2.4658563137054443, -21.594266891479492], [-18.41315269470215, -0.112257219851017, 6.903289318084717], [-12.693403244018555, -1.1978778839111328, 14.971799850463867], [0.049831390380859375, 0.00022730231285095215, -1.0279507637023926], [-0.9394609928131104, 0.18148738145828247, 20.115137100219727], [0.7111887335777283, 0.8729606866836548, 21.820968627929688], [-0.16050754487514496, -0.611792802810669, -3.2555081844329834], [-18.847745895385742, -0.4666200578212738, 9.453834533691406], [2.8616976737976074, 0.9416332840919495, 22.801841735839844], [1.4062163829803467, 0.6629065871238708, 22.947399139404297]]}