{"track": "overworld", "karts": ["beastie", "kiki", "hexley", "emule", "amanda", "wilber", "adiumy", "xue", "suzanne", "nolok"], "detections": [[[1, 0, 253, 189, 338, 264], [3, 0, 0, 4, 599, 218], [3, 4, 315, 159, 317, 161], [3, 7, 322, 158, 328, 161], [3, 8, 321, 158, 325, 161], [3, 24, 329, 158, 336, 161], [3, 25, 333, 158, 333, 158]], [[1, 1, 269, 184, 325, 248], [1, 2, 399, 170, 404, 172], [1, 7, 257, 164, 260, 166], [1, 8, 270, 168, 294, 185], [1, 9, 389, 170, 393, 172], [3, 0, 0, 97, 519, 173], [3, 4, 310, 162, 310, 162], [3, 7, 315, 162, 318, 163], [3, 24, 319, 162, 321, 163], [3, 25, 322, 163, 322, 163]], [[1, 2, 270, 196, 323, 262], [1, 9, 115, 341, 269, 399], [3, 0, 0, 102, 599, 159], [255, 16777215, 0, 167, 177, 179]], [[1, 3, 242, 200, 359, 322], [1, 6, 514, 348, 599, 399], [2, 7, 220, 150, 300, 168], [2, 24, 301, 150, 408, 168], [3, 0, 0, 0, 599, 184], [3, 7, 124, 0, 300, 165], [3, 24, 301, 0, 495, 167]], [[1, 4, 256, 191, 338, 261], [3, 0, 243, 113, 599, 188]], [[1, 5, 261, 190, 336, 258], [3, 0, 0, 0, 599, 168]], [[1, 3, 129, 150, 223, 217], [1, 6, 251, 190, 354, 301], [2, 7, 205, 138, 280, 156], [2, 24, 281, 140, 380, 159], [3, 0, 0, 0, 599, 174], [3, 7, 116, 0, 280, 152], [3, 24, 280, 0, 461, 158]], [[1, 0, 533, 145, 540, 149], [1, 7, 269, 186, 335, 261], [3, 0, 0, 57, 599, 158]], [[1, 2, 392, 171, 398, 174], [1, 7, 234, 166, 238, 168], [1, 8, 261, 201, 332, 256], [1, 9, 383, 172, 387, 174], [3, 0, 0, 89, 495, 176], [3, 7, 296, 163, 298, 163], [3, 24, 299, 163, 302, 164]], [[1, 2, 311, 176, 339, 209], [1, 9, 268, 202, 324, 256], [3, 0, 0, 109, 599, 156], [3, 4, 0, 151, 1, 152]]], "distance_down_track": [228.82936096191406, 87.84013366699219, 154.1111602783203, 609.419189453125, 1098.951171875, 1266.1453857421875, 607.9785766601562, 165.61375427246094, 94.79177856445312, 150.82794189453125], "velocity": [[-1.8468987941741943, 0.5041968822479248, 21.866714477539062], [-1.3506242036819458, 0.882612407207489, 24.79756736755371], [19.126386642456055, 0.2159055918455124, 12.07714557647705], [-3.531712532043457, -3.0794460773468018, 2.8022446632385254], [2.573617458343506, 2.8668899536132812, -21.390830993652344], [-0.327100545167923, 2.223140001296997, -19.536191940307617], [-0.03554662689566612, 0.00498633086681366, 1.4224052429199219], [-13.780475616455078, -0.06085216626524925, 17.60356903076172], [0.36864712834358215, 0.926693856716156, 22.97836685180664], [17.645275115966797, 0.17936432361602783, 14.276981353759766]]}