{"track": "tutorial", "karts": ["puffy", "hexley", "tux", "suzanne", "pidgin", "nolok", "beastie", "gavroche", "amanda", "adiumy"], "detections": [[[1, 0, 202, 201, 386, 323], [1, 1, 357, 156, 371, 167], [1, 2, 297, 153, 311, 160], [1, 3, 222, 156, 250, 174], [1, 4, 294, 156, 308, 163], [1, 5, 334, 155, 348, 163], [1, 7, 309, 155, 323, 162], [1, 9, 322, 154, 331, 162], [2, 0, 250, 133, 341, 155], [3, 0, 0, 31, 599, 399]], [[1, 1, 246, 193, 347, 341], [1, 5, 128, 165, 197, 203], [1, 7, 0, 173, 66, 212], [1, 9, 69, 161, 128, 203], [2, 0, 0, 88, 174, 165], [3, 0, 0, 16, 599, 399]], [[1, 1, 589, 219, 599, 237], [1, 2, 231, 196, 363, 313], [1, 4, 372, 249, 599, 399], [1, 5, 365, 193, 406, 235], [1, 7, 341, 204, 441, 284], [1, 9, 319, 190, 376, 242], [2, 0, 0, 54, 255, 218], [3, 0, 0, 41, 599, 399]], [[1, 1, 469, 167, 496, 190], [1, 2, 333, 156, 357, 169], [1, 3, 222, 201, 363, 315], [1, 4, 334, 162, 356, 174], [1, 5, 392, 161, 417, 174], [1, 7, 354, 160, 378, 173], [1, 9, 371, 158, 389, 173], [2, 0, 254, 124, 388, 160], [3, 0, 0, 17, 599, 399]], [[1, 2, 201, 174, 307, 246], [1, 4, 222, 217, 370, 324], [1, 5, 395, 176, 457, 222], [1, 7, 306, 185, 386, 255], [1, 9, 337, 171, 397, 218], [2, 0, 0, 59, 316, 178], [3, 0, 0, 0, 599, 399]], [[1, 5, 228, 206, 351, 323], [1, 9, 0, 223, 266, 399], [3, 0, 0, 53, 599, 399]], [[1, 6, 261, 190, 340, 257], [1, 8, 262, 167, 290, 189], [2, 0, 0, 136, 599, 399], [3, 0, 0, 40, 599, 265], [3, 6, 351, 49, 363, 64], [3, 7, 292, 49, 302, 61]], [[1, 2, 0, 190, 229, 378], [1, 4, 123, 303, 395, 399], [1, 5, 325, 193, 377, 243], [1, 7, 234, 205, 348, 321], [1, 9, 258, 188, 335, 254], [2, 0, 0, 58, 210, 205], [3, 0, 0, 38, 599, 399]], [[1, 8, 262, 192, 337, 254], [2, 0, 0, 136, 599, 399], [3, 0, 0, 49, 599, 302], [3, 6, 373, 45, 386, 62], [3, 7, 311, 48, 322, 60]], [[1, 2, 0, 187, 144, 290], [1, 5, 373, 205, 599, 341], [1, 7, 0, 201, 249, 386], [1, 9, 245, 193, 356, 306], [2, 0, 0, 131, 360, 219], [3, 0, 0, 83, 599, 399]]], "distance_down_track": [712.6583862304688, 712.6583862304688, 420.1153259277344, 420.1153259277344, 420.1153259277344, 512.133544921875, 400.4352722167969, 473.2306823730469, 383.7624206542969, 383.7624206542969], "velocity": [[-4.493017196655273, 0.10510195046663284, -2.3493192195892334], [-8.663347244262695, 0.14046180248260498, 0.22232843935489655], [-0.3811890482902527, -0.007030768319964409, 1.0791841745376587], [-4.615492343902588, 0.10217732936143875, -1.9738962650299072], [-2.729872465133667, 0.11365897953510284, 0.20646974444389343], [-0.2682535946369171, 0.17464332282543182, 0.7775865793228149], [7.526456832885742, -3.973470449447632, -22.6005859375], [-1.0023980140686035, -0.21116971969604492, 0.07602715492248535], [8.645715713500977, -3.5691659450531006, -22.26511001586914], [-1.2295570373535156, -0.03197961300611496, 2.561479330062866]]}