{"track": "overworld", "karts": ["beastie", "kiki", "hexley", "emule", "amanda", "wilber", "adiumy", "xue", "suzanne", "nolok"], "detections": [[[1, 0, 235, 185, 355, 289], [3, 0, 323, 158, 493, 175]], [[1, 1, 265, 183, 326, 252], [1, 2, 422, 153, 434, 159], [1, 8, 376, 156, 390, 164], [1, 9, 542, 158, 549, 161], [3, 0, 22, 108, 596, 156], [3, 4, 38, 153, 38, 153]], [[1, 2, 268, 196, 321, 264], [1, 9, 366, 168, 373, 173], [3, 0, 328, 64, 599, 160]], [[1, 3, 264, 203, 340, 286], [1, 6, 365, 198, 457, 275], [2, 7, 52, 150, 287, 200], [2, 24, 287, 149, 590, 201], [3, 7, 0, 0, 286, 194], [3, 24, 284, 0, 599, 196]], [[1, 4, 263, 191, 344, 262], [3, 0, 0, 0, 599, 200]], [[1, 4, 281, 148, 286, 152], [1, 5, 260, 189, 335, 259], [3, 0, 0, 0, 599, 172]], [[1, 3, 141, 196, 238, 275], [1, 6, 263, 194, 339, 270], [2, 7, 27, 145, 245, 196], [2, 24, 243, 147, 556, 201], [3, 7, 0, 0, 242, 185], [3, 24, 232, 0, 599, 200]], [[1, 7, 265, 188, 330, 262], [3, 0, 0, 0, 588, 138], [3, 5, 452, 143, 481, 151], [3, 6, 503, 129, 508, 131]], [[1, 2, 335, 169, 352, 184], [1, 8, 259, 200, 330, 257], [1, 9, 414, 172, 421, 176], [3, 0, 393, 79, 599, 167]], [[1, 9, 273, 203, 329, 255], [3, 0, 200, 55, 599, 153]]], "distance_down_track": [504.7694396972656, 148.88803100585938, 182.56739807128906, 621.7388305664062, 1292.1280517578125, 1252.6094970703125, 621.3763427734375, 232.6028289794922, 171.7218780517578, 210.98667907714844], "velocity": [[11.50609302520752, 1.6572697162628174, -8.249184608459473], [16.32836151123047, 0.11593180894851685, 14.518736839294434], [21.591045379638672, -0.03232656791806221, -3.3538472652435303], [-0.04921018332242966, 0.8997300267219543, 0.9536516070365906], [2.3081796169281006, 2.629805326461792, -21.451494216918945], [-1.2447896003723145, 1.5443110466003418, -19.564706802368164], [-0.7951933741569519, -2.13702392578125, 15.466120719909668], [-17.42876625061035, -0.7358890771865845, 13.7599458694458], [22.730806350708008, 1.341001033782959, 3.2422566413879395], [20.662721633911133, -0.08169759809970856, -9.40109920501709]]}