{"track": "tutorial", "karts": ["puffy", "hexley", "tux", "suzanne", "pidgin", "nolok", "beastie", "gavroche", "amanda", "adiumy"], "detections": [[[1, 0, 253, 201, 344, 263], [2, 0, 0, 159, 599, 399], [3, 0, 0, 0, 599, 276]], [[1, 1, 272, 196, 327, 271], [1, 2, 302, 153, 305, 155], [2, 0, 289, 136, 319, 155], [3, 0, 0, 0, 599, 399], [3, 1, 298, 149, 301, 151], [3, 2, 302, 149, 305, 151], [3, 3, 307, 149, 310, 151], [3, 4, 300, 145, 303, 148], [3, 5, 304, 145, 308, 148], [6, 1, 305, 150, 323, 161], [6, 2, 291, 150, 298, 156], [6, 3, 318, 150, 326, 156]], [[1, 2, 267, 198, 332, 253], [1, 3, 298, 151, 300, 152], [2, 0, 0, 129, 599, 399], [2, 1, 290, 152, 293, 152], [2, 2, 301, 152, 301, 152], [2, 3, 306, 152, 309, 152], [3, 0, 0, 105, 599, 267], [3, 1, 289, 147, 295, 151], [3, 2, 296, 147, 302, 151], [3, 3, 304, 147, 310, 151], [3, 4, 293, 141, 299, 147], [3, 5, 300, 141, 306, 146], [4, 4, 302, 151, 305, 153], [4, 9, 310, 151, 313, 153], [4, 10, 294, 151, 297, 153], [4, 11, 286, 151, 289, 153]], [[1, 3, 263, 201, 336, 257], [2, 0, 0, 0, 599, 399], [2, 2, 228, 186, 345, 218], [3, 0, 0, 0, 599, 269], [3, 2, 227, 114, 350, 199]], [[1, 4, 265, 210, 343, 265], [1, 5, 59, 148, 65, 150], [2, 0, 2, 160, 599, 399], [3, 0, 0, 60, 599, 399], [5, 7, 103, 151, 104, 151], [5, 12, 221, 154, 224, 159], [5, 13, 236, 155, 239, 159], [5, 14, 409, 169, 426, 186], [5, 15, 348, 169, 365, 187], [5, 16, 271, 169, 288, 188]], [[1, 5, 274, 190, 333, 244], [1, 6, 165, 145, 177, 151], [2, 0, 79, 144, 599, 399], [3, 0, 0, 115, 599, 399], [5, 18, 274, 158, 280, 164], [5, 19, 296, 158, 301, 164], [5, 20, 177, 146, 180, 149], [5, 21, 164, 145, 168, 148], [5, 22, 146, 144, 151, 147]], [[1, 6, 259, 189, 348, 263], [1, 7, 149, 152, 154, 154], [2, 0, 0, 154, 599, 399], [3, 0, 0, 118, 599, 399], [5, 20, 438, 174, 462, 193], [5, 21, 367, 173, 389, 193], [5, 22, 279, 172, 300, 193]], [[1, 7, 272, 203, 327, 255], [2, 0, 0, 165, 599, 399], [3, 0, 0, 71, 599, 283], [3, 6, 245, 133, 246, 137], [3, 7, 198, 125, 205, 127]], [[1, 8, 259, 192, 340, 259], [1, 9, 236, 151, 239, 154], [2, 0, 0, 144, 599, 399], [3, 0, 0, 31, 599, 269], [3, 6, 297, 67, 308, 80], [3, 7, 244, 62, 254, 72]], [[1, 9, 274, 195, 329, 249], [2, 0, 0, 168, 599, 399], [3, 0, 0, 70, 599, 281], [3, 6, 454, 60, 472, 80], [3, 7, 372, 77, 384, 89]]], "distance_down_track": [52.55766296386719, 148.69447326660156, 0.0, 0.0, 0.0, 0.0, 0.0, 0.0, 0.0, 0.0], "velocity": [[1.954440712928772, 0.06237390264868736, 21.64685821533203], [19.66323471069336, 0.03334689885377884, 0.26130205392837524], [22.999998092651367, 0.010276610031723976, -0.0005291352281346917], [22.35757827758789, -0.004304319620132446, 0.18934865295886993], [12.278069496154785, 1.5307948589324951, 16.64682388305664], [-19.68305778503418, 0.26038211584091187, 10.579813957214355], [-16.492813110351562, 1.4727622270584106, -12.908270835876465], [-3.065934419631958, 1.2083299160003662, -22.727603912353516], [2.4117560386657715, -3.4370439052581787, -22.183788299560547], [12.614179611206055, -0.2832530736923218, -19.230243682861328]]}