{"track": "hacienda", "karts": ["adiumy", "tux", "puffy", "pidgin", "nolok", "emule", "beastie", "sara_the_wizard", "gavroche", "konqi"], "detections": [[[1, 0, 259, 192, 350, 293], [1, 1, 232, 149, 234, 151], [1, 4, 241, 145, 242, 146], [1, 5, 238, 145, 240, 146], [1, 8, 240, 144, 240, 144], [2, 0, 0, 139, 599, 399], [3, 0, 0, 0, 599, 261], [4, 12, 217, 157, 243, 182], [4, 13, 334, 149, 359, 172]], [[1, 1, 268, 198, 333, 253], [1, 3, 379, 137, 385, 140], [1, 4, 332, 152, 338, 158], [1, 5, 321, 151, 329, 157], [1, 7, 359, 140, 363, 145], [1, 8, 327, 150, 332, 155], [2, 0, 0, 136, 599, 399], [3, 0, 0, 0, 599, 259]], [[1, 2, 253, 201, 340, 260], [1, 9, 374, 159, 388, 169], [2, 0, 0, 167, 524, 399], [3, 0, 0, 0, 599, 399], [5, 2, 25, 231, 90, 292], [5, 29, 320, 290, 325, 294]], [[1, 2, 373, 154, 394, 164], [1, 3, 262, 209, 330, 255], [1, 9, 487, 141, 487, 141], [2, 0, 0, 155, 525, 399], [3, 0, 0, 0, 599, 399], [5, 2, 341, 158, 348, 166], [5, 30, 305, 152, 319, 168]], [[1, 3, 386, 150, 399, 156], [1, 4, 271, 202, 323, 251], [1, 5, 229, 182, 276, 217], [1, 7, 354, 153, 365, 164], [1, 8, 260, 178, 292, 204], [2, 0, 0, 144, 461, 399], [3, 0, 0, 0, 599, 399], [5, 30, 447, 135, 455, 144]], [[1, 2, 448, 132, 451, 133], [1, 3, 365, 147, 378, 153], [1, 4, 393, 237, 582, 353], [1, 5, 271, 199, 329, 259], [1, 7, 341, 151, 351, 164], [1, 8, 288, 188, 326, 225], [2, 0, 0, 136, 599, 399], [3, 0, 0, 0, 599, 327], [5, 2, 430, 132, 433, 137], [5, 30, 412, 130, 419, 139]], [[1, 6, 260, 202, 342, 272], [2, 0, 133, 304, 599, 399], [3, 0, 0, 0, 599, 399], [4, 14, 346, 325, 369, 347], [4, 21, 292, 326, 316, 351], [4, 22, 228, 326, 255, 353]], [[1, 2, 403, 143, 421, 151], [1, 3, 316, 167, 342, 182], [1, 7, 282, 188, 323, 263], [2, 0, 0, 146, 574, 399], [3, 0, 0, 0, 599, 399], [5, 2, 378, 147, 383, 154], [5, 30, 350, 143, 361, 155]], [[1, 2, 452, 136, 462, 141], [1, 3, 366, 151, 380, 157], [1, 4, 451, 344, 599, 399], [1, 5, 229, 228, 329, 339], [1, 7, 341, 154, 352, 168], [1, 8, 270, 203, 325, 257], [2, 0, 0, 142, 599, 399], [3, 0, 0, 0, 599, 367], [5, 2, 433, 139, 436, 143], [5, 30, 414, 136, 421, 145]], [[1, 6, 369, 151, 377, 157], [1, 9, 262, 192, 338, 264], [2, 0, 0, 157, 599, 399], [3, 0, 0, 0, 599, 386], [4, 14, 385, 163, 391, 167], [4, 21, 371, 164, 376, 168], [4, 22, 356, 164, 361, 168]]], "distance_down_track": [846.3193359375, 910.9727172851562, 977.2404174804688, 959.919677734375, 934.7384033203125, 936.4075927734375, 1038.496826171875, 952.2191162109375, 938.3971557617188, 999.1406860351562], "velocity": [[-1.7095482349395752, -0.15736818313598633, -4.051876068115234], [-3.1730895042419434, 0.19488146901130676, -22.43083953857422], [-21.603965759277344, 3.66453218460083, 3.522329568862915], [-22.028152465820312, 3.8436427116394043, -9.333471298217773], [-8.190438270568848, 1.5669496059417725, -23.553377151489258], [-9.928731918334961, 1.4335912466049194, -19.643735885620117], [-14.071732521057129, 1.1205718517303467, 16.526973724365234], [-16.945594787597656, 2.916558265686035, -13.25712776184082], [-10.199541091918945, 1.6153550148010254, -19.43821144104004], [-15.469385147094727, 2.2460317611694336, 13.569945335388184]]}