{"track": "volcano_island", "karts": ["gavroche", "adiumy", "amanda", "nolok", "tux", "konqi", "kiki", "pidgin", "sara_the_racer", "suzanne"], "detections": [[[1, 0, 271, 203, 325, 255], [2, 0, 0, 159, 599, 399], [3, 0, 0, 0, 599, 276]], [[1, 0, 331, 175, 354, 196], [1, 1, 272, 195, 329, 249], [1, 2, 504, 331, 599, 399], [1, 3, 351, 191, 402, 230], [1, 6, 459, 175, 531, 229], [2, 0, 0, 159, 599, 399], [3, 0, 0, 0, 599, 239]], [[1, 0, 311, 170, 330, 184], [1, 1, 250, 176, 281, 204], [1, 2, 261, 192, 335, 254], [1, 3, 301, 177, 326, 199], [1, 6, 372, 168, 403, 199], [2, 0, 0, 161, 599, 399], [3, 0, 0, 0, 599, 276]], [[1, 0, 289, 178, 319, 204], [1, 1, 112, 212, 219, 295], [1, 3, 267, 203, 328, 259], [1, 6, 426, 183, 519, 263], [2, 0, 0, 159, 599, 399], [3, 0, 0, 0, 599, 276]], [[1, 4, 266, 198, 333, 254], [1, 9, 390, 156, 397, 160], [2, 0, 0, 158, 599, 399], [3, 0, 0, 0, 599, 265], [3, 18, 122, 188, 122, 188], [3, 195, 149, 179, 157, 183]], [[1, 5, 259, 192, 335, 265], [2, 0, 0, 155, 599, 399], [3, 0, 0, 0, 599, 293]], [[1, 0, 228, 178, 265, 202], [1, 1, 0, 203, 101, 264], [1, 3, 132, 199, 213, 245], [1, 6, 267, 184, 327, 251], [2, 0, 0, 162, 457, 399], [3, 0, 0, 0, 599, 399]], [[1, 7, 260, 210, 334, 260], [2, 0, 0, 140, 599, 399], [3, 0, 0, 0, 599, 300]], [[1, 8, 277, 180, 315, 249], [2, 0, 0, 147, 599, 399], [3, 0, 0, 0, 599, 263], [3, 365, 388, 131, 446, 167], [4, 3, 346, 153, 351, 157], [4, 4, 311, 153, 316, 158], [4, 27, 328, 153, 333, 157], [5, 7, 409, 97, 411, 98]], [[1, 0, 389, 154, 395, 158], [1, 2, 367, 154, 377, 160], [1, 3, 380, 155, 387, 159], [1, 6, 395, 153, 400, 158], [1, 9, 260, 201, 337, 259], [2, 0, 0, 157, 599, 399], [3, 0, 0, 0, 599, 259], [3, 65, 171, 168, 187, 182], [3, 127, 18, 199, 70, 211], [3, 131, 45, 198, 67, 205], [3, 163, 204, 175, 204, 176], [3, 169, 203, 164, 238, 175], [3, 298, 0, 198, 5, 204], [3, 300, 190, 171, 207, 177], [3, 350, 247, 162, 257, 168]]], "distance_down_track": [571.29638671875, 566.1749267578125, 562.8135986328125, 567.43603515625, 488.9862060546875, 611.77197265625, 567.201904296875, 678.1968383789062, 378.64691162109375, 531.4363403320312], "velocity": [[-13.664605140686035, 0.3108657896518707, -17.673969268798828], [-11.559011459350586, 0.3729195296764374, -20.342323303222656], [-11.173532485961914, 0.42245444655418396, -21.72654914855957], [-11.211892127990723, 0.3404775559902191, -17.397342681884766], [16.09871482849121, 0.4021100699901581, -14.390972137451172], [-20.57439613342285, 0.30692389607429504, -2.25610613822937], [-10.482110977172852, 0.3708084523677826, -19.75300407409668], [-5.7964372634887695, 2.0328781604766846, 20.848955154418945], [25.13182258605957, 0.3078352212905884, 0.11658376455307007], [2.3293511867523193, 0.3999396860599518, -20.564632415771484]]}