{"track": "tutorial", "karts": ["puffy", "hexley", "tux", "suzanne", "pidgin", "nolok", "beastie", "gavroche", "amanda", "adiumy"], "detections": [[[1, 0, 203, 201, 387, 323], [1, 3, 0, 155, 93, 246], [1, 7, 370, 157, 388, 169], [2, 0, 187, 128, 302, 155], [3, 0, 0, 38, 599, 399]], [[1, 0, 332, 219, 351, 233], [1, 1, 248, 194, 340, 325], [1, 7, 424, 182, 437, 190], [2, 0, 0, 136, 539, 399], [3, 0, 0, 0, 599, 399], [3, 8, 99, 4, 111, 17]], [[1, 2, 268, 198, 333, 252], [2, 0, 0, 177, 599, 399], [3, 0, 0, 85, 599, 288], [3, 6, 270, 119, 277, 129], [3, 7, 223, 113, 229, 121]], [[1, 0, 472, 280, 599, 399], [1, 3, 266, 200, 330, 262], [1, 7, 582, 175, 599, 190], [2, 0, 343, 130, 471, 162], [3, 0, 0, 0, 599, 399], [3, 8, 120, 41, 131, 52]], [[1, 2, 240, 160, 240, 160], [1, 4, 266, 209, 335, 255], [1, 6, 249, 158, 255, 163], [1, 9, 257, 159, 264, 164], [2, 0, 0, 161, 599, 399], [3, 0, 0, 120, 599, 334], [3, 6, 180, 134, 184, 142], [3, 7, 124, 124, 133, 132]], [[1, 4, 30, 135, 39, 138], [1, 5, 271, 204, 332, 259], [2, 0, 85, 143, 599, 399], [3, 0, 0, 112, 599, 399], [5, 17, 252, 171, 265, 183], [5, 18, 318, 165, 331, 181], [5, 19, 367, 165, 379, 179], [5, 20, 206, 148, 210, 152], [5, 21, 187, 148, 192, 152]], [[1, 2, 285, 166, 297, 175], [1, 6, 260, 190, 339, 258], [2, 0, 0, 169, 599, 399], [3, 0, 0, 0, 599, 279], [3, 6, 256, 130, 263, 136], [3, 7, 211, 123, 212, 129]], [[1, 7, 236, 205, 351, 321], [3, 0, 0, 10, 599, 399]], [[1, 5, 227, 162, 238, 169], [1, 8, 261, 192, 337, 254], [2, 0, 90, 151, 599, 399], [3, 0, 0, 119, 599, 399], [5, 6, 441, 178, 453, 198], [5, 7, 374, 177, 386, 198], [5, 8, 288, 176, 303, 197], [5, 17, 198, 160, 202, 164], [5, 18, 220, 158, 224, 164], [5, 19, 238, 159, 241, 163], [5, 20, 103, 148, 108, 151], [5, 21, 90, 148, 95, 151]], [[1, 2, 283, 164, 290, 169], [1, 6, 282, 165, 304, 184], [1, 9, 274, 195, 328, 248], [2, 0, 0, 166, 599, 399], [3, 0, 0, 69, 599, 279], [3, 6, 252, 139, 252, 139], [3, 7, 205, 126, 210, 130]]], "distance_down_track": [712.6583862304688, 704.6765747070312, 321.3812561035156, 321.3812561035156, 322.7406921386719, 392.1418762207031, 308.0264892578125, 365.0060729980469, 268.0081787109375, 268.0081787109375], "velocity": [[-4.681478500366211, 0.11457182466983795, -1.512512445449829], [-6.3163981437683105, -3.832166910171509, -6.721167087554932], [-0.26087817549705505, 1.138380527496338, -22.878210067749023], [-6.952612400054932, -4.252835273742676, -8.113234519958496], [-8.500082015991211, 1.596761703491211, -22.418827056884766], [-20.635107040405273, 0.2802078127861023, 4.571972846984863], [-1.960387110710144, 1.7702351808547974, -23.97551918029785], [0.13814622163772583, 0.07816923409700394, 2.0252301692962646], [-15.794862747192383, 0.47191691398620605, 18.26258659362793], [-2.5936272144317627, 1.1877943277359009, -22.89798927307129]]}