{"track": "snowtuxpeak", "karts": ["pidgin", "amanda", "xue", "tux", "gavroche", "emule", "puffy", "sara_the_wizard", "beastie", "gnu"], "detections": [[[1, 0, 269, 209, 337, 254], [2, 0, 189, 162, 599, 399], [3, 0, 0, 0, 599, 399]], [[1, 1, 259, 192, 338, 258], [1, 6, 292, 160, 308, 173], [1, 9, 299, 153, 332, 193], [2, 0, 0, 137, 599, 399], [3, 0, 0, 0, 599, 310]], [[1, 2, 276, 191, 323, 242], [2, 0, 0, 153, 599, 399], [3, 0, 0, 0, 599, 284], [4, 6, 210, 147, 216, 153], [4, 7, 216, 148, 219, 152], [4, 8, 251, 152, 257, 156]], [[1, 1, 278, 156, 284, 160], [1, 3, 265, 198, 331, 254], [1, 6, 279, 156, 280, 157], [1, 8, 281, 159, 293, 169], [1, 9, 282, 153, 284, 157], [2, 0, 0, 143, 599, 399], [3, 0, 0, 0, 599, 323], [4, 4, 301, 157, 309, 163], [4, 5, 266, 155, 274, 162]], [[1, 0, 240, 164, 240, 164], [1, 4, 277, 202, 323, 247], [2, 0, 0, 167, 599, 399], [3, 0, 0, 0, 599, 313]], [[1, 2, 342, 160, 352, 168], [1, 5, 267, 199, 325, 260], [1, 7, 372, 168, 389, 190], [2, 0, 135, 155, 599, 399], [3, 0, 0, 0, 599, 399], [4, 8, 296, 151, 299, 154]], [[1, 6, 255, 201, 342, 262], [2, 0, 0, 143, 599, 399], [3, 0, 0, 0, 599, 280]], [[1, 2, 289, 159, 301, 170], [1, 7, 279, 187, 318, 266], [2, 0, 0, 152, 599, 399], [3, 0, 0, 0, 599, 265], [4, 8, 252, 149, 256, 152]], [[1, 1, 293, 159, 302, 167], [1, 6, 295, 156, 298, 160], [1, 8, 257, 190, 339, 260], [1, 9, 299, 153, 303, 160], [2, 0, 0, 141, 599, 399], [3, 0, 0, 0, 599, 277], [4, 4, 335, 161, 353, 176], [4, 5, 264, 159, 280, 173]], [[1, 1, 88, 262, 320, 399], [1, 6, 286, 170, 310, 180], [1, 9, 272, 162, 326, 226], [2, 0, 0, 142, 599, 399], [3, 0, 0, 0, 599, 294]]], "distance_down_track": [160.39593505859375, 237.91513061523438, 386.0296325683594, 198.8812713623047, 120.49079132080078, 362.6188049316406, 247.78070068359375, 369.868896484375, 216.02456665039062, 240.27642822265625], "velocity": [[-16.395231246948242, 0.9190006852149963, -17.708030700683594], [-0.49371960759162903, 1.0823602676391602, -22.476337432861328], [34.78485107421875, 2.3299636840820312, -0.4387226104736328], [-2.107963800430298, 0.5213223099708557, -22.22718048095703], [-27.332565307617188, 2.892132520675659, -0.9035661816596985], [19.963241577148438, 1.7654681205749512, -1.8089884519577026], [-0.8800452351570129, 1.0729694366455078, -22.22301483154297], [20.459293365478516, 1.7514386177062988, -2.6152896881103516], [-0.49298155307769775, 0.4410785138607025, -23.029600143432617], [-0.11108136177062988, 1.1603566408157349, -24.151885986328125]]}