{"track": "tutorial", "karts": ["puffy", "hexley", "tux", "suzanne", "pidgin", "nolok", "beastie", "gavroche", "amanda", "adiumy"], "detections": [[[1, 0, 204, 201, 389, 328], [1, 4, 427, 164, 461, 185], [2, 0, 0, 107, 226, 158], [3, 0, 0, 36, 599, 399]], [[1, 0, 344, 160, 369, 176], [1, 1, 241, 193, 348, 349], [1, 4, 438, 164, 460, 171], [1, 6, 548, 161, 597, 185], [1, 7, 523, 149, 560, 165], [2, 0, 229, 130, 330, 155], [3, 0, 0, 33, 599, 399]], [[1, 2, 258, 198, 334, 265], [1, 9, 258, 145, 261, 147], [2, 0, 0, 132, 599, 399], [3, 0, 0, 59, 599, 273], [3, 6, 291, 60, 300, 72], [3, 7, 238, 51, 248, 61]], [[1, 2, 289, 157, 296, 159], [1, 3, 234, 201, 364, 302], [2, 0, 0, 159, 599, 399], [3, 0, 0, 85, 599, 243], [3, 6, 273, 108, 280, 117], [3, 7, 226, 100, 233, 108]], [[1, 4, 218, 218, 366, 325], [1, 5, 562, 114, 590, 124], [1, 6, 304, 160, 354, 195], [1, 7, 301, 142, 333, 172], [2, 0, 510, 23, 599, 78], [3, 0, 0, 15, 599, 399]], [[1, 5, 236, 205, 352, 323], [2, 0, 149, 0, 296, 69], [3, 0, 0, 0, 599, 399]], [[1, 6, 214, 179, 388, 329], [1, 7, 0, 94, 224, 242], [3, 0, 0, 0, 599, 399]], [[1, 5, 567, 111, 598, 125], [1, 6, 275, 219, 373, 310], [1, 7, 239, 205, 355, 320], [2, 0, 497, 10, 599, 74], [3, 0, 0, 0, 599, 399]], [[1, 3, 200, 171, 205, 174], [1, 8, 235, 184, 390, 328], [2, 0, 0, 173, 599, 399], [3, 0, 0, 128, 599, 319], [3, 6, 137, 142, 146, 151], [3, 7, 70, 132, 82, 141]], [[1, 9, 273, 195, 328, 250], [2, 0, 0, 143, 599, 399], [3, 0, 0, 56, 599, 302], [3, 6, 415, 47, 430, 65], [3, 7, 345, 55, 357, 68]]], "distance_down_track": [712.6583862304688, 712.6583862304688, 532.0, 532.0, 532.0, 590.8922729492188, 532.0, 561.7310180664062, 512.133544921875, 491.73480224609375], "velocity": [[-4.9541335105896, 0.09793057292699814, -0.37862569093704224], [-4.667470932006836, 0.104641854763031, -2.009066343307495], [0.8414000868797302, -2.2402403354644775, -18.776344299316406], [-0.13287191092967987, -0.0020644962787628174, -10.520075798034668], [1.3718045949935913, 0.06904765963554382, 2.4663662910461426], [3.9443883895874023, -0.016395017504692078, -3.045222043991089], [-0.09021228551864624, 0.011601033620536327, 0.05952317267656326], [0.2327701300382614, 0.1533161997795105, 0.6708022356033325], [-0.2025836855173111, 0.08224929124116898, 0.1482812613248825], [11.384479522705078, -2.372507333755493, -19.843507766723633]]}