{"track": "overworld", "karts": ["beastie", "kiki", "hexley", "emule", "amanda", "wilber", "adiumy", "xue", "suzanne", "nolok"], "detections": [[[1, 0, 253, 189, 339, 264], [3, 0, 0, 86, 482, 171], [3, 7, 291, 160, 293, 160], [3, 24, 294, 160, 296, 160]], [[1, 1, 268, 182, 333, 256], [1, 2, 384, 146, 391, 151], [3, 0, 0, 143, 395, 167], [3, 4, 329, 154, 331, 155], [3, 6, 51, 160, 77, 171], [3, 7, 302, 153, 308, 156], [3, 24, 309, 153, 316, 156], [255, 16777215, 148, 165, 426, 196]], [[1, 2, 274, 196, 325, 264], [1, 3, 358, 175, 360, 176], [1, 7, 358, 174, 359, 174], [3, 0, 0, 137, 569, 175], [3, 2, 145, 168, 145, 170], [3, 3, 143, 162, 145, 167], [3, 4, 143, 155, 147, 160], [3, 7, 98, 152, 114, 169], [3, 24, 113, 152, 133, 170]], [[1, 3, 264, 198, 347, 286], [1, 7, 309, 163, 355, 206], [3, 0, 0, 101, 471, 156], [3, 24, 0, 151, 2, 156], [255, 16777215, 0, 137, 254, 170]], [[1, 4, 250, 191, 345, 270], [3, 0, 119, 126, 480, 168]], [[1, 5, 266, 189, 341, 262], [3, 0, 0, 17, 599, 192]], [[1, 6, 262, 192, 342, 277], [2, 7, 135, 146, 277, 178], [2, 24, 277, 146, 466, 180], [3, 0, 0, 46, 599, 181], [3, 7, 0, 0, 276, 172], [3, 24, 273, 0, 599, 178]], [[1, 4, 490, 123, 499, 128], [1, 7, 261, 185, 334, 266], [3, 0, 0, 109, 599, 143], [255, 16777215, 0, 141, 174, 168]], [[1, 0, 535, 129, 540, 132], [1, 8, 260, 200, 336, 259], [1, 9, 516, 143, 522, 146], [2, 0, 430, 147, 439, 155], [3, 0, 0, 18, 582, 146], [3, 4, 504, 114, 504, 114], [3, 7, 508, 112, 514, 115], [3, 24, 515, 112, 521, 115], [3, 25, 520, 113, 522, 115]], [[1, 0, 275, 142, 281, 148], [1, 9, 267, 203, 328, 260], [3, 0, 0, 55, 599, 150], [3, 7, 246, 137, 247, 137], [3, 24, 248, 137, 250, 138], [3, 25, 251, 138, 251, 138]]], "distance_down_track": [89.29007720947266, 310.2080383300781, 310.2080383300781, 310.2080383300781, 523.2371215820312, 1299.639892578125, 617.1885375976562, 469.58148193359375, 1457.7646484375, 55.228057861328125], "velocity": [[0.7633194923400879, 0.8682997822761536, 21.7042293548584], [7.740530014038086, 0.03370386362075806, 19.399934768676758], [18.793302536010742, 0.2542417347431183, 11.143144607543945], [5.958014488220215, -0.7732462286949158, 5.851950645446777], [13.004650115966797, 0.30453038215637207, -12.599373817443848], [2.693394899368286, 3.069262742996216, -19.236356735229492], [-0.7494906783103943, -1.8645020723342896, 13.547259330749512], [20.457122802734375, -1.069739580154419, 2.975187301635742], [-11.313096046447754, -3.4063913822174072, 16.997068405151367], [4.55455207824707, -0.9006006121635437, 20.17262840270996]]}