{"track": "volcano_island", "karts": ["gavroche", "adiumy", "amanda", "nolok", "tux", "konqi", "kiki", "pidgin", "sara_the_racer", "suzanne"], "detections": [[[1, 0, 273, 203, 329, 257], [1, 1, 266, 159, 277, 168], [1, 2, 247, 155, 254, 160], [1, 4, 250, 160, 261, 168], [1, 6, 241, 154, 245, 160], [1, 8, 231, 154, 234, 158], [2, 0, 0, 105, 599, 399], [3, 0, 0, 0, 599, 251]], [[1, 1, 271, 195, 331, 255], [1, 2, 280, 157, 291, 166], [1, 3, 222, 155, 224, 157], [1, 4, 168, 195, 245, 249], [1, 6, 267, 157, 275, 166], [1, 8, 260, 155, 264, 163], [1, 9, 238, 155, 243, 159], [2, 0, 0, 23, 599, 399], [3, 0, 0, 0, 599, 248]], [[1, 2, 264, 192, 338, 254], [1, 3, 237, 157, 242, 160], [1, 5, 232, 156, 237, 160], [1, 6, 143, 191, 224, 272], [1, 8, 247, 162, 260, 187], [1, 9, 248, 159, 256, 165], [2, 0, 0, 157, 599, 399], [3, 0, 0, 0, 599, 235]], [[1, 3, 264, 204, 336, 271], [1, 5, 238, 175, 290, 224], [1, 7, 245, 154, 249, 155], [2, 0, 0, 142, 599, 399], [3, 0, 0, 0, 599, 236], [4, 21, 236, 152, 241, 155], [4, 31, 270, 152, 274, 155]], [[1, 1, 354, 198, 426, 257], [1, 2, 288, 159, 300, 167], [1, 4, 268, 198, 332, 252], [1, 6, 277, 158, 285, 168], [1, 8, 265, 156, 270, 164], [1, 9, 238, 157, 244, 160], [2, 0, 0, 27, 599, 399], [3, 0, 0, 0, 599, 303]], [[1, 3, 337, 273, 570, 399], [1, 5, 256, 191, 346, 277], [1, 7, 241, 154, 245, 156], [2, 0, 0, 142, 599, 399], [3, 0, 0, 0, 599, 249], [4, 21, 232, 152, 237, 156], [4, 31, 267, 152, 271, 155]], [[1, 2, 343, 185, 420, 240], [1, 3, 245, 157, 249, 160], [1, 5, 239, 156, 244, 159], [1, 6, 270, 183, 332, 253], [1, 8, 280, 160, 293, 184], [1, 9, 260, 158, 268, 164], [2, 0, 0, 156, 599, 399], [3, 0, 0, 0, 599, 250]], [[1, 7, 252, 212, 348, 278], [2, 0, 0, 134, 599, 399], [3, 0, 0, 0, 599, 232]], [[1, 3, 259, 158, 264, 162], [1, 5, 253, 156, 258, 161], [1, 8, 280, 177, 322, 256], [1, 9, 272, 161, 283, 169], [2, 0, 0, 157, 599, 399], [3, 0, 0, 0, 599, 249]], [[1, 3, 278, 159, 289, 168], [1, 5, 268, 156, 280, 166], [1, 7, 229, 153, 231, 153], [1, 9, 252, 201, 348, 275], [2, 0, 0, 153, 599, 399], [3, 0, 0, 0, 599, 236], [4, 31, 249, 151, 253, 153]]], "distance_down_track": [1749.19580078125, 1767.3218994140625, 1787.759765625, 1827.6142578125, 1767.92919921875, 1829.5953369140625, 1787.1373291015625, 1883.939453125, 1794.636474609375, 1812.8568115234375], "velocity": [[-9.394388198852539, 0.10583090782165527, -20.07785415649414], [-4.745670795440674, 0.05020129680633545, -20.416391372680664], [0.1383938491344452, 0.10245803743600845, -24.149385452270508], [5.427940368652344, 0.07271000742912292, -16.165870666503906], [-5.704041957855225, 0.03885255381464958, -22.281436920166016], [5.381466388702393, 0.07298031449317932, -16.71013069152832], [-0.7782530784606934, 0.08987978845834732, -21.83595085144043], [10.826898574829102, 0.08557026088237762, -11.991838455200195], [0.9731173515319824, 0.07456213235855103, -21.63873291015625], [3.239722728729248, 0.06981909275054932, -15.678873062133789]]}