{"track": "overworld", "karts": ["beastie", "kiki", "hexley", "emule", "amanda", "wilber", "adiumy", "xue", "suzanne", "nolok"], "detections": [[[1, 0, 258, 189, 344, 263], [3, 0, 35, 0, 599, 169]], [[1, 1, 265, 183, 327, 254], [1, 2, 318, 138, 320, 140], [1, 4, 322, 141, 326, 144], [2, 0, 259, 154, 276, 172], [3, 0, 0, 4, 599, 166], [3, 7, 279, 127, 280, 127], [3, 24, 281, 128, 282, 128], [3, 25, 283, 128, 284, 129]], [[1, 2, 271, 196, 322, 266], [1, 5, 521, 170, 528, 172], [1, 8, 357, 167, 362, 170], [1, 9, 386, 168, 390, 169], [3, 0, 0, 85, 476, 170], [3, 4, 284, 159, 284, 159], [3, 7, 289, 159, 291, 160], [3, 24, 292, 159, 294, 160]], [[1, 3, 254, 203, 333, 285], [2, 7, 130, 150, 339, 202], [2, 24, 339, 151, 599, 213], [3, 0, 0, 110, 342, 175], [3, 7, 0, 0, 346, 189], [3, 24, 341, 0, 599, 152], [255, 16777215, 341, 135, 341, 139]], [[1, 2, 288, 167, 302, 183], [1, 4, 258, 192, 334, 257], [1, 5, 478, 172, 483, 174], [1, 8, 340, 169, 344, 170], [1, 9, 366, 170, 367, 170], [3, 0, 0, 86, 372, 170], [3, 7, 280, 161, 282, 162], [3, 24, 283, 162, 285, 162]], [[1, 0, 424, 145, 430, 148], [1, 5, 262, 189, 338, 261], [3, 0, 221, 57, 599, 148]], [[1, 3, 270, 173, 285, 186], [1, 6, 249, 191, 356, 298], [2, 7, 216, 162, 289, 179], [2, 24, 290, 163, 387, 179], [3, 0, 0, 0, 599, 195], [3, 7, 129, 0, 289, 176], [3, 24, 288, 0, 463, 179]], [[1, 7, 260, 186, 329, 265], [3, 0, 0, 0, 526, 148], [3, 5, 456, 155, 503, 167], [3, 6, 441, 142, 443, 143]], [[1, 5, 522, 154, 535, 159], [1, 8, 259, 200, 333, 259], [1, 9, 345, 164, 361, 175], [3, 0, 36, 116, 163, 155], [3, 4, 82, 152, 82, 152]], [[1, 5, 435, 155, 446, 161], [1, 9, 266, 203, 326, 260], [3, 0, 460, 79, 599, 156]]], "distance_down_track": [1198.1654052734375, 20.956798553466797, 88.10084533691406, 621.8281860351562, 79.08218383789062, 201.2738037109375, 621.8235473632812, 247.15023803710938, 146.47653198242188, 159.80580139160156], "velocity": [[-2.8392581939697266, 0.975411057472229, -21.52666664123535], [3.937816619873047, -1.9532756805419922, 21.403289794921875], [0.9014409780502319, 0.8460158705711365, 21.42105484008789], [0.07158175855875015, 0.8792607188224792, 1.3854258060455322], [1.90091872215271, 0.9654738903045654, 23.837493896484375], [17.517864227294922, -0.21053020656108856, -8.932652473449707], [-0.22826004028320312, -0.6428122520446777, -3.155820608139038], [-12.300238609313965, 0.35832732915878296, 16.64529037475586], [14.70227336883545, 0.11709856241941452, 15.345260620117188], [19.099077224731445, 0.21019858121871948, 8.614483833312988]]}