{"track": "tutorial", "karts": ["puffy", "hexley", "tux", "suzanne", "pidgin", "nolok", "beastie", "gavroche", "amanda", "adiumy"], "detections": [[[1, 0, 205, 201, 388, 330], [1, 1, 0, 199, 147, 344], [1, 4, 99, 172, 168, 207], [1, 8, 269, 161, 325, 204], [2, 0, 0, 87, 153, 166], [3, 0, 0, 19, 599, 399]], [[1, 0, 424, 201, 599, 308], [1, 1, 245, 193, 345, 338], [1, 4, 214, 171, 261, 204], [1, 8, 369, 163, 431, 210], [2, 0, 0, 80, 212, 164], [3, 0, 0, 6, 599, 399]], [[1, 2, 231, 197, 359, 320], [1, 4, 584, 214, 599, 228], [2, 0, 0, 65, 425, 186], [3, 0, 0, 0, 599, 399]], [[1, 0, 413, 162, 451, 183], [1, 1, 360, 158, 379, 181], [1, 2, 236, 154, 258, 172], [1, 3, 223, 201, 371, 318], [1, 4, 336, 159, 354, 171], [1, 8, 405, 155, 428, 174], [2, 0, 170, 121, 323, 157], [3, 0, 0, 35, 599, 399]], [[1, 4, 223, 217, 373, 322], [2, 0, 0, 97, 251, 207], [3, 0, 0, 55, 599, 399]], [[1, 5, 271, 203, 327, 254], [2, 0, 0, 162, 599, 399], [3, 0, 0, 0, 599, 383]], [[1, 0, 384, 158, 401, 167], [1, 1, 360, 155, 373, 165], [1, 2, 310, 152, 320, 160], [1, 3, 299, 156, 318, 169], [1, 4, 364, 158, 364, 158], [1, 6, 211, 181, 379, 314], [1, 8, 396, 155, 408, 165], [2, 0, 280, 134, 364, 155], [3, 0, 0, 16, 599, 399], [3, 8, 4, 25, 21, 41]], [[1, 7, 272, 203, 327, 255], [2, 0, 0, 170, 514, 399], [3, 0, 0, 44, 599, 399]], [[1, 4, 0, 247, 18, 269], [1, 8, 218, 183, 379, 317], [2, 0, 0, 118, 93, 157], [3, 0, 0, 69, 599, 399]], [[1, 0, 381, 202, 394, 209], [1, 1, 367, 197, 378, 203], [1, 2, 340, 185, 347, 190], [1, 3, 321, 204, 332, 212], [1, 4, 373, 193, 381, 197], [1, 8, 394, 198, 404, 205], [1, 9, 264, 194, 333, 263], [2, 0, 0, 159, 599, 399], [3, 0, 0, 0, 599, 343], [3, 8, 134, 32, 144, 43]]], "distance_down_track": [712.6583862304688, 712.6583862304688, 729.2155151367188, 712.6583862304688, 712.6583862304688, 741.5721435546875, 694.2288208007812, 741.5721435546875, 694.2288208007812, 675.6192626953125], "velocity": [[-7.171777248382568, 0.12628209590911865, 0.14958636462688446], [-8.948308944702148, 0.14104041457176208, 0.3453759551048279], [2.2806482315063477, 0.5940659642219543, 2.3366997241973877], [-4.828056335449219, 0.09754679352045059, -1.2330125570297241], [-0.07947944849729538, 0.07084483653306961, -0.04875180870294571], [-17.2353515625, 2.680763006210327, 14.420941352844238], [-4.094329357147217, 0.14682744443416595, -2.708818197250366], [-6.09191370010376, 1.6931606531143188, 21.7308349609375], [-0.04764286056160927, -0.13266994059085846, -0.0001448479015380144], [-11.18836784362793, -1.6044126749038696, -13.414295196533203]]}