{"track": "overworld", "karts": ["beastie", "kiki", "hexley", "emule", "amanda", "wilber", "adiumy", "xue", "suzanne", "nolok"], "detections": [[[1, 0, 262, 189, 348, 265], [3, 0, 0, 0, 599, 205]], [[1, 1, 269, 183, 330, 252], [1, 2, 258, 155, 262, 158], [3, 0, 0, 97, 503, 160], [3, 1, 159, 148, 184, 163], [3, 2, 181, 133, 192, 145], [3, 3, 179, 124, 188, 132], [3, 4, 177, 109, 188, 122], [3, 7, 201, 116, 224, 155], [3, 8, 202, 118, 211, 127], [3, 24, 220, 116, 244, 155], [3, 25, 229, 118, 243, 140], [255, 16777215, 0, 141, 439, 185]], [[1, 2, 277, 196, 327, 265], [1, 6, 279, 151, 280, 151], [2, 24, 291, 148, 293, 148], [3, 0, 0, 40, 599, 161], [3, 1, 79, 136, 152, 174], [3, 2, 167, 105, 193, 131], [3, 3, 162, 85, 183, 105], [3, 4, 156, 55, 184, 85], [3, 7, 247, 95, 275, 149], [3, 8, 248, 97, 261, 111], [3, 24, 272, 95, 301, 148], [3, 25, 285, 98, 300, 122], [255, 16777215, 275, 142, 275, 142]], [[1, 3, 271, 199, 328, 257], [2, 7, 116, 156, 301, 197], [2, 24, 301, 148, 549, 196], [3, 7, 0, 0, 300, 196], [3, 24, 296, 0, 599, 187]], [[1, 4, 250, 190, 351, 274], [3, 0, 0, 94, 430, 162], [3, 4, 277, 154, 277, 154], [3, 7, 284, 153, 287, 154], [3, 24, 288, 153, 289, 154], [3, 25, 291, 154, 291, 154]], [[1, 4, 190, 149, 196, 154], [1, 5, 258, 190, 333, 259], [3, 0, 0, 100, 489, 166], [3, 7, 199, 143, 202, 144], [3, 24, 202, 143, 205, 144], [3, 25, 206, 144, 206, 144]], [[1, 3, 253, 164, 282, 188], [1, 6, 260, 192, 344, 282], [2, 7, 162, 145, 281, 172], [2, 24, 281, 146, 439, 173], [3, 0, 0, 0, 599, 180], [3, 7, 22, 0, 280, 167], [3, 24, 278, 0, 564, 172]], [[1, 7, 266, 188, 334, 263], [3, 0, 0, 0, 588, 147], [3, 5, 421, 155, 436, 159], [3, 6, 531, 140, 534, 141], [255, 16777215, 578, 168, 599, 173]], [[1, 0, 267, 137, 270, 139], [1, 8, 264, 200, 340, 258], [1, 9, 279, 145, 281, 147], [3, 0, 14, 0, 599, 158]], [[1, 0, 281, 157, 290, 164], [1, 9, 269, 203, 330, 259], [3, 0, 0, 0, 599, 168]]], "distance_down_track": [1293.4259033203125, 351.8743896484375, 351.8743896484375, 351.8743896484375, 159.65916442871094, 121.2545394897461, 615.1664428710938, 209.46681213378906, 1211.9476318359375, 1267.150146484375], "velocity": [[2.497230052947998, 2.871309280395508, -21.399290084838867], [6.878116607666016, -2.3987786769866943, 20.59999656677246], [1.558143973350525, -2.9264867305755615, 21.59699821472168], [-0.4113830327987671, -3.127399444580078, 22.782670974731445], [0.5051762461662292, 0.1237332671880722, 16.755510330200195], [8.347940444946289, -0.5604767799377441, 17.796348571777344], [-0.7270170450210571, -1.6686357259750366, 12.328227043151855], [-18.550186157226562, -1.2407159805297852, 9.101712226867676], [-3.5909080505371094, -0.2531934082508087, -20.384584426879883], [-0.2846985161304474, 2.339433193206787, -20.565406799316406]]}