{"track": "overworld", "karts": ["beastie", "kiki", "hexley", "emule", "amanda", "wilber", "adiumy", "xue", "suzanne", "nolok"], "detections": [[[1, 0, 253, 189, 338, 262], [2, 0, 410, 146, 418, 154], [3, 0, 0, 21, 527, 145], [3, 4, 463, 115, 463, 115], [3, 7, 466, 114, 471, 116], [3, 24, 471, 114, 477, 117]], [[1, 1, 240, 174, 342, 290], [1, 8, 400, 195, 536, 271], [3, 0, 0, 0, 599, 358]], [[1, 0, 388, 180, 390, 181], [1, 2, 271, 196, 326, 271], [1, 7, 305, 163, 317, 174], [1, 9, 0, 279, 127, 399], [3, 0, 0, 72, 599, 198]], [[1, 3, 239, 199, 359, 321], [1, 6, 279, 227, 320, 244], [2, 7, 215, 168, 289, 184], [2, 24, 290, 168, 386, 185], [3, 0, 0, 0, 599, 202], [3, 7, 130, 0, 289, 181], [3, 24, 288, 0, 461, 184]], [[1, 4, 263, 190, 347, 265], [3, 0, 0, 109, 574, 167], [3, 24, 0, 134, 16, 168], [3, 25, 0, 133, 14, 160], [255, 16777215, 0, 150, 265, 184]], [[1, 5, 258, 176, 329, 242], [3, 0, 25, 95, 501, 172], [3, 4, 161, 145, 161, 145], [3, 7, 170, 144, 173, 145], [3, 24, 174, 144, 176, 145], [3, 25, 178, 145, 178, 145]], [[1, 6, 253, 191, 354, 299], [2, 7, 196, 136, 286, 157], [2, 24, 287, 137, 405, 157], [3, 0, 0, 0, 599, 172], [3, 7, 87, 0, 286, 153], [3, 24, 284, 0, 499, 156]], [[1, 0, 355, 177, 360, 180], [1, 7, 267, 187, 335, 264], [3, 0, 0, 88, 599, 223]], [[1, 1, 49, 190, 182, 304], [1, 2, 556, 150, 571, 157], [1, 8, 246, 201, 346, 281], [1, 9, 523, 152, 536, 157], [3, 0, 0, 0, 599, 355]], [[1, 0, 390, 182, 393, 184], [1, 2, 353, 180, 395, 218], [1, 7, 325, 165, 335, 175], [1, 9, 271, 203, 326, 254], [3, 0, 0, 67, 599, 204], [3, 6, 596, 136, 596, 136]]], "distance_down_track": [1460.745849609375, 1348.5450439453125, 1384.325927734375, 621.9620971679688, 344.944580078125, 124.1982192993164, 610.8364868164062, 1399.898681640625, 1349.8675537109375, 1382.02490234375], "velocity": [[-8.96417236328125, -3.338958263397217, 19.51679229736328], [-5.817348957061768, 1.0560849905014038, -3.257721185684204], [-18.543306350708008, -0.07511330395936966, 6.54617166519165], [0.02494235895574093, 0.19566543400287628, 0.1783842295408249], [13.765074729919434, -1.4064900875091553, 13.785886764526367], [11.192709922790527, -0.6986127495765686, 18.752538681030273], [-0.5551682710647583, -1.473036527633667, 8.59033489227295], [-17.936351776123047, -1.166735291481018, 10.267223358154297], [-9.003080368041992, 1.618752360343933, -5.745339870452881], [-21.983781814575195, -0.14007917046546936, 8.015836715698242]]}