{"track": "tutorial", "karts": ["puffy", "hexley", "tux", "suzanne", "pidgin", "nolok", "beastie", "gavroche", "amanda", "adiumy"], "detections": [[[1, 0, 211, 200, 379, 321], [1, 1, 426, 169, 439, 177], [1, 2, 418, 166, 429, 174], [1, 3, 374, 158, 385, 165], [1, 4, 393, 162, 404, 168], [1, 5, 551, 222, 577, 240], [1, 6, 460, 180, 478, 191], [1, 7, 460, 178, 467, 183], [1, 8, 329, 166, 341, 175], [2, 0, 324, 125, 514, 155], [3, 0, 0, 0, 599, 399], [3, 8, 91, 0, 103, 9]], [[1, 1, 241, 192, 351, 350], [1, 2, 92, 193, 265, 296], [1, 7, 574, 222, 599, 262], [2, 0, 0, 106, 33, 119], [3, 0, 0, 33, 599, 399]], [[1, 1, 252, 175, 390, 250], [1, 2, 228, 196, 361, 313], [1, 5, 410, 144, 427, 157], [1, 6, 331, 155, 383, 191], [1, 7, 297, 168, 332, 199], [3, 0, 0, 18, 599, 399]], [[1, 1, 522, 170, 599, 219], [1, 2, 471, 172, 543, 220], [1, 3, 212, 201, 360, 339], [1, 4, 355, 189, 444, 249], [1, 7, 584, 178, 599, 192], [2, 0, 0, 43, 176, 218], [3, 0, 0, 0, 599, 399]], [[1, 1, 303, 172, 374, 209], [1, 2, 297, 177, 345, 221], [1, 4, 218, 218, 366, 324], [1, 5, 430, 157, 451, 169], [1, 6, 356, 164, 393, 188], [1, 7, 331, 170, 362, 189], [3, 0, 0, 39, 599, 399]], [[1, 0, 462, 23, 495, 39], [1, 5, 240, 206, 359, 323], [2, 0, 387, 27, 519, 76], [3, 0, 0, 0, 599, 399]], [[1, 5, 546, 164, 599, 193], [1, 6, 207, 179, 381, 333], [1, 7, 47, 207, 232, 346], [3, 0, 0, 8, 599, 399]], [[1, 0, 579, 33, 599, 49], [1, 5, 339, 161, 361, 177], [1, 6, 301, 170, 419, 264], [1, 7, 230, 205, 343, 321], [2, 0, 500, 33, 599, 88], [3, 0, 0, 17, 599, 399]], [[1, 1, 526, 169, 577, 198], [1, 2, 487, 167, 536, 192], [1, 3, 344, 161, 377, 184], [1, 4, 401, 166, 435, 185], [1, 8, 216, 185, 373, 321], [2, 0, 153, 108, 354, 162], [3, 0, 0, 17, 599, 399]], [[1, 9, 267, 194, 331, 259], [2, 0, 0, 166, 599, 399], [3, 0, 0, 0, 599, 270], [3, 6, 267, 131, 267, 131], [3, 7, 217, 118, 218, 123]]], "distance_down_track": [705.7843627929688, 712.6583862304688, 547.9110717773438, 547.9110717773438, 532.0, 590.8922729492188, 532.0, 561.7310180664062, 512.133544921875, 491.73480224609375], "velocity": [[-4.885993003845215, -7.142923831939697, -5.092831611633301], [0.6615409255027771, -0.02523740753531456, 3.91569185256958], [0.125120148062706, 0.06798814237117767, 1.223452091217041], [-0.41246509552001953, 0.13748131692409515, 0.48016107082366943], [-0.04264619201421738, 0.1017114445567131, 1.875996708869934], [4.396336078643799, 0.005168333649635315, 2.191878080368042], [0.33744484186172485, 0.10523845255374908, 0.3759174644947052], [0.8983151912689209, 0.15367867052555084, 1.3463596105575562], [-4.842463493347168, 0.09179728478193283, -0.8880933523178101], [-1.5282453298568726, 0.8714612722396851, -19.010700225830078]]}