{"track": "fortmagma", "karts": ["nolok", "beastie", "sara_the_wizard", "adiumy", "puffy", "konqi", "pidgin", "emule", "xue", "gnu"], "detections": [[[1, 0, 268, 203, 321, 258], [1, 5, 254, 220, 407, 376], [1, 9, 349, 113, 361, 126], [2, 0, 0, 99, 599, 399], [3, 0, 0, 0, 599, 264], [3, 15, 509, 89, 599, 104], [4, 26, 579, 183, 599, 223], [6, 28, 468, 117, 481, 119]], [[1, 0, 304, 163, 313, 167], [1, 1, 259, 190, 340, 258], [1, 4, 0, 243, 161, 399], [1, 5, 304, 160, 316, 171], [1, 8, 383, 356, 438, 399], [1, 9, 340, 133, 347, 139], [2, 0, 1, 114, 599, 399], [3, 0, 0, 0, 599, 255], [3, 15, 0, 106, 599, 170], [4, 26, 374, 157, 384, 168], [4, 27, 212, 158, 226, 169], [6, 28, 435, 129, 445, 131]], [[1, 2, 266, 179, 330, 322], [2, 0, 0, 101, 599, 399], [3, 0, 0, 0, 599, 152], [3, 15, 465, 0, 560, 82]], [[1, 3, 249, 191, 353, 301], [2, 0, 0, 101, 599, 399], [3, 0, 0, 0, 599, 156], [6, 31, 370, 142, 395, 158]], [[1, 0, 325, 161, 330, 168], [1, 1, 364, 177, 422, 219], [1, 4, 258, 201, 339, 256], [1, 5, 327, 159, 338, 169], [1, 8, 490, 231, 599, 352], [1, 9, 350, 135, 357, 140], [2, 0, 0, 116, 599, 399], [3, 0, 0, 0, 599, 373], [3, 15, 0, 100, 599, 181], [4, 26, 388, 156, 398, 166], [4, 27, 242, 158, 254, 168], [6, 28, 437, 130, 447, 132]], [[1, 0, 273, 189, 312, 223], [1, 5, 266, 191, 335, 258], [1, 9, 350, 118, 361, 130], [2, 0, 0, 102, 599, 399], [3, 0, 0, 0, 599, 268], [3, 15, 509, 93, 599, 108], [4, 26, 507, 168, 582, 212], [6, 28, 469, 119, 483, 122]], [[1, 6, 260, 209, 346, 262], [1, 7, 0, 151, 5, 153], [2, 0, 22, 154, 599, 399], [3, 0, 0, 66, 599, 399], [3, 11, 179, 178, 187, 204], [3, 12, 172, 184, 186, 217], [6, 9, 67, 148, 71, 153], [6, 10, 91, 149, 95, 153], [6, 13, 331, 159, 443, 233], [6, 15, 471, 164, 599, 246]], [[1, 7, 270, 200, 329, 259], [2, 0, 0, 165, 599, 399], [3, 0, 0, 0, 599, 366], [3, 15, 235, 147, 347, 164], [6, 7, 309, 160, 310, 164], [6, 8, 273, 161, 274, 164]], [[1, 0, 305, 161, 311, 163], [1, 1, 265, 169, 302, 200], [1, 4, 150, 183, 224, 217], [1, 5, 304, 158, 313, 167], [1, 8, 265, 188, 334, 264], [1, 9, 340, 134, 345, 140], [2, 0, 0, 116, 599, 399], [3, 0, 0, 0, 599, 244], [3, 15, 0, 96, 599, 174], [4, 26, 363, 155, 372, 165], [4, 27, 227, 156, 239, 165], [6, 28, 431, 130, 440, 132]], [[1, 2, 441, 171, 446, 176], [1, 9, 264, 157, 325, 230], [2, 0, 0, 146, 523, 399], [3, 0, 0, 0, 599, 399], [3, 15, 460, 137, 599, 159], [6, 28, 399, 171, 406, 172]]], "distance_down_track": [751.5926513671875, 734.7487182617188, 802.6428833007812, 845.6856689453125, 733.0166625976562, 749.776123046875, 576.3441162109375, 679.62744140625, 730.4210205078125, 767.4967041015625], "velocity": [[-19.766895294189453, -4.516915321350098, 4.1662139892578125], [-22.569517135620117, -5.1386027336120605, 0.8779492974281311], [1.0835015773773193, -1.069079875946045, 7.645696640014648], [6.101860046386719, -0.8671322464942932, 1.5582588911056519], [-23.744365692138672, -5.412041664123535, 1.9960174560546875], [-21.869901657104492, -4.993605136871338, 1.599722146987915], [1.772363305091858, 0.08189570903778076, 24.084735870361328], [-21.751951217651367, -0.2716505825519562, 0.4351535737514496], [-20.184049606323242, -4.586935997009277, 0.23263737559318542], [-16.853866577148438, 0.08324815332889557, 12.017909049987793]]}