{"track": "tutorial", "karts": ["puffy", "hexley", "tux", "suzanne", "pidgin", "nolok", "beastie", "gavroche", "amanda", "adiumy"], "detections": [[[1, 0, 203, 201, 387, 325], [1, 5, 284, 155, 303, 165], [1, 7, 118, 161, 168, 187], [2, 0, 163, 126, 289, 156], [3, 0, 0, 39, 599, 399]], [[1, 0, 344, 213, 364, 228], [1, 1, 253, 195, 338, 316], [1, 2, 303, 182, 323, 199], [1, 5, 386, 171, 397, 177], [1, 6, 300, 159, 343, 190], [1, 7, 321, 188, 331, 193], [2, 0, 324, 137, 512, 167], [3, 0, 0, 0, 599, 399], [3, 8, 97, 9, 109, 23]], [[1, 0, 372, 260, 410, 292], [1, 5, 424, 190, 439, 198], [1, 6, 185, 58, 429, 292], [1, 7, 343, 214, 348, 217], [2, 0, 397, 154, 509, 185], [3, 0, 0, 0, 599, 399], [3, 8, 123, 40, 134, 52]], [[1, 3, 266, 200, 337, 255], [1, 4, 278, 139, 284, 142], [1, 9, 361, 144, 361, 144], [2, 0, 0, 141, 599, 399], [3, 0, 0, 54, 599, 310], [3, 6, 402, 45, 417, 63], [3, 7, 335, 53, 346, 65]], [[1, 4, 263, 209, 331, 258], [1, 9, 421, 177, 426, 179], [2, 0, 0, 174, 599, 399], [3, 0, 0, 65, 599, 339], [3, 6, 419, 54, 436, 75], [3, 7, 333, 69, 345, 82]], [[1, 5, 227, 206, 351, 323], [3, 0, 0, 53, 599, 399]], [[1, 0, 272, 247, 295, 268], [1, 2, 224, 222, 268, 263], [1, 5, 288, 184, 300, 190], [1, 6, 247, 188, 333, 267], [1, 7, 220, 210, 234, 221], [2, 0, 212, 149, 369, 180], [3, 0, 0, 29, 599, 399]], [[1, 5, 373, 161, 400, 176], [1, 7, 238, 205, 351, 320], [2, 0, 200, 116, 360, 160], [3, 0, 0, 20, 599, 399]], [[1, 3, 257, 162, 262, 164], [1, 4, 226, 152, 228, 152], [1, 8, 255, 190, 342, 266], [2, 0, 0, 151, 599, 399], [3, 0, 0, 81, 599, 266], [3, 6, 283, 82, 292, 92], [3, 7, 232, 73, 242, 83]], [[1, 1, 280, 175, 286, 179], [1, 2, 298, 181, 302, 181], [1, 5, 367, 176, 373, 180], [1, 6, 293, 169, 310, 180], [1, 7, 318, 183, 318, 183], [1, 9, 273, 196, 330, 250], [2, 0, 0, 149, 599, 399], [3, 0, 0, 0, 599, 332], [3, 8, 139, 32, 148, 43]]], "distance_down_track": [712.6583862304688, 706.5816650390625, 547.9110717773438, 547.9110717773438, 532.0, 590.8922729492188, 532.0, 561.7310180664062, 512.133544921875, 512.133544921875], "velocity": [[-4.785091876983643, 0.11488819122314453, -1.2896143198013306], [-6.167483806610107, -7.526365280151367, -6.550674915313721], [-14.4376859664917, -11.879952430725098, -17.30181312561035], [10.656662940979004, -2.6799020767211914, -20.205286026000977], [7.765885829925537, -1.4075480699539185, -22.82394027709961], [0.197193905711174, 0.1621922254562378, 1.2701220512390137], [-15.508917808532715, -9.833141326904297, -17.824132919311523], [-4.703132152557373, 0.08770336955785751, -1.2562090158462524], [0.7574391961097717, -3.1049108505249023, -20.41780662536621], [-12.231169700622559, -2.6488630771636963, -19.297203063964844]]}