{"track": "overworld", "karts": ["beastie", "kiki", "hexley", "emule", "amanda", "wilber", "adiumy", "xue", "suzanne", "nolok"], "detections": [[[1, 0, 259, 190, 338, 258], [3, 0, 0, 71, 408, 159], [3, 5, 165, 153, 169, 153], [3, 7, 330, 146, 333, 147], [3, 24, 334, 146, 337, 147]], [[1, 1, 255, 180, 328, 265], [1, 2, 375, 162, 377, 164], [1, 8, 378, 161, 379, 163], [1, 9, 376, 158, 377, 159], [3, 0, 0, 0, 599, 160]], [[1, 2, 270, 196, 323, 268], [1, 7, 264, 124, 265, 125], [1, 8, 292, 156, 312, 172], [1, 9, 291, 141, 298, 147], [3, 0, 0, 0, 599, 161]], [[1, 3, 251, 199, 346, 297], [1, 6, 390, 216, 502, 302], [2, 7, 42, 161, 293, 215], [2, 24, 293, 160, 599, 216], [3, 7, 0, 0, 292, 209], [3, 24, 291, 0, 599, 160]], [[1, 4, 263, 191, 344, 262], [3, 0, 0, 99, 535, 236]], [[1, 5, 258, 190, 335, 260], [3, 0, 0, 0, 599, 399]], [[1, 3, 107, 175, 221, 254], [1, 6, 264, 194, 339, 267], [2, 7, 14, 143, 240, 198], [2, 24, 237, 147, 560, 204], [3, 7, 0, 0, 236, 185], [3, 24, 225, 0, 599, 204]], [[1, 5, 358, 155, 371, 165], [1, 7, 266, 186, 335, 264], [3, 0, 0, 0, 599, 191]], [[1, 5, 280, 140, 282, 141], [1, 7, 267, 143, 269, 145], [1, 8, 261, 201, 337, 259], [1, 9, 290, 160, 300, 170], [3, 0, 0, 0, 599, 161]], [[1, 5, 287, 148, 290, 149], [1, 7, 270, 152, 273, 154], [1, 9, 268, 203, 328, 259], [3, 0, 0, 0, 599, 173]]], "distance_down_track": [121.67395782470703, 1178.7901611328125, 1234.4224853515625, 621.8968505859375, 1017.0357666015625, 1342.360595703125, 621.7685546875, 1318.44482421875, 1242.7935791015625, 1256.432861328125], "velocity": [[-3.204092025756836, -0.21754425764083862, 23.935516357421875], [1.5906840562820435, 0.8289575576782227, -17.810001373291016], [-2.4325339794158936, -0.4369107782840729, -20.177955627441406], [0.37320584058761597, -0.5875015258789062, -3.1855032444000244], [4.479434490203857, 0.2821553945541382, -21.266529083251953], [-8.193775177001953, 2.073791027069092, -13.508678436279297], [-0.44237029552459717, -0.6717205047607422, -2.8056061267852783], [-0.48713991045951843, 3.1626436710357666, -20.451169967651367], [-1.7947168350219727, 1.364912748336792, -20.57682991027832], [-0.9727460741996765, 0.961584210395813, -20.65475845336914]]}