{"track": "tutorial", "karts": ["puffy", "hexley", "tux", "suzanne", "pidgin", "nolok", "beastie", "gavroche", "amanda", "adiumy"], "detections": [[[1, 0, 204, 201, 388, 326], [1, 2, 402, 192, 411, 198], [1, 5, 373, 189, 382, 195], [1, 6, 382, 187, 392, 194], [2, 0, 0, 155, 599, 399], [3, 0, 0, 0, 599, 306], [3, 8, 111, 37, 121, 48]], [[1, 1, 241, 193, 347, 346], [1, 2, 392, 156, 404, 166], [1, 4, 229, 160, 260, 177], [1, 5, 349, 156, 361, 165], [1, 6, 360, 154, 373, 164], [2, 0, 189, 74, 354, 155], [3, 0, 0, 25, 599, 399]], [[1, 2, 230, 196, 364, 312], [1, 6, 0, 200, 119, 313], [2, 0, 0, 180, 148, 230], [3, 0, 0, 125, 599, 394]], [[1, 0, 316, 151, 331, 160], [1, 3, 220, 201, 368, 321], [2, 0, 0, 151, 599, 399], [3, 0, 0, 0, 599, 267], [3, 6, 204, 0, 220, 11], [3, 8, 237, 52, 237, 52]], [[1, 2, 437, 161, 456, 175], [1, 4, 220, 217, 366, 321], [1, 5, 378, 162, 393, 174], [1, 6, 388, 157, 407, 173], [2, 0, 242, 126, 364, 159], [3, 0, 0, 24, 599, 399]], [[1, 2, 445, 172, 567, 231], [1, 5, 237, 205, 357, 319], [1, 6, 304, 168, 381, 243], [2, 0, 0, 71, 209, 184], [3, 0, 0, 24, 599, 399]], [[1, 2, 494, 200, 599, 301], [1, 5, 22, 275, 262, 399], [1, 6, 211, 180, 387, 327], [2, 0, 0, 79, 189, 203], [3, 0, 0, 44, 599, 399]], [[1, 1, 284, 247, 286, 249], [1, 2, 420, 177, 431, 185], [1, 4, 292, 192, 308, 201], [1, 5, 384, 174, 395, 180], [1, 6, 395, 172, 407, 180], [1, 7, 252, 204, 341, 297], [2, 0, 324, 139, 463, 167], [3, 0, 0, 0, 599, 399], [3, 8, 100, 19, 112, 31]], [[1, 0, 348, 160, 358, 166], [1, 3, 290, 160, 309, 173], [1, 8, 227, 170, 359, 286], [2, 0, 0, 162, 599, 399], [3, 0, 0, 29, 599, 300], [3, 6, 286, 21, 301, 45], [3, 7, 184, 19, 201, 38]], [[1, 8, 355, 171, 366, 178], [1, 9, 245, 190, 350, 303], [2, 0, 0, 167, 599, 399], [3, 0, 0, 92, 599, 283], [3, 6, 469, 81, 488, 101], [3, 7, 382, 86, 394, 100], [3, 8, 506, 123, 506, 123]]], "distance_down_track": [702.2687377929688, 712.6583862304688, 694.2288208007812, 675.6192626953125, 675.6192626953125, 712.6583862304688, 675.6192626953125, 694.2288208007812, 656.4569091796875, 633.04345703125], "velocity": [[-4.747983455657959, -0.6897547841072083, -4.956504821777344], [-4.373402118682861, 0.12009537220001221, -2.2271480560302734], [-0.024916596710681915, -0.05172821879386902, 0.03849497437477112], [-3.109119176864624, -0.9581254124641418, -6.612570285797119], [-4.721395015716553, 0.10971219837665558, -1.5468735694885254], [-0.9885051846504211, 0.1388402283191681, 0.06685014814138412], [-0.07004071027040482, 0.09339861571788788, 0.13272157311439514], [-5.46248722076416, -10.38152027130127, -5.741650581359863], [-2.01947021484375, -1.137653112411499, -11.395880699157715], [2.7641115188598633, -0.03658433258533478, -4.703633785247803]]}