{"track": "overworld", "karts": ["beastie", "kiki", "hexley", "emule", "amanda", "wilber", "adiumy", "xue", "suzanne", "nolok"], "detections": [[[1, 0, 260, 188, 348, 266], [3, 0, 0, 106, 573, 166], [3, 24, 0, 130, 22, 168], [3, 25, 0, 129, 21, 161], [255, 16777215, 0, 149, 264, 183]], [[1, 1, 267, 182, 328, 251], [1, 2, 374, 170, 381, 175], [1, 7, 195, 160, 199, 162], [1, 8, 340, 173, 353, 181], [1, 9, 430, 166, 436, 169], [3, 0, 0, 84, 517, 174], [3, 4, 296, 156, 296, 156], [3, 5, 152, 161, 154, 161], [3, 7, 300, 156, 303, 157], [3, 24, 304, 156, 307, 157], [3, 25, 308, 157, 308, 157]], [[1, 2, 272, 196, 323, 265], [1, 9, 347, 153, 356, 159], [3, 0, 0, 86, 599, 186], [3, 4, 137, 144, 137, 144], [3, 7, 146, 144, 151, 145], [3, 24, 152, 144, 153, 145]], [[1, 3, 240, 199, 360, 322], [1, 6, 248, 163, 357, 255], [2, 7, 215, 156, 289, 172], [2, 24, 290, 155, 387, 172], [3, 0, 0, 0, 599, 180], [3, 7, 126, 0, 289, 170], [3, 24, 286, 0, 460, 170]], [[1, 4, 256, 191, 337, 261], [3, 0, 0, 0, 599, 174]], [[1, 4, 288, 147, 294, 152], [1, 5, 263, 190, 338, 258], [3, 0, 29, 0, 599, 155]], [[1, 3, 238, 226, 356, 352], [1, 6, 248, 191, 354, 284], [2, 7, 216, 157, 290, 174], [2, 24, 291, 158, 387, 176], [3, 0, 0, 0, 599, 190], [3, 7, 131, 0, 290, 171], [3, 24, 290, 0, 465, 175]], [[1, 7, 270, 187, 335, 261], [3, 0, 0, 55, 446, 156], [3, 5, 360, 161, 362, 161], [255, 16777215, 506, 169, 599, 181]], [[1, 2, 328, 160, 341, 173], [1, 7, 3, 145, 14, 150], [1, 8, 261, 201, 331, 256], [1, 9, 379, 150, 386, 154], [3, 0, 0, 99, 489, 165], [3, 7, 216, 140, 218, 141], [3, 8, 215, 141, 215, 141], [3, 24, 219, 140, 222, 141], [3, 25, 223, 141, 223, 141]], [[1, 9, 268, 203, 324, 256], [3, 0, 464, 79, 599, 157]]], "distance_down_track": [344.944580078125, 103.0344467163086, 137.190673828125, 621.8806762695312, 1248.73095703125, 1213.3175048828125, 621.7880859375, 187.8985595703125, 119.76422882080078, 159.74391174316406], "velocity": [[14.534778594970703, -1.2501106262207031, 12.725129127502441], [0.1073397547006607, -0.6348312497138977, 21.840511322021484], [11.703509330749512, -0.4456973671913147, 18.445913314819336], [0.25593292713165283, -0.6016771793365479, -3.1622090339660645], [-1.238266944885254, 1.5684823989868164, -21.6429386138916], [-3.130136013031006, -0.16985294222831726, -19.41353988647461], [-0.4360496401786804, -0.641650378704071, -3.1611247062683105], [-19.19118309020996, 0.15750890970230103, 11.14862060546875], [8.893168449401855, -0.6384463906288147, 21.201507568359375], [20.813356399536133, 0.2220691442489624, 9.400784492492676]]}