{"track": "snowtuxpeak", "karts": ["pidgin", "amanda", "xue", "tux", "gavroche", "emule", "puffy", "sara_the_wizard", "beastie", "gnu"], "detections": [[[1, 0, 264, 209, 333, 256], [1, 1, 291, 144, 294, 146], [1, 3, 294, 157, 299, 162], [1, 6, 294, 143, 296, 144], [1, 8, 297, 151, 301, 154], [1, 9, 300, 142, 301, 144], [2, 0, 0, 142, 599, 399], [3, 0, 0, 0, 599, 285], [4, 4, 326, 160, 340, 171], [4, 5, 269, 158, 283, 169]], [[1, 1, 264, 192, 337, 252], [1, 6, 319, 175, 353, 194], [1, 9, 397, 161, 469, 212], [2, 0, 2, 168, 599, 399], [3, 0, 0, 0, 599, 399]], [[1, 2, 270, 187, 328, 245], [2, 0, 0, 122, 442, 399], [3, 0, 0, 95, 599, 399], [6, 20, 172, 140, 205, 158]], [[1, 1, 289, 145, 294, 149], [1, 3, 266, 198, 331, 254], [1, 6, 293, 145, 297, 147], [1, 8, 298, 155, 310, 164], [1, 9, 303, 143, 305, 146], [2, 0, 0, 145, 599, 399], [3, 0, 0, 0, 599, 278]], [[1, 0, 214, 151, 220, 154], [1, 4, 274, 203, 328, 255], [2, 0, 173, 139, 599, 399], [3, 0, 0, 0, 599, 399], [4, 4, 213, 148, 218, 151]], [[1, 5, 262, 199, 338, 276], [1, 7, 259, 149, 268, 161], [2, 0, 0, 149, 599, 399], [3, 0, 0, 0, 599, 323], [4, 6, 218, 142, 228, 150], [4, 7, 230, 143, 237, 150], [4, 8, 276, 146, 284, 154]], [[1, 6, 257, 201, 343, 258], [2, 0, 0, 168, 599, 399], [3, 0, 0, 0, 599, 349]], [[1, 7, 277, 187, 319, 264], [2, 0, 0, 164, 599, 399], [3, 0, 0, 0, 599, 387], [3, 1, 324, 162, 334, 167], [4, 6, 235, 155, 251, 173], [4, 7, 274, 157, 285, 167], [4, 8, 347, 162, 367, 177]], [[1, 1, 273, 154, 281, 160], [1, 6, 279, 154, 287, 158], [1, 8, 258, 190, 340, 256], [1, 9, 295, 150, 300, 156], [2, 0, 0, 155, 599, 399], [3, 0, 0, 0, 599, 271]], [[1, 1, 0, 204, 154, 284], [1, 6, 241, 176, 278, 198], [1, 9, 274, 162, 328, 227], [2, 0, 0, 167, 599, 399], [3, 0, 0, 0, 599, 258]]], "distance_down_track": [211.94436645507812, 286.83514404296875, 457.7325439453125, 243.67678833007812, 172.0313720703125, 395.3818359375, 292.6866455078125, 411.9261779785156, 262.14453125, 288.2454528808594], "velocity": [[-0.6698140501976013, 0.467046856880188, -24.13619041442871], [3.9595301151275635, 3.01727032661438, -24.892351150512695], [-11.799711227416992, 1.322632074356079, 28.400390625], [-0.6911453604698181, 1.0518707036972046, -22.458759307861328], [-10.092264175415039, 0.26273319125175476, -20.66584587097168], [14.72567367553711, 1.1598873138427734, 1.5938208103179932], [3.685744285583496, 2.727489709854126, -21.961809158325195], [18.8587646484375, 2.5727665424346924, 8.137432098388672], [-1.1545751094818115, 2.3163106441497803, -23.014781951904297], [4.715038299560547, 2.817265033721924, -23.627994537353516]]}