{"track": "tutorial", "karts": ["puffy", "hexley", "tux", "suzanne", "pidgin", "nolok", "beastie", "gavroche", "amanda", "adiumy"], "detections": [[[1, 0, 207, 201, 382, 318], [1, 8, 263, 154, 293, 178], [1, 9, 289, 154, 307, 170], [2, 0, 282, 134, 366, 154], [3, 0, 0, 15, 599, 399], [3, 8, 10, 26, 26, 42]], [[1, 0, 286, 297, 326, 331], [1, 1, 257, 195, 337, 308], [1, 7, 480, 145, 480, 145], [1, 8, 314, 208, 323, 222], [1, 9, 323, 193, 335, 205], [2, 0, 324, 136, 478, 164], [3, 0, 0, 0, 599, 399], [3, 8, 95, 17, 107, 30]], [[1, 2, 247, 197, 348, 286], [2, 0, 0, 98, 599, 399], [3, 0, 0, 0, 599, 198]], [[1, 3, 262, 200, 335, 256], [2, 0, 0, 161, 592, 399], [3, 0, 0, 0, 599, 399]], [[1, 4, 263, 209, 332, 256], [2, 0, 0, 167, 599, 399], [3, 0, 0, 11, 599, 308]], [[1, 5, 240, 206, 362, 321], [1, 6, 413, 204, 599, 358], [2, 0, 0, 164, 599, 399], [3, 0, 0, 19, 599, 264]], [[1, 5, 0, 185, 181, 294], [1, 6, 214, 180, 390, 328], [2, 0, 0, 164, 599, 399], [3, 0, 0, 0, 599, 315]], [[1, 2, 101, 152, 104, 155], [1, 7, 259, 204, 347, 295], [2, 0, 54, 120, 599, 223], [3, 0, 0, 3, 599, 399]], [[1, 8, 219, 185, 376, 314], [1, 9, 302, 166, 337, 202], [2, 0, 265, 131, 374, 157], [3, 0, 0, 36, 599, 399]], [[1, 9, 251, 191, 353, 302], [2, 0, 219, 127, 347, 157], [3, 0, 0, 38, 599, 399]]], "distance_down_track": [711.624267578125, 707.8535766601562, 741.5721435546875, 741.5721435546875, 741.5721435546875, 753.8200073242188, 741.5721435546875, 741.5721435546875, 712.6583862304688, 712.6583862304688], "velocity": [[-4.137638092041016, 0.1484227180480957, -2.770204544067383], [-6.142860412597656, -10.077889442443848, -6.40584659576416], [-5.694084167480469, -0.31408625841140747, -9.986428260803223], [-20.163589477539062, 3.25325870513916, 9.085068702697754], [-21.22718048095703, 4.067564964294434, 10.774239540100098], [-0.005515960976481438, 0.08172415941953659, 0.11599961668252945], [-0.012803587131202221, 0.0815952867269516, 0.08402065187692642], [-7.694320201873779, -1.2543467283248901, -0.8017803430557251], [-4.439395427703857, 0.07898549735546112, -2.4488744735717773], [-4.667835712432861, 0.11047844588756561, -1.7920818328857422]]}