{"track": "minigolf", "karts": ["nolok", "sara_the_racer", "emule", "adiumy", "gavroche", "konqi", "amanda", "xue", "sara_the_wizard", "puffy"], "detections": [[[1, 0, 275, 176, 328, 227], [1, 1, 143, 0, 152, 1], [2, 0, 0, 0, 599, 399], [3, 0, 0, 0, 599, 287], [4, 4, 306, 50, 349, 92], [4, 5, 3, 66, 61, 115], [4, 6, 254, 183, 260, 191]], [[1, 1, 266, 163, 336, 217], [2, 0, 0, 139, 599, 268], [3, 0, 0, 0, 599, 399]], [[1, 7, 483, 97, 550, 147], [2, 0, 119, 153, 386, 386], [3, 0, 0, 0, 599, 399]], [[1, 3, 267, 141, 344, 224], [2, 0, 0, 84, 599, 308], [3, 0, 0, 0, 599, 399], [6, 35, 247, 163, 381, 196]], [[1, 3, 7, 139, 60, 193], [1, 4, 274, 176, 334, 216], [2, 0, 0, 138, 599, 230], [3, 0, 0, 0, 599, 399], [6, 9, 238, 176, 366, 282], [6, 35, 0, 151, 83, 174]], [[1, 5, 277, 184, 317, 215], [2, 0, 0, 170, 479, 399], [3, 0, 0, 0, 599, 399]], [[1, 6, 267, 173, 331, 220], [2, 0, 0, 0, 599, 399], [3, 0, 0, 0, 599, 399], [3, 11, 365, 0, 438, 48], [5, 1, 205, 67, 219, 92], [8, 28, 4, 34, 25, 54]], [[1, 7, 268, 161, 334, 210], [2, 0, 126, 216, 599, 295], [3, 0, 0, 0, 599, 399], [3, 8, 527, 295, 599, 399]], [[1, 8, 269, 169, 332, 230], [2, 0, 0, 0, 599, 399], [3, 0, 0, 0, 599, 399], [5, 22, 40, 54, 74, 83], [5, 23, 448, 304, 493, 336]], [[1, 0, 281, 151, 281, 152], [1, 6, 309, 155, 310, 155], [1, 9, 259, 201, 341, 257], [2, 0, 0, 148, 599, 399], [3, 0, 0, 0, 599, 328], [3, 4, 281, 151, 287, 157], [3, 6, 262, 151, 267, 157], [5, 1, 343, 155, 343, 155], [5, 2, 327, 155, 328, 155], [6, 30, 348, 153, 348, 155], [8, 28, 355, 152, 357, 154], [255, 16777215, 139, 75, 144, 102]]], "distance_down_track": [84.71260070800781, 107.80879974365234, 272.8973693847656, 237.29660034179688, 243.36563110351562, 152.56219482421875, 35.37605667114258, 271.1726379394531, 360.6407775878906, 713.1625366210938], "velocity": [[-20.002716064453125, 5.640585899353027, -3.8028430938720703], [-19.583534240722656, -2.5156216621398926, -0.5603809952735901], [1.3094090223312378, 1.979404330253601, 6.61091947555542], [20.690990447998047, 0.08229362219572067, 0.6050577759742737], [20.3682861328125, 0.08177074044942856, 11.518949508666992], [-9.947160720825195, -2.470590829849243, 17.984439849853516], [-14.559789657592773, 0.08176207542419434, 18.535629272460938], [14.102660179138184, -1.2891731262207031, 3.557938575744629], [20.495100021362305, -2.1422946453094482, 1.9625115394592285], [-23.411882400512695, 0.08171592652797699, 5.924479961395264]]}