{"track": "overworld", "karts": ["beastie", "kiki", "hexley", "emule", "amanda", "wilber", "adiumy", "xue", "suzanne", "nolok"], "detections": [[[1, 0, 259, 190, 338, 258], [1, 1, 271, 143, 275, 148], [1, 7, 274, 143, 277, 147], [1, 8, 284, 163, 298, 173], [1, 9, 267, 144, 269, 146], [3, 0, 0, 58, 599, 156], [3, 7, 243, 139, 244, 139], [3, 24, 245, 139, 247, 140]], [[1, 1, 267, 183, 328, 253], [1, 2, 398, 170, 404, 173], [1, 7, 309, 169, 336, 196], [1, 9, 304, 172, 313, 178], [3, 0, 0, 90, 493, 175], [3, 7, 295, 163, 297, 163], [3, 24, 298, 163, 300, 163]], [[1, 2, 269, 196, 323, 268], [3, 0, 470, 77, 599, 156]], [[1, 3, 235, 199, 349, 321], [2, 7, 0, 219, 99, 308], [2, 24, 98, 214, 403, 296], [3, 0, 470, 0, 599, 244], [3, 7, 0, 0, 102, 220], [3, 24, 100, 0, 474, 253]], [[1, 4, 244, 189, 350, 283], [3, 0, 176, 156, 468, 181]], [[1, 5, 264, 189, 339, 262], [3, 0, 0, 0, 599, 201]], [[1, 3, 310, 165, 328, 180], [1, 6, 249, 191, 355, 298], [2, 7, 216, 162, 289, 178], [2, 24, 290, 162, 387, 179], [3, 0, 0, 0, 599, 194], [3, 7, 129, 0, 289, 175], [3, 24, 289, 0, 464, 178]], [[1, 2, 419, 174, 426, 177], [1, 7, 267, 189, 325, 254], [1, 9, 303, 178, 315, 187], [3, 0, 0, 93, 522, 181], [3, 4, 302, 165, 302, 165], [3, 7, 308, 164, 311, 165], [3, 24, 312, 165, 314, 165]], [[1, 1, 278, 143, 284, 151], [1, 2, 335, 153, 336, 154], [1, 7, 282, 144, 287, 150], [1, 8, 263, 201, 333, 255], [1, 9, 277, 147, 279, 149], [3, 0, 0, 62, 573, 154], [3, 7, 259, 145, 260, 145], [3, 24, 261, 145, 263, 145]], [[1, 2, 401, 152, 409, 156], [1, 9, 267, 202, 323, 257], [3, 0, 0, 102, 473, 163], [3, 5, 62, 148, 68, 148], [3, 7, 257, 141, 260, 142], [3, 24, 261, 141, 264, 143], [3, 25, 265, 143, 265, 143]]], "distance_down_track": [51.876609802246094, 93.73570251464844, 158.73321533203125, 621.7391967773438, 509.3944396972656, 1277.8880615234375, 621.8721923828125, 99.08990478515625, 67.16283416748047, 112.38255310058594], "velocity": [[5.479709625244141, -0.9572187662124634, 23.5006160736084], [0.4251594841480255, 0.8809057474136353, 21.828096389770508], [18.489492416381836, 0.2063400149345398, 9.090856552124023], [0.28461942076683044, 0.4652195870876312, 0.19959071278572083], [11.47160530090332, 2.1402981281280518, -9.819716453552246], [0.8368269205093384, 2.781625509262085, -19.44927978515625], [-0.19477492570877075, -0.5103824734687805, -4.310451507568359], [-0.8866091966629028, 1.1030631065368652, 25.961454391479492], [3.598313808441162, -0.12252960354089737, 22.716449737548828], [5.453703880310059, -1.021401047706604, 22.059913635253906]]}