{"track": "minigolf", "karts": ["nolok", "sara_the_racer", "emule", "adiumy", "gavroche", "konqi", "amanda", "xue", "sara_the_wizard", "puffy"], "detections": [[[1, 0, 272, 203, 339, 266], [1, 1, 325, 146, 329, 149], [1, 5, 336, 153, 341, 155], [2, 0, 0, 147, 599, 399], [3, 0, 0, 0, 599, 389], [3, 4, 342, 150, 346, 154], [3, 6, 316, 150, 320, 154], [6, 30, 403, 152, 403, 152], [255, 16777215, 244, 0, 386, 181]], [[1, 0, 245, 19, 267, 34], [1, 1, 267, 169, 333, 226], [2, 0, 0, 0, 599, 399], [3, 0, 0, 0, 599, 233], [255, 16777215, 170, 0, 202, 65]], [[1, 2, 269, 165, 335, 218], [2, 0, 269, 187, 599, 399], [3, 0, 0, 0, 599, 399]], [[1, 3, 268, 141, 335, 223], [1, 4, 153, 158, 242, 214], [2, 0, 0, 153, 599, 258], [3, 0, 0, 0, 599, 399]], [[1, 3, 353, 164, 402, 223], [1, 4, 269, 175, 334, 216], [2, 0, 0, 147, 599, 252], [3, 0, 0, 0, 599, 399]], [[1, 1, 415, 14, 445, 38], [1, 5, 268, 173, 333, 220], [2, 0, 0, 0, 599, 399], [3, 0, 0, 0, 599, 399], [3, 12, 0, 0, 80, 47]], [[1, 6, 259, 191, 335, 256], [2, 0, 0, 168, 497, 399], [3, 0, 0, 0, 599, 399], [3, 7, 206, 148, 232, 173], [4, 14, 235, 157, 247, 167], [4, 15, 302, 156, 310, 165]], [[1, 2, 375, 168, 416, 196], [1, 7, 272, 161, 326, 216], [2, 0, 0, 174, 518, 399], [3, 0, 0, 0, 599, 399]], [[1, 8, 280, 166, 313, 220], [2, 0, 0, 27, 599, 324], [3, 0, 0, 0, 599, 399], [3, 8, 491, 62, 542, 113], [4, 16, 246, 39, 275, 67], [4, 17, 363, 0, 375, 19], [6, 32, 506, 132, 599, 206], [6, 36, 244, 88, 308, 107]], [[1, 6, 365, 163, 366, 165], [1, 9, 242, 202, 352, 274], [2, 0, 0, 166, 599, 399], [3, 0, 0, 0, 599, 322], [3, 2, 266, 0, 481, 140], [3, 3, 465, 158, 472, 162], [3, 5, 452, 158, 459, 162], [3, 7, 357, 158, 362, 164], [4, 14, 364, 162, 366, 163], [5, 10, 403, 167, 410, 174], [5, 11, 378, 165, 382, 170], [5, 12, 268, 165, 272, 170], [5, 13, 307, 164, 311, 169], [8, 26, 253, 166, 263, 171]]], "distance_down_track": [691.1328735351562, 6.662047386169434, 169.32489013671875, 111.41700744628906, 110.09628295898438, 22.058931350708008, 633.3458862304688, 163.4293212890625, 252.76931762695312, 579.1995849609375], "velocity": [[-18.239532470703125, 0.07629081606864929, -4.8473286628723145], [-19.614166259765625, -0.02412481978535652, 1.41280996799469], [3.102139949798584, -2.897965908050537, 20.26002311706543], [-20.630149841308594, -1.6628633737564087, -0.348972350358963], [-20.583200454711914, -2.158708095550537, -0.4022340774536133], [-16.995447158813477, 0.08172395080327988, 11.816854476928711], [-6.112170219421387, 0.08163978159427643, -23.238750457763672], [-1.8857061862945557, -2.081183910369873, 20.50860023498535], [6.076329708099365, 0.08177513629198074, 19.787912368774414], [5.491822719573975, -1.0062758922576904, -16.465465545654297]]}