{"track": "scotland", "karts": ["konqi", "sara_the_racer", "wilber", "beastie", "gavroche", "pidgin", "tux", "gnu", "xue", "hexley"], "detections": [[[1, 0, 260, 191, 367, 290], [1, 7, 204, 159, 205, 161], [2, 0, 0, 160, 599, 399], [3, 0, 0, 0, 599, 247], [3, 6, 351, 56, 374, 78], [3, 10, 493, 5, 516, 38], [3, 13, 497, 125, 528, 171], [3, 15, 520, 129, 546, 171], [3, 113, 566, 158, 599, 178], [3, 115, 560, 119, 599, 177], [3, 118, 582, 158, 599, 167], [4, 6, 300, 152, 306, 159], [4, 19, 238, 152, 246, 160], [5, 20, 285, 155, 290, 160]], [[1, 1, 270, 180, 323, 258], [1, 4, 386, 171, 408, 185], [2, 0, 0, 163, 493, 399], [3, 0, 0, 0, 599, 399]], [[1, 2, 261, 190, 330, 253], [1, 5, 225, 189, 271, 218], [1, 8, 285, 160, 297, 171], [2, 0, 0, 147, 599, 399], [3, 0, 0, 0, 599, 261], [3, 60, 153, 124, 162, 134], [6, 2, 245, 152, 248, 153], [6, 4, 277, 150, 277, 152]], [[1, 1, 427, 154, 444, 169], [1, 3, 259, 189, 330, 254], [2, 0, 0, 148, 599, 399], [3, 0, 0, 0, 599, 324], [6, 1, 485, 166, 599, 252]], [[1, 2, 389, 160, 406, 171], [1, 4, 265, 202, 325, 260], [1, 5, 384, 162, 391, 169], [1, 8, 425, 158, 434, 165], [2, 0, 0, 149, 515, 399], [3, 0, 0, 0, 599, 399], [3, 60, 342, 129, 349, 137]], [[1, 2, 365, 244, 599, 399], [1, 5, 261, 210, 335, 261], [1, 8, 308, 160, 321, 173], [2, 0, 0, 146, 599, 399], [3, 0, 0, 0, 599, 221], [3, 60, 167, 124, 176, 134], [6, 2, 259, 149, 259, 152], [6, 4, 288, 149, 291, 152]], [[1, 1, 461, 161, 474, 173], [1, 3, 305, 170, 338, 197], [1, 6, 264, 197, 330, 255], [2, 0, 0, 154, 599, 399], [3, 0, 0, 0, 599, 273], [6, 1, 420, 162, 490, 204]], [[1, 3, 369, 161, 383, 169], [1, 6, 349, 162, 362, 171], [1, 7, 269, 159, 325, 227], [1, 9, 317, 167, 335, 186], [2, 0, 0, 157, 599, 399], [3, 0, 0, 0, 599, 211], [6, 1, 412, 158, 435, 171]], [[1, 8, 265, 188, 333, 264], [2, 0, 0, 146, 599, 399], [3, 0, 0, 0, 599, 204], [3, 60, 139, 118, 149, 132], [6, 2, 237, 149, 238, 152], [6, 4, 274, 149, 278, 152]], [[1, 3, 352, 165, 370, 177], [1, 6, 329, 168, 347, 182], [1, 9, 274, 196, 321, 256], [2, 0, 0, 159, 599, 399], [3, 0, 0, 0, 599, 232], [6, 1, 408, 162, 443, 180]]], "distance_down_track": [53.26206970214844, 168.38604736328125, 207.23199462890625, 145.2369842529297, 186.59661865234375, 208.57623291015625, 138.15567016601562, 119.18853759765625, 221.77154541015625, 126.59748840332031], "velocity": [[-13.857661247253418, 0.07015690207481384, 7.5104193687438965], [1.8480250835418701, -0.7559006810188293, 20.30999183654785], [21.755348205566406, 0.08180822432041168, 5.185689926147461], [-21.47503089904785, -1.9864581823349, 16.976408004760742], [14.1402587890625, 0.02808772772550583, 15.617712020874023], [20.643150329589844, 0.08139173686504364, 6.801752090454102], [-20.50979995727539, -2.4022598266601562, 8.136046409606934], [-22.27571678161621, -1.6533708572387695, -3.642274856567383], [19.71942710876465, 0.08157185465097427, 6.295036315917969], [-25.64986228942871, -1.8247313499450684, 0.38707005977630615]]}