{"track": "snowtuxpeak", "karts": ["pidgin", "amanda", "xue", "tux", "gavroche", "emule", "puffy", "sara_the_wizard", "beastie", "gnu"], "detections": [[[1, 0, 264, 209, 333, 257], [1, 3, 290, 160, 298, 166], [1, 8, 265, 154, 271, 157], [2, 0, 0, 153, 599, 399], [3, 0, 0, 0, 599, 275], [4, 8, 255, 150, 257, 153]], [[1, 1, 258, 190, 329, 257], [1, 9, 276, 159, 416, 307], [2, 0, 22, 143, 599, 399], [3, 0, 0, 0, 599, 399], [3, 1, 342, 166, 348, 170], [6, 20, 17, 130, 48, 145]], [[1, 2, 265, 187, 333, 265], [2, 0, 0, 152, 599, 399], [3, 0, 0, 25, 599, 330], [4, 10, 301, 154, 313, 165], [4, 11, 275, 154, 287, 165], [5, 9, 343, 156, 348, 164]], [[1, 3, 267, 198, 332, 253], [1, 8, 252, 154, 262, 163], [2, 0, 0, 151, 599, 399], [3, 0, 0, 0, 599, 269], [4, 6, 208, 145, 213, 151], [4, 7, 211, 146, 215, 150], [4, 8, 247, 149, 252, 154]], [[1, 4, 273, 203, 330, 253], [2, 0, 186, 155, 599, 399], [3, 0, 0, 0, 599, 399]], [[1, 2, 484, 172, 492, 174], [1, 5, 267, 199, 328, 261], [1, 7, 420, 171, 421, 173], [2, 0, 0, 173, 599, 399], [3, 0, 0, 0, 599, 281], [4, 10, 562, 171, 572, 173], [4, 11, 548, 170, 557, 173], [5, 9, 585, 172, 589, 173]], [[1, 1, 288, 176, 324, 206], [1, 6, 260, 201, 346, 257], [1, 9, 301, 159, 347, 202], [2, 0, 149, 165, 599, 399], [3, 0, 0, 0, 599, 399], [3, 1, 335, 169, 338, 171]], [[1, 2, 337, 158, 352, 173], [1, 7, 280, 187, 322, 266], [2, 0, 0, 149, 599, 399], [3, 0, 0, 62, 599, 339], [4, 10, 353, 151, 360, 158], [4, 11, 336, 150, 343, 157], [5, 9, 379, 152, 382, 157]], [[1, 1, 217, 155, 223, 160], [1, 6, 221, 156, 234, 162], [1, 8, 260, 189, 342, 257], [1, 9, 222, 152, 229, 158], [2, 0, 0, 162, 599, 399], [3, 0, 0, 0, 599, 359], [4, 6, 235, 154, 250, 166], [4, 7, 260, 156, 270, 164], [4, 8, 316, 160, 328, 170]], [[1, 1, 250, 180, 290, 224], [1, 6, 51, 245, 292, 399], [1, 9, 262, 158, 329, 229], [2, 0, 50, 152, 599, 399], [3, 0, 0, 0, 599, 399], [3, 1, 330, 167, 335, 173]]], "distance_down_track": [361.12384033203125, 437.84295654296875, 561.9189453125, 383.20758056640625, 312.5560302734375, 509.497802734375, 434.5926208496094, 548.6341552734375, 405.6854248046875, 436.3231201171875], "velocity": [[23.824304580688477, 2.059291124343872, -3.3740594387054443], [11.780783653259277, 1.2441633939743042, 17.635250091552734], [-2.790354013442993, 0.5851568579673767, 20.50271987915039], [22.42564582824707, 1.6559308767318726, -1.167729377746582], [16.70279312133789, 1.592333197593689, -15.731534004211426], [-20.377283096313477, 1.7841072082519531, 3.1738412380218506], [12.028179168701172, 1.743705153465271, 18.800596237182617], [-6.438363552093506, 0.45046326518058777, 19.668109893798828], [21.750534057617188, 2.6450226306915283, 7.276407718658447], [14.65277099609375, 1.3629045486450195, 15.521004676818848]]}