{"track": "tutorial", "karts": ["puffy", "hexley", "tux", "suzanne", "pidgin", "nolok", "beastie", "gavroche", "amanda", "adiumy"], "detections": [[[1, 0, 201, 202, 403, 327], [1, 1, 173, 255, 183, 262], [1, 5, 140, 255, 183, 286], [2, 0, 0, 213, 599, 399], [3, 0, 0, 100, 599, 369]], [[1, 1, 246, 193, 347, 341], [2, 0, 0, 88, 174, 165], [3, 0, 0, 15, 599, 399]], [[1, 0, 438, 173, 446, 176], [1, 2, 270, 198, 329, 246], [1, 9, 298, 172, 321, 192], [2, 0, 0, 172, 599, 399], [3, 0, 0, 73, 599, 270], [3, 6, 459, 63, 479, 83], [3, 7, 374, 80, 387, 92]], [[1, 2, 231, 156, 234, 157], [1, 3, 264, 201, 334, 253], [1, 4, 283, 168, 294, 174], [1, 9, 228, 153, 230, 154], [2, 0, 0, 151, 599, 399], [3, 0, 0, 79, 599, 265], [3, 6, 288, 78, 298, 90], [3, 7, 237, 72, 246, 82]], [[1, 2, 235, 144, 239, 147], [1, 4, 265, 209, 334, 256], [1, 7, 262, 138, 262, 138], [1, 9, 233, 141, 236, 143], [2, 0, 0, 139, 599, 399], [3, 0, 0, 0, 599, 274], [3, 6, 313, 58, 325, 71], [3, 7, 258, 54, 269, 65]], [[1, 1, 400, 202, 413, 211], [1, 5, 267, 203, 327, 263], [2, 0, 333, 156, 572, 186], [3, 0, 0, 0, 599, 399], [3, 8, 137, 39, 147, 49]], [[1, 6, 263, 189, 342, 256], [2, 0, 0, 154, 599, 399], [3, 0, 0, 119, 599, 399], [3, 6, 0, 116, 8, 128], [5, 20, 576, 196, 599, 236], [5, 21, 447, 194, 484, 239]], [[1, 0, 323, 151, 338, 159], [1, 5, 356, 165, 364, 172], [1, 7, 268, 202, 323, 259], [2, 0, 0, 162, 599, 399], [3, 0, 0, 21, 599, 398], [3, 6, 251, 9, 269, 36], [3, 7, 137, 9, 158, 31]], [[1, 6, 101, 143, 122, 154], [1, 8, 264, 191, 341, 255], [2, 0, 0, 139, 599, 399], [3, 0, 0, 114, 599, 358], [5, 18, 298, 180, 326, 211], [5, 19, 383, 178, 408, 203], [5, 20, 170, 147, 175, 154], [5, 21, 143, 146, 149, 153]], [[1, 0, 436, 174, 445, 178], [1, 5, 467, 183, 470, 184], [1, 7, 390, 175, 391, 175], [1, 9, 274, 195, 328, 247], [2, 0, 0, 175, 599, 399], [3, 0, 0, 72, 599, 297], [3, 6, 447, 62, 466, 83], [3, 7, 361, 78, 374, 90]]], "distance_down_track": [712.6583862304688, 712.6583862304688, 383.7624206542969, 383.7624206542969, 383.7624206542969, 473.2306823730469, 368.0304870605469, 420.1153259277344, 354.56878662109375, 343.6702575683594], "velocity": [[-0.06958410143852234, 0.08161665499210358, 0.0017762214411050081], [-8.663347244262695, 0.14046180248260498, 0.22232843935489655], [13.262125015258789, -0.2908268868923187, -22.361385345458984], [1.4803879261016846, -2.7275123596191406, -22.789670944213867], [3.967613458633423, -4.113805294036865, -23.463953018188477], [-13.473197937011719, -4.9843363761901855, -16.069561004638672], [-17.117366790771484, 1.7623591423034668, -16.944387435913086], [-6.780570983886719, -3.022495985031128, -21.111797332763672], [-23.693592071533203, 0.7264391779899597, 4.616106033325195], [11.034714698791504, -0.4003306031227112, -21.041179656982422]]}