{"track": "volcano_island", "karts": ["gavroche", "adiumy", "amanda", "nolok", "tux", "konqi", "kiki", "pidgin", "sara_the_racer", "suzanne"], "detections": [[[1, 0, 275, 203, 331, 260], [1, 1, 245, 170, 260, 177], [1, 6, 192, 162, 200, 171], [2, 0, 0, 161, 599, 399], [3, 0, 0, 0, 599, 334]], [[1, 1, 263, 224, 341, 276], [1, 2, 207, 154, 221, 163], [1, 3, 229, 158, 242, 167], [1, 6, 245, 154, 259, 170], [2, 0, 0, 152, 599, 399], [3, 0, 0, 0, 599, 280]], [[1, 2, 265, 191, 340, 257], [1, 5, 231, 160, 247, 171], [2, 0, 0, 159, 599, 399], [3, 0, 0, 0, 599, 345]], [[1, 2, 263, 165, 293, 191], [1, 3, 273, 203, 333, 260], [1, 5, 208, 156, 221, 165], [2, 0, 0, 157, 599, 399], [3, 0, 0, 0, 599, 355]], [[1, 4, 268, 198, 334, 254], [2, 0, 0, 161, 599, 399], [3, 0, 0, 0, 599, 271]], [[1, 5, 266, 191, 342, 265], [2, 0, 0, 159, 599, 399], [3, 0, 0, 0, 599, 314]], [[1, 2, 247, 165, 269, 182], [1, 3, 266, 180, 294, 204], [1, 5, 189, 159, 200, 168], [1, 6, 274, 183, 334, 252], [2, 0, 0, 161, 599, 399], [3, 0, 0, 0, 599, 332]], [[1, 7, 266, 210, 340, 263], [2, 0, 0, 154, 599, 399], [3, 0, 0, 0, 599, 306], [3, 189, 271, 142, 271, 145], [3, 192, 257, 152, 257, 156], [3, 347, 293, 152, 298, 157]], [[1, 4, 283, 157, 283, 157], [1, 8, 282, 179, 319, 249], [1, 9, 288, 156, 291, 157], [2, 0, 0, 157, 599, 399], [3, 0, 0, 87, 599, 237], [3, 183, 491, 180, 492, 180], [4, 13, 307, 155, 311, 158], [4, 14, 283, 155, 287, 158], [6, 33, 5, 165, 181, 274], [6, 34, 321, 154, 346, 172], [6, 35, 284, 154, 299, 164]], [[1, 4, 276, 164, 299, 182], [1, 9, 255, 201, 347, 272], [2, 0, 0, 158, 599, 399], [3, 0, 0, 0, 599, 246]]], "distance_down_track": [996.6613159179688, 1009.8662109375, 1034.5032958984375, 1028.0538330078125, 945.2089233398438, 1051.154052734375, 1023.523681640625, 1138.2891845703125, 863.0332641601562, 937.3497924804688], "velocity": [[20.457286834716797, -0.7947556376457214, -4.97277307510376], [12.151354789733887, -0.6598518490791321, 2.281341791152954], [15.591825485229492, -0.9290234446525574, 17.91937828063965], [15.942241668701172, -0.8360626697540283, 13.177095413208008], [-1.6925541162490845, -0.3943047821521759, -22.17300033569336], [6.332882404327393, -0.5422775745391846, 19.70001220703125], [18.853979110717773, -1.2707500457763672, 11.962686538696289], [-21.254941940307617, -1.7632213830947876, -4.186728000640869], [-12.087547302246094, -0.5144467353820801, -20.571693420410156], [-4.179412841796875, -0.26945266127586365, -14.861563682556152]]}