{"track": "overworld", "karts": ["beastie", "kiki", "hexley", "emule", "amanda", "wilber", "adiumy", "xue", "suzanne", "nolok"], "detections": [[[1, 0, 263, 188, 349, 266], [1, 7, 271, 154, 275, 158], [3, 0, 0, 48, 429, 223]], [[1, 1, 262, 181, 333, 261], [1, 2, 467, 155, 470, 156], [1, 9, 354, 155, 363, 163], [3, 0, 422, 66, 599, 152]], [[1, 2, 266, 196, 329, 272], [3, 0, 2, 0, 599, 151]], [[1, 3, 266, 199, 327, 261], [3, 0, 0, 0, 460, 175], [3, 6, 270, 162, 277, 164], [3, 7, 389, 154, 393, 156], [3, 24, 394, 154, 397, 155]], [[1, 4, 252, 190, 344, 268], [3, 0, 0, 29, 599, 203]], [[1, 4, 457, 146, 473, 151], [1, 5, 258, 191, 337, 260], [3, 0, 0, 0, 599, 362]], [[1, 6, 260, 192, 345, 281], [2, 7, 160, 145, 281, 173], [2, 24, 281, 146, 440, 174], [3, 0, 0, 0, 599, 180], [3, 7, 19, 0, 280, 168], [3, 24, 277, 0, 565, 172]], [[1, 2, 399, 162, 399, 163], [1, 7, 264, 187, 333, 265], [3, 0, 286, 100, 524, 160]], [[1, 1, 329, 148, 335, 155], [1, 8, 261, 200, 331, 256], [1, 9, 416, 147, 422, 150], [3, 0, 0, 100, 487, 164], [3, 7, 218, 140, 221, 141], [3, 24, 222, 140, 225, 142], [3, 25, 225, 141, 225, 141]], [[1, 2, 455, 171, 458, 173], [1, 7, 172, 180, 172, 181], [1, 9, 266, 202, 322, 256], [3, 0, 398, 78, 599, 168]]], "distance_down_track": [1035.22265625, 153.0475311279297, 1170.986328125, 320.34033203125, 1366.0010986328125, 1341.342529296875, 615.2679443359375, 1081.1649169921875, 119.0617446899414, 170.97915649414062], "velocity": [[4.678918838500977, -0.06368179619312286, -21.225311279296875], [17.840904235839844, 0.10498201847076416, 6.033085823059082], [8.126724243164062, 0.0170285701751709, -13.617027282714844], [0.7360972166061401, 0.1326979100704193, 20.686481475830078], [-18.588552474975586, 1.8065203428268433, 1.607797622680664], [-9.513195037841797, 2.1694998741149902, -12.977481842041016], [-0.7289952635765076, -1.6786688566207886, 12.393912315368652], [5.608879089355469, 1.0991084575653076, -19.89528465270996], [8.719293594360352, -0.6845254302024841, 21.272172927856445], [22.62211036682129, 1.2704325914382935, 3.675906181335449]]}