{"track": "tutorial", "karts": ["puffy", "hexley", "tux", "suzanne", "pidgin", "nolok", "beastie", "gavroche", "amanda", "adiumy"], "detections": [[[1, 0, 225, 200, 371, 305], [1, 1, 314, 215, 331, 226], [1, 2, 326, 148, 335, 155], [1, 3, 320, 163, 334, 172], [1, 4, 366, 151, 377, 157], [1, 7, 348, 152, 358, 159], [1, 9, 336, 147, 344, 154], [2, 0, 323, 122, 442, 149], [3, 0, 0, 0, 599, 399], [3, 8, 89, 6, 101, 19]], [[1, 1, 240, 193, 347, 347], [1, 2, 255, 151, 269, 160], [1, 3, 251, 155, 275, 170], [1, 4, 309, 154, 323, 162], [1, 7, 288, 154, 301, 163], [1, 9, 270, 151, 281, 160], [2, 0, 251, 131, 345, 155], [3, 0, 0, 26, 599, 399]], [[1, 2, 231, 196, 361, 314], [1, 4, 442, 175, 501, 216], [1, 7, 501, 206, 599, 302], [1, 9, 308, 175, 367, 240], [2, 0, 133, 83, 429, 171], [3, 0, 0, 0, 599, 399]], [[1, 2, 212, 155, 244, 177], [1, 3, 219, 201, 368, 321], [1, 4, 318, 159, 343, 175], [1, 7, 289, 161, 316, 182], [1, 9, 243, 154, 265, 174], [2, 0, 200, 117, 359, 160], [3, 0, 0, 21, 599, 399]], [[1, 4, 206, 221, 344, 342], [2, 0, 0, 78, 281, 217], [3, 0, 0, 50, 599, 399]], [[1, 1, 323, 171, 365, 222], [1, 2, 285, 152, 295, 159], [1, 3, 287, 155, 305, 167], [1, 4, 332, 156, 344, 163], [1, 5, 231, 204, 349, 315], [1, 7, 314, 155, 325, 163], [1, 9, 299, 152, 306, 160], [2, 0, 280, 134, 366, 158], [3, 0, 0, 2, 599, 399]], [[1, 6, 258, 189, 340, 261], [2, 0, 0, 170, 599, 399], [3, 0, 0, 120, 599, 275], [3, 6, 264, 120, 270, 128], [3, 7, 217, 113, 224, 121]], [[1, 2, 0, 237, 32, 280], [1, 4, 300, 172, 354, 215], [1, 7, 239, 205, 353, 322], [1, 9, 28, 172, 148, 253], [2, 0, 0, 72, 336, 167], [3, 0, 0, 0, 599, 399]], [[1, 8, 262, 192, 338, 255], [2, 0, 0, 136, 599, 399], [3, 0, 0, 41, 599, 288], [3, 6, 346, 48, 358, 65], [3, 7, 287, 48, 297, 60]], [[1, 2, 59, 265, 291, 399], [1, 4, 472, 179, 563, 238], [1, 7, 592, 293, 599, 299], [1, 9, 252, 191, 355, 306], [2, 0, 60, 75, 453, 183], [3, 0, 0, 0, 599, 399]]], "distance_down_track": [707.4617309570312, 712.6583862304688, 473.2306823730469, 473.2306823730469, 473.2306823730469, 547.9110717773438, 455.9293518066406, 491.73480224609375, 420.1153259277344, 420.1153259277344], "velocity": [[-4.743910312652588, -11.442296981811523, -4.8329033851623535], [-4.4343647956848145, 0.11399359256029129, -2.235271692276001], [-5.0288286209106445, 0.09964153915643692, -0.20531323552131653], [-4.810549259185791, 0.09685781598091125, -1.319039225578308], [-0.4015100598335266, 0.194670170545578, 0.9710358381271362], [-4.3674540519714355, 0.09694758802652359, -2.5961737632751465], [-1.0198434591293335, -0.5007564425468445, -23.244766235351562], [-6.7116899490356445, 0.12628398835659027, 0.04168805107474327], [6.842864036560059, -3.99314546585083, -22.813426971435547], [-4.859243392944336, 0.0899173691868782, -0.535325288772583]]}