{"track": "overworld", "karts": ["beastie", "kiki", "hexley", "emule", "amanda", "wilber", "adiumy", "xue", "suzanne", "nolok"], "detections": [[[1, 0, 260, 189, 339, 257], [3, 0, 0, 71, 599, 173], [3, 7, 235, 150, 236, 150], [3, 24, 237, 150, 239, 151]], [[1, 1, 262, 181, 332, 261], [1, 2, 372, 183, 372, 185], [1, 7, 388, 190, 389, 191], [1, 8, 288, 174, 321, 198], [1, 9, 370, 185, 372, 187], [3, 0, 0, 42, 599, 196], [3, 5, 582, 161, 586, 161]], [[1, 0, 460, 133, 466, 135], [1, 2, 274, 196, 329, 272], [1, 7, 308, 158, 319, 168], [1, 9, 254, 178, 288, 206], [2, 0, 404, 137, 408, 141], [3, 0, 0, 0, 599, 200]], [[1, 3, 258, 199, 336, 282], [1, 6, 353, 173, 452, 260], [2, 7, 110, 146, 320, 199], [2, 24, 320, 147, 599, 209], [3, 7, 0, 0, 323, 185], [3, 24, 321, 0, 599, 148]], [[1, 4, 240, 189, 352, 285], [3, 0, 320, 156, 487, 175]], [[1, 5, 257, 189, 331, 259], [3, 0, 387, 70, 599, 166]], [[1, 3, 58, 230, 217, 358], [1, 6, 252, 190, 355, 305], [2, 7, 0, 328, 244, 399], [2, 24, 234, 329, 599, 399], [3, 0, 0, 0, 599, 176], [3, 7, 0, 44, 289, 331], [3, 24, 245, 44, 599, 331]], [[1, 0, 457, 132, 463, 136], [1, 7, 271, 187, 338, 265], [2, 0, 395, 135, 401, 140], [3, 0, 0, 0, 599, 264], [3, 4, 506, 103, 508, 103], [3, 6, 412, 102, 412, 102], [3, 7, 511, 101, 519, 104], [3, 8, 511, 102, 513, 103], [3, 24, 519, 101, 525, 104]], [[1, 2, 366, 185, 367, 187], [1, 7, 381, 190, 382, 191], [1, 8, 256, 200, 338, 263], [1, 9, 364, 186, 366, 189], [3, 0, 0, 54, 599, 202]], [[1, 2, 385, 309, 599, 399], [1, 7, 310, 165, 322, 178], [1, 9, 273, 203, 331, 258], [2, 0, 398, 144, 402, 147], [3, 0, 0, 0, 599, 225], [3, 5, 422, 113, 424, 113], [3, 6, 437, 106, 437, 106]]], "distance_down_track": [47.78044128417969, 1374.5234375, 1423.745361328125, 621.84130859375, 505.0520324707031, 172.89752197265625, 621.7353515625, 1443.3739013671875, 1378.9853515625, 1426.77783203125], "velocity": [[6.234145641326904, -0.9914649128913879, 23.310401916503906], [-18.11921501159668, 0.8272930383682251, 5.484681129455566], [-14.547306060791016, -3.4957854747772217, 12.761959075927734], [-1.1511530876159668, -0.6363886594772339, -2.6205713748931885], [11.356109619140625, 1.6630842685699463, -8.431787490844727], [19.998374938964844, 0.9544524550437927, 2.6011393070220947], [-0.007113893982023001, -0.03817998245358467, 0.11060113459825516], [-13.273831367492676, -3.951211452484131, 15.384513854980469], [-18.33648681640625, -0.1456155925989151, 6.331210613250732], [-15.017746925354004, -3.9858667850494385, 14.596890449523926]]}