{"track": "tutorial", "karts": ["puffy", "hexley", "tux", "suzanne", "pidgin", "nolok", "beastie", "gavroche", "amanda", "adiumy"], "detections": [[[1, 0, 204, 203, 394, 327], [1, 5, 371, 201, 481, 301], [1, 7, 229, 206, 281, 257], [1, 8, 0, 198, 2, 203], [2, 0, 0, 119, 161, 183], [3, 0, 0, 11, 599, 399]], [[1, 0, 418, 197, 427, 204], [1, 1, 239, 193, 349, 352], [1, 5, 428, 199, 436, 205], [1, 6, 320, 197, 331, 205], [1, 7, 415, 197, 422, 203], [1, 8, 362, 183, 371, 190], [2, 0, 0, 156, 599, 399], [3, 0, 0, 0, 599, 258], [3, 8, 126, 36, 136, 46]], [[1, 2, 260, 198, 338, 263], [2, 0, 0, 156, 599, 399], [3, 0, 0, 119, 599, 315], [3, 6, 168, 129, 174, 138], [3, 7, 109, 117, 119, 126]], [[1, 2, 255, 150, 267, 158], [1, 3, 240, 181, 367, 277], [1, 4, 395, 206, 524, 269], [1, 9, 261, 263, 475, 399], [2, 0, 0, 147, 599, 399], [3, 0, 0, 111, 599, 399], [3, 6, 7, 106, 22, 118], [5, 20, 458, 169, 473, 188], [5, 21, 381, 166, 395, 186]], [[1, 2, 240, 148, 252, 156], [1, 3, 0, 178, 154, 315], [1, 4, 233, 216, 361, 304], [2, 0, 0, 143, 599, 399], [3, 0, 0, 106, 599, 243], [3, 6, 24, 101, 37, 113], [5, 20, 420, 171, 434, 193], [5, 21, 332, 166, 348, 188]], [[1, 0, 0, 201, 232, 393], [1, 5, 241, 206, 364, 323], [2, 0, 0, 134, 49, 152], [3, 0, 0, 25, 599, 399]], [[1, 0, 446, 161, 490, 177], [1, 5, 473, 162, 495, 178], [1, 6, 216, 181, 378, 320], [1, 7, 424, 164, 452, 180], [1, 8, 280, 151, 304, 171], [2, 0, 143, 109, 306, 155], [3, 0, 0, 11, 599, 399]], [[1, 0, 313, 148, 476, 235], [1, 5, 273, 163, 363, 209], [1, 7, 239, 205, 355, 320], [3, 0, 0, 3, 599, 399]], [[1, 8, 204, 182, 362, 336], [2, 0, 0, 86, 265, 216], [3, 0, 0, 62, 599, 399]], [[1, 2, 197, 156, 209, 163], [1, 3, 246, 175, 301, 217], [1, 4, 318, 184, 370, 213], [1, 9, 268, 197, 331, 253], [2, 0, 6, 155, 599, 399], [3, 0, 0, 114, 599, 399], [5, 20, 362, 166, 370, 179], [5, 21, 312, 166, 321, 180]]], "distance_down_track": [712.6583862304688, 699.9141235351562, 455.9293518066406, 455.9293518066406, 455.9293518066406, 547.9110717773438, 455.9293518066406, 491.73480224609375, 420.1153259277344, 409.40948486328125], "velocity": [[-0.025060903280973434, 0.07600786536931992, 0.5695247054100037], [-1.777943730354309, -0.2753140330314636, -2.0058422088623047], [-7.509793281555176, 1.271695613861084, -16.5716609954834], [-8.023048400878906, 0.8245658278465271, -7.617229461669922], [-7.496946334838867, 0.7545692324638367, -7.284518241882324], [-0.3644855320453644, 0.10643555968999863, -0.17723508179187775], [-5.031949043273926, 0.09746327996253967, -0.6883054375648499], [-0.10522153973579407, 0.09022650122642517, 1.661512851715088], [-0.3219849765300751, -0.6912592649459839, 0.3573378324508667], [-18.267784118652344, 1.4227244853973389, -11.262236595153809]]}