{"track": "snowtuxpeak", "karts": ["pidgin", "amanda", "xue", "tux", "gavroche", "emule", "puffy", "sara_the_wizard", "beastie", "gnu"], "detections": [[[1, 0, 262, 209, 331, 259], [1, 3, 251, 145, 270, 158], [2, 0, 0, 138, 599, 399], [3, 0, 0, 0, 599, 308], [3, 1, 37, 33, 71, 73], [6, 18, 365, 156, 403, 185]], [[1, 1, 261, 192, 341, 259], [1, 2, 505, 191, 513, 198], [1, 5, 369, 155, 373, 158], [1, 6, 327, 158, 336, 163], [1, 8, 0, 166, 92, 220], [1, 9, 231, 152, 271, 185], [2, 0, 0, 151, 599, 399], [3, 0, 0, 57, 599, 399], [4, 15, 483, 203, 494, 211], [4, 16, 510, 207, 522, 214], [4, 17, 540, 211, 554, 219]], [[1, 1, 354, 90, 360, 91], [1, 2, 265, 187, 334, 264], [1, 6, 543, 81, 545, 81], [1, 9, 379, 88, 381, 89], [2, 0, 0, 83, 599, 399], [3, 0, 0, 0, 599, 268], [4, 14, 414, 157, 439, 177], [4, 15, 355, 159, 381, 179], [4, 16, 292, 160, 318, 182], [4, 17, 221, 162, 248, 185]], [[1, 3, 263, 198, 328, 253], [2, 0, 0, 176, 599, 399], [3, 0, 0, 0, 599, 319], [3, 1, 185, 103, 204, 130]], [[1, 0, 591, 148, 599, 152], [1, 4, 272, 202, 323, 251], [2, 0, 0, 116, 599, 399], [3, 0, 0, 0, 599, 399], [3, 1, 488, 31, 513, 64]], [[1, 5, 263, 200, 328, 265], [2, 0, 0, 150, 599, 399], [3, 0, 0, 0, 599, 399], [3, 1, 439, 43, 473, 88], [5, 12, 353, 147, 362, 159], [5, 13, 425, 149, 434, 159], [6, 22, 418, 157, 453, 163]], [[1, 5, 318, 154, 325, 158], [1, 6, 257, 201, 343, 260], [1, 7, 507, 164, 514, 171], [2, 0, 0, 145, 599, 399], [3, 0, 0, 87, 599, 237], [3, 1, 540, 18, 586, 72], [5, 12, 353, 146, 354, 148], [5, 13, 384, 145, 385, 146]], [[1, 1, 455, 98, 460, 101], [1, 2, 359, 161, 374, 175], [1, 7, 276, 187, 326, 270], [1, 8, 479, 98, 487, 101], [1, 9, 478, 95, 481, 98], [2, 0, 0, 78, 599, 399], [3, 0, 0, 0, 599, 245], [4, 14, 447, 159, 463, 170], [4, 15, 409, 158, 423, 168], [4, 16, 375, 157, 387, 167], [4, 17, 342, 157, 353, 166]], [[1, 1, 542, 200, 599, 229], [1, 2, 443, 173, 446, 175], [1, 5, 320, 153, 324, 154], [1, 6, 307, 157, 314, 162], [1, 8, 266, 189, 347, 262], [1, 9, 370, 154, 412, 187], [2, 0, 0, 146, 599, 399], [3, 0, 0, 101, 599, 260], [3, 1, 515, 37, 552, 82]], [[1, 2, 465, 183, 469, 184], [1, 5, 331, 153, 335, 155], [1, 6, 301, 158, 311, 164], [1, 7, 446, 160, 449, 163], [1, 9, 271, 159, 329, 231], [2, 0, 0, 146, 599, 399], [3, 0, 0, 87, 599, 313], [3, 1, 559, 24, 599, 76], [4, 16, 477, 193, 486, 196], [4, 17, 501, 194, 512, 201], [5, 12, 358, 147, 358, 148]]], "distance_down_track": [711.6090698242188, 756.1155395507812, 874.5363159179688, 723.5167236328125, 666.4155883789062, 818.91845703125, 783.2939453125, 860.9395141601562, 755.5694580078125, 759.2800903320312], "velocity": [[2.014239549636841, -1.629431962966919, -24.01062774658203], [21.27625274658203, -3.291297674179077, 8.080002784729004], [-19.55202293395996, -0.8664620518684387, 6.742225646972656], [12.320172309875488, 0.8436959385871887, -19.1851863861084], [23.61628532409668, -6.7313103675842285, -9.09646987915039], [16.805110931396484, 0.1787232905626297, -12.0849609375], [22.20712661743164, -3.4083311557769775, -1.7075004577636719], [-19.646692276000977, -0.8019001483917236, 1.5668401718139648], [22.709163665771484, -3.500246286392212, 3.0886943340301514], [21.738935470581055, -3.3410043716430664, 0.8605245351791382]]}