{"track": "tutorial", "karts": ["puffy", "hexley", "tux", "suzanne", "pidgin", "nolok", "beastie", "gavroche", "amanda", "adiumy"], "detections": [[[1, 0, 246, 194, 365, 310], [1, 1, 452, 155, 466, 165], [1, 2, 365, 150, 376, 157], [1, 3, 349, 221, 443, 282], [1, 4, 311, 154, 328, 163], [1, 5, 439, 153, 455, 161], [1, 6, 415, 151, 432, 161], [1, 7, 384, 150, 395, 157], [1, 9, 396, 150, 405, 158], [2, 0, 321, 129, 404, 150], [3, 0, 0, 0, 599, 399], [3, 8, 91, 30, 103, 43]], [[1, 1, 245, 192, 355, 350], [1, 5, 99, 183, 265, 273], [1, 6, 0, 196, 82, 288], [2, 0, 0, 111, 14, 115], [3, 0, 0, 24, 599, 399]], [[1, 2, 231, 196, 360, 315], [1, 5, 551, 171, 599, 209], [1, 6, 447, 162, 535, 215], [1, 7, 297, 169, 362, 211], [1, 9, 351, 165, 400, 207], [2, 0, 0, 65, 299, 168], [3, 0, 0, 0, 599, 399]], [[1, 0, 0, 140, 228, 326], [1, 1, 496, 161, 515, 173], [1, 2, 392, 155, 405, 163], [1, 3, 221, 202, 373, 308], [1, 4, 325, 155, 345, 165], [1, 5, 481, 159, 501, 169], [1, 6, 451, 157, 472, 168], [1, 7, 415, 156, 428, 164], [1, 9, 429, 156, 440, 165], [2, 0, 346, 135, 440, 157], [3, 0, 0, 0, 599, 399], [3, 8, 153, 52, 162, 62]], [[1, 1, 367, 161, 384, 175], [1, 2, 244, 155, 263, 172], [1, 4, 253, 214, 358, 292], [1, 5, 348, 158, 369, 170], [1, 6, 314, 155, 337, 171], [1, 7, 259, 154, 280, 167], [1, 9, 279, 154, 293, 168], [2, 0, 99, 106, 262, 154], [3, 0, 0, 18, 599, 399]], [[1, 1, 265, 187, 393, 261], [1, 5, 233, 206, 353, 322], [3, 0, 0, 11, 599, 399]], [[1, 1, 293, 169, 362, 212], [1, 5, 276, 171, 328, 216], [1, 6, 203, 180, 378, 332], [3, 0, 0, 31, 599, 399]], [[1, 1, 389, 154, 435, 183], [1, 5, 376, 155, 402, 184], [1, 6, 336, 157, 394, 210], [1, 7, 233, 205, 350, 323], [1, 9, 278, 177, 353, 245], [2, 0, 0, 225, 35, 269], [3, 0, 0, 31, 599, 399]], [[1, 8, 251, 191, 341, 261], [2, 0, 0, 173, 599, 399], [3, 0, 0, 62, 599, 367], [3, 6, 340, 51, 354, 73], [3, 7, 255, 58, 269, 72]], [[1, 6, 514, 189, 599, 297], [1, 7, 73, 202, 252, 311], [1, 9, 252, 190, 357, 306], [2, 0, 0, 120, 277, 218], [3, 0, 0, 80, 599, 399]]], "distance_down_track": [709.6458129882812, 712.6583862304688, 561.7310180664062, 561.7310180664062, 547.9110717773438, 605.3455200195312, 547.9110717773438, 576.2125244140625, 532.0, 532.0], "velocity": [[-2.321688413619995, -0.3020331859588623, -6.599916934967041], [-0.14759090542793274, 0.09041758626699448, -0.0007566300337202847], [-7.144500732421875, 0.12522493302822113, 0.17204561829566956], [-7.014221668243408, 0.3122963607311249, -2.565006732940674], [-7.600881099700928, 0.1348389983177185, -1.0932561159133911], [0.2921043634414673, 0.04881367087364197, 1.3545526266098022], [0.10075106471776962, 0.05688200145959854, 1.6683018207550049], [-0.6590221524238586, 0.12596182525157928, 0.6544378995895386], [5.072582721710205, -1.8490833044052124, -23.538740158081055], [0.022204477339982986, 0.06428442895412445, 1.1493275165557861]]}