{"track": "tutorial", "karts": ["puffy", "hexley", "tux", "suzanne", "pidgin", "nolok", "beastie", "gavroche", "amanda", "adiumy"], "detections": [[[1, 0, 204, 201, 388, 327], [1, 1, 282, 152, 303, 171], [1, 3, 47, 185, 199, 270], [1, 4, 320, 160, 331, 172], [1, 5, 143, 156, 170, 172], [1, 7, 139, 165, 193, 196], [1, 8, 323, 156, 348, 178], [2, 0, 87, 118, 259, 156], [3, 0, 0, 34, 599, 399]], [[1, 1, 245, 193, 353, 343], [1, 4, 432, 235, 599, 317], [2, 0, 0, 131, 138, 234], [3, 0, 0, 96, 599, 399]], [[1, 0, 354, 203, 370, 214], [1, 1, 392, 176, 404, 185], [1, 2, 233, 196, 354, 306], [1, 3, 341, 197, 354, 206], [1, 4, 410, 184, 418, 190], [1, 5, 341, 171, 348, 177], [1, 7, 344, 186, 354, 192], [1, 8, 402, 186, 414, 195], [2, 0, 0, 140, 531, 399], [3, 0, 0, 0, 599, 399], [3, 8, 102, 6, 113, 20]], [[1, 0, 437, 222, 599, 399], [1, 1, 311, 152, 330, 172], [1, 3, 222, 201, 371, 319], [1, 4, 352, 160, 365, 173], [1, 5, 168, 157, 194, 174], [1, 7, 199, 168, 248, 204], [1, 8, 363, 156, 391, 180], [2, 0, 101, 116, 277, 157], [3, 0, 0, 31, 599, 399]], [[1, 1, 0, 179, 160, 323], [1, 4, 224, 217, 374, 322], [1, 8, 419, 345, 599, 399], [2, 0, 0, 108, 83, 144], [3, 0, 0, 54, 599, 399]], [[1, 5, 236, 205, 353, 323], [2, 0, 0, 76, 422, 176], [3, 0, 0, 0, 599, 399]], [[1, 0, 329, 206, 344, 213], [1, 1, 368, 185, 378, 192], [1, 2, 221, 172, 259, 203], [1, 3, 320, 201, 330, 208], [1, 4, 381, 192, 389, 196], [1, 5, 325, 181, 331, 186], [1, 6, 242, 186, 355, 281], [1, 7, 325, 193, 333, 198], [1, 8, 374, 192, 384, 200], [1, 9, 374, 195, 485, 281], [2, 0, 0, 155, 599, 399], [3, 0, 0, 0, 599, 397], [3, 8, 111, 34, 122, 46]], [[1, 1, 359, 155, 381, 184], [1, 4, 413, 167, 448, 187], [1, 5, 160, 160, 200, 186], [1, 7, 239, 205, 353, 320], [1, 8, 447, 163, 505, 200], [2, 0, 69, 105, 300, 160], [3, 0, 0, 21, 599, 399]], [[1, 1, 106, 159, 197, 229], [1, 4, 238, 182, 285, 223], [1, 8, 229, 187, 366, 308], [2, 0, 0, 82, 111, 171], [3, 0, 0, 13, 599, 399]], [[1, 0, 353, 206, 367, 214], [1, 1, 400, 188, 412, 195], [1, 2, 219, 165, 254, 191], [1, 3, 345, 200, 356, 207], [1, 4, 413, 195, 423, 200], [1, 5, 356, 181, 363, 186], [1, 6, 171, 174, 257, 240], [1, 7, 352, 192, 362, 198], [1, 8, 405, 196, 416, 203], [1, 9, 267, 185, 331, 245], [2, 0, 0, 155, 592, 399], [3, 0, 0, 0, 599, 399], [3, 8, 180, 41, 188, 49]]], "distance_down_track": [712.6583862304688, 712.6583862304688, 694.2288208007812, 694.2288208007812, 694.2288208007812, 729.2155151367188, 675.6192626953125, 712.6583862304688, 675.6192626953125, 656.4569091796875], "velocity": [[-4.8286566734313965, 0.09271214157342911, -0.7505434155464172], [-0.08552490919828415, 0.031421124935150146, 0.12091866880655289], [-5.7947258949279785, -3.246391534805298, -5.989449501037598], [-4.950592041015625, 0.09801705181598663, -0.6219775080680847], [-0.07011410593986511, 0.0893513485789299, 0.0012719485675916076], [-4.778496742248535, 0.07617068290710449, -0.8068623542785645], [-10.479351997375488, -1.4822887182235718, -12.127182006835938], [-4.985755920410156, 0.09888670593500137, -0.5624107718467712], [-10.239055633544922, 0.15150493383407593, 0.8857114911079407], [-11.989709854125977, -1.9762556552886963, -16.701812744140625]]}