{"track": "tutorial", "karts": ["puffy", "hexley", "tux", "suzanne", "pidgin", "nolok", "beastie", "gavroche", "amanda", "adiumy"], "detections": [[[1, 0, 207, 201, 387, 329], [1, 3, 0, 138, 60, 194], [1, 4, 333, 190, 416, 245], [1, 7, 263, 173, 334, 223], [2, 0, 0, 78, 126, 157], [3, 0, 0, 19, 599, 399]], [[1, 0, 438, 152, 457, 162], [1, 1, 256, 196, 332, 298], [1, 3, 395, 141, 409, 151], [1, 4, 459, 155, 477, 162], [1, 7, 451, 151, 461, 160], [1, 8, 305, 146, 324, 161], [2, 0, 325, 126, 414, 148], [3, 0, 0, 0, 599, 399], [3, 8, 96, 33, 107, 45]], [[1, 2, 263, 198, 330, 256], [2, 0, 0, 167, 599, 399], [3, 0, 0, 44, 599, 367], [3, 6, 325, 31, 341, 55], [3, 7, 233, 37, 248, 54]], [[1, 3, 218, 201, 368, 342], [1, 7, 553, 228, 599, 261], [2, 0, 0, 115, 216, 287], [3, 0, 0, 0, 599, 399]], [[1, 0, 410, 200, 599, 399], [1, 4, 237, 219, 385, 327], [1, 7, 18, 275, 259, 399], [3, 0, 0, 18, 599, 399]], [[1, 2, 317, 171, 337, 187], [1, 5, 280, 202, 330, 267], [1, 6, 150, 216, 365, 399], [2, 0, 0, 172, 599, 399], [3, 0, 0, 61, 599, 359], [3, 6, 392, 50, 408, 71], [3, 7, 305, 59, 318, 73]], [[1, 2, 315, 170, 333, 183], [1, 5, 288, 188, 326, 220], [1, 6, 255, 188, 341, 263], [2, 0, 0, 173, 599, 399], [3, 0, 0, 62, 599, 333], [3, 6, 385, 51, 401, 72], [3, 7, 300, 61, 313, 75]], [[1, 0, 415, 178, 599, 300], [1, 4, 311, 195, 400, 253], [1, 7, 238, 205, 353, 322], [3, 0, 0, 26, 599, 399]], [[1, 0, 517, 173, 563, 195], [1, 3, 403, 149, 427, 168], [1, 4, 552, 176, 582, 194], [1, 7, 506, 169, 532, 185], [1, 8, 221, 185, 362, 311], [2, 0, 270, 124, 410, 162], [3, 0, 0, 13, 599, 399]], [[1, 2, 260, 128, 262, 130], [1, 5, 251, 128, 252, 130], [1, 6, 247, 127, 251, 130], [1, 9, 265, 194, 334, 264], [2, 0, 0, 129, 599, 399], [3, 0, 0, 48, 599, 257], [3, 6, 346, 46, 358, 62], [3, 7, 288, 44, 298, 55]]], "distance_down_track": [712.6583862304688, 711.8055419921875, 590.8922729492188, 605.3455200195312, 605.3455200195312, 633.04345703125, 590.8922729492188, 619.34228515625, 590.8922729492188, 576.2125244140625], "velocity": [[-8.045899391174316, 0.13373857736587524, 0.37001729011535645], [-6.097072124481201, -0.15391239523887634, -4.220670700073242], [-1.1971927881240845, -2.1446101665496826, -22.32802963256836], [-0.09869753569364548, 0.08009009808301926, 0.23956675827503204], [-0.4615979492664337, 0.21344999969005585, 2.6064274311065674], [4.610884189605713, -1.4774912595748901, -20.137216567993164], [4.730899810791016, -1.2503573894500732, -19.268157958984375], [0.36612021923065186, 0.02807372435927391, 2.447119951248169], [-4.531196594238281, 0.09757869690656662, -2.021883010864258], [4.480691909790039, -2.7877354621887207, -16.567710876464844]]}