{"track": "tutorial", "karts": ["puffy", "hexley", "tux", "suzanne", "pidgin", "nolok", "beastie", "gavroche", "amanda", "adiumy"], "detections": [[[1, 0, 201, 202, 403, 327], [1, 1, 177, 249, 186, 255], [1, 2, 128, 258, 139, 265], [1, 4, 54, 313, 75, 326], [1, 5, 185, 248, 193, 254], [1, 6, 179, 248, 232, 303], [1, 7, 76, 293, 94, 304], [1, 9, 43, 278, 59, 288], [2, 0, 0, 214, 599, 399], [3, 0, 0, 101, 599, 375]], [[1, 1, 244, 192, 354, 351], [1, 5, 358, 197, 512, 310], [2, 0, 0, 88, 143, 203], [3, 0, 0, 52, 599, 399]], [[1, 1, 431, 167, 494, 211], [1, 2, 231, 196, 360, 314], [1, 5, 477, 170, 546, 208], [2, 0, 0, 73, 303, 166], [3, 0, 0, 2, 599, 399]], [[1, 3, 266, 200, 336, 254], [2, 0, 0, 156, 599, 399], [3, 0, 0, 101, 599, 326], [3, 2, 436, 145, 455, 160], [5, 5, 154, 149, 156, 150], [5, 8, 26, 145, 28, 145], [5, 12, 168, 150, 170, 151], [5, 13, 179, 151, 180, 152], [5, 14, 289, 157, 292, 163], [5, 15, 266, 156, 269, 163], [5, 16, 237, 156, 240, 163]], [[1, 1, 529, 165, 554, 182], [1, 2, 423, 161, 446, 177], [1, 4, 265, 210, 329, 254], [1, 5, 557, 168, 582, 185], [1, 7, 339, 180, 379, 211], [1, 9, 301, 157, 321, 175], [2, 0, 350, 128, 487, 160], [3, 0, 0, 0, 599, 399], [3, 8, 119, 39, 130, 50]], [[1, 1, 33, 189, 240, 341], [1, 5, 237, 205, 358, 318], [2, 0, 0, 145, 120, 205], [3, 0, 0, 113, 599, 399]], [[1, 1, 403, 198, 414, 205], [1, 2, 361, 195, 370, 201], [1, 5, 411, 200, 421, 207], [1, 6, 257, 189, 336, 261], [1, 7, 324, 214, 329, 216], [1, 9, 310, 194, 316, 201], [2, 0, 0, 161, 599, 399], [3, 0, 0, 0, 599, 358], [3, 8, 149, 48, 158, 57]], [[1, 1, 408, 163, 422, 180], [1, 2, 320, 161, 342, 180], [1, 5, 428, 165, 445, 181], [1, 7, 239, 205, 351, 316], [1, 9, 128, 154, 176, 189], [2, 0, 220, 124, 356, 162], [3, 0, 0, 24, 599, 399]], [[1, 0, 415, 173, 423, 177], [1, 6, 434, 180, 441, 184], [1, 8, 261, 191, 336, 256], [2, 0, 0, 177, 599, 399], [3, 0, 0, 73, 599, 324], [3, 6, 413, 62, 429, 83], [3, 7, 331, 75, 342, 88], [3, 8, 443, 103, 443, 103]], [[1, 1, 429, 180, 453, 197], [1, 2, 381, 182, 411, 204], [1, 5, 451, 182, 474, 198], [1, 9, 270, 194, 332, 259], [2, 0, 225, 131, 357, 176], [3, 0, 0, 23, 599, 399]]], "distance_down_track": [712.6583862304688, 712.6583862304688, 302.88641357421875, 268.0081787109375, 310.5081787109375, 383.7624206542969, 268.0081787109375, 343.6702575683594, 225.50819396972656, 225.50819396972656], "velocity": [[-0.07043887674808502, 0.0817890465259552, 0.0012614007573574781], [-0.14492492377758026, 0.09891387075185776, 0.012911691330373287], [-6.358494281768799, 0.1195005550980568, 0.016163652762770653], [19.924768447875977, 1.3739265203475952, 11.406834602355957], [-7.900604248046875, 0.0391853004693985, -8.46047592163086], [0.019038980826735497, -0.11588867753744125, 0.00627913698554039], [-15.407301902770996, -3.053886890411377, -18.380874633789062], [-4.587119102478027, 0.20689934492111206, -1.4285343885421753], [10.113139152526855, -1.0902256965637207, -21.903385162353516], [-10.74421501159668, -0.4445118308067322, -3.0522406101226807]]}