{"track": "overworld", "karts": ["beastie", "kiki", "hexley", "emule", "amanda", "wilber", "adiumy", "xue", "suzanne", "nolok"], "detections": [[[1, 0, 256, 189, 342, 262], [3, 0, 0, 0, 599, 168]], [[1, 1, 267, 184, 323, 248], [1, 2, 492, 159, 499, 162], [1, 7, 465, 159, 471, 161], [1, 8, 340, 162, 358, 174], [1, 9, 448, 158, 457, 162], [3, 0, 6, 83, 599, 157]], [[1, 0, 533, 147, 541, 152], [1, 2, 273, 196, 327, 269], [1, 7, 166, 159, 182, 168], [3, 0, 203, 44, 599, 152]], [[1, 3, 238, 198, 359, 317], [1, 6, 309, 188, 322, 201], [2, 7, 219, 184, 291, 200], [2, 24, 292, 184, 388, 201], [3, 0, 0, 0, 599, 219], [3, 7, 140, 0, 291, 197], [3, 24, 291, 0, 458, 200]], [[1, 1, 369, 170, 372, 171], [1, 2, 568, 177, 569, 178], [1, 4, 260, 179, 336, 244], [1, 8, 399, 170, 403, 171], [1, 9, 502, 174, 507, 175], [3, 0, 0, 90, 388, 172], [3, 7, 289, 162, 292, 163], [3, 24, 293, 163, 295, 163]], [[1, 5, 264, 189, 339, 261], [3, 0, 0, 0, 599, 295]], [[1, 6, 253, 190, 355, 299], [2, 7, 0, 226, 219, 288], [2, 24, 217, 227, 562, 291], [3, 7, 0, 0, 229, 226], [3, 24, 220, 0, 599, 288]], [[1, 0, 290, 153, 294, 156], [1, 7, 261, 187, 329, 265], [3, 0, 0, 0, 599, 155]], [[1, 2, 438, 174, 444, 178], [1, 7, 400, 174, 405, 176], [1, 8, 259, 200, 331, 258], [1, 9, 404, 174, 413, 179], [3, 0, 413, 80, 599, 172]], [[1, 0, 463, 141, 469, 143], [1, 2, 297, 156, 307, 167], [1, 7, 208, 151, 218, 156], [1, 9, 269, 204, 329, 260], [3, 0, 224, 54, 599, 145]]], "distance_down_track": [1208.1114501953125, 154.81430053710938, 215.13253784179688, 621.857177734375, 82.59627532958984, 1339.547119140625, 621.8300170898438, 1156.5423583984375, 168.75453186035156, 200.74386596679688], "velocity": [[-2.71509051322937, 0.5126864314079285, -21.55865478515625], [21.504079818725586, 0.2290283888578415, 11.267882347106934], [18.55614471435547, -0.6259552836418152, -7.532392501831055], [-0.11360180377960205, 0.5602393746376038, 0.612358808517456], [0.5495781302452087, 0.7073699831962585, 24.133380889892578], [-6.198575973510742, 2.2295069694519043, -18.528873443603516], [-0.03074188157916069, 0.5243597030639648, 0.30435359477996826], [-4.1742353439331055, 0.4257376492023468, -20.270286560058594], [21.56847381591797, 1.2067148685455322, 4.891111373901367], [19.06466293334961, -0.28929033875465393, -9.745331764221191]]}