{"track": "overworld", "karts": ["beastie", "kiki", "hexley", "emule", "amanda", "wilber", "adiumy", "xue", "suzanne", "nolok"], "detections": [[[1, 0, 253, 189, 338, 265], [3, 0, 0, 0, 599, 225], [3, 4, 315, 158, 317, 161], [3, 7, 322, 157, 328, 161], [3, 8, 321, 159, 323, 161], [3, 24, 329, 157, 336, 161], [3, 25, 333, 158, 333, 158]], [[1, 1, 270, 183, 331, 253], [1, 2, 282, 165, 283, 167], [1, 3, 286, 166, 287, 167], [1, 6, 292, 164, 294, 166], [2, 24, 287, 162, 311, 163], [3, 0, 0, 45, 599, 185], [3, 7, 248, 87, 286, 163], [3, 8, 250, 92, 265, 109], [3, 24, 283, 87, 322, 164], [3, 25, 302, 92, 322, 122]], [[1, 2, 275, 187, 326, 255], [1, 3, 333, 172, 358, 197], [2, 7, 215, 153, 337, 182], [2, 24, 338, 148, 515, 181], [3, 0, 0, 0, 599, 199], [3, 7, 78, 0, 338, 180], [3, 24, 338, 0, 599, 175]], [[1, 3, 241, 199, 360, 322], [2, 7, 26, 148, 299, 209], [2, 24, 299, 140, 599, 208], [3, 0, 298, 124, 299, 154], [3, 7, 0, 0, 298, 207], [3, 24, 296, 0, 599, 147]], [[1, 4, 258, 192, 340, 261], [3, 0, 253, 106, 549, 177]], [[1, 5, 259, 190, 335, 259], [3, 0, 0, 0, 599, 175]], [[1, 2, 235, 152, 256, 173], [1, 3, 276, 152, 290, 166], [1, 6, 252, 190, 353, 303], [2, 7, 209, 142, 289, 160], [2, 24, 289, 142, 394, 161], [3, 0, 0, 0, 599, 173], [3, 7, 113, 0, 288, 156], [3, 24, 288, 0, 477, 160]], [[1, 7, 264, 187, 332, 264], [3, 0, 0, 101, 515, 165]], [[1, 8, 262, 201, 339, 259], [1, 9, 462, 161, 468, 164], [2, 0, 405, 162, 411, 167], [3, 0, 0, 0, 599, 172], [3, 4, 503, 132, 503, 132], [3, 7, 507, 130, 513, 133], [3, 8, 506, 132, 506, 132], [3, 24, 514, 130, 520, 133]], [[1, 9, 269, 204, 330, 260], [3, 0, 0, 58, 599, 165], [3, 7, 228, 135, 229, 135], [3, 24, 230, 135, 232, 136]]], "distance_down_track": [230.19674682617188, 233.90414428710938, 233.90414428710938, 233.90414428710938, 1093.6033935546875, 1259.4849853515625, 608.89404296875, 501.78265380859375, 1448.573974609375, 44.61622619628906], "velocity": [[-1.6749489307403564, 0.6714420318603516, 21.659961700439453], [0.3395885229110718, -1.7437864542007446, 21.777658462524414], [-2.649580478668213, -2.89833402633667, 21.494230270385742], [0.0029311117250472307, 0.0817122533917427, 0.13022784888744354], [3.577111005783081, 3.2411177158355713, -21.19220542907715], [-0.8034946918487549, 1.9646624326705933, -19.550107955932617], [-0.3764578402042389, -0.9306567907333374, 5.522750377655029], [18.048694610595703, 1.6597963571548462, -9.998980522155762], [-13.323958396911621, -1.3006571531295776, 15.788297653198242], [5.677358150482178, 0.4721255600452423, 19.900619506835938]]}