{"track": "tutorial", "karts": ["puffy", "hexley", "tux", "suzanne", "pidgin", "nolok", "beastie", "gavroche", "amanda", "adiumy"], "detections": [[[1, 0, 204, 203, 394, 327], [2, 0, 0, 100, 82, 137], [3, 0, 0, 47, 599, 399]], [[1, 0, 323, 159, 350, 178], [1, 1, 243, 193, 350, 349], [1, 5, 226, 156, 255, 174], [1, 6, 0, 169, 50, 216], [2, 0, 11, 109, 244, 157], [3, 0, 0, 31, 599, 399]], [[1, 2, 263, 198, 328, 254], [2, 0, 0, 155, 599, 399], [3, 0, 0, 0, 599, 399], [3, 6, 210, 0, 230, 17], [3, 7, 81, 0, 97, 5], [3, 8, 242, 56, 242, 56]], [[1, 3, 222, 203, 369, 325], [2, 0, 394, 11, 560, 71], [3, 0, 0, 0, 599, 399]], [[1, 4, 266, 210, 335, 255], [2, 0, 0, 159, 599, 399], [3, 0, 0, 64, 599, 299], [3, 6, 453, 53, 470, 73], [3, 7, 372, 69, 385, 81]], [[1, 0, 427, 187, 536, 234], [1, 5, 227, 205, 346, 325], [2, 0, 0, 57, 78, 233], [3, 0, 0, 34, 599, 399]], [[1, 0, 494, 171, 562, 199], [1, 5, 364, 164, 398, 186], [1, 6, 208, 180, 379, 330], [2, 0, 123, 103, 349, 163], [3, 0, 0, 15, 599, 399]], [[1, 0, 508, 167, 546, 183], [1, 5, 419, 162, 441, 175], [1, 6, 395, 161, 434, 193], [1, 7, 238, 205, 351, 319], [1, 9, 536, 206, 599, 269], [2, 0, 281, 123, 405, 161], [3, 0, 0, 7, 599, 399]], [[1, 4, 242, 151, 245, 153], [1, 8, 251, 191, 346, 270], [2, 0, 0, 143, 599, 399], [3, 0, 0, 72, 599, 257], [3, 6, 287, 71, 297, 82], [3, 7, 235, 63, 245, 72]], [[1, 0, 457, 165, 487, 181], [1, 1, 521, 181, 599, 232], [1, 5, 369, 159, 391, 173], [1, 6, 295, 157, 331, 189], [1, 7, 0, 235, 23, 256], [1, 9, 249, 191, 351, 303], [2, 0, 230, 121, 367, 159], [3, 0, 0, 21, 599, 399]]], "distance_down_track": [712.6583862304688, 712.6583862304688, 561.7310180664062, 561.7310180664062, 547.9110717773438, 605.3455200195312, 547.9110717773438, 576.2125244140625, 532.0, 532.0], "velocity": [[-0.06958311051130295, 0.08170321583747864, 0.0019234090577811003], [-4.846188545227051, 0.09598375111818314, -0.4710991680622101], [-9.692023277282715, -2.798907518386841, -20.66956329345703], [4.363104820251465, 0.5393895506858826, 2.257904529571533], [13.283647537231445, -0.5568395853042603, -20.160781860351562], [0.025183865800499916, -0.14164121448993683, 0.8721691966056824], [-4.967714309692383, 0.09640273451805115, -0.6652902960777283], [-4.7684736251831055, 0.09154246747493744, -1.3684078454971313], [0.9056773781776428, -2.0668811798095703, -18.209774017333984], [-4.831321716308594, 0.09414795786142349, -1.5035656690597534]]}