{"track": "fortmagma", "karts": ["nolok", "beastie", "sara_the_wizard", "adiumy", "puffy", "konqi", "pidgin", "emule", "xue", "gnu"], "detections": [[[1, 0, 266, 203, 326, 258], [2, 0, 0, 115, 599, 399], [3, 0, 0, 0, 599, 313], [3, 15, 408, 94, 418, 122], [4, 37, 286, 165, 310, 188]], [[1, 1, 249, 199, 364, 368], [1, 5, 313, 292, 337, 305], [1, 9, 254, 284, 310, 350], [2, 0, 0, 235, 599, 399], [3, 0, 0, 0, 599, 386], [3, 15, 505, 228, 599, 240], [5, 28, 482, 248, 487, 251], [6, 26, 477, 282, 574, 333], [6, 27, 0, 284, 86, 340]], [[1, 2, 279, 189, 317, 255], [1, 7, 231, 172, 247, 183], [2, 0, 0, 107, 599, 399], [3, 0, 0, 0, 599, 398], [3, 15, 182, 15, 599, 169], [4, 38, 270, 177, 290, 194], [4, 41, 355, 124, 360, 129], [4, 42, 352, 126, 359, 132], [5, 20, 209, 109, 212, 112], [5, 22, 229, 110, 230, 112], [5, 24, 190, 106, 192, 109], [5, 33, 235, 167, 241, 172]], [[1, 3, 270, 195, 328, 250], [1, 8, 218, 158, 256, 178], [2, 0, 0, 117, 599, 399], [3, 0, 0, 0, 599, 165], [3, 15, 443, 0, 587, 88]], [[1, 4, 265, 199, 349, 264], [2, 0, 195, 157, 599, 399], [3, 0, 0, 0, 599, 399], [3, 15, 185, 0, 599, 171]], [[1, 5, 252, 185, 335, 267], [2, 0, 0, 113, 599, 399], [3, 0, 0, 0, 599, 309], [3, 15, 499, 104, 599, 122], [5, 28, 456, 131, 461, 134]], [[1, 4, 242, 169, 265, 182], [1, 6, 269, 209, 340, 259], [2, 0, 208, 161, 599, 399], [3, 0, 0, 0, 599, 399], [3, 15, 200, 0, 599, 169]], [[1, 6, 203, 171, 218, 179], [1, 7, 275, 199, 334, 259], [2, 0, 128, 76, 599, 399], [3, 0, 0, 0, 599, 399], [3, 15, 179, 0, 599, 165], [4, 41, 575, 89, 594, 102], [4, 42, 578, 92, 599, 106], [4, 43, 571, 97, 578, 103], [5, 20, 310, 79, 313, 81], [5, 22, 336, 83, 339, 86], [5, 24, 289, 79, 292, 82], [5, 33, 325, 162, 336, 173]], [[1, 8, 263, 187, 329, 255], [2, 0, 0, 146, 599, 399], [3, 0, 0, 0, 599, 201], [3, 15, 467, 8, 599, 97], [5, 30, 402, 177, 406, 181]], [[1, 1, 273, 70, 385, 238], [1, 5, 300, 157, 322, 178], [1, 9, 278, 168, 322, 225], [2, 0, 0, 107, 599, 399], [3, 0, 0, 0, 599, 299], [3, 15, 476, 100, 599, 114], [5, 28, 447, 121, 452, 124], [6, 26, 444, 157, 519, 196], [6, 27, 0, 168, 82, 226]]], "distance_down_track": [882.0477294921875, 747.2472534179688, 812.6217651367188, 809.1533203125, 859.6755981445312, 755.4989624023438, 848.7357788085938, 827.3701782226562, 816.5548095703125, 748.3065795898438], "velocity": [[10.865642547607422, -5.333987236022949, -17.176359176635742], [-11.139169692993164, -2.3416941165924072, 0.5206521153450012], [10.43301010131836, -3.584104537963867, -22.152881622314453], [8.179533958435059, -3.3287808895111084, 20.93787384033203], [21.45509147644043, -2.327954053878784, 6.805213451385498], [-18.580934524536133, 0.2280973494052887, 5.897716522216797], [22.600759506225586, -3.290083646774292, -1.5891627073287964], [17.034547805786133, -3.3394641876220703, -13.97792911529541], [17.523832321166992, -3.9989233016967773, 16.81374168395996], [-29.386545181274414, -6.723021030426025, 5.072696208953857]]}