{"track": "overworld", "karts": ["beastie", "kiki", "hexley", "emule", "amanda", "wilber", "adiumy", "xue", "suzanne", "nolok"], "detections": [[[1, 0, 254, 189, 339, 264], [3, 0, 0, 0, 599, 184], [3, 4, 316, 166, 317, 167], [3, 7, 322, 165, 327, 167], [3, 8, 323, 166, 323, 166], [3, 24, 328, 165, 334, 168], [3, 25, 331, 165, 331, 165]], [[1, 1, 270, 184, 331, 252], [1, 2, 272, 164, 276, 168], [1, 3, 261, 161, 263, 162], [3, 0, 0, 100, 581, 169], [3, 1, 163, 155, 195, 173], [3, 2, 195, 136, 208, 151], [3, 3, 192, 126, 203, 135], [3, 4, 190, 110, 204, 124], [3, 7, 228, 121, 251, 162], [3, 8, 228, 122, 238, 134], [3, 24, 247, 120, 272, 161], [3, 25, 260, 124, 271, 146], [255, 16777215, 0, 147, 494, 194]], [[1, 2, 276, 196, 327, 265], [1, 3, 290, 147, 294, 150], [1, 6, 286, 151, 287, 153], [2, 24, 301, 149, 301, 149], [3, 0, 0, 0, 599, 174], [3, 1, 0, 133, 48, 191], [3, 2, 108, 83, 154, 122], [3, 3, 98, 47, 136, 80], [3, 4, 86, 0, 139, 50], [3, 7, 250, 88, 281, 149], [3, 8, 251, 92, 264, 108], [3, 24, 278, 88, 310, 150], [3, 25, 293, 92, 310, 125]], [[1, 3, 270, 200, 326, 257], [1, 6, 297, 174, 302, 178], [2, 7, 264, 170, 293, 176], [2, 24, 293, 168, 329, 176], [3, 0, 0, 0, 599, 178], [3, 7, 235, 53, 292, 176], [3, 24, 287, 52, 346, 173], [3, 25, 339, 82, 347, 125], [255, 16777215, 0, 154, 599, 199]], [[1, 4, 259, 192, 341, 259], [3, 0, 0, 100, 523, 167]], [[1, 5, 263, 189, 339, 260], [2, 0, 411, 137, 415, 140], [3, 0, 0, 0, 599, 189]], [[1, 6, 255, 191, 349, 292], [2, 7, 186, 135, 285, 158], [2, 24, 285, 136, 415, 159], [3, 0, 0, 0, 599, 172], [3, 7, 68, 0, 284, 154], [3, 24, 283, 0, 519, 158]], [[1, 4, 269, 160, 273, 163], [1, 7, 273, 186, 340, 266], [3, 0, 0, 79, 586, 231]], [[1, 0, 179, 145, 182, 147], [1, 8, 258, 201, 334, 260], [1, 9, 456, 146, 464, 149], [3, 0, 0, 99, 504, 169], [3, 4, 184, 145, 184, 145], [3, 7, 191, 144, 195, 145], [3, 24, 196, 144, 199, 145]], [[1, 9, 263, 202, 324, 261], [3, 0, 309, 60, 599, 154]]], "distance_down_track": [214.29263305664062, 310.2080383300781, 310.2080383300781, 310.2080383300781, 1079.22705078125, 1420.701416015625, 612.2926635742188, 1025.4891357421875, 122.49881744384766, 185.12013244628906], "velocity": [[-2.044863224029541, 0.7930166721343994, 21.624055862426758], [4.377669811248779, -1.796384572982788, 21.33146858215332], [0.9092884659767151, -2.8486132621765137, 21.644424438476562], [-0.45862478017807007, -1.737158179283142, 22.929716110229492], [6.171051979064941, 0.9282007217407227, -20.81986427307129], [-14.964346885681152, -4.0177693367004395, 12.109421730041504], [-0.6448450684547424, -1.6077940464019775, 10.233031272888184], [3.918877363204956, 0.18832190334796906, -20.324785232543945], [9.220124244689941, -0.614477813243866, 18.52300453186035], [20.172056198120117, -0.01789531297981739, -4.645181655883789]]}