{"track": "snowmountain", "karts": ["adiumy", "beastie", "sara_the_racer", "wilber", "nolok", "gavroche", "konqi", "sara_the_wizard", "tux", "xue"], "detections": [[[1, 0, 271, 195, 330, 254], [2, 0, 0, 154, 599, 399], [3, 0, 0, 0, 599, 233], [3, 20, 294, 69, 303, 82], [3, 21, 297, 73, 300, 80]], [[1, 1, 249, 187, 350, 273], [1, 2, 366, 164, 369, 168], [1, 3, 392, 270, 597, 399], [1, 4, 373, 165, 377, 168], [1, 6, 371, 165, 373, 168], [1, 7, 342, 162, 349, 172], [1, 8, 60, 245, 263, 399], [2, 0, 0, 167, 599, 399], [3, 0, 0, 0, 599, 264], [3, 86, 0, 126, 98, 198], [4, 21, 392, 166, 394, 167], [6, 6, 381, 167, 381, 167]], [[1, 2, 280, 178, 320, 253], [1, 6, 293, 163, 309, 178], [1, 9, 285, 158, 289, 159], [2, 0, 0, 158, 599, 399], [3, 0, 0, 66, 599, 236], [4, 21, 317, 155, 322, 158], [5, 31, 278, 157, 280, 159], [6, 6, 297, 153, 303, 159]], [[1, 1, 238, 174, 284, 213], [1, 2, 343, 167, 345, 170], [1, 3, 256, 190, 335, 258], [1, 4, 348, 168, 351, 169], [1, 7, 315, 164, 321, 173], [1, 8, 190, 190, 243, 234], [2, 0, 0, 169, 599, 399], [3, 0, 0, 0, 599, 326], [3, 86, 0, 129, 87, 193]], [[1, 2, 252, 165, 272, 199], [1, 4, 272, 203, 327, 254], [1, 6, 291, 160, 304, 172], [1, 9, 303, 157, 306, 158], [2, 0, 0, 158, 599, 399], [3, 0, 0, 67, 599, 264], [4, 21, 332, 154, 336, 158], [5, 31, 295, 156, 297, 158], [6, 6, 313, 153, 319, 158]], [[1, 5, 272, 202, 323, 251], [2, 0, 0, 162, 599, 399], [3, 0, 0, 0, 599, 283], [3, 98, 421, 122, 441, 133]], [[1, 6, 262, 192, 339, 265], [1, 9, 281, 159, 285, 161], [2, 0, 0, 160, 599, 399], [3, 0, 0, 56, 599, 232], [4, 21, 320, 156, 327, 161], [5, 31, 270, 158, 273, 162], [6, 6, 295, 154, 302, 161]], [[1, 2, 309, 159, 313, 167], [1, 4, 322, 162, 329, 168], [1, 6, 314, 160, 317, 164], [1, 7, 281, 188, 321, 266], [1, 9, 307, 161, 310, 162], [2, 0, 0, 162, 599, 399], [3, 0, 0, 81, 599, 231], [4, 21, 329, 159, 331, 161], [5, 31, 303, 161, 304, 162], [6, 6, 316, 158, 317, 161]], [[1, 1, 315, 172, 380, 225], [1, 2, 384, 160, 385, 163], [1, 3, 406, 212, 599, 371], [1, 4, 390, 161, 394, 163], [1, 6, 389, 161, 390, 163], [1, 7, 360, 158, 367, 167], [1, 8, 264, 198, 341, 265], [2, 0, 0, 163, 599, 399], [3, 0, 0, 0, 599, 241], [3, 86, 0, 127, 135, 198], [4, 21, 411, 162, 412, 162], [6, 6, 398, 162, 398, 163]], [[1, 9, 255, 215, 352, 298], [2, 0, 0, 159, 599, 399], [3, 0, 0, 0, 599, 272]]], "distance_down_track": [747.3651733398438, 588.3390502929688, 633.9541625976562, 585.8053588867188, 629.8628540039062, 451.1509704589844, 644.2283935546875, 607.3661499023438, 586.7626342773438, 685.63134765625], "velocity": [[-0.9578518271446228, -1.2331477403640747, 20.641023635864258], [17.161582946777344, 1.7481038570404053, 4.45659875869751], [22.031774520874023, 0.1971815824508667, -1.3256192207336426], [19.904735565185547, 1.873846173286438, 0.013136780820786953], [23.388324737548828, 0.20087894797325134, 0.7113139629364014], [-4.167845726013184, 2.5983150005340576, -23.765153884887695], [20.659452438354492, 0.3044319450855255, -1.2586801052093506], [20.67514991760254, 0.967937171459198, 0.301954984664917], [19.407604217529297, 2.3752987384796143, 7.849935531616211], [11.034844398498535, 0.08176885545253754, 3.2365896701812744]]}