{"track": "overworld", "karts": ["beastie", "kiki", "hexley", "emule", "amanda", "wilber", "adiumy", "xue", "suzanne", "nolok"], "detections": [[[1, 0, 260, 189, 345, 262], [3, 0, 0, 94, 471, 224]], [[1, 1, 268, 183, 329, 253], [1, 2, 286, 144, 287, 145], [3, 0, 0, 55, 599, 151], [3, 7, 247, 137, 248, 137], [3, 8, 246, 137, 246, 137], [3, 24, 249, 137, 251, 138]], [[1, 2, 271, 196, 323, 266], [3, 0, 0, 88, 594, 179], [3, 7, 151, 144, 155, 145], [3, 8, 152, 144, 152, 144], [3, 24, 157, 144, 160, 145], [3, 25, 160, 144, 160, 144]], [[1, 3, 242, 200, 359, 321], [1, 6, 273, 167, 313, 206], [2, 7, 206, 142, 287, 160], [2, 24, 287, 142, 392, 161], [3, 0, 0, 0, 599, 172], [3, 7, 109, 0, 286, 157], [3, 24, 284, 0, 474, 159]], [[1, 4, 260, 192, 341, 260], [3, 0, 0, 80, 599, 221]], [[1, 5, 257, 189, 329, 258], [1, 8, 111, 179, 207, 235], [1, 9, 245, 167, 276, 191], [3, 0, 0, 0, 599, 164]], [[1, 6, 255, 191, 351, 295], [2, 7, 187, 135, 286, 158], [2, 24, 286, 135, 416, 158], [3, 0, 0, 0, 599, 170], [3, 7, 69, 0, 285, 154], [3, 24, 284, 0, 519, 157]], [[1, 7, 270, 187, 338, 265], [3, 0, 0, 0, 599, 178]], [[1, 5, 405, 210, 545, 298], [1, 8, 246, 201, 336, 275], [1, 9, 308, 176, 337, 204], [3, 0, 0, 0, 599, 167]], [[1, 9, 259, 202, 323, 266], [3, 0, 0, 0, 599, 170]]], "distance_down_track": [1048.5389404296875, 55.4022331237793, 137.190673828125, 609.0693969726562, 1396.501220703125, 1185.096923828125, 612.1974487304688, 1313.8072509765625, 1184.996337890625, 1188.9830322265625], "velocity": [[6.158055782318115, -0.8072552680969238, -20.828752517700195], [4.712018966674805, -0.9567568898200989, 21.314407348632812], [11.263980865478516, -0.687565803527832, 17.888721466064453], [-0.39208507537841797, -0.9567007422447205, 5.669222354888916], [-18.949440002441406, -1.2009690999984741, 10.577642440795898], [-1.2883623838424683, 0.9296857118606567, -22.031843185424805], [-0.6128492951393127, -1.5315916538238525, 9.581701278686523], [2.4600753784179688, 2.732470989227295, -20.370851516723633], [-2.2687525749206543, 1.0051233768463135, -17.202415466308594], [-2.8745486736297607, 1.1183385848999023, -20.272584915161133]]}