{"track": "tutorial", "karts": ["puffy", "hexley", "tux", "suzanne", "pidgin", "nolok", "beastie", "gavroche", "amanda", "adiumy"], "detections": [[[1, 0, 204, 201, 388, 324], [1, 5, 380, 187, 389, 192], [1, 6, 362, 181, 372, 188], [1, 8, 369, 185, 378, 192], [2, 0, 0, 153, 599, 399], [3, 0, 0, 0, 599, 352], [3, 8, 102, 32, 112, 42]], [[1, 1, 255, 195, 339, 315], [1, 5, 395, 149, 406, 156], [1, 6, 374, 145, 386, 152], [1, 8, 383, 147, 394, 155], [2, 0, 326, 118, 438, 145], [3, 0, 0, 0, 599, 399], [3, 8, 99, 3, 111, 17]], [[1, 2, 267, 198, 333, 249], [1, 9, 287, 179, 298, 189], [2, 0, 0, 170, 599, 399], [3, 0, 0, 104, 599, 263], [3, 6, 277, 105, 285, 115], [3, 7, 228, 97, 236, 106]], [[1, 2, 284, 175, 291, 179], [1, 3, 258, 201, 340, 258], [1, 7, 288, 177, 300, 186], [2, 0, 0, 178, 599, 399], [3, 0, 0, 0, 599, 257], [3, 6, 263, 138, 268, 147], [3, 7, 217, 133, 223, 135]], [[1, 2, 279, 160, 283, 162], [1, 3, 286, 157, 300, 166], [1, 4, 250, 212, 347, 279], [1, 7, 284, 159, 288, 163], [2, 0, 0, 161, 599, 399], [3, 0, 0, 72, 599, 259], [3, 6, 253, 131, 256, 137], [3, 7, 205, 122, 209, 127]], [[1, 5, 235, 205, 354, 324], [1, 6, 0, 291, 11, 337], [1, 8, 0, 203, 341, 399], [2, 0, 0, 68, 108, 204], [3, 0, 0, 16, 599, 399]], [[1, 5, 311, 175, 382, 212], [1, 6, 202, 179, 377, 332], [1, 8, 331, 169, 451, 255], [2, 0, 0, 84, 109, 269], [3, 0, 0, 31, 599, 399]], [[1, 2, 285, 167, 300, 178], [1, 7, 267, 204, 333, 263], [2, 0, 0, 177, 599, 399], [3, 0, 0, 71, 599, 269], [3, 6, 273, 120, 280, 130], [3, 7, 227, 112, 233, 121]], [[1, 5, 351, 186, 435, 274], [1, 6, 102, 168, 255, 279], [1, 8, 220, 184, 381, 317], [2, 0, 0, 86, 281, 190], [3, 0, 0, 29, 599, 399]], [[1, 9, 272, 195, 327, 250], [2, 0, 0, 150, 599, 399], [3, 0, 0, 67, 599, 267], [3, 6, 294, 76, 303, 89], [3, 7, 242, 70, 251, 80]]], "distance_down_track": [703.0302734375, 706.6920776367188, 491.73480224609375, 491.73480224609375, 491.73480224609375, 561.7310180664062, 491.73480224609375, 512.133544921875, 473.2306823730469, 455.9293518066406], "velocity": [[-5.147790908813477, -1.020092487335205, -5.445037364959717], [-4.041520595550537, -11.720279693603516, -4.1962151527404785], [0.31061801314353943, -2.1865530014038086, -22.893722534179688], [-1.166495442390442, 1.56117582321167, -19.682126998901367], [-1.8429765701293945, 0.8569738268852234, -15.702587127685547], [-0.11859903484582901, 0.1163233295083046, 0.17955295741558075], [-0.4239646792411804, 0.04975678399205208, 0.9668335914611816], [-0.1088750958442688, 0.9848747253417969, -18.248432159423828], [-0.1295316368341446, 0.09649766236543655, 1.762773036956787], [1.826954960823059, -3.2581117153167725, -22.694644927978516]]}