{"track": "overworld", "karts": ["beastie", "kiki", "hexley", "emule", "amanda", "wilber", "adiumy", "xue", "suzanne", "nolok"], "detections": [[[1, 0, 251, 188, 344, 268], [3, 0, 0, 48, 599, 199]], [[1, 1, 267, 183, 328, 253], [1, 2, 288, 170, 293, 173], [1, 6, 295, 167, 298, 169], [2, 7, 266, 167, 291, 173], [2, 24, 292, 166, 324, 172], [3, 0, 0, 2, 599, 182], [3, 7, 240, 64, 291, 173], [3, 24, 286, 63, 339, 170], [3, 25, 316, 73, 338, 105]], [[1, 2, 275, 187, 326, 255], [1, 6, 338, 145, 354, 159], [2, 7, 248, 146, 329, 165], [2, 24, 330, 143, 448, 165], [3, 0, 0, 0, 599, 181], [3, 7, 156, 0, 329, 164], [3, 24, 329, 0, 547, 161]], [[1, 3, 230, 196, 349, 322], [3, 0, 0, 80, 447, 180], [3, 4, 374, 164, 375, 166], [3, 6, 241, 163, 249, 166], [3, 7, 352, 163, 358, 166], [3, 24, 358, 163, 364, 167]], [[1, 4, 255, 191, 336, 261], [3, 0, 0, 0, 599, 191], [3, 3, 317, 154, 317, 154], [3, 4, 315, 150, 318, 152], [3, 7, 321, 147, 329, 154], [3, 8, 321, 150, 323, 152], [3, 24, 330, 147, 339, 154], [3, 25, 335, 148, 339, 152]], [[1, 5, 262, 190, 338, 259], [3, 0, 205, 52, 599, 152]], [[1, 6, 252, 191, 352, 292], [2, 7, 0, 175, 256, 234], [2, 24, 254, 179, 599, 239], [3, 7, 0, 0, 253, 222], [3, 24, 247, 0, 599, 238]], [[1, 3, 300, 148, 308, 155], [1, 7, 263, 187, 331, 264], [3, 0, 0, 0, 433, 160], [3, 6, 306, 156, 310, 158]], [[1, 0, 459, 126, 465, 128], [1, 8, 266, 201, 343, 263], [1, 9, 349, 144, 354, 146], [3, 0, 0, 0, 599, 218]], [[1, 0, 403, 152, 417, 161], [1, 9, 261, 203, 333, 271], [3, 0, 0, 0, 599, 287]]], "distance_down_track": [1373.43896484375, 351.8743896484375, 351.8743896484375, 351.8743896484375, 248.05284118652344, 211.21160888671875, 621.8235473632812, 298.123779296875, 1294.6220703125, 1349.5989990234375], "velocity": [[-19.229930877685547, 1.0001676082611084, 4.546788692474365], [-0.04832577332854271, -1.5409493446350098, 21.795543670654297], [-3.9159820079803467, -3.6504876613616943, 21.183992385864258], [4.806631088256836, 0.36276644468307495, 0.11667929589748383], [-1.6083159446716309, -0.5809468030929565, 21.667625427246094], [18.03057861328125, -0.05854809284210205, -7.849010944366455], [-0.22826004028320312, -0.6428122520446777, -3.155820608139038], [-1.9191921949386597, 0.702633798122406, 20.598857879638672], [2.4873998165130615, 2.853060245513916, -20.35099220275879], [-14.659414291381836, 2.367447853088379, -7.27439546585083]]}