{"track": "tutorial", "karts": ["puffy", "hexley", "tux", "suzanne", "pidgin", "nolok", "beastie", "gavroche", "amanda", "adiumy"], "detections": [[[1, 0, 205, 201, 389, 328], [1, 2, 401, 160, 446, 185], [1, 4, 294, 162, 325, 182], [1, 6, 137, 144, 185, 178], [1, 7, 346, 161, 381, 183], [1, 8, 191, 155, 231, 180], [2, 0, 0, 104, 217, 159], [3, 0, 0, 37, 599, 399]], [[1, 0, 320, 165, 361, 194], [1, 1, 242, 193, 349, 349], [1, 2, 407, 157, 433, 173], [1, 4, 336, 158, 356, 170], [1, 6, 241, 146, 265, 166], [1, 7, 370, 157, 393, 172], [1, 8, 270, 153, 293, 168], [2, 0, 129, 121, 280, 156], [3, 0, 0, 34, 599, 399]], [[1, 2, 230, 197, 362, 314], [2, 0, 599, 29, 599, 30], [3, 0, 0, 17, 599, 399]], [[1, 3, 264, 201, 336, 255], [2, 0, 0, 162, 599, 399], [3, 0, 0, 113, 599, 311], [3, 6, 213, 135, 213, 141], [3, 7, 162, 126, 163, 132]], [[1, 2, 293, 167, 336, 204], [1, 4, 217, 217, 365, 326], [1, 7, 278, 181, 330, 233], [3, 0, 0, 24, 599, 399]], [[1, 5, 269, 203, 331, 261], [2, 0, 84, 151, 599, 399], [3, 0, 0, 118, 599, 399], [5, 6, 489, 181, 510, 209], [5, 7, 397, 181, 419, 210], [5, 8, 279, 180, 303, 211], [5, 17, 198, 158, 204, 164], [5, 18, 223, 158, 228, 164], [5, 19, 242, 158, 246, 163], [5, 20, 108, 148, 113, 152], [5, 21, 94, 148, 99, 151]], [[1, 4, 539, 184, 599, 232], [1, 6, 205, 179, 378, 347], [1, 8, 361, 197, 475, 281], [2, 0, 0, 99, 247, 254], [3, 0, 0, 0, 599, 399]], [[1, 2, 289, 173, 351, 229], [1, 7, 236, 205, 351, 322], [3, 0, 0, 11, 599, 399]], [[1, 4, 487, 201, 599, 263], [1, 6, 0, 86, 161, 399], [1, 7, 580, 212, 599, 235], [1, 8, 219, 184, 380, 315], [2, 0, 0, 69, 177, 187], [3, 0, 0, 33, 599, 399]], [[1, 9, 264, 193, 338, 271], [2, 0, 0, 126, 599, 399], [2, 1, 290, 151, 294, 152], [2, 3, 307, 152, 311, 152], [3, 0, 0, 104, 599, 257], [3, 1, 289, 146, 296, 152], [3, 2, 290, 143, 292, 145], [3, 3, 306, 146, 312, 152], [3, 4, 294, 139, 301, 146], [3, 5, 302, 140, 308, 145], [4, 4, 304, 150, 306, 153], [4, 9, 313, 150, 315, 153], [4, 10, 295, 150, 297, 153], [4, 11, 286, 150, 288, 153]]], "distance_down_track": [712.6583862304688, 712.6583862304688, 300.1455078125, 268.0081787109375, 299.45477294921875, 374.73779296875, 268.0081787109375, 343.6702575683594, 225.50819396972656, 183.00819396972656], "velocity": [[-5.048140048980713, 0.10130435973405838, -0.3009227216243744], [-4.649375915527344, 0.10036686807870865, -0.9519968032836914], [0.7603270411491394, 0.10036265850067139, 1.2774242162704468], [-5.702878475189209, 1.3746964931488037, -21.405733108520508], [-0.00041770143434405327, 0.06345362961292267, 2.600579023361206], [-14.36612319946289, 0.24850600957870483, 14.64877986907959], [-0.1741504669189453, 0.07007821649312973, 0.17980024218559265], [-0.10643038898706436, 0.06424008309841156, 2.1200902462005615], [-0.043192505836486816, 0.3266794681549072, 0.16261444985866547], [15.242143630981445, 0.015552490949630737, 0.026702718809247017]]}