{"track": "xr591", "karts": ["sara_the_racer", "tux", "gavroche", "konqi", "beastie", "kiki", "gnu", "hexley", "nolok", "pidgin"], "detections": [[[1, 0, 278, 176, 321, 258], [2, 0, 0, 0, 599, 399], [3, 0, 0, 0, 599, 285], [3, 1, 12, 112, 58, 126], [3, 8, 295, 63, 299, 67], [4, 44, 127, 114, 133, 117], [6, 6, 425, 90, 426, 92]], [[1, 1, 267, 198, 336, 258], [1, 4, 163, 150, 177, 158], [1, 5, 194, 154, 205, 159], [2, 0, 0, 151, 599, 399], [3, 0, 0, 0, 599, 320], [5, 28, 579, 151, 587, 158], [5, 29, 532, 153, 536, 157]], [[1, 0, 395, 160, 397, 163], [1, 2, 270, 203, 328, 259], [2, 0, 0, 77, 599, 399], [3, 0, 0, 0, 599, 225], [3, 1, 292, 102, 339, 154], [3, 2, 395, 129, 410, 133], [3, 8, 457, 84, 461, 88], [3, 10, 305, 117, 305, 121], [5, 46, 104, 182, 107, 185], [6, 1, 380, 158, 389, 165]], [[1, 3, 268, 202, 323, 267], [1, 9, 217, 298, 234, 307], [2, 0, 21, 295, 599, 399], [3, 0, 0, 53, 599, 399], [3, 6, 306, 166, 311, 171], [6, 4, 216, 284, 234, 296]], [[1, 4, 260, 187, 359, 279], [2, 0, 0, 138, 599, 399], [3, 0, 0, 0, 599, 399], [4, 20, 217, 157, 244, 181], [4, 21, 280, 144, 295, 160], [5, 22, 263, 151, 276, 164], [5, 23, 292, 147, 301, 156], [6, 2, 37, 126, 76, 146]], [[1, 4, 217, 164, 272, 213], [1, 5, 261, 221, 355, 289], [2, 0, 0, 135, 599, 399], [3, 0, 0, 0, 599, 326], [4, 20, 191, 151, 215, 169], [4, 21, 249, 140, 262, 154], [5, 22, 233, 146, 244, 157], [5, 23, 263, 143, 269, 150], [6, 2, 15, 122, 52, 142]], [[1, 5, 15, 91, 17, 91], [1, 6, 265, 150, 325, 229], [1, 7, 124, 92, 127, 94], [2, 0, 0, 87, 599, 399], [3, 0, 0, 0, 599, 258], [3, 15, 149, 123, 170, 131], [4, 26, 246, 99, 247, 101], [5, 46, 113, 103, 116, 105], [5, 47, 367, 109, 370, 113], [6, 48, 331, 103, 333, 108]], [[1, 0, 510, 139, 513, 142], [1, 6, 261, 143, 262, 144], [1, 7, 270, 196, 325, 271], [2, 0, 0, 28, 599, 399], [3, 0, 0, 0, 599, 236], [3, 1, 272, 124, 306, 130], [3, 2, 499, 109, 518, 112], [3, 9, 143, 39, 148, 44], [3, 15, 250, 158, 276, 172], [5, 46, 293, 166, 297, 172], [5, 47, 165, 149, 167, 150]], [[1, 3, 284, 132, 294, 145], [1, 8, 272, 203, 329, 257], [1, 9, 248, 150, 253, 152], [2, 0, 0, 146, 599, 399], [3, 0, 0, 0, 599, 225], [4, 24, 255, 157, 267, 167], [4, 26, 340, 156, 353, 168], [5, 27, 313, 160, 318, 167], [6, 4, 241, 142, 245, 147]], [[1, 9, 273, 209, 342, 259], [2, 0, 14, 163, 599, 399], [3, 0, 0, 0, 599, 399], [5, 29, 243, 160, 250, 166], [6, 4, 314, 146, 365, 177]]], "distance_down_track": [1237.4312744140625, 1094.5032958984375, 1177.191650390625, 950.269775390625, 1123.9425048828125, 1119.30322265625, 837.8402709960938, 1021.9036865234375, 924.177001953125, 967.8914184570312], "velocity": [[0.1867600977420807, 0.3755117654800415, 19.660526275634766], [3.7075576782226562, 0.8754901885986328, -20.346437454223633], [-11.69076156616211, 1.4436839818954468, 17.02151107788086], [7.324272632598877, 1.4416005611419678, -16.73415756225586], [17.728233337402344, 0.4393220841884613, -3.527040719985962], [10.264508247375488, 0.018525565043091774, -3.741009473800659], [-6.956821441650391, -2.4598653316497803, -21.561290740966797], [-3.0092709064483643, 0.2122597098350525, 19.432226181030273], [6.024327754974365, -0.5523048639297485, -21.306819915771484], [22.59002685546875, 1.8619003295898438, -9.741166114807129]]}