{"track": "overworld", "karts": ["beastie", "kiki", "hexley", "emule", "amanda", "wilber", "adiumy", "xue", "suzanne", "nolok"], "detections": [[[1, 0, 258, 189, 344, 262], [3, 0, 0, 93, 523, 171]], [[1, 1, 269, 183, 330, 252], [1, 2, 324, 156, 337, 170], [1, 6, 405, 226, 563, 352], [2, 7, 265, 146, 340, 164], [2, 24, 341, 143, 452, 164], [3, 0, 0, 0, 599, 177], [3, 7, 182, 0, 341, 163], [3, 24, 341, 0, 549, 160]], [[1, 2, 245, 192, 355, 350], [2, 7, 53, 148, 317, 207], [2, 24, 318, 140, 599, 205], [3, 7, 0, 0, 317, 205], [3, 24, 318, 0, 599, 148]], [[1, 3, 266, 200, 338, 273], [3, 0, 23, 147, 394, 182], [3, 2, 147, 178, 147, 178], [3, 3, 146, 172, 149, 177], [3, 4, 146, 166, 149, 170], [3, 7, 98, 162, 113, 175], [3, 24, 113, 162, 131, 176]], [[1, 4, 263, 191, 344, 262], [1, 7, 343, 156, 348, 160], [3, 0, 0, 53, 599, 190]], [[1, 4, 318, 174, 327, 180], [1, 5, 260, 189, 335, 258], [1, 7, 391, 187, 392, 188], [3, 0, 0, 75, 599, 202]], [[1, 1, 142, 163, 214, 232], [1, 2, 269, 155, 284, 169], [1, 6, 250, 190, 354, 304], [2, 7, 213, 145, 290, 164], [2, 24, 291, 147, 391, 166], [3, 0, 0, 0, 599, 180], [3, 7, 125, 0, 291, 160], [3, 24, 291, 0, 473, 165]], [[1, 7, 266, 187, 334, 262], [1, 8, 516, 157, 522, 160], [2, 0, 421, 164, 428, 170], [3, 0, 0, 43, 580, 163], [3, 4, 502, 133, 504, 133], [3, 7, 507, 131, 514, 133], [3, 24, 514, 131, 521, 134]], [[1, 8, 259, 201, 336, 260], [1, 9, 285, 148, 288, 150], [3, 0, 0, 61, 598, 152], [3, 7, 259, 143, 260, 143], [3, 24, 261, 144, 262, 144], [3, 25, 263, 144, 263, 144]], [[1, 9, 266, 203, 326, 261], [3, 0, 0, 99, 492, 165], [3, 4, 199, 142, 199, 142], [3, 7, 206, 141, 208, 142], [3, 8, 205, 142, 205, 142], [3, 24, 209, 141, 212, 142], [3, 25, 213, 142, 213, 142]]], "distance_down_track": [1074.8009033203125, 391.29315185546875, 391.29315185546875, 351.8743896484375, 1406.175048828125, 1381.4102783203125, 608.3054809570312, 1454.4398193359375, 66.181884765625, 120.5733413696289], "velocity": [[6.485624313354492, 0.3910791575908661, -20.74111557006836], [-4.027060031890869, -3.6441869735717773, 21.164243698120117], [0.010038935579359531, 0.08266405761241913, 0.17144860327243805], [14.74821662902832, 1.4722071886062622, 8.719742774963379], [-18.17894172668457, -3.6703364849090576, 11.334233283996582], [-18.848159790039062, 0.013092544861137867, 5.608820915222168], [-0.2648720145225525, -0.6285630464553833, 3.8243234157562256], [-13.000030517578125, -3.594956636428833, 15.702402114868164], [3.4168410301208496, -0.23628275096416473, 20.414684295654297], [8.444342613220215, -0.5758726000785828, 18.89051055908203]]}