{"track": "overworld", "karts": ["beastie", "kiki", "hexley", "emule", "amanda", "wilber", "adiumy", "xue", "suzanne", "nolok"], "detections": [[[1, 0, 253, 189, 339, 265], [1, 1, 284, 150, 287, 154], [1, 7, 290, 151, 295, 155], [1, 8, 269, 151, 278, 157], [1, 9, 286, 155, 287, 155], [3, 0, 0, 0, 599, 152]], [[1, 1, 268, 182, 334, 256], [1, 2, 272, 143, 274, 145], [1, 9, 289, 164, 296, 170], [3, 0, 2, 0, 599, 162]], [[1, 2, 276, 196, 332, 270], [3, 0, 0, 0, 599, 191]], [[1, 3, 269, 199, 330, 261], [3, 0, 0, 103, 541, 178], [3, 1, 61, 158, 88, 164], [3, 2, 74, 143, 85, 154], [3, 3, 71, 136, 79, 142], [3, 4, 68, 123, 80, 133], [3, 7, 69, 124, 98, 164], [3, 8, 69, 131, 69, 131], [3, 24, 90, 124, 123, 164], [3, 25, 100, 125, 117, 137], [255, 16777215, 0, 149, 300, 186]], [[1, 4, 261, 192, 336, 255], [3, 0, 0, 0, 599, 176], [3, 24, 235, 135, 236, 135]], [[1, 4, 450, 148, 460, 154], [1, 5, 258, 190, 333, 258], [2, 0, 406, 147, 414, 155], [3, 0, 0, 21, 524, 147], [3, 4, 462, 117, 462, 117], [3, 7, 465, 116, 470, 118], [3, 24, 470, 116, 476, 118]], [[1, 6, 261, 192, 342, 278], [2, 7, 144, 146, 278, 176], [2, 24, 278, 147, 456, 178], [3, 0, 0, 0, 599, 180], [3, 7, 0, 0, 277, 171], [3, 24, 274, 0, 596, 176]], [[1, 1, 244, 168, 272, 199], [1, 2, 281, 145, 282, 146], [1, 7, 265, 188, 333, 264], [1, 9, 287, 164, 293, 170], [3, 0, 0, 0, 599, 166]], [[1, 1, 314, 165, 322, 175], [1, 2, 296, 155, 298, 156], [1, 7, 331, 166, 344, 178], [1, 8, 253, 200, 333, 265], [1, 9, 312, 169, 315, 171], [3, 0, 0, 0, 599, 167]], [[1, 2, 280, 130, 283, 133], [1, 9, 265, 203, 326, 261], [3, 0, 0, 0, 599, 163]]], "distance_down_track": [1167.5228271484375, 1211.1663818359375, 1286.23046875, 449.02178955078125, 38.208560943603516, 1460.594482421875, 616.529052734375, 1206.9608154296875, 1192.1630859375, 1233.0015869140625], "velocity": [[-4.106745719909668, 0.2601720094680786, -21.341909408569336], [-3.3359792232513428, -0.26312318444252014, -19.37818717956543], [1.2718585729599, 3.0450799465179443, -19.386131286621094], [14.407238006591797, -1.6917146444320679, 14.766839027404785], [7.33349084854126, -1.0050513744354248, 22.987653732299805], [-8.247759819030762, -3.025188446044922, 17.593603134155273], [-0.7404903173446655, -1.8104459047317505, 13.167994499206543], [-2.623521089553833, 0.49588796496391296, -20.527084350585938], [-2.891494035720825, 0.3492705523967743, -19.980833053588867], [-2.2749807834625244, -0.5031925439834595, -20.568452835083008]]}