{"track": "overworld", "karts": ["beastie", "kiki", "hexley", "emule", "amanda", "wilber", "adiumy", "xue", "suzanne", "nolok"], "detections": [[[1, 0, 250, 188, 336, 263], [3, 0, 0, 0, 599, 188], [3, 3, 317, 160, 318, 160], [3, 4, 317, 155, 319, 158], [3, 7, 323, 154, 331, 159], [3, 8, 323, 156, 325, 158], [3, 24, 332, 154, 340, 159], [3, 25, 336, 154, 341, 159]], [[1, 1, 269, 184, 330, 252], [1, 2, 226, 153, 228, 155], [3, 0, 0, 96, 472, 159], [3, 1, 151, 148, 174, 162], [3, 2, 169, 132, 180, 144], [3, 3, 167, 125, 176, 132], [3, 4, 165, 110, 176, 123], [3, 7, 185, 116, 208, 154], [3, 8, 185, 118, 193, 126], [3, 24, 203, 115, 228, 153], [3, 25, 210, 116, 227, 142], [255, 16777215, 0, 139, 411, 184]], [[1, 2, 272, 196, 323, 265], [1, 3, 291, 166, 292, 168], [1, 6, 295, 165, 297, 168], [2, 7, 267, 163, 289, 165], [2, 24, 290, 162, 318, 166], [3, 0, 0, 19, 599, 201], [3, 7, 244, 72, 289, 165], [3, 24, 286, 71, 332, 166], [3, 25, 310, 79, 332, 114]], [[1, 3, 242, 199, 361, 322], [2, 7, 0, 148, 274, 209], [2, 24, 273, 142, 599, 208], [3, 7, 0, 0, 272, 207], [3, 24, 266, 0, 599, 147]], [[1, 4, 255, 191, 337, 261], [3, 0, 192, 93, 599, 194]], [[1, 4, 278, 165, 281, 167], [1, 5, 258, 190, 333, 260], [3, 0, 429, 71, 599, 161]], [[1, 3, 267, 150, 286, 169], [1, 6, 257, 192, 349, 290], [2, 7, 167, 136, 273, 159], [2, 24, 274, 136, 407, 160], [3, 0, 0, 0, 599, 172], [3, 7, 35, 0, 273, 156], [3, 24, 269, 0, 509, 158]], [[1, 1, 284, 172, 286, 174], [1, 7, 267, 187, 335, 266], [3, 0, 0, 136, 569, 174], [3, 2, 141, 168, 141, 169], [3, 3, 139, 162, 140, 166], [3, 4, 138, 153, 142, 161], [3, 7, 93, 152, 110, 169], [3, 24, 108, 152, 129, 169]], [[1, 8, 264, 201, 340, 261], [1, 9, 506, 150, 517, 155], [3, 0, 0, 0, 599, 249]], [[1, 9, 266, 203, 329, 262], [3, 0, 0, 49, 599, 202]]], "distance_down_track": [246.11068725585938, 160.1875, 160.1875, 160.1875, 1109.855712890625, 166.3091583251953, 612.9747314453125, 398.8614196777344, 1328.7098388671875, 1369.67431640625], "velocity": [[-1.8211581707000732, -0.5816575288772583, 21.6507568359375], [8.233243942260742, -2.4917092323303223, 20.085506439208984], [0.14109332859516144, -1.6592072248458862, 21.786455154418945], [0.002054374199360609, 0.0823855772614479, 0.13077643513679504], [-0.4096428453922272, 2.4966623783111572, -21.587242126464844], [18.68813133239746, 1.3700422048568726, 5.965644836425781], [-0.2517142593860626, -1.4494496583938599, 10.789933204650879], [17.833328247070312, 0.5058643221855164, 10.497923851013184], [-4.615167617797852, 3.3014144897460938, -19.907054901123047], [-19.542518615722656, 1.1567822694778442, 3.0564727783203125]]}