{"track": "snowtuxpeak", "karts": ["pidgin", "amanda", "xue", "tux", "gavroche", "emule", "puffy", "sara_the_wizard", "beastie", "gnu"], "detections": [[[1, 0, 265, 209, 335, 255], [1, 2, 514, 175, 519, 175], [1, 7, 598, 173, 599, 174], [1, 9, 284, 160, 292, 170], [2, 0, 0, 173, 599, 399], [3, 0, 0, 0, 599, 369], [4, 10, 472, 175, 473, 175], [4, 11, 466, 175, 467, 175], [5, 9, 481, 175, 481, 175]], [[1, 1, 263, 192, 335, 249], [1, 6, 187, 163, 208, 173], [1, 8, 0, 227, 258, 399], [2, 0, 0, 167, 599, 399], [3, 0, 0, 0, 599, 320], [3, 1, 373, 163, 385, 177], [4, 6, 0, 182, 119, 295], [4, 7, 289, 165, 310, 188], [4, 8, 544, 213, 599, 279]], [[1, 2, 263, 186, 333, 265], [1, 7, 364, 158, 373, 168], [2, 0, 0, 167, 566, 399], [3, 0, 0, 0, 599, 399]], [[1, 2, 453, 151, 461, 156], [1, 3, 267, 198, 332, 252], [1, 5, 250, 186, 293, 228], [1, 7, 519, 147, 520, 148], [2, 0, 0, 151, 485, 399], [3, 0, 0, 16, 599, 399], [4, 10, 418, 152, 424, 158], [4, 11, 403, 152, 409, 157], [5, 9, 441, 154, 444, 158]], [[1, 4, 274, 203, 329, 259], [2, 0, 34, 136, 599, 399], [3, 0, 0, 0, 599, 399], [6, 20, 356, 143, 399, 168]], [[1, 2, 479, 150, 488, 155], [1, 3, 299, 223, 410, 320], [1, 5, 268, 198, 327, 260], [1, 7, 553, 145, 554, 146], [2, 0, 0, 150, 515, 399], [3, 0, 0, 5, 599, 399], [4, 10, 441, 151, 448, 157], [4, 11, 424, 151, 431, 157], [5, 9, 468, 153, 471, 157]], [[1, 4, 112, 152, 133, 162], [1, 6, 264, 201, 345, 258], [2, 0, 0, 139, 599, 399], [3, 0, 0, 0, 599, 374], [6, 20, 97, 134, 122, 147]], [[1, 7, 282, 188, 325, 262], [2, 0, 0, 193, 372, 399], [3, 0, 0, 77, 599, 399], [3, 1, 547, 130, 568, 152]], [[1, 1, 307, 177, 350, 212], [1, 6, 206, 162, 225, 170], [1, 8, 258, 180, 338, 247], [2, 0, 20, 168, 599, 399], [3, 0, 0, 0, 599, 399], [3, 1, 370, 163, 381, 175], [4, 6, 169, 168, 231, 221], [4, 7, 303, 163, 320, 181], [4, 8, 477, 181, 551, 228]], [[1, 3, 369, 171, 374, 172], [1, 5, 375, 172, 375, 172], [1, 9, 269, 158, 326, 228], [2, 0, 0, 176, 599, 399], [3, 0, 0, 0, 599, 275], [4, 10, 557, 171, 564, 173], [4, 11, 544, 170, 551, 173], [5, 9, 578, 172, 580, 172]]], "distance_down_track": [491.0661926269531, 424.1643981933594, 587.6790161132812, 539.3983154296875, 463.41424560546875, 540.2078857421875, 441.5535888671875, 605.7175903320312, 421.8092346191406, 507.78997802734375], "velocity": [[-23.30666160583496, 3.006269931793213, 2.8087058067321777], [21.6463565826416, 2.816426992416382, 13.373967170715332], [7.472502708435059, 1.1364004611968994, 19.270709991455078], [-13.639280319213867, 0.67298424243927, 16.678436279296875], [-16.724271774291992, 1.6482458114624023, 15.146018028259277], [-13.215752601623535, 0.6590237617492676, 16.496105194091797], [6.189154624938965, 0.980402946472168, 23.161808013916016], [16.826414108276367, -2.132335662841797, 11.866544723510742], [21.171064376831055, 2.676914691925049, 11.30674934387207], [-21.82668113708496, 2.1440608501434326, 3.2552261352539062]]}