{"track": "tutorial", "karts": ["puffy", "hexley", "tux", "suzanne", "pidgin", "nolok", "beastie", "gavroche", "amanda", "adiumy"], "detections": [[[1, 0, 204, 203, 394, 327], [1, 5, 129, 248, 267, 342], [2, 0, 0, 124, 58, 151], [3, 0, 0, 47, 599, 399]], [[1, 0, 401, 194, 413, 201], [1, 1, 240, 192, 351, 350], [1, 5, 397, 196, 406, 202], [1, 6, 321, 185, 359, 218], [1, 8, 363, 190, 372, 197], [2, 0, 0, 160, 599, 399], [3, 0, 0, 0, 599, 308], [3, 8, 123, 39, 132, 50]], [[1, 2, 250, 198, 339, 288], [1, 4, 429, 179, 469, 201], [1, 7, 478, 183, 538, 215], [1, 9, 109, 234, 317, 399], [2, 0, 0, 165, 599, 399], [3, 0, 0, 117, 599, 399]], [[1, 2, 235, 151, 238, 157], [1, 3, 232, 201, 363, 304], [1, 4, 258, 150, 266, 155], [1, 7, 269, 150, 277, 157], [1, 9, 225, 147, 238, 159], [2, 0, 0, 149, 599, 399], [3, 0, 0, 114, 599, 247], [3, 6, 170, 123, 174, 123], [3, 7, 110, 109, 119, 118]], [[1, 4, 254, 212, 344, 273], [1, 7, 364, 253, 596, 399], [2, 0, 0, 160, 599, 399], [3, 0, 0, 102, 599, 305], [3, 7, 176, 123, 181, 127]], [[1, 0, 259, 140, 409, 212], [1, 5, 231, 206, 350, 323], [3, 0, 0, 22, 599, 399]], [[1, 0, 418, 198, 433, 205], [1, 5, 413, 199, 425, 207], [1, 6, 258, 189, 336, 261], [1, 8, 373, 193, 384, 200], [2, 0, 0, 158, 570, 399], [3, 0, 0, 0, 599, 399], [3, 8, 137, 41, 146, 51]], [[1, 4, 198, 186, 270, 231], [1, 7, 253, 204, 340, 291], [2, 0, 0, 155, 599, 399], [3, 0, 0, 99, 599, 258]], [[1, 0, 534, 154, 599, 203], [1, 5, 475, 180, 565, 227], [1, 8, 223, 186, 368, 316], [2, 0, 0, 59, 256, 173], [3, 0, 0, 0, 599, 399]], [[1, 2, 269, 179, 334, 235], [1, 4, 363, 169, 391, 184], [1, 7, 397, 170, 433, 191], [1, 9, 252, 192, 342, 283], [2, 0, 0, 159, 599, 399], [3, 0, 0, 113, 599, 399], [3, 6, 251, 134, 251, 134], [3, 7, 206, 126, 206, 126]]], "distance_down_track": [712.6583862304688, 712.6583862304688, 473.2306823730469, 473.2306823730469, 473.2306823730469, 547.9110717773438, 473.2306823730469, 491.73480224609375, 455.9293518066406, 433.4427490234375], "velocity": [[-0.06868097931146622, 0.08811861276626587, 0.9895271062850952], [0.13268043100833893, 0.04029831662774086, 1.091194748878479], [-1.156006097793579, 1.1261405944824219, -12.510014533996582], [-4.359469413757324, 0.7571873664855957, -9.379149436950684], [-3.890778064727783, 1.0422590970993042, -16.794864654541016], [-0.01884334534406662, 0.06625181436538696, 2.314598321914673], [-15.306737899780273, -4.302988529205322, -18.43724822998047], [-2.2540390491485596, 0.7752454280853271, -12.30332088470459], [-9.356613159179688, 0.14391523599624634, 0.9221854209899902], [-2.815032482147217, 0.8079477548599243, -10.539297103881836]]}