{"track": "tutorial", "karts": ["puffy", "hexley", "tux", "suzanne", "pidgin", "nolok", "beastie", "gavroche", "amanda", "adiumy"], "detections": [[[1, 0, 201, 202, 403, 326], [1, 1, 181, 247, 191, 255], [1, 3, 84, 283, 102, 294], [2, 0, 0, 214, 599, 399], [3, 0, 0, 100, 599, 373]], [[1, 1, 243, 192, 354, 346], [2, 0, 0, 139, 135, 227], [3, 0, 0, 106, 599, 399]], [[1, 2, 268, 198, 334, 252], [2, 0, 0, 188, 599, 399], [3, 0, 0, 126, 599, 278], [3, 6, 273, 127, 281, 136], [3, 7, 229, 121, 233, 128]], [[1, 1, 431, 160, 452, 182], [1, 3, 219, 201, 368, 321], [2, 0, 204, 118, 358, 159], [3, 0, 0, 22, 599, 399]], [[1, 2, 205, 158, 205, 158], [1, 4, 266, 209, 337, 256], [1, 7, 235, 159, 241, 163], [2, 0, 0, 159, 599, 399], [3, 0, 0, 124, 599, 380], [3, 6, 133, 131, 140, 141], [3, 7, 62, 118, 75, 128]], [[1, 0, 404, 31, 431, 46], [1, 5, 236, 206, 353, 321], [2, 0, 394, 34, 560, 89], [3, 0, 0, 0, 599, 399]], [[1, 4, 153, 149, 166, 154], [1, 6, 263, 189, 342, 257], [1, 7, 1, 135, 3, 137], [1, 9, 240, 155, 253, 164], [2, 0, 95, 146, 599, 399], [3, 0, 0, 107, 599, 399], [5, 20, 273, 156, 279, 163]], [[1, 2, 277, 161, 282, 165], [1, 7, 271, 203, 328, 257], [2, 0, 0, 164, 599, 399], [3, 0, 0, 82, 599, 280], [3, 7, 197, 125, 202, 131]], [[1, 6, 17, 162, 32, 166], [1, 8, 264, 192, 340, 253], [2, 0, 196, 172, 599, 399], [3, 0, 0, 116, 599, 399], [5, 5, 275, 173, 290, 190], [5, 6, 238, 166, 242, 171], [5, 7, 219, 168, 222, 172], [5, 8, 193, 166, 197, 172], [5, 12, 344, 172, 361, 188], [5, 13, 397, 173, 414, 187], [5, 19, 94, 165, 96, 168]], [[1, 4, 193, 165, 210, 175], [1, 7, 141, 154, 147, 157], [1, 9, 272, 197, 326, 243], [2, 0, 0, 154, 599, 399], [3, 0, 0, 118, 599, 275], [5, 20, 421, 196, 453, 229]]], "distance_down_track": [712.6583862304688, 712.6583862304688, 307.32916259765625, 310.15478515625, 310.5081787109375, 383.7624206542969, 268.0081787109375, 343.6702575683594, 225.50819396972656, 225.50819396972656], "velocity": [[-0.0696583241224289, 0.08225735276937485, 0.0015280363149940968], [-0.12724032998085022, 0.04511100798845291, 0.012569130398333073], [0.02669399604201317, -0.020676469430327415, -22.263975143432617], [-4.783908367156982, 0.09699063748121262, -1.4008699655532837], [-11.134149551391602, 1.6471874713897705, -20.40658950805664], [4.3740153312683105, 0.7394695281982422, 2.2262020111083984], [-23.74334716796875, 1.0388256311416626, -4.2891459465026855], [-3.0091233253479004, 1.1406315565109253, -21.16980743408203], [-2.8323116302490234, 2.0314111709594727, 23.883560180664062], [-21.076684951782227, 1.8804007768630981, -17.563812255859375]]}