{"track": "overworld", "karts": ["beastie", "kiki", "hexley", "emule", "amanda", "wilber", "adiumy", "xue", "suzanne", "nolok"], "detections": [[[1, 0, 259, 189, 345, 266], [1, 8, 314, 140, 317, 142], [1, 9, 511, 114, 517, 116], [3, 0, 0, 0, 599, 203]], [[1, 1, 227, 167, 362, 313], [1, 2, 306, 199, 312, 207], [1, 3, 295, 159, 296, 160], [3, 0, 0, 105, 599, 161], [3, 1, 225, 149, 244, 161], [3, 2, 245, 137, 254, 147], [3, 3, 245, 129, 250, 136], [3, 4, 244, 118, 253, 127], [3, 7, 270, 122, 287, 157], [3, 8, 270, 123, 280, 134], [3, 24, 287, 122, 305, 158], [3, 25, 295, 124, 305, 135]], [[1, 2, 257, 195, 335, 305], [1, 3, 290, 152, 291, 152], [3, 0, 0, 94, 550, 153], [3, 1, 210, 141, 232, 153], [3, 2, 233, 127, 243, 139], [3, 3, 232, 119, 239, 126], [3, 4, 231, 105, 241, 117], [3, 7, 263, 113, 282, 150], [3, 8, 263, 115, 272, 126], [3, 24, 281, 113, 301, 151], [3, 25, 290, 115, 301, 130], [255, 16777215, 67, 138, 539, 170]], [[1, 3, 270, 200, 326, 258], [2, 7, 268, 160, 290, 162], [2, 24, 291, 159, 319, 163], [3, 0, 0, 16, 599, 202], [3, 7, 246, 68, 290, 162], [3, 8, 250, 76, 265, 91], [3, 24, 288, 68, 333, 163], [3, 25, 309, 74, 333, 108]], [[1, 4, 256, 191, 345, 265], [3, 0, 0, 97, 369, 158], [3, 7, 258, 151, 260, 152], [3, 24, 261, 151, 264, 152]], [[1, 0, 279, 136, 283, 139], [1, 5, 260, 189, 335, 258], [3, 0, 0, 0, 599, 158]], [[1, 1, 322, 165, 323, 165], [1, 6, 272, 194, 331, 254], [3, 0, 236, 133, 541, 158], [3, 4, 296, 156, 297, 157], [3, 7, 302, 153, 309, 157], [3, 8, 301, 155, 303, 157], [3, 24, 310, 152, 318, 156], [3, 25, 315, 153, 319, 156]], [[1, 7, 262, 187, 330, 264], [3, 0, 0, 9, 434, 169], [3, 6, 282, 162, 287, 164]], [[1, 8, 252, 201, 340, 271], [3, 0, 0, 0, 599, 223]], [[1, 9, 270, 203, 331, 260], [3, 0, 0, 79, 599, 218]]], "distance_down_track": [1278.624267578125, 503.62255859375, 473.2602233886719, 481.57122802734375, 148.07655334472656, 1221.530029296875, 282.8974609375, 312.6205139160156, 1346.5032958984375, 1396.0224609375], "velocity": [[1.048050880432129, 3.393069267272949, -21.44291877746582], [0.005036535207182169, 0.0817260891199112, 0.16924047470092773], [1.0915395021438599, -1.2510722875595093, 13.408628463745117], [-0.024705374613404274, -1.7266767024993896, 22.93507957458496], [2.2547566890716553, 0.08879488706588745, 16.224281311035156], [-2.8185577392578125, -0.5927683115005493, -19.452930450439453], [-0.07098238170146942, 0.05324169993400574, 20.69980812072754], [-0.18944516777992249, 0.9386046528816223, 20.677839279174805], [-12.137521743774414, 2.2330856323242188, -9.917176246643066], [-18.241628646850586, -1.110363483428955, 9.721110343933105]]}