{"track": "tutorial", "karts": ["puffy", "hexley", "tux", "suzanne", "pidgin", "nolok", "beastie", "gavroche", "amanda", "adiumy"], "detections": [[[1, 0, 202, 201, 386, 323], [1, 1, 300, 157, 322, 175], [1, 2, 370, 148, 383, 157], [1, 4, 291, 156, 306, 164], [1, 5, 333, 156, 344, 163], [1, 7, 285, 168, 320, 199], [2, 0, 244, 133, 336, 155], [3, 0, 0, 34, 599, 399]], [[1, 1, 242, 193, 350, 349], [1, 2, 342, 142, 361, 159], [1, 4, 197, 161, 234, 181], [1, 5, 278, 156, 295, 170], [2, 0, 97, 116, 273, 156], [3, 0, 0, 30, 599, 399]], [[1, 2, 233, 196, 366, 312], [1, 5, 0, 281, 41, 325], [2, 0, 0, 133, 93, 181], [3, 0, 0, 58, 599, 399]], [[1, 0, 295, 308, 348, 362], [1, 1, 364, 211, 384, 226], [1, 2, 446, 183, 461, 193], [1, 3, 258, 200, 338, 266], [1, 4, 366, 188, 380, 195], [1, 5, 409, 184, 421, 192], [1, 7, 340, 250, 365, 272], [2, 0, 330, 147, 480, 179], [3, 0, 0, 0, 599, 399], [3, 8, 114, 36, 125, 48]], [[1, 2, 463, 137, 532, 172], [1, 4, 223, 217, 368, 324], [1, 5, 343, 165, 377, 195], [2, 0, 0, 77, 290, 164], [3, 0, 0, 4, 599, 399]], [[1, 2, 576, 173, 599, 201], [1, 5, 238, 205, 359, 320], [2, 0, 0, 83, 214, 209], [3, 0, 0, 50, 599, 399]], [[1, 6, 207, 179, 383, 329], [1, 8, 396, 179, 403, 184], [1, 9, 343, 179, 372, 204], [2, 0, 0, 176, 599, 399], [3, 0, 0, 64, 599, 281], [3, 6, 337, 54, 351, 74], [3, 7, 250, 55, 263, 71]], [[1, 1, 271, 160, 304, 189], [1, 2, 353, 146, 367, 158], [1, 4, 256, 157, 277, 168], [1, 5, 308, 156, 321, 165], [1, 7, 239, 205, 353, 315], [2, 0, 197, 128, 310, 155], [3, 0, 0, 36, 599, 399]], [[1, 0, 301, 265, 327, 285], [1, 1, 351, 214, 366, 224], [1, 2, 421, 194, 432, 201], [1, 4, 360, 195, 371, 201], [1, 5, 395, 192, 404, 199], [1, 7, 337, 243, 344, 251], [1, 8, 255, 190, 339, 266], [2, 0, 335, 156, 579, 186], [3, 0, 0, 0, 599, 399], [3, 8, 144, 39, 153, 50]], [[1, 8, 401, 170, 410, 176], [1, 9, 264, 194, 331, 261], [2, 0, 0, 167, 599, 399], [3, 0, 0, 43, 599, 399], [3, 6, 341, 32, 357, 55], [3, 7, 250, 35, 264, 52]]], "distance_down_track": [712.6583862304688, 712.6583862304688, 694.2288208007812, 675.6192626953125, 675.6192626953125, 712.6583862304688, 675.6192626953125, 694.2288208007812, 656.4569091796875, 633.04345703125], "velocity": [[-4.4150567054748535, 0.11530210077762604, -2.203206777572632], [-4.715756416320801, 0.08912531286478043, -0.6319668292999268], [-0.10290682315826416, 0.08117164671421051, 0.010003375820815563], [-11.643317222595215, -11.538530349731445, -12.934483528137207], [-7.217817783355713, 0.11984334886074066, 0.26121869683265686], [-0.10430864244699478, 0.08413783460855484, 0.015626948326826096], [-0.06954308599233627, 0.0819750428199768, 0.008604500442743301], [-4.5494866371154785, 0.11742684990167618, -1.557958722114563], [-13.02217960357666, -4.723959445953369, -15.744258880615234], [0.5887914896011353, -1.7845163345336914, -18.59762191772461]]}