{"track": "volcano_island", "karts": ["gavroche", "adiumy", "amanda", "nolok", "tux", "konqi", "kiki", "pidgin", "sara_the_racer", "suzanne"], "detections": [[[1, 0, 273, 203, 327, 255], [1, 4, 240, 157, 244, 160], [2, 0, 0, 159, 599, 399], [3, 0, 0, 0, 599, 234], [3, 189, 577, 197, 580, 202], [4, 10, 296, 172, 311, 187], [4, 13, 362, 162, 390, 186], [4, 14, 214, 163, 244, 187]], [[1, 1, 269, 196, 333, 256], [1, 3, 192, 208, 265, 273], [1, 5, 198, 162, 214, 173], [2, 0, 0, 159, 599, 399], [3, 0, 0, 0, 599, 270]], [[1, 0, 291, 158, 296, 162], [1, 2, 263, 192, 338, 255], [2, 0, 0, 157, 599, 399], [3, 0, 0, 38, 599, 233], [3, 183, 532, 186, 534, 188], [4, 10, 292, 157, 295, 160], [4, 13, 309, 156, 314, 160], [4, 14, 272, 155, 278, 160], [6, 35, 232, 156, 289, 201]], [[1, 1, 325, 192, 401, 255], [1, 3, 268, 204, 338, 272], [1, 5, 217, 159, 232, 170], [2, 0, 0, 156, 599, 399], [3, 0, 0, 0, 599, 297]], [[1, 4, 270, 198, 335, 255], [1, 9, 200, 162, 214, 169], [2, 0, 0, 163, 599, 399], [3, 0, 0, 0, 599, 324]], [[1, 5, 267, 191, 343, 266], [2, 0, 0, 160, 599, 399], [3, 0, 0, 0, 599, 347]], [[1, 1, 259, 165, 272, 176], [1, 3, 246, 167, 262, 178], [1, 6, 271, 182, 335, 255], [1, 8, 225, 164, 240, 190], [2, 0, 0, 162, 599, 399], [3, 0, 0, 0, 599, 343]], [[1, 7, 266, 210, 341, 263], [2, 0, 0, 166, 599, 399], [3, 0, 0, 0, 599, 315], [5, 16, 209, 163, 210, 167], [5, 28, 191, 165, 193, 169], [6, 35, 205, 109, 205, 109]], [[1, 1, 382, 172, 409, 196], [1, 3, 357, 177, 387, 198], [1, 5, 273, 162, 286, 170], [1, 8, 280, 178, 319, 252], [2, 0, 45, 160, 599, 399], [3, 0, 0, 0, 599, 399]], [[1, 1, 227, 163, 237, 172], [1, 3, 220, 165, 230, 173], [1, 6, 261, 164, 282, 187], [1, 8, 211, 162, 222, 177], [1, 9, 265, 200, 341, 260], [2, 0, 0, 162, 599, 399], [3, 0, 0, 0, 599, 337]]], "distance_down_track": [914.777099609375, 1003.8316650390625, 883.7159423828125, 1004.0479736328125, 957.6502075195312, 1022.5226440429688, 990.4231567382812, 1084.2490234375, 998.6314086914062, 982.90380859375], "velocity": [[-10.826683044433594, -0.5002574324607849, -20.286266326904297], [20.74232292175293, -0.9726842641830444, -0.49767231941223145], [-12.192387580871582, -0.5389034152030945, -20.839332580566406], [15.990862846374512, -0.7252415418624878, -0.2881346642971039], [5.4452080726623535, -0.4827878773212433, -21.772214889526367], [18.085521697998047, -1.1326178312301636, 10.519474983215332], [18.811790466308594, -0.5730692744255066, -8.386638641357422], [-10.994974136352539, -1.179860234260559, 18.71172523498535], [23.207679748535156, -1.086556077003479, -0.27691885828971863], [17.279022216796875, -0.4480508267879486, -12.704184532165527]]}