{"track": "volcano_island", "karts": ["gavroche", "adiumy", "amanda", "nolok", "tux", "konqi", "kiki", "pidgin", "sara_the_racer", "suzanne"], "detections": [[[1, 0, 274, 203, 327, 255], [2, 0, 0, 161, 599, 399], [3, 0, 0, 53, 599, 248], [3, 77, 80, 157, 80, 157], [3, 93, 317, 154, 324, 160], [3, 155, 71, 144, 167, 168], [3, 356, 0, 144, 3, 146]], [[1, 1, 272, 195, 330, 252], [1, 2, 242, 157, 250, 163], [1, 3, 254, 159, 261, 163], [1, 4, 123, 337, 284, 399], [1, 8, 235, 155, 242, 164], [2, 0, 0, 0, 599, 399], [3, 0, 0, 0, 599, 259]], [[1, 2, 260, 192, 340, 258], [1, 3, 361, 212, 456, 278], [1, 7, 241, 157, 246, 159], [1, 8, 120, 198, 215, 364], [2, 0, 0, 156, 599, 399], [3, 0, 0, 0, 599, 253]], [[1, 2, 187, 187, 256, 241], [1, 3, 273, 203, 327, 253], [1, 7, 231, 157, 236, 160], [1, 8, 43, 189, 124, 301], [2, 0, 0, 134, 599, 399], [3, 0, 0, 0, 599, 231]], [[1, 1, 297, 177, 330, 207], [1, 2, 246, 157, 254, 163], [1, 3, 258, 159, 264, 163], [1, 4, 272, 198, 333, 251], [1, 8, 241, 156, 248, 164], [2, 0, 0, 0, 599, 399], [3, 0, 0, 0, 599, 280]], [[1, 1, 227, 156, 231, 161], [1, 4, 228, 157, 237, 162], [1, 5, 265, 192, 337, 261], [1, 6, 243, 156, 250, 164], [1, 9, 208, 188, 264, 228], [2, 0, 0, 121, 599, 399], [3, 0, 0, 0, 599, 233], [3, 75, 398, 151, 421, 169], [3, 77, 508, 159, 563, 184], [3, 79, 480, 162, 510, 179], [3, 180, 324, 102, 329, 163], [3, 195, 189, 90, 199, 167], [3, 208, 219, 118, 306, 131], [4, 19, 205, 161, 234, 184], [4, 20, 357, 161, 377, 183], [4, 30, 285, 161, 308, 183]], [[1, 1, 255, 168, 271, 185], [1, 2, 199, 157, 206, 162], [1, 3, 209, 158, 216, 162], [1, 4, 238, 176, 269, 201], [1, 6, 272, 184, 330, 249], [1, 8, 193, 156, 200, 163], [2, 0, 0, 0, 599, 399], [3, 0, 0, 0, 599, 255]], [[1, 7, 273, 208, 329, 245], [2, 0, 0, 116, 599, 399], [3, 0, 0, 0, 599, 259]], [[1, 2, 337, 181, 393, 226], [1, 3, 409, 196, 475, 240], [1, 7, 294, 157, 299, 159], [1, 8, 283, 178, 326, 253], [2, 0, 0, 157, 599, 399], [3, 0, 0, 0, 599, 282]], [[1, 1, 234, 157, 238, 162], [1, 4, 236, 157, 245, 163], [1, 5, 355, 213, 512, 327], [1, 6, 252, 156, 259, 164], [1, 9, 265, 200, 336, 255], [2, 0, 0, 120, 599, 399], [3, 0, 0, 0, 599, 257], [3, 75, 422, 152, 449, 170], [3, 77, 552, 161, 599, 187], [3, 79, 508, 164, 547, 180], [3, 180, 338, 99, 344, 164], [3, 195, 197, 87, 208, 167], [3, 208, 229, 117, 319, 130], [4, 19, 226, 162, 257, 189], [4, 20, 391, 163, 418, 186], [4, 30, 315, 163, 338, 187]]], "distance_down_track": [1565.451904296875, 1672.2642822265625, 1700.0986328125, 1699.45556640625, 1669.5936279296875, 1639.1142578125, 1665.18701171875, 1744.0283203125, 1698.4268798828125, 1640.3079833984375], "velocity": [[2.3743960857391357, 0.08175850659608841, 22.87696647644043], [-20.93079376220703, 0.08161862939596176, -5.684014320373535], [-17.782678604125977, 0.08167800307273865, -13.117094993591309], [-19.44156265258789, 0.08167170733213425, -13.710692405700684], [-23.019086837768555, 0.08204426616430283, -8.590680122375488], [-21.746723175048828, 0.08168812096118927, 5.5665130615234375], [-23.58416748046875, 0.08177384734153748, -1.0461390018463135], [-13.538397789001465, 0.12141676992177963, -25.18956184387207], [-12.374777793884277, 0.07526780664920807, -19.13444709777832], [-21.759784698486328, 0.0816936120390892, 5.420870304107666]]}