{"track": "tutorial", "karts": ["puffy", "hexley", "tux", "suzanne", "pidgin", "nolok", "beastie", "gavroche", "amanda", "adiumy"], "detections": [[[1, 0, 217, 200, 376, 314], [1, 1, 326, 208, 344, 224], [1, 2, 340, 162, 351, 170], [1, 3, 315, 171, 328, 180], [1, 4, 303, 177, 316, 185], [1, 5, 326, 164, 336, 171], [1, 7, 373, 182, 386, 192], [1, 9, 355, 168, 364, 176], [2, 0, 324, 125, 500, 154], [3, 0, 0, 0, 599, 399], [3, 8, 89, 0, 101, 14]], [[1, 1, 241, 193, 348, 349], [1, 2, 249, 154, 269, 168], [1, 3, 193, 156, 227, 176], [1, 4, 154, 161, 196, 182], [1, 5, 221, 155, 243, 169], [1, 7, 336, 162, 357, 183], [1, 9, 280, 155, 298, 172], [2, 0, 215, 128, 321, 155], [3, 0, 0, 33, 599, 399]], [[1, 2, 230, 196, 360, 314], [1, 5, 0, 288, 190, 399], [2, 0, 93, 100, 338, 162], [3, 0, 0, 17, 599, 399]], [[1, 2, 315, 165, 352, 198], [1, 3, 219, 201, 367, 321], [1, 5, 266, 170, 308, 206], [1, 9, 411, 173, 468, 220], [2, 0, 219, 118, 373, 160], [3, 0, 0, 18, 599, 399]], [[1, 2, 348, 164, 378, 190], [1, 3, 300, 179, 368, 235], [1, 4, 225, 216, 356, 315], [1, 5, 312, 167, 337, 192], [1, 9, 423, 171, 467, 205], [2, 0, 268, 124, 407, 162], [3, 0, 0, 13, 599, 399]], [[1, 2, 332, 180, 409, 246], [1, 5, 235, 205, 351, 322], [1, 9, 553, 240, 599, 289], [2, 0, 161, 107, 360, 162], [3, 0, 0, 16, 599, 399]], [[1, 6, 260, 189, 339, 255], [1, 8, 277, 176, 283, 180], [2, 0, 0, 166, 599, 399], [3, 0, 0, 98, 599, 265], [3, 6, 280, 99, 289, 109], [3, 7, 231, 91, 240, 101]], [[1, 2, 42, 154, 119, 190], [1, 5, 0, 172, 27, 193], [1, 7, 238, 205, 351, 320], [1, 9, 106, 159, 173, 207], [2, 0, 50, 107, 252, 154], [3, 0, 0, 21, 599, 399]], [[1, 8, 262, 192, 337, 255], [2, 0, 0, 137, 599, 399], [3, 0, 0, 29, 599, 281], [3, 6, 327, 53, 338, 67], [3, 7, 270, 51, 280, 62]], [[1, 2, 99, 169, 204, 232], [1, 5, 0, 199, 76, 251], [1, 9, 249, 191, 351, 304], [2, 0, 92, 105, 312, 159], [3, 0, 0, 18, 599, 399]]], "distance_down_track": [706.4879760742188, 712.6583862304688, 455.9293518066406, 455.9293518066406, 455.9293518066406, 532.0, 420.1153259277344, 491.73480224609375, 400.4352722167969, 400.4352722167969], "velocity": [[-4.803912162780762, -8.914092063903809, -5.001378059387207], [-4.629390716552734, 0.11448833346366882, -1.7851126194000244], [-5.015298843383789, 0.10174772888422012, -0.6438459753990173], [-4.806224822998047, 0.09674637764692307, -1.4967968463897705], [-4.541661262512207, 0.0948524996638298, -1.972519874572754], [-4.908262252807617, 0.09812243282794952, -0.8279637098312378], [0.6133434176445007, -3.314852476119995, -23.91355323791504], [-5.013391494750977, 0.10044388473033905, -0.7015745043754578], [5.217027187347412, -4.138620853424072, -23.213722229003906], [-4.841165542602539, 0.09480922669172287, -0.9825955629348755]]}