{"track": "overworld", "karts": ["beastie", "kiki", "hexley", "emule", "amanda", "wilber", "adiumy", "xue", "suzanne", "nolok"], "detections": [[[1, 0, 253, 189, 339, 264], [3, 0, 0, 0, 599, 154]], [[1, 1, 264, 183, 320, 250], [1, 8, 428, 174, 450, 189], [1, 9, 513, 162, 523, 166], [3, 0, 0, 87, 430, 155], [3, 5, 219, 153, 222, 153], [3, 7, 361, 147, 364, 148], [3, 24, 365, 147, 368, 148]], [[1, 0, 414, 169, 420, 171], [1, 2, 267, 196, 322, 270], [1, 7, 251, 170, 252, 171], [3, 0, 392, 77, 599, 166]], [[1, 3, 241, 200, 355, 314], [1, 6, 206, 241, 453, 399], [2, 7, 208, 142, 288, 160], [2, 24, 289, 142, 394, 160], [3, 0, 0, 0, 599, 171], [3, 7, 110, 0, 288, 157], [3, 24, 286, 0, 477, 159]], [[1, 1, 264, 139, 266, 141], [1, 4, 261, 192, 336, 255], [1, 8, 276, 143, 276, 143], [2, 0, 0, 188, 91, 308], [3, 0, 0, 0, 599, 195], [3, 7, 243, 135, 243, 135], [3, 24, 244, 135, 246, 136]], [[1, 5, 266, 189, 342, 262], [3, 0, 0, 0, 599, 228]], [[1, 3, 261, 186, 319, 240], [1, 6, 250, 190, 353, 305], [2, 7, 215, 153, 289, 170], [2, 24, 290, 154, 387, 171], [3, 0, 0, 0, 599, 181], [3, 7, 130, 0, 289, 167], [3, 24, 289, 0, 463, 170]], [[1, 0, 332, 178, 336, 181], [1, 7, 261, 186, 329, 265], [3, 0, 172, 88, 599, 199]], [[1, 2, 427, 149, 436, 153], [1, 8, 262, 200, 329, 253], [1, 9, 370, 154, 377, 158], [3, 0, 0, 96, 479, 166], [3, 5, 3, 146, 8, 146], [3, 7, 235, 141, 237, 142], [3, 24, 238, 141, 242, 142], [3, 25, 241, 141, 241, 141]], [[1, 0, 553, 158, 562, 160], [1, 2, 366, 155, 380, 166], [1, 9, 267, 203, 325, 259], [3, 0, 0, 106, 599, 155]]], "distance_down_track": [1164.6507568359375, 106.27103424072266, 171.49351501464844, 609.113525390625, 32.53396224975586, 1296.103271484375, 607.8140258789062, 1115.20263671875, 116.79116821289062, 151.89266967773438], "velocity": [[-4.197785377502441, 0.20928926765918732, -21.324750900268555], [-1.7393275499343872, -0.8388728499412537, 24.176603317260742], [19.63842010498047, 1.149610996246338, 3.038722276687622], [-0.8724718689918518, -0.7898200750350952, 4.792756080627441], [6.723426818847656, -1.0572971105575562, 23.171106338500977], [2.4527456760406494, 2.777766466140747, -19.31269645690918], [1.2950770854949951, -0.06895516067743301, 0.34138554334640503], [-1.0151410102844238, 2.16981840133667, -20.560916900634766], [7.786026477813721, -1.1546441316604614, 23.174575805664062], [17.150663375854492, 0.2026250958442688, 12.780678749084473]]}