{"track": "overworld", "karts": ["beastie", "kiki", "hexley", "emule", "amanda", "wilber", "adiumy", "xue", "suzanne", "nolok"], "detections": [[[1, 0, 251, 188, 337, 266], [3, 0, 3, 0, 599, 171]], [[1, 1, 263, 182, 332, 259], [1, 2, 390, 175, 392, 178], [1, 8, 369, 173, 374, 177], [1, 9, 402, 187, 404, 189], [3, 0, 0, 45, 599, 199]], [[1, 2, 276, 196, 330, 267], [1, 9, 300, 164, 309, 171], [3, 0, 0, 39, 599, 181]], [[1, 3, 250, 200, 350, 305], [1, 6, 263, 145, 283, 165], [2, 7, 176, 136, 281, 159], [2, 24, 282, 136, 419, 161], [3, 0, 0, 0, 599, 171], [3, 7, 50, 0, 281, 156], [3, 24, 278, 0, 527, 159]], [[1, 4, 261, 192, 337, 255], [3, 0, 0, 104, 344, 157], [3, 7, 246, 153, 248, 153], [3, 8, 245, 153, 245, 153], [3, 24, 249, 153, 251, 153]], [[1, 4, 279, 164, 281, 166], [1, 5, 260, 189, 330, 255], [3, 0, 0, 85, 368, 170], [3, 7, 279, 161, 280, 162], [3, 24, 281, 161, 283, 162]], [[1, 6, 250, 190, 355, 304], [2, 7, 26, 155, 302, 215], [2, 24, 304, 154, 599, 216], [3, 0, 303, 121, 303, 155], [3, 7, 0, 0, 302, 208], [3, 24, 304, 0, 599, 154], [255, 16777215, 303, 145, 303, 151]], [[1, 7, 263, 186, 331, 266], [3, 0, 0, 95, 561, 174]], [[1, 2, 360, 178, 398, 206], [1, 8, 263, 200, 340, 261], [1, 9, 319, 182, 326, 187], [3, 0, 0, 80, 599, 214]], [[1, 9, 272, 204, 332, 260], [2, 0, 399, 143, 402, 147], [3, 0, 0, 0, 599, 222], [3, 5, 425, 112, 427, 112], [3, 6, 440, 105, 440, 105]]], "distance_down_track": [1230.0599365234375, 1365.9736328125, 1408.166748046875, 613.259765625, 142.23077392578125, 77.74690246582031, 621.8668823242188, 983.2490844726562, 1404.3599853515625, 1426.5220947265625], "velocity": [[-1.74929940700531, -0.30708733201026917, -21.66231346130371], [-19.189071655273438, 1.840076208114624, 1.6529492139816284], [-17.16453742980957, -3.935284376144409, 9.557382583618164], [-0.6043767929077148, -1.4723089933395386, 10.916097640991211], [5.410756587982178, 0.08756557106971741, 23.16404914855957], [1.9298532009124756, 0.8809052109718323, 21.746774673461914], [0.003317328402772546, 0.09514633566141129, 0.1619173288345337], [12.075676918029785, -0.6275772452354431, -16.801015853881836], [-17.534427642822266, -4.125889778137207, 10.198570251464844], [-14.709089279174805, -3.6791269779205322, 14.09243392944336]]}