{"track": "tutorial", "karts": ["puffy", "hexley", "tux", "suzanne", "pidgin", "nolok", "beastie", "gavroche", "amanda", "adiumy"], "detections": [[[1, 0, 202, 203, 390, 326], [1, 1, 355, 197, 529, 355], [2, 0, 0, 133, 107, 185], [3, 0, 0, 84, 599, 399]], [[1, 0, 38, 195, 258, 317], [1, 1, 243, 191, 354, 343], [2, 0, 0, 126, 59, 149], [3, 0, 0, 60, 599, 399]], [[1, 0, 417, 193, 429, 201], [1, 1, 425, 196, 437, 202], [1, 2, 264, 198, 329, 252], [1, 9, 315, 188, 328, 199], [2, 0, 0, 157, 599, 399], [3, 0, 0, 0, 599, 362], [3, 8, 171, 48, 179, 56]], [[1, 2, 372, 168, 381, 174], [1, 3, 261, 200, 331, 258], [1, 7, 327, 172, 342, 184], [2, 0, 0, 169, 599, 399], [3, 0, 0, 42, 599, 399], [3, 6, 311, 30, 327, 54], [3, 7, 217, 36, 233, 53]], [[1, 2, 427, 176, 435, 179], [1, 3, 342, 169, 356, 179], [1, 4, 263, 209, 331, 257], [1, 7, 378, 172, 387, 178], [2, 0, 0, 173, 599, 399], [3, 0, 0, 62, 599, 349], [3, 6, 408, 51, 425, 72], [3, 7, 323, 64, 335, 79]], [[1, 2, 308, 136, 310, 137], [1, 3, 261, 132, 264, 133], [1, 4, 242, 133, 246, 135], [1, 5, 271, 203, 328, 256], [1, 7, 281, 134, 281, 134], [2, 0, 0, 134, 599, 399], [3, 0, 0, 39, 599, 280], [3, 6, 336, 48, 348, 64], [3, 7, 278, 46, 289, 59]], [[1, 6, 214, 178, 381, 339], [2, 0, 0, 160, 599, 399], [3, 0, 0, 112, 599, 370], [5, 21, 396, 214, 422, 247]], [[1, 2, 333, 163, 346, 173], [1, 7, 269, 202, 323, 258], [2, 0, 0, 159, 599, 399], [3, 0, 0, 10, 599, 393], [3, 6, 235, 0, 254, 29], [3, 7, 112, 0, 137, 21]], [[1, 8, 250, 190, 349, 271], [2, 0, 0, 157, 599, 399], [3, 0, 0, 118, 599, 368], [3, 6, 166, 129, 171, 137], [3, 7, 103, 118, 114, 127]], [[1, 0, 451, 204, 472, 217], [1, 1, 468, 209, 484, 220], [1, 9, 269, 196, 327, 252], [2, 0, 331, 157, 511, 191], [3, 0, 0, 0, 599, 399], [3, 8, 122, 48, 132, 59]]], "distance_down_track": [712.6583862304688, 712.6583862304688, 491.73480224609375, 491.73480224609375, 491.73480224609375, 547.9110717773438, 491.73480224609375, 512.133544921875, 455.9293518066406, 455.9293518066406], "velocity": [[0.0042785219848155975, -0.12302491068840027, 0.0041154781356453896], [-0.04506511241197586, -0.24936111271381378, 0.005272445268929005], [-13.619243621826172, -2.1408214569091797, -18.41013526916504], [-2.4247448444366455, -2.7949066162109375, -22.700420379638672], [7.070216178894043, -1.4351919889450073, -23.04722785949707], [5.556155681610107, -3.5594706535339355, -21.02276039123535], [-0.12194768339395523, 0.07766534388065338, 1.307958960533142], [-7.6805100440979, -3.155881881713867, -21.276042938232422], [-7.360377788543701, 1.2136130332946777, -15.618857383728027], [-14.9558744430542, -11.115062713623047, -16.79008674621582]]}