{"track": "overworld", "karts": ["beastie", "kiki", "hexley", "emule", "amanda", "wilber", "adiumy", "xue", "suzanne", "nolok"], "detections": [[[1, 0, 260, 189, 346, 265], [3, 0, 0, 0, 599, 399]], [[1, 1, 271, 183, 332, 253], [1, 2, 287, 149, 290, 153], [1, 3, 283, 152, 285, 152], [1, 6, 284, 150, 285, 151], [2, 24, 286, 149, 297, 149], [3, 0, 0, 10, 599, 165], [3, 1, 21, 131, 121, 179], [3, 2, 148, 97, 181, 128], [3, 3, 141, 72, 168, 95], [3, 4, 134, 37, 171, 73], [3, 7, 249, 92, 278, 149], [3, 8, 250, 95, 263, 111], [3, 24, 275, 92, 305, 149], [3, 25, 288, 95, 305, 123]], [[1, 2, 272, 196, 323, 265], [1, 3, 296, 170, 298, 170], [1, 6, 296, 166, 299, 169], [2, 7, 267, 166, 290, 168], [2, 24, 291, 164, 320, 168], [3, 0, 0, 17, 599, 174], [3, 7, 244, 72, 290, 168], [3, 8, 248, 94, 249, 95], [3, 24, 287, 71, 334, 168], [3, 25, 310, 78, 334, 115]], [[1, 3, 239, 197, 356, 322], [2, 24, 0, 143, 225, 278], [3, 0, 254, 0, 463, 174], [3, 24, 0, 0, 264, 188]], [[1, 4, 260, 192, 341, 261], [3, 0, 6, 0, 599, 161], [3, 4, 311, 149, 312, 150], [3, 7, 318, 149, 322, 151], [3, 8, 319, 149, 319, 149], [3, 24, 323, 149, 328, 151], [3, 25, 326, 149, 326, 149]], [[1, 5, 257, 190, 332, 260], [3, 0, 422, 74, 599, 166]], [[1, 3, 304, 164, 323, 177], [1, 6, 250, 190, 355, 302], [2, 7, 216, 154, 290, 172], [2, 24, 291, 155, 388, 173], [3, 0, 0, 0, 599, 185], [3, 7, 131, 0, 290, 168], [3, 24, 291, 0, 466, 172]], [[1, 7, 259, 185, 328, 265], [3, 0, 0, 0, 511, 157], [3, 5, 469, 165, 525, 179], [3, 6, 418, 152, 421, 153]], [[1, 0, 283, 141, 285, 142], [1, 8, 260, 201, 337, 260], [1, 9, 273, 146, 275, 148], [3, 0, 0, 0, 599, 173]], [[1, 0, 341, 154, 349, 161], [1, 9, 274, 203, 335, 262], [3, 0, 0, 9, 599, 192]]], "distance_down_track": [1340.296875, 351.8743896484375, 351.8743896484375, 351.8743896484375, 204.6816864013672, 167.5927734375, 621.8683471679688, 256.3134765625, 1253.301025390625, 1308.652587890625], "velocity": [[-5.818872928619385, 2.30661678314209, -19.869590759277344], [1.182362675666809, -2.8981082439422607, 21.624649047851562], [0.0970662459731102, -1.6687507629394531, 21.785966873168945], [3.292405366897583, 0.13208632171154022, 0.22533462941646576], [-1.730240821838379, 0.7395893931388855, 21.65339469909668], [18.944507598876953, 1.1901143789291382, 5.138238906860352], [0.16330298781394958, 0.22338072955608368, -0.04748465493321419], [-10.956939697265625, 0.564213752746582, 17.553264617919922], [-1.37217116355896, 2.054356336593628, -20.55204963684082], [2.689286708831787, 2.661208152770996, -20.351306915283203]]}