{"track": "snowtuxpeak", "karts": ["pidgin", "amanda", "xue", "tux", "gavroche", "emule", "puffy", "sara_the_wizard", "beastie", "gnu"], "detections": [[[1, 0, 265, 209, 335, 255], [2, 0, 0, 164, 599, 399], [3, 0, 0, 0, 599, 261]], [[1, 0, 297, 150, 306, 155], [1, 1, 240, 226, 358, 290], [1, 4, 330, 179, 381, 218], [2, 0, 0, 144, 599, 399], [3, 0, 0, 0, 599, 262]], [[1, 2, 264, 187, 332, 265], [1, 7, 299, 153, 307, 166], [2, 0, 0, 137, 599, 399], [3, 0, 0, 0, 599, 274]], [[1, 3, 271, 198, 331, 248], [1, 5, 201, 161, 211, 167], [1, 9, 272, 159, 314, 204], [2, 0, 196, 162, 599, 399], [3, 0, 0, 0, 599, 399]], [[1, 0, 290, 155, 300, 161], [1, 1, 0, 287, 218, 399], [1, 4, 272, 203, 328, 257], [2, 0, 0, 149, 599, 399], [3, 0, 0, 0, 599, 281]], [[1, 2, 263, 154, 267, 157], [1, 5, 269, 199, 329, 260], [1, 7, 263, 152, 264, 154], [2, 0, 0, 142, 599, 399], [3, 0, 0, 0, 599, 385], [4, 4, 283, 154, 288, 159], [4, 5, 255, 153, 260, 158]], [[1, 0, 291, 146, 297, 150], [1, 1, 285, 162, 305, 172], [1, 4, 306, 156, 319, 167], [1, 6, 233, 224, 366, 297], [2, 0, 0, 141, 599, 399], [3, 0, 0, 0, 599, 308], [6, 22, 327, 326, 599, 399]], [[1, 7, 279, 187, 319, 266], [2, 0, 0, 143, 599, 399], [3, 0, 0, 0, 599, 282]], [[1, 0, 325, 152, 330, 155], [1, 1, 326, 164, 338, 169], [1, 4, 339, 160, 347, 167], [1, 6, 327, 178, 353, 188], [1, 8, 258, 190, 336, 257], [2, 0, 66, 148, 599, 399], [3, 0, 0, 0, 599, 399], [6, 22, 343, 186, 405, 201]], [[1, 3, 243, 224, 357, 323], [1, 5, 212, 160, 222, 166], [1, 9, 268, 157, 327, 228], [2, 0, 196, 159, 599, 399], [3, 0, 0, 0, 599, 399]]], "distance_down_track": [102.28878021240234, 81.36676025390625, 237.84469604492188, 161.25473022460938, 83.42109680175781, 189.59121704101562, 71.26690673828125, 252.01829528808594, 64.425537109375, 164.8854217529297], "velocity": [[-23.91514778137207, 3.2502846717834473, 0.8507771492004395], [-12.02717113494873, 0.8524541258811951, 0.6527767181396484], [-0.47567445039749146, 1.001021385192871, -20.67030906677246], [-14.737485885620117, 0.7556442022323608, -15.591407775878906], [-22.50387954711914, 1.516789436340332, 0.1319781243801117], [-3.596867322921753, 0.47089821100234985, -20.940113067626953], [-12.01862621307373, 0.6975412964820862, 0.9336421489715576], [-0.9559765458106995, 1.002077579498291, -20.653615951538086], [-24.097698211669922, 1.4153404235839844, 0.7213273644447327], [-15.657176971435547, 0.49311593174934387, -15.065011024475098]]}