{"track": "tutorial", "karts": ["puffy", "hexley", "tux", "suzanne", "pidgin", "nolok", "beastie", "gavroche", "amanda", "adiumy"], "detections": [[[1, 0, 204, 203, 393, 326], [2, 0, 0, 96, 81, 132], [3, 0, 0, 42, 599, 399]], [[1, 0, 321, 160, 350, 180], [1, 1, 243, 193, 350, 349], [2, 0, 0, 106, 237, 158], [3, 0, 0, 34, 599, 399]], [[1, 2, 267, 198, 333, 253], [2, 0, 0, 162, 599, 399], [3, 0, 0, 108, 599, 300], [3, 6, 221, 137, 221, 139], [3, 7, 174, 125, 178, 132]], [[1, 0, 421, 191, 433, 198], [1, 1, 380, 198, 391, 205], [1, 3, 260, 201, 332, 256], [2, 0, 0, 154, 599, 399], [3, 0, 0, 0, 599, 368], [3, 8, 178, 45, 185, 54]], [[1, 4, 265, 209, 336, 257], [1, 7, 118, 144, 129, 149], [2, 0, 78, 143, 599, 399], [3, 0, 0, 115, 599, 399], [5, 17, 231, 160, 239, 169], [5, 18, 270, 160, 277, 168], [5, 19, 299, 160, 305, 168], [5, 20, 166, 146, 170, 150], [5, 21, 149, 145, 154, 150], [5, 22, 129, 147, 131, 149]], [[1, 3, 519, 42, 524, 44], [1, 5, 234, 205, 359, 323], [2, 0, 515, 21, 599, 79], [3, 0, 0, 0, 599, 399]], [[1, 4, 157, 165, 166, 168], [1, 6, 265, 189, 343, 256], [1, 9, 243, 167, 256, 177], [2, 0, 167, 169, 599, 399], [3, 0, 0, 111, 599, 399], [5, 5, 262, 209, 268, 216], [5, 6, 250, 166, 252, 167], [5, 7, 226, 165, 229, 172], [5, 12, 371, 185, 397, 210], [5, 13, 456, 186, 488, 209], [5, 17, 72, 161, 76, 164], [5, 18, 93, 161, 96, 164], [5, 19, 107, 162, 110, 165]], [[1, 2, 205, 155, 213, 160], [1, 7, 274, 203, 330, 257], [2, 0, 0, 155, 599, 399], [3, 0, 0, 120, 599, 399], [3, 6, 20, 118, 34, 131], [5, 21, 532, 220, 599, 290], [5, 22, 288, 244, 307, 285]], [[1, 6, 157, 146, 163, 148], [1, 8, 263, 192, 338, 254], [1, 9, 81, 144, 84, 144], [2, 0, 0, 153, 599, 399], [3, 0, 0, 115, 599, 316], [3, 2, 377, 146, 390, 157], [5, 12, 161, 147, 161, 147], [5, 13, 168, 148, 169, 149], [5, 14, 266, 154, 270, 157], [5, 15, 249, 153, 253, 157], [5, 16, 230, 155, 231, 158]], [[1, 4, 261, 163, 274, 171], [1, 7, 119, 145, 120, 147], [1, 9, 270, 195, 328, 249], [2, 0, 0, 150, 599, 399], [3, 0, 0, 119, 599, 275], [5, 6, 387, 172, 397, 186], [5, 7, 329, 170, 337, 184], [5, 17, 221, 156, 224, 161], [5, 18, 241, 156, 244, 161], [5, 19, 257, 157, 259, 161], [5, 20, 148, 147, 151, 150], [5, 21, 137, 146, 140, 149], [5, 22, 125, 148, 126, 148]]], "distance_down_track": [712.6583862304688, 712.6583862304688, 310.5081787109375, 310.5081787109375, 310.5081787109375, 383.7624206542969, 268.0081787109375, 349.1289978027344, 225.50819396972656, 225.50819396972656], "velocity": [[-0.08087882399559021, 0.22102147340774536, -0.002469147089868784], [-4.984514236450195, 0.1014486774802208, -0.3869585394859314], [-4.930286884307861, 1.3233072757720947, -21.599979400634766], [-12.847474098205566, -2.1186587810516357, -17.97419548034668], [-20.89525032043457, 0.29475289583206177, 10.315664291381836], [0.8326210975646973, 0.12196450680494308, 0.6620746850967407], [-5.121001243591309, 1.360230803489685, 23.56157112121582], [-14.395403861999512, 1.5711501836776733, -15.617573738098145], [22.255104064941406, 1.2263599634170532, 9.296710968017578], [-14.052018165588379, 0.6454083323478699, 21.167619705200195]]}