{"track": "overworld", "karts": ["beastie", "kiki", "hexley", "emule", "amanda", "wilber", "adiumy", "xue", "suzanne", "nolok"], "detections": [[[1, 0, 249, 187, 344, 271], [3, 0, 0, 100, 455, 161], [255, 16777215, 0, 150, 253, 181]], [[1, 1, 257, 180, 326, 264], [1, 2, 405, 161, 408, 164], [1, 4, 409, 162, 412, 164], [1, 8, 288, 174, 330, 204], [1, 9, 404, 164, 404, 164], [3, 0, 0, 0, 599, 160]], [[1, 2, 273, 196, 323, 263], [1, 4, 297, 165, 317, 182], [1, 9, 281, 173, 303, 194], [3, 0, 0, 0, 599, 162]], [[1, 3, 240, 200, 359, 322], [1, 6, 258, 273, 382, 399], [2, 7, 213, 153, 289, 170], [2, 24, 290, 153, 389, 170], [3, 0, 0, 0, 599, 184], [3, 7, 122, 0, 289, 167], [3, 24, 288, 0, 469, 169]], [[1, 4, 254, 191, 335, 262], [3, 0, 7, 0, 599, 172]], [[1, 5, 260, 190, 336, 258], [3, 0, 0, 78, 599, 199], [3, 6, 585, 133, 585, 133]], [[1, 3, 234, 136, 335, 230], [1, 6, 249, 190, 355, 287], [2, 7, 215, 148, 281, 166], [2, 24, 296, 150, 388, 169], [3, 0, 0, 0, 599, 181], [3, 7, 132, 0, 291, 162], [3, 24, 291, 0, 468, 168]], [[1, 7, 265, 188, 328, 259], [3, 0, 0, 21, 429, 168], [3, 6, 286, 162, 291, 165]], [[1, 2, 371, 164, 374, 167], [1, 4, 374, 165, 376, 168], [1, 8, 255, 200, 329, 261], [1, 9, 369, 165, 371, 167], [3, 0, 0, 0, 599, 164]], [[1, 4, 300, 172, 338, 204], [1, 9, 267, 203, 328, 262], [3, 0, 0, 0, 599, 160]]], "distance_down_track": [487.83453369140625, 1176.420654296875, 1221.4832763671875, 608.3995971679688, 1230.3031005859375, 1387.12744140625, 607.83837890625, 310.2080383300781, 1179.8797607421875, 1226.581298828125], "velocity": [[13.82588005065918, -0.26383718848228455, 7.113630771636963], [3.166975498199463, 1.0243138074874878, -18.399600982666016], [-3.0295684337615967, -0.6697297692298889, -22.148733139038086], [-0.9884530901908875, 0.6721808910369873, 2.612506628036499], [-1.762438416481018, -0.31935393810272217, -21.661069869995117], [-18.353927612304688, -0.06847720593214035, 7.059804439544678], [1.8513673543930054, 1.1638967990875244, 0.648750364780426], [-0.39375951886177063, 1.0600132942199707, 22.972185134887695], [0.4179486930370331, 0.8278146982192993, -22.097797393798828], [-2.933506727218628, 0.11720842123031616, -20.49074935913086]]}