{"track": "snowtuxpeak", "karts": ["pidgin", "amanda", "xue", "tux", "gavroche", "emule", "puffy", "sara_the_wizard", "beastie", "gnu"], "detections": [[[1, 0, 269, 209, 337, 254], [2, 0, 201, 163, 599, 399], [3, 0, 0, 0, 599, 399]], [[1, 1, 262, 192, 338, 255], [2, 0, 0, 146, 599, 399], [3, 0, 0, 0, 599, 282], [4, 6, 213, 142, 222, 147], [4, 7, 221, 142, 227, 146], [4, 8, 261, 144, 268, 151]], [[1, 2, 263, 186, 333, 267], [2, 0, 0, 158, 599, 399], [3, 0, 0, 0, 599, 337], [4, 11, 589, 152, 599, 158]], [[1, 1, 262, 152, 265, 155], [1, 3, 265, 198, 331, 252], [1, 6, 264, 153, 269, 155], [1, 8, 275, 156, 285, 164], [1, 9, 272, 150, 274, 153], [2, 0, 0, 149, 599, 399], [3, 0, 0, 0, 599, 338], [6, 21, 245, 150, 271, 167]], [[1, 0, 256, 153, 257, 154], [1, 4, 273, 203, 326, 253], [2, 0, 0, 157, 599, 399], [3, 0, 0, 0, 599, 281]], [[1, 5, 269, 200, 332, 261], [2, 0, 231, 143, 599, 399], [3, 0, 0, 0, 599, 399], [6, 20, 415, 149, 470, 186]], [[1, 1, 278, 172, 316, 203], [1, 6, 256, 201, 343, 261], [1, 9, 351, 161, 440, 234], [2, 0, 0, 149, 599, 399], [3, 0, 0, 0, 599, 270], [4, 6, 208, 142, 216, 148], [4, 7, 217, 143, 220, 147], [4, 8, 253, 146, 259, 151]], [[1, 2, 311, 165, 325, 179], [1, 7, 278, 188, 319, 265], [2, 0, 0, 172, 599, 399], [3, 0, 0, 0, 599, 293], [4, 10, 549, 171, 557, 172], [4, 11, 538, 170, 545, 172], [5, 9, 567, 172, 569, 172]], [[1, 1, 284, 157, 291, 162], [1, 6, 287, 159, 295, 164], [1, 8, 257, 189, 339, 259], [1, 9, 298, 154, 303, 160], [2, 0, 0, 153, 599, 399], [3, 0, 0, 0, 599, 306], [4, 8, 254, 150, 257, 152]], [[1, 1, 242, 172, 277, 201], [1, 6, 165, 197, 259, 250], [1, 9, 274, 161, 328, 227], [2, 0, 0, 149, 599, 399], [3, 0, 0, 0, 599, 315], [4, 6, 217, 144, 225, 150], [4, 7, 224, 145, 230, 149], [4, 8, 260, 147, 267, 153]]], "distance_down_track": [310.1048583984375, 390.3381652832031, 515.2932739257812, 338.27496337890625, 264.96173095703125, 466.3441467285156, 386.6931457519531, 503.08221435546875, 359.25860595703125, 386.6477355957031], "velocity": [[15.370662689208984, 1.7833844423294067, -18.541433334350586], [23.1319637298584, 1.8391355276107788, 1.6237517595291138], [-20.25859832763672, 0.9680769443511963, 2.93265700340271], [21.551780700683594, 1.7755926847457886, -6.023344993591309], [-0.3535780608654022, 2.3248586654663086, -22.879467010498047], [-15.944758415222168, 2.9688985347747803, 12.716355323791504], [22.360061645507812, 1.4956324100494385, -0.22932139039039612], [-20.468908309936523, 2.086333751678467, 2.2717785835266113], [22.7221622467041, 1.9835792779922485, -3.4179208278656006], [24.025131225585938, 1.5810420513153076, 1.5664453506469727]]}