{"track": "snowmountain", "karts": ["adiumy", "beastie", "sara_the_racer", "wilber", "nolok", "gavroche", "konqi", "sara_the_wizard", "tux", "xue"], "detections": [[[1, 0, 271, 195, 329, 252], [2, 0, 0, 156, 599, 399], [3, 0, 0, 0, 599, 258], [3, 98, 410, 117, 430, 129], [5, 35, 427, 147, 433, 155]], [[1, 1, 197, 177, 373, 342], [1, 2, 493, 190, 495, 193], [1, 3, 464, 197, 470, 202], [1, 4, 468, 196, 472, 199], [1, 6, 473, 199, 480, 202], [1, 7, 475, 196, 479, 200], [1, 9, 480, 192, 484, 195], [2, 0, 0, 125, 599, 399], [3, 0, 0, 0, 599, 273], [3, 36, 268, 146, 272, 151], [3, 37, 269, 148, 271, 150], [3, 106, 493, 13, 599, 230], [3, 119, 270, 145, 275, 158], [6, 4, 480, 193, 485, 198], [6, 12, 330, 166, 331, 168], [6, 13, 318, 164, 318, 165], [6, 40, 445, 197, 456, 200], [8, 1, 337, 165, 338, 166]], [[1, 0, 314, 146, 322, 153], [1, 2, 280, 179, 318, 250], [1, 8, 295, 155, 308, 165], [2, 0, 0, 141, 599, 399], [3, 0, 0, 0, 599, 237]], [[1, 0, 288, 128, 291, 130], [1, 2, 287, 135, 290, 141], [1, 3, 252, 187, 347, 275], [1, 4, 262, 155, 280, 171], [1, 6, 308, 165, 344, 198], [1, 7, 287, 150, 301, 171], [1, 8, 283, 132, 286, 135], [1, 9, 275, 139, 284, 148], [2, 0, 0, 124, 599, 399], [3, 0, 0, 0, 599, 249], [6, 4, 280, 137, 308, 156]], [[1, 0, 292, 147, 296, 150], [1, 2, 293, 153, 297, 161], [1, 4, 264, 204, 334, 268], [1, 7, 335, 185, 386, 265], [1, 8, 286, 151, 290, 154], [1, 9, 281, 158, 294, 170], [2, 0, 0, 143, 599, 399], [3, 0, 0, 0, 599, 226], [6, 4, 296, 152, 352, 190]], [[1, 5, 266, 203, 382, 323], [3, 0, 0, 0, 599, 399]], [[1, 0, 294, 131, 297, 134], [1, 2, 289, 138, 292, 145], [1, 3, 25, 332, 217, 399], [1, 4, 227, 166, 257, 189], [1, 6, 261, 194, 332, 262], [1, 7, 265, 159, 287, 189], [1, 8, 287, 135, 290, 138], [1, 9, 272, 143, 282, 153], [2, 0, 0, 128, 599, 399], [3, 0, 0, 0, 599, 286], [6, 4, 270, 141, 302, 165]], [[1, 0, 305, 149, 308, 152], [1, 2, 302, 156, 305, 163], [1, 4, 191, 204, 264, 261], [1, 7, 279, 188, 324, 260], [1, 8, 298, 153, 302, 156], [1, 9, 283, 160, 296, 173], [2, 0, 0, 146, 599, 399], [3, 0, 0, 0, 599, 250], [6, 4, 283, 156, 334, 192]], [[1, 0, 309, 161, 327, 176], [1, 8, 264, 198, 332, 256], [2, 0, 0, 153, 599, 399], [3, 0, 0, 0, 599, 234]], [[1, 0, 298, 148, 303, 152], [1, 2, 302, 158, 310, 173], [1, 8, 290, 153, 297, 159], [1, 9, 267, 188, 331, 260], [2, 0, 0, 143, 599, 399], [3, 0, 0, 0, 599, 237], [5, 33, 7, 151, 10, 152]]], "distance_down_track": [452.82843017578125, 345.2646789550781, 429.80230712890625, 393.7949523925781, 401.86993408203125, 351.0862121582031, 397.81121826171875, 402.0422058105469, 443.7283630371094, 416.177490234375], "velocity": [[-5.361066818237305, 1.697994589805603, -20.923463821411133], [1.1680997610092163, -14.049090385437012, -13.798880577087402], [1.0878443717956543, 0.2833995521068573, -23.241392135620117], [-0.0186956524848938, -1.1315159797668457, -15.669391632080078], [-0.9128840565681458, -0.16656449437141418, -17.815059661865234], [-0.6422100067138672, -0.24350009858608246, -6.846254348754883], [-1.7542272806167603, 0.03848661482334137, -22.863771438598633], [-4.031059741973877, -0.2134300172328949, -22.47943115234375], [-1.6345057487487793, 1.8307405710220337, -20.070417404174805], [-1.0236704349517822, 0.08357452601194382, -22.493562698364258]]}