{"track": "xr591", "karts": ["sara_the_racer", "tux", "gavroche", "konqi", "beastie", "kiki", "gnu", "hexley", "nolok", "pidgin"], "detections": [[[1, 0, 279, 178, 319, 254], [1, 2, 335, 169, 348, 173], [2, 0, 0, 172, 599, 399], [3, 0, 0, 0, 599, 242], [3, 4, 194, 67, 200, 73], [3, 5, 534, 64, 542, 68]], [[1, 0, 307, 155, 320, 179], [1, 1, 254, 197, 344, 274], [1, 2, 323, 160, 332, 162], [1, 5, 226, 160, 259, 197], [1, 7, 146, 170, 202, 210], [2, 0, 0, 161, 599, 399], [3, 0, 0, 0, 599, 223], [3, 4, 180, 64, 186, 69], [6, 6, 354, 148, 448, 207]], [[1, 2, 256, 232, 338, 287], [2, 0, 0, 157, 599, 399], [3, 0, 0, 0, 599, 269], [3, 5, 380, 51, 385, 57], [5, 50, 356, 154, 363, 161]], [[1, 3, 257, 192, 335, 267], [2, 0, 0, 152, 599, 399], [3, 0, 0, 0, 599, 256], [3, 1, 337, 143, 403, 156], [4, 37, 462, 162, 462, 162], [4, 38, 347, 154, 360, 165], [4, 40, 405, 153, 418, 165], [4, 41, 443, 152, 456, 164], [4, 52, 296, 158, 298, 160], [4, 54, 300, 159, 302, 159], [5, 39, 377, 157, 385, 165], [5, 53, 299, 159, 299, 159], [6, 57, 241, 163, 242, 164]], [[1, 0, 379, 130, 380, 134], [1, 1, 374, 133, 377, 135], [1, 2, 386, 133, 386, 133], [1, 4, 210, 183, 376, 354], [1, 5, 369, 130, 371, 133], [1, 7, 362, 129, 365, 132], [1, 9, 361, 133, 365, 136], [2, 0, 0, 92, 599, 399], [3, 0, 0, 0, 599, 295], [3, 4, 300, 43, 305, 47], [6, 6, 386, 132, 391, 136], [6, 7, 346, 133, 363, 145]], [[1, 0, 375, 157, 403, 199], [1, 2, 355, 160, 366, 163], [1, 5, 247, 174, 348, 286], [1, 7, 0, 223, 185, 399], [2, 0, 0, 162, 599, 399], [3, 0, 0, 0, 599, 202], [3, 4, 193, 62, 194, 66], [3, 5, 532, 58, 540, 65]], [[1, 6, 262, 156, 344, 234], [1, 8, 329, 189, 375, 230], [2, 0, 0, 125, 599, 399], [3, 0, 0, 0, 599, 298], [3, 6, 271, 74, 275, 78], [3, 7, 566, 40, 575, 46]], [[1, 0, 405, 160, 432, 194], [1, 2, 367, 163, 377, 166], [1, 5, 371, 173, 435, 236], [1, 7, 266, 195, 330, 284], [2, 0, 0, 165, 599, 399], [3, 0, 0, 0, 599, 261], [3, 4, 195, 66, 201, 72], [3, 5, 528, 63, 537, 69]], [[1, 6, 122, 162, 269, 290], [1, 8, 264, 202, 326, 260], [2, 0, 0, 124, 599, 399], [3, 0, 0, 0, 599, 291], [3, 6, 261, 74, 265, 78], [3, 7, 548, 43, 556, 49]], [[1, 0, 313, 157, 318, 167], [1, 1, 313, 164, 327, 175], [1, 2, 318, 161, 323, 162], [1, 5, 291, 158, 301, 170], [1, 7, 272, 161, 281, 171], [1, 9, 269, 209, 335, 254], [2, 0, 0, 112, 599, 399], [3, 0, 0, 0, 599, 240], [6, 6, 332, 155, 359, 170]]], "distance_down_track": [452.24359130859375, 444.2970275878906, 468.4520263671875, 512.5313720703125, 398.580322265625, 448.3255615234375, 500.6630554199219, 447.4674377441406, 500.8693542480469, 431.65435791015625], "velocity": [[21.645631790161133, 1.978726863861084, 1.0779836177825928], [15.001374244689941, 1.3850256204605103, 0.16998344659805298], [10.17802619934082, 0.08433670550584793, -5.957616806030273], [-20.131366729736328, 1.8589043617248535, -2.8454458713531494], [13.538470268249512, -3.5807275772094727, 6.382113933563232], [12.008545875549316, 1.1148722171783447, 0.19902777671813965], [-9.065993309020996, 0.08423501253128052, -16.379560470581055], [16.80020523071289, 1.5423144102096558, 0.43006572127342224], [-10.079026222229004, 0.09233364462852478, -16.91057586669922], [25.486656188964844, 2.3065671920776367, 1.8152998685836792]]}