{"track": "overworld", "karts": ["beastie", "kiki", "hexley", "emule", "amanda", "wilber", "adiumy", "xue", "suzanne", "nolok"], "detections": [[[1, 0, 258, 188, 345, 265], [3, 0, 0, 80, 599, 215]], [[1, 1, 237, 167, 372, 312], [1, 2, 239, 169, 239, 170], [3, 0, 0, 57, 579, 163]], [[1, 2, 269, 196, 321, 264], [1, 3, 453, 144, 456, 147], [3, 0, 0, 0, 576, 149], [3, 5, 463, 155, 502, 165], [3, 6, 488, 143, 492, 144]], [[1, 3, 269, 200, 325, 257], [3, 0, 0, 9, 427, 169], [3, 6, 278, 162, 285, 165]], [[1, 4, 260, 192, 341, 260], [3, 0, 0, 0, 599, 184], [3, 4, 301, 154, 301, 154], [3, 7, 308, 150, 314, 153], [3, 8, 310, 151, 310, 151], [3, 24, 314, 150, 322, 153], [3, 25, 320, 151, 320, 151]], [[1, 5, 257, 191, 337, 260], [3, 0, 0, 0, 599, 372]], [[1, 6, 260, 193, 346, 284], [2, 7, 8, 153, 258, 208], [2, 24, 256, 153, 594, 210], [3, 7, 0, 0, 255, 200], [3, 24, 249, 0, 599, 207]], [[1, 1, 235, 163, 237, 165], [1, 7, 262, 187, 330, 265], [1, 8, 252, 307, 423, 399], [1, 9, 364, 170, 368, 171], [3, 0, 0, 89, 481, 172], [3, 7, 289, 161, 291, 162], [3, 24, 292, 161, 295, 162]], [[1, 1, 236, 160, 238, 163], [1, 7, 268, 171, 307, 213], [1, 8, 258, 201, 335, 261], [1, 9, 361, 167, 365, 169], [3, 0, 0, 85, 477, 170], [3, 7, 290, 159, 292, 160], [3, 24, 293, 159, 295, 160]], [[1, 9, 266, 203, 326, 260], [3, 0, 13, 115, 599, 156]]], "distance_down_track": [1404.2335205078125, 160.1875, 160.1875, 160.1875, 275.53509521484375, 1341.6051025390625, 621.7440185546875, 90.85800170898438, 88.34178161621094, 147.39053344726562], "velocity": [[-18.248537063598633, -4.5410284996032715, 10.898630142211914], [-2.2514147758483887, 0.01232004165649414, 2.1166696548461914], [-15.310966491699219, -0.0044197035022079945, 15.58835506439209], [-0.6273583173751831, 1.086352825164795, 22.965763092041016], [-0.47984394431114197, 0.269269734621048, 21.728031158447266], [-9.802756309509277, 2.1675527095794678, -12.556407928466797], [-0.09375623613595963, 0.792353093624115, 1.1950738430023193], [0.8563565611839294, 0.818142294883728, 20.666088104248047], [0.8280013203620911, 0.8254998922348022, 20.66695213317871], [14.781204223632812, 0.11445309966802597, 14.491127967834473]]}