{"track": "zengarden", "karts": ["nolok", "sara_the_wizard", "gnu", "beastie", "hexley", "gavroche", "puffy", "xue", "kiki", "sara_the_racer"], "detections": [[[1, 0, 269, 203, 326, 254], [1, 1, 400, 152, 407, 159], [1, 6, 364, 156, 380, 163], [1, 9, 369, 153, 378, 164], [2, 0, 0, 156, 415, 399], [3, 0, 0, 0, 599, 399], [4, 17, 46, 167, 114, 209], [4, 18, 268, 216, 275, 223]], [[1, 1, 275, 183, 325, 291], [1, 4, 336, 160, 344, 163], [1, 5, 399, 218, 567, 321], [2, 0, 0, 161, 599, 399], [3, 0, 0, 0, 599, 242], [3, 174, 374, 161, 375, 163]], [[1, 0, 442, 161, 462, 168], [1, 2, 273, 160, 338, 225], [2, 0, 0, 155, 577, 399], [3, 0, 0, 0, 599, 399], [4, 17, 408, 154, 419, 162]], [[1, 0, 501, 280, 523, 286], [1, 2, 332, 274, 356, 296], [1, 3, 271, 204, 323, 251], [2, 0, 0, 278, 599, 399], [3, 0, 0, 0, 599, 399], [4, 17, 471, 273, 484, 281]], [[1, 4, 260, 206, 336, 301], [1, 8, 320, 179, 324, 183], [2, 0, 0, 171, 599, 399], [3, 0, 0, 0, 599, 300], [3, 14, 341, 160, 354, 174], [3, 40, 335, 168, 339, 173], [3, 174, 316, 149, 326, 165], [3, 240, 304, 157, 308, 162], [3, 283, 305, 154, 311, 169], [4, 19, 308, 170, 310, 172]], [[1, 1, 192, 186, 236, 249], [1, 4, 292, 166, 299, 168], [1, 5, 277, 203, 328, 252], [2, 0, 0, 166, 599, 399], [3, 0, 0, 0, 599, 332]], [[1, 1, 315, 164, 328, 183], [1, 4, 344, 162, 350, 164], [1, 5, 347, 169, 365, 184], [1, 6, 256, 201, 341, 259], [1, 9, 348, 199, 441, 352], [2, 0, 0, 161, 599, 399], [3, 0, 0, 0, 599, 251]], [[1, 7, 263, 186, 331, 260], [2, 0, 0, 163, 599, 399], [3, 0, 0, 0, 599, 350], [3, 243, 390, 128, 401, 143], [3, 249, 308, 120, 321, 140], [3, 286, 384, 125, 408, 162], [3, 292, 299, 115, 330, 164]], [[1, 8, 267, 182, 333, 256], [2, 0, 0, 117, 599, 399], [3, 0, 0, 0, 599, 256], [3, 14, 300, 100, 316, 121], [3, 40, 292, 110, 298, 120], [3, 174, 269, 83, 282, 109], [3, 190, 234, 110, 236, 115], [3, 240, 252, 97, 258, 106], [3, 283, 247, 93, 263, 116], [4, 19, 259, 116, 263, 119], [4, 20, 235, 117, 239, 121]], [[1, 1, 315, 163, 327, 180], [1, 4, 354, 162, 360, 163], [1, 5, 342, 167, 357, 180], [1, 6, 241, 187, 301, 224], [1, 9, 277, 179, 321, 255], [2, 0, 0, 160, 599, 399], [3, 0, 0, 0, 599, 281]]], "distance_down_track": [520.044189453125, 549.3181762695312, 493.1258544921875, 484.9206237792969, 570.8295288085938, 548.853515625, 541.0775756835938, 433.1876525878906, 589.6508178710938, 537.0581665039062], "velocity": [[19.84222984313965, 1.9027072191238403, 9.65628433227539], [13.880522727966309, 1.1766443252563477, -1.5339739322662354], [0.26318052411079407, -0.22963936626911163, 25.73763084411621], [-5.016727447509766, 0.03500649333000183, 22.317514419555664], [11.752409934997559, 0.3356167674064636, -4.018564701080322], [23.794342041015625, 2.1404662132263184, -3.6474273204803467], [22.627822875976562, 2.0148417949676514, -1.2052186727523804], [-20.425674438476562, 0.08170667290687561, -10.572850227355957], [17.082942962646484, -4.110565662384033, -8.831109046936035], [20.580516815185547, 1.8864686489105225, -0.35400092601776123]]}