{"track": "overworld", "karts": ["beastie", "kiki", "hexley", "emule", "amanda", "wilber", "adiumy", "xue", "suzanne", "nolok"], "detections": [[[1, 0, 253, 189, 339, 263], [3, 0, 134, 71, 599, 194]], [[1, 1, 267, 183, 329, 253], [1, 2, 289, 142, 290, 144], [1, 8, 305, 177, 342, 204], [1, 9, 273, 139, 276, 141], [3, 0, 0, 54, 599, 143], [3, 7, 256, 137, 257, 137], [3, 24, 258, 137, 260, 138]], [[1, 2, 271, 196, 322, 265], [3, 0, 61, 99, 501, 171], [3, 4, 181, 145, 181, 145], [3, 7, 188, 145, 191, 146], [3, 8, 187, 146, 187, 146], [3, 24, 192, 145, 196, 146]], [[1, 3, 255, 200, 346, 294], [2, 7, 148, 146, 278, 175], [2, 24, 278, 146, 448, 176], [3, 0, 0, 0, 599, 178], [3, 7, 0, 0, 277, 171], [3, 24, 273, 0, 579, 174]], [[1, 1, 488, 144, 491, 148], [1, 4, 262, 193, 343, 260], [1, 8, 495, 144, 500, 147], [2, 0, 401, 150, 407, 155], [3, 0, 0, 0, 599, 161], [3, 4, 499, 119, 501, 120], [3, 7, 504, 117, 511, 120], [3, 8, 505, 119, 505, 119], [3, 24, 512, 117, 518, 120], [3, 25, 519, 121, 519, 121]], [[1, 5, 259, 188, 335, 257], [3, 0, 0, 0, 599, 173]], [[1, 3, 281, 160, 316, 194], [1, 6, 255, 191, 350, 292], [2, 7, 189, 133, 286, 158], [2, 24, 287, 136, 417, 161], [3, 0, 0, 0, 599, 178], [3, 7, 77, 0, 287, 152], [3, 24, 287, 0, 525, 160]], [[1, 0, 344, 135, 349, 139], [1, 7, 267, 187, 335, 265], [3, 0, 0, 92, 527, 179]], [[1, 1, 22, 294, 188, 399], [1, 2, 297, 146, 299, 149], [1, 8, 265, 201, 330, 251], [1, 9, 279, 142, 282, 145], [3, 0, 0, 57, 589, 151], [3, 7, 269, 141, 270, 142], [3, 8, 268, 141, 268, 141], [3, 24, 271, 141, 272, 142], [3, 25, 273, 142, 273, 142]], [[1, 2, 355, 165, 366, 174], [1, 9, 267, 202, 323, 256], [3, 0, 0, 78, 597, 168], [3, 4, 297, 148, 297, 148], [3, 5, 147, 153, 151, 153], [3, 7, 301, 148, 304, 149], [3, 24, 305, 148, 308, 149], [3, 25, 309, 149, 309, 149]]], "distance_down_track": [1121.118408203125, 62.79307174682617, 122.97669219970703, 616.144775390625, 1447.3870849609375, 1256.8411865234375, 612.2160034179688, 1072.396240234375, 66.01241302490234, 105.19332885742188], "velocity": [[-2.476358413696289, 1.9033982753753662, -21.509414672851562], [4.028502941131592, -0.655672550201416, 21.465408325195312], [9.813928604125977, -0.6515024304389954, 19.241605758666992], [-0.6615892052650452, -1.7208752632141113, 12.54842758178711], [-13.943985939025879, -1.3333301544189453, 16.61919403076172], [-0.8868650197982788, 1.0601696968078613, -19.616361618041992], [-0.7387845516204834, -1.6369106769561768, 10.25011920928955], [6.2626776695251465, -0.21407721936702728, -19.728734970092773], [3.3864996433258057, -0.32706084847450256, 25.776437759399414], [1.316641926765442, -0.8482528924942017, 22.946609497070312]]}