{"track": "tutorial", "karts": ["puffy", "hexley", "tux", "suzanne", "pidgin", "nolok", "beastie", "gavroche", "amanda", "adiumy"], "detections": [[[1, 0, 203, 201, 387, 324], [1, 3, 276, 154, 294, 165], [2, 0, 185, 128, 301, 155], [3, 0, 0, 39, 599, 399]], [[1, 0, 352, 174, 382, 192], [1, 1, 264, 195, 332, 291], [1, 3, 385, 148, 398, 156], [1, 4, 308, 54, 350, 86], [2, 0, 326, 124, 410, 148], [3, 0, 0, 0, 599, 399], [3, 8, 95, 23, 107, 36]], [[1, 2, 266, 198, 330, 253], [1, 9, 366, 173, 374, 180], [2, 0, 0, 176, 599, 399], [3, 0, 0, 69, 599, 331], [3, 6, 430, 58, 447, 79], [3, 7, 344, 74, 357, 87]], [[1, 3, 211, 201, 360, 340], [2, 0, 0, 48, 181, 222], [3, 0, 0, 0, 599, 399]], [[1, 0, 355, 279, 395, 315], [1, 3, 404, 191, 419, 200], [1, 4, 265, 209, 331, 258], [2, 0, 337, 152, 533, 187], [3, 0, 0, 0, 599, 399], [3, 8, 125, 41, 136, 52]], [[1, 5, 270, 203, 328, 256], [2, 0, 0, 165, 599, 399], [3, 0, 0, 70, 599, 278], [3, 6, 248, 137, 248, 137], [3, 7, 201, 124, 208, 129]], [[1, 2, 307, 161, 319, 170], [1, 6, 261, 190, 340, 257], [2, 0, 0, 167, 599, 399], [3, 0, 0, 71, 599, 278], [3, 6, 455, 61, 473, 81], [3, 7, 373, 77, 385, 90]], [[1, 7, 268, 203, 334, 266], [2, 0, 90, 158, 599, 399], [3, 0, 0, 117, 599, 399], [5, 6, 304, 163, 309, 171], [5, 7, 275, 163, 280, 171], [5, 8, 238, 162, 243, 171], [5, 17, 140, 158, 143, 161], [5, 18, 159, 158, 162, 162], [5, 19, 173, 158, 175, 162], [5, 20, 9, 148, 13, 151], [5, 21, 0, 150, 0, 150]], [[1, 2, 226, 141, 228, 142], [1, 6, 236, 146, 239, 148], [1, 8, 261, 193, 337, 255], [2, 0, 0, 140, 599, 399], [3, 0, 0, 68, 599, 272], [3, 6, 284, 65, 294, 77], [3, 7, 232, 58, 241, 69]], [[1, 9, 273, 197, 330, 251], [2, 0, 0, 162, 599, 399], [3, 0, 0, 28, 599, 399], [3, 6, 273, 16, 290, 42], [3, 7, 169, 18, 187, 38]]], "distance_down_track": [712.6583862304688, 710.26806640625, 343.6702575683594, 343.6702575683594, 343.6702575683594, 400.4352722167969, 321.3812561035156, 374.73779296875, 307.6570129394531, 310.5081787109375], "velocity": [[-4.765232563018799, 0.11423172056674957, -1.5099576711654663], [-5.973771572113037, -14.9298095703125, -6.291529178619385], [8.441596984863281, -1.0582096576690674, -21.368661880493164], [-0.48341894149780273, 0.0785369947552681, 0.3953450620174408], [-15.3666353225708, -11.314242362976074, -17.903854370117188], [-2.7994580268859863, 1.163094162940979, -21.801246643066406], [13.283682823181152, -0.31350085139274597, -20.166011810302734], [-7.246866703033447, 0.8749814033508301, 16.650869369506836], [1.123382329940796, -2.7958664894104004, -23.961294174194336], [-3.587831735610962, -2.868107557296753, -22.53666877746582]]}