{"track": "volcano_island", "karts": ["gavroche", "adiumy", "amanda", "nolok", "tux", "konqi", "kiki", "pidgin", "sara_the_racer", "suzanne"], "detections": [[[1, 0, 268, 203, 326, 259], [1, 1, 206, 191, 265, 243], [1, 2, 378, 169, 423, 199], [1, 3, 334, 167, 351, 183], [1, 6, 339, 172, 383, 219], [2, 0, 0, 142, 599, 399], [3, 0, 0, 0, 599, 241], [3, 63, 10, 185, 33, 203], [3, 81, 13, 200, 22, 204], [3, 174, 70, 193, 70, 193]], [[1, 0, 351, 210, 432, 277], [1, 1, 270, 195, 331, 254], [1, 2, 427, 170, 481, 204], [1, 3, 369, 168, 390, 185], [1, 6, 403, 174, 459, 227], [2, 0, 0, 140, 599, 399], [3, 0, 0, 0, 599, 234], [3, 63, 32, 184, 53, 202], [3, 81, 35, 199, 43, 203]], [[1, 2, 261, 192, 335, 255], [1, 3, 249, 179, 284, 205], [1, 6, 0, 222, 126, 396], [2, 0, 0, 146, 576, 399], [3, 0, 0, 0, 599, 399], [3, 171, 132, 175, 133, 180], [3, 174, 61, 173, 63, 176]], [[1, 2, 471, 332, 599, 399], [1, 3, 269, 203, 325, 255], [2, 0, 0, 141, 599, 399], [3, 0, 0, 0, 599, 284], [3, 171, 62, 178, 66, 192]], [[1, 4, 265, 198, 332, 254], [2, 0, 0, 158, 599, 399], [3, 0, 0, 0, 599, 288]], [[1, 5, 258, 192, 335, 265], [2, 0, 0, 154, 599, 399], [3, 0, 0, 0, 599, 312]], [[1, 0, 26, 249, 223, 382], [1, 1, 0, 219, 123, 316], [1, 2, 352, 175, 406, 216], [1, 3, 308, 171, 329, 191], [1, 6, 267, 182, 333, 256], [2, 0, 0, 144, 599, 399], [3, 0, 0, 0, 599, 272], [3, 63, 0, 187, 20, 206], [3, 81, 0, 203, 9, 207], [3, 174, 59, 173, 59, 177]], [[1, 7, 262, 210, 336, 260], [2, 0, 0, 162, 599, 399], [3, 0, 0, 0, 599, 289]], [[1, 8, 278, 178, 318, 253], [2, 0, 0, 162, 599, 399], [3, 0, 0, 0, 599, 259], [3, 180, 64, 180, 77, 198], [3, 195, 233, 173, 233, 173]], [[1, 0, 392, 156, 393, 157], [1, 1, 387, 152, 392, 157], [1, 9, 260, 200, 336, 259], [2, 0, 0, 154, 599, 399], [3, 0, 0, 0, 599, 278]]], "distance_down_track": [656.8151245117188, 657.0588989257812, 661.3698120117188, 664.457275390625, 579.4617309570312, 699.7556762695312, 658.56982421875, 772.1061401367188, 480.33154296875, 618.528076171875], "velocity": [[-14.034276008605957, 0.776288628578186, 15.19626235961914], [-14.471392631530762, 0.7529628872871399, 14.781804084777832], [-17.37994384765625, 0.9636019468307495, 17.14870834350586], [-13.092666625976562, 1.1726902723312378, 18.592464447021484], [-15.92890453338623, 0.2076505869626999, -14.954912185668945], [5.860391139984131, 3.1249749660491943, 19.605619430541992], [-14.712977409362793, 0.7358337640762329, 13.026856422424316], [17.249439239501953, 1.9873706102371216, -13.073537826538086], [18.131996154785156, 0.7229953408241272, -12.17088794708252], [-20.9406795501709, 0.41441085934638977, 0.5869084596633911]]}