{"track": "volcano_island", "karts": ["gavroche", "adiumy", "amanda", "nolok", "tux", "konqi", "kiki", "pidgin", "sara_the_racer", "suzanne"], "detections": [[[1, 0, 263, 204, 337, 276], [1, 1, 253, 155, 255, 155], [1, 2, 284, 153, 291, 160], [1, 3, 281, 155, 284, 159], [1, 6, 292, 153, 295, 158], [2, 0, 0, 154, 599, 399], [3, 0, 0, 0, 599, 236], [4, 10, 286, 157, 300, 167], [4, 13, 330, 153, 343, 167], [4, 14, 241, 154, 257, 167]], [[1, 1, 271, 218, 330, 252], [1, 5, 249, 179, 296, 225], [2, 0, 0, 163, 599, 399], [3, 0, 0, 0, 599, 306]], [[1, 1, 235, 163, 244, 166], [1, 2, 260, 191, 342, 260], [1, 3, 262, 187, 289, 220], [1, 5, 224, 158, 236, 166], [2, 0, 0, 160, 599, 399], [3, 0, 0, 0, 599, 246]], [[1, 1, 235, 164, 246, 168], [1, 2, 281, 232, 458, 388], [1, 3, 273, 203, 330, 256], [1, 5, 224, 159, 237, 168], [2, 0, 0, 161, 599, 399], [3, 0, 0, 0, 599, 259]], [[1, 0, 303, 155, 306, 158], [1, 2, 292, 155, 294, 156], [1, 3, 290, 155, 291, 156], [1, 4, 267, 198, 334, 255], [1, 6, 296, 154, 297, 156], [1, 9, 297, 158, 304, 163], [2, 0, 0, 155, 599, 399], [3, 0, 0, 92, 599, 232], [4, 10, 297, 155, 300, 156], [4, 13, 308, 154, 311, 156], [4, 14, 286, 155, 289, 156], [6, 33, 194, 156, 247, 191], [6, 34, 315, 152, 338, 165], [6, 35, 287, 154, 296, 161]], [[1, 1, 305, 270, 431, 359], [1, 5, 265, 191, 342, 265], [2, 0, 0, 162, 599, 399], [3, 0, 0, 0, 599, 338]], [[1, 1, 237, 161, 244, 164], [1, 2, 274, 166, 299, 186], [1, 3, 271, 168, 282, 181], [1, 5, 228, 158, 237, 164], [1, 6, 270, 184, 330, 251], [2, 0, 0, 160, 599, 399], [3, 0, 0, 0, 599, 235]], [[1, 7, 266, 210, 341, 262], [2, 0, 0, 161, 599, 399], [3, 0, 0, 0, 599, 309]], [[1, 8, 281, 178, 321, 252], [2, 0, 0, 163, 599, 399], [3, 0, 0, 0, 599, 328], [5, 11, 58, 167, 151, 232]], [[1, 0, 305, 159, 313, 165], [1, 2, 286, 155, 290, 158], [1, 3, 284, 155, 285, 158], [1, 6, 293, 154, 295, 159], [1, 9, 262, 201, 338, 258], [2, 0, 0, 156, 599, 399], [3, 0, 0, 33, 599, 232], [4, 10, 294, 155, 299, 160], [4, 13, 313, 154, 317, 159], [4, 14, 275, 155, 280, 160], [6, 35, 225, 158, 292, 212]]], "distance_down_track": [906.94677734375, 957.24755859375, 934.3798828125, 936.3726196289062, 857.02783203125, 960.0851440429688, 927.3012084960938, 1045.54541015625, 755.6023559570312, 884.9281005859375], "velocity": [[-6.814177989959717, -0.32230544090270996, -14.051827430725098], [4.3747382164001465, -0.3638067841529846, -17.688411712646484], [-6.685410022735596, -0.46879637241363525, -20.675968170166016], [-6.788865089416504, -0.46556833386421204, -21.221956253051758], [-10.951939582824707, -0.4636419415473938, -18.848196029663086], [5.900468826293945, -0.3408999443054199, -19.838300704956055], [-8.4279146194458, -0.48972073197364807, -20.710472106933594], [9.015044212341309, -0.709810733795166, 19.764497756958008], [21.26734733581543, 2.4832887649536133, -4.547675132751465], [-10.675055503845215, -0.46168985962867737, -18.264053344726562]]}