{"track": "overworld", "karts": ["beastie", "kiki", "hexley", "emule", "amanda", "wilber", "adiumy", "xue", "suzanne", "nolok"], "detections": [[[1, 0, 252, 189, 332, 262], [3, 0, 0, 0, 599, 200], [3, 4, 319, 158, 321, 159], [3, 7, 324, 155, 332, 161], [3, 8, 324, 157, 327, 160], [3, 24, 333, 155, 341, 161], [3, 25, 337, 156, 342, 161]], [[1, 1, 263, 182, 329, 256], [1, 2, 291, 154, 293, 157], [1, 9, 296, 163, 303, 169], [3, 0, 0, 0, 599, 160]], [[1, 2, 271, 196, 326, 271], [3, 0, 0, 0, 599, 168]], [[1, 3, 244, 200, 356, 317], [1, 6, 516, 292, 599, 399], [2, 7, 205, 135, 302, 156], [2, 24, 303, 134, 432, 157], [3, 0, 0, 0, 599, 164], [3, 7, 92, 0, 302, 153], [3, 24, 303, 0, 537, 155]], [[1, 1, 347, 186, 347, 187], [1, 4, 255, 191, 336, 261], [1, 8, 344, 186, 345, 187], [3, 0, 215, 109, 599, 197]], [[1, 5, 265, 189, 341, 261], [2, 0, 395, 135, 400, 140], [3, 0, 0, 0, 599, 239], [3, 4, 522, 98, 522, 98], [3, 6, 421, 99, 421, 99]], [[1, 3, 135, 178, 226, 242], [1, 6, 252, 190, 353, 300], [2, 7, 192, 136, 280, 156], [2, 24, 281, 137, 399, 158], [3, 0, 0, 0, 599, 176], [3, 7, 87, 0, 280, 152], [3, 24, 277, 0, 492, 157]], [[1, 7, 265, 188, 329, 259], [3, 0, 0, 0, 434, 160], [3, 6, 307, 157, 312, 159]], [[1, 1, 320, 161, 329, 173], [1, 2, 318, 159, 320, 161], [1, 8, 252, 201, 335, 269], [3, 0, 3, 0, 599, 164]], [[1, 2, 284, 143, 289, 148], [1, 9, 268, 203, 328, 262], [3, 0, 0, 0, 599, 158]]], "distance_down_track": [241.50843811035156, 1203.1470947265625, 1255.5743408203125, 612.0541381835938, 1105.3878173828125, 1439.3709716796875, 610.6593627929688, 297.5917053222656, 1186.637451171875, 1225.8077392578125], "velocity": [[-1.8770549297332764, 0.32555463910102844, 24.074739456176758], [-3.3657095432281494, 0.18434078991413116, -19.37395668029785], [-1.109512209892273, 1.5222125053405762, -19.574575424194336], [-0.6249141097068787, -1.515219807624817, 8.915228843688965], [0.4972033202648163, 2.3938891887664795, -21.597042083740234], [-13.039460182189941, -4.165857791900635, 14.118437767028809], [-0.7489070892333984, -1.4055054187774658, 8.19314956665039], [-2.194847345352173, 0.773995578289032, 22.720109939575195], [-2.0739729404449463, 1.1821656227111816, -19.0869140625], [-3.1175696849823, 0.05752584710717201, -20.463808059692383]]}