{"track": "overworld", "karts": ["beastie", "kiki", "hexley", "emule", "amanda", "wilber", "adiumy", "xue", "suzanne", "nolok"], "detections": [[[1, 0, 259, 190, 338, 260], [1, 1, 388, 157, 390, 157], [3, 0, 0, 65, 586, 156], [3, 7, 262, 147, 263, 147], [3, 24, 264, 147, 266, 147]], [[1, 1, 262, 182, 325, 256], [1, 2, 441, 162, 446, 164], [3, 0, 334, 63, 599, 160]], [[1, 2, 263, 196, 321, 274], [1, 5, 342, 156, 344, 157], [1, 8, 344, 156, 346, 157], [1, 9, 345, 158, 347, 159], [3, 0, 0, 0, 599, 161]], [[1, 3, 259, 200, 342, 285], [1, 6, 191, 172, 241, 212], [2, 7, 57, 147, 229, 186], [2, 24, 226, 147, 459, 188], [3, 0, 566, 97, 599, 186], [3, 7, 0, 0, 225, 179], [3, 24, 210, 0, 599, 186]], [[1, 4, 258, 192, 343, 262], [3, 0, 16, 110, 540, 163]], [[1, 5, 262, 190, 337, 259], [1, 8, 312, 176, 349, 203], [3, 0, 0, 0, 599, 169]], [[1, 3, 561, 353, 599, 399], [1, 6, 264, 194, 338, 267], [2, 7, 29, 147, 271, 201], [2, 24, 270, 149, 589, 204], [3, 7, 0, 0, 269, 191], [3, 24, 266, 0, 599, 202]], [[1, 4, 445, 140, 449, 142], [1, 7, 264, 186, 333, 264], [3, 0, 0, 119, 566, 149]], [[1, 5, 0, 379, 150, 399], [1, 8, 264, 201, 334, 254], [3, 0, 0, 0, 599, 176]], [[1, 5, 251, 161, 277, 186], [1, 8, 273, 159, 292, 173], [1, 9, 263, 203, 324, 261], [3, 0, 0, 0, 599, 166]]], "distance_down_track": [69.20109558105469, 181.89376831054688, 1182.539306640625, 619.18505859375, 966.39892578125, 1265.898681640625, 621.9170532226562, 464.2733459472656, 1269.2823486328125, 1259.928955078125], "velocity": [[3.584148406982422, 0.5925189852714539, 23.875202178955078], [20.278043746948242, 0.19733034074306488, -2.814985513687134], [-0.2623400092124939, 0.8332746028900146, -19.19708251953125], [-1.1394637823104858, -1.9932197332382202, 14.453187942504883], [14.419333457946777, -0.4401872158050537, -15.548959732055664], [-0.40751948952674866, 2.2166993618011475, -19.53541374206543], [-0.09227897971868515, -0.4579088091850281, -4.807613849639893], [20.55619239807129, -1.6357477903366089, 1.8047780990600586], [0.8282724618911743, 2.7376067638397217, -23.224546432495117], [-6.704428672790527, 1.6517508029937744, -19.514413833618164]]}