{"track": "hacienda", "karts": ["adiumy", "tux", "puffy", "pidgin", "nolok", "emule", "beastie", "sara_the_wizard", "gavroche", "konqi"], "detections": [[[1, 0, 273, 196, 326, 244], [1, 1, 560, 181, 580, 190], [2, 0, 0, 162, 599, 399], [3, 0, 0, 9, 599, 399], [4, 20, 568, 179, 584, 188], [5, 19, 537, 175, 545, 180]], [[1, 1, 264, 198, 328, 254], [1, 3, 298, 162, 303, 163], [1, 5, 310, 161, 315, 166], [1, 7, 295, 162, 297, 163], [2, 0, 0, 163, 599, 399], [3, 0, 0, 0, 599, 321], [3, 109, 283, 71, 300, 92], [3, 111, 263, 73, 280, 92], [4, 20, 250, 174, 293, 213], [5, 11, 352, 189, 385, 216], [5, 19, 147, 172, 173, 198]], [[1, 2, 266, 200, 346, 260], [1, 4, 417, 175, 470, 210], [1, 8, 383, 176, 424, 208], [2, 0, 0, 157, 599, 399], [3, 0, 0, 0, 599, 399], [4, 13, 53, 156, 74, 169]], [[1, 2, 215, 174, 238, 185], [1, 3, 264, 209, 335, 257], [1, 4, 258, 168, 269, 177], [1, 7, 271, 191, 298, 212], [1, 8, 247, 169, 258, 178], [2, 0, 0, 167, 599, 399], [3, 0, 0, 0, 599, 355], [3, 113, 193, 0, 193, 0]], [[1, 2, 0, 315, 19, 360], [1, 4, 273, 203, 334, 264], [1, 8, 216, 205, 281, 262], [2, 0, 0, 170, 599, 399], [3, 0, 0, 0, 599, 230]], [[1, 2, 228, 165, 238, 167], [1, 3, 271, 163, 283, 170], [1, 4, 247, 163, 252, 167], [1, 5, 264, 200, 332, 269], [1, 7, 266, 164, 273, 168], [1, 8, 240, 163, 246, 167], [2, 0, 0, 163, 599, 399], [3, 0, 0, 0, 599, 254], [3, 109, 252, 1, 284, 43], [3, 111, 218, 6, 249, 45], [3, 113, 182, 15, 213, 46]], [[1, 6, 258, 189, 344, 263], [2, 0, 0, 135, 599, 399], [3, 0, 0, 0, 599, 259]], [[1, 2, 232, 171, 258, 186], [1, 4, 287, 164, 299, 175], [1, 7, 269, 223, 325, 295], [1, 8, 274, 165, 286, 177], [2, 0, 0, 162, 599, 399], [3, 0, 0, 0, 599, 353], [4, 13, 0, 178, 9, 185]], [[1, 2, 0, 360, 65, 399], [1, 4, 326, 199, 410, 267], [1, 8, 274, 204, 338, 269], [2, 0, 0, 173, 599, 399], [3, 0, 0, 0, 599, 207]], [[1, 6, 280, 151, 284, 155], [1, 9, 265, 192, 341, 265], [2, 0, 0, 141, 599, 399], [3, 0, 0, 0, 599, 283], [8, 5, 138, 32, 329, 332]]], "distance_down_track": [732.907470703125, 767.548095703125, 830.1133422851562, 812.2273559570312, 828.8323364257812, 796.2012939453125, 914.2244262695312, 815.1071166992188, 829.5227661132812, 866.0426025390625], "velocity": [[-25.08954429626465, -2.2186691761016846, -11.038214683532715], [-16.043210983276367, -1.5326414108276367, 16.409337997436523], [-25.228790283203125, -5.035433292388916, -2.491909980773926], [-19.56358528137207, -2.605212450027466, 12.61876106262207], [-19.101064682006836, -1.9094427824020386, 5.2854695320129395], [-13.399735450744629, -1.5872126817703247, 12.932600021362305], [-3.1906933784484863, 0.24153900146484375, -21.4981689453125], [-11.402422904968262, -1.443197250366211, 4.073019027709961], [-17.50826644897461, -1.76832914352417, 3.906139612197876], [-3.5832204818725586, -0.3960574269294739, -20.757272720336914]]}