{"track": "minigolf", "karts": ["nolok", "sara_the_racer", "emule", "adiumy", "gavroche", "konqi", "amanda", "xue", "sara_the_wizard", "puffy"], "detections": [[[1, 0, 268, 174, 331, 214], [2, 0, 0, 149, 599, 248], [3, 0, 0, 0, 599, 399]], [[1, 1, 272, 160, 317, 214], [2, 0, 59, 206, 599, 399], [3, 0, 0, 0, 599, 399]], [[1, 2, 263, 163, 339, 224], [2, 0, 250, 203, 592, 342], [3, 0, 0, 0, 599, 399], [3, 8, 281, 253, 418, 389]], [[1, 2, 597, 5, 599, 18], [1, 3, 289, 141, 331, 189], [1, 4, 197, 75, 230, 96], [2, 0, 8, 0, 599, 399], [3, 0, 0, 0, 599, 399], [4, 16, 165, 7, 211, 59]], [[1, 3, 365, 257, 407, 305], [1, 4, 274, 187, 306, 212], [2, 0, 145, 101, 514, 399], [3, 0, 0, 0, 599, 399], [4, 16, 242, 123, 288, 174], [4, 17, 447, 82, 458, 91]], [[1, 5, 273, 174, 322, 215], [2, 0, 0, 155, 579, 399], [3, 0, 0, 0, 599, 399]], [[1, 6, 271, 172, 330, 221], [2, 0, 0, 51, 599, 399], [3, 0, 0, 0, 599, 327], [6, 30, 348, 31, 394, 66]], [[1, 7, 272, 165, 329, 218], [2, 0, 0, 146, 599, 273], [3, 0, 0, 0, 599, 399], [3, 8, 0, 159, 37, 258], [4, 18, 385, 177, 443, 224], [4, 19, 212, 183, 273, 234], [6, 32, 68, 296, 126, 399]], [[1, 8, 271, 167, 334, 213], [2, 0, 0, 65, 599, 399], [3, 0, 0, 0, 599, 358]], [[1, 9, 276, 180, 323, 214], [2, 0, 0, 0, 599, 399], [3, 0, 0, 0, 599, 399], [255, 16777215, 187, 0, 215, 56]]], "distance_down_track": [110.1246337890625, 131.5799560546875, 288.24755859375, 259.7646789550781, 268.799560546875, 178.5155792236328, 64.84932708740234, 271.1726379394531, 385.67730712890625, 0.45352351665496826], "velocity": [[-20.59740447998047, -2.268662214279175, -0.5424802899360657], [-18.151857376098633, -0.9892603158950806, 7.599859714508057], [11.756343841552734, -2.3487420082092285, -0.9606660008430481], [-3.950723886489868, 1.0916378498077393, 20.180063247680664], [-5.044001579284668, 4.020937442779541, 22.05958366394043], [9.429288864135742, -4.360710144042969, 17.904264450073242], [-19.846595764160156, 0.2192070186138153, -8.913374900817871], [2.6623620986938477, -1.8118520975112915, -13.854187965393066], [20.306137084960938, 2.82350492477417, 2.85040283203125], [-24.106260299682617, 0.08171958476305008, 1.4505130052566528]]}