{"track": "zengarden", "karts": ["nolok", "sara_the_wizard", "gnu", "beastie", "hexley", "gavroche", "puffy", "xue", "kiki", "sara_the_racer"], "detections": [[[1, 0, 265, 202, 326, 257], [1, 1, 370, 161, 381, 173], [1, 2, 382, 156, 395, 167], [1, 4, 239, 220, 401, 399], [1, 5, 328, 170, 351, 186], [1, 6, 281, 180, 330, 210], [1, 8, 437, 158, 444, 165], [2, 0, 0, 105, 450, 399], [3, 0, 0, 0, 599, 399], [8, 15, 210, 164, 228, 181]], [[1, 1, 282, 188, 321, 260], [1, 2, 330, 160, 383, 221], [1, 8, 361, 158, 365, 168], [1, 9, 388, 158, 395, 170], [2, 0, 0, 0, 599, 399], [3, 0, 0, 80, 599, 255]], [[1, 1, 200, 191, 266, 282], [1, 2, 266, 157, 326, 232], [1, 8, 341, 157, 350, 168], [1, 9, 371, 157, 378, 170], [2, 0, 0, 0, 599, 399], [3, 0, 0, 75, 599, 285]], [[1, 3, 266, 188, 348, 263], [2, 0, 0, 130, 502, 399], [3, 0, 0, 0, 599, 399], [3, 443, 522, 0, 587, 14], [3, 445, 493, 0, 521, 16], [3, 485, 296, 0, 493, 181], [4, 16, 140, 185, 220, 269]], [[1, 0, 285, 186, 323, 213], [1, 1, 383, 163, 390, 174], [1, 4, 272, 194, 329, 261], [1, 5, 340, 170, 360, 183], [1, 6, 299, 176, 336, 196], [2, 0, 0, 114, 391, 399], [3, 0, 0, 0, 599, 399], [8, 15, 246, 164, 260, 177]], [[1, 1, 315, 165, 329, 185], [1, 2, 332, 155, 348, 175], [1, 5, 269, 202, 323, 255], [1, 8, 365, 157, 371, 165], [1, 9, 387, 157, 392, 166], [2, 0, 0, 69, 599, 399], [3, 0, 0, 0, 599, 298]], [[1, 0, 270, 283, 369, 399], [1, 1, 359, 160, 370, 174], [1, 2, 372, 153, 386, 167], [1, 5, 318, 174, 346, 196], [1, 6, 249, 200, 335, 264], [1, 8, 419, 155, 426, 162], [1, 9, 441, 155, 446, 164], [2, 0, 0, 92, 536, 399], [3, 0, 0, 0, 599, 399], [8, 15, 148, 166, 177, 191]], [[1, 7, 236, 184, 343, 258], [2, 0, 47, 170, 599, 399], [3, 0, 0, 0, 599, 399], [3, 252, 258, 84, 275, 108], [3, 455, 514, 69, 599, 200]], [[1, 8, 265, 182, 332, 257], [1, 9, 458, 187, 593, 304], [2, 0, 0, 159, 599, 399], [3, 0, 0, 0, 599, 260], [3, 249, 373, 137, 379, 145], [3, 292, 369, 135, 384, 157]], [[1, 8, 151, 172, 205, 223], [1, 9, 277, 178, 317, 253], [2, 0, 0, 162, 468, 399], [3, 0, 0, 0, 599, 399]]], "distance_down_track": [367.9918518066406, 383.60400390625, 384.25860595703125, 278.292724609375, 363.35296630859375, 375.9516296386719, 371.4819030761719, 241.33200073242188, 402.9785461425781, 401.92877197265625], "velocity": [[1.6289730072021484, -0.17184670269489288, -21.16571044921875], [-6.696825981140137, 0.07458525896072388, -22.566883087158203], [-6.189548969268799, 0.07951606065034866, -19.921459197998047], [14.970443725585938, -3.0719690322875977, -17.26952362060547], [4.078638076782227, 0.286115437746048, -22.670196533203125], [-4.907031059265137, 0.08664904534816742, -22.435993194580078], [-0.5349254608154297, 0.08822545409202576, -22.187227249145508], [-22.927452087402344, 0.4612398147583008, 1.7661103010177612], [-9.741609573364258, 0.08172305673360825, -17.082345962524414], [-9.182402610778809, 0.08864015340805054, -20.392864227294922]]}