{"track": "tutorial", "karts": ["puffy", "hexley", "tux", "suzanne", "pidgin", "nolok", "beastie", "gavroche", "amanda", "adiumy"], "detections": [[[1, 0, 204, 203, 394, 327], [2, 0, 0, 100, 79, 136], [3, 0, 0, 47, 599, 399]], [[1, 0, 355, 157, 373, 168], [1, 1, 241, 193, 349, 349], [1, 3, 50, 164, 138, 205], [1, 7, 292, 154, 308, 165], [2, 0, 186, 126, 305, 155], [3, 0, 0, 36, 599, 399]], [[1, 2, 267, 198, 331, 253], [1, 4, 247, 155, 252, 158], [1, 9, 238, 150, 241, 153], [2, 0, 0, 143, 599, 399], [3, 0, 0, 16, 599, 271], [3, 6, 301, 66, 312, 79], [3, 7, 248, 60, 258, 71]], [[1, 0, 489, 168, 521, 185], [1, 3, 225, 201, 359, 310], [1, 7, 394, 162, 412, 175], [2, 0, 267, 126, 399, 161], [3, 0, 0, 16, 599, 399]], [[1, 4, 266, 209, 335, 258], [1, 9, 290, 158, 308, 175], [2, 0, 0, 153, 599, 399], [3, 0, 0, 60, 599, 313], [3, 6, 448, 49, 465, 69], [3, 7, 370, 63, 382, 76]], [[1, 5, 238, 206, 359, 319], [2, 0, 0, 149, 599, 399], [3, 0, 0, 113, 599, 246], [5, 17, 230, 161, 244, 176], [5, 18, 291, 161, 304, 175], [5, 19, 340, 161, 353, 174], [5, 20, 230, 151, 234, 155], [5, 21, 212, 150, 217, 154], [5, 22, 190, 149, 195, 154]], [[1, 2, 248, 173, 271, 191], [1, 4, 225, 161, 229, 163], [1, 6, 263, 189, 341, 257], [1, 9, 216, 156, 219, 158], [2, 0, 0, 150, 599, 399], [3, 0, 0, 63, 599, 292], [3, 6, 275, 74, 285, 87], [3, 7, 221, 68, 232, 78]], [[1, 0, 590, 212, 599, 225], [1, 7, 236, 205, 352, 330], [2, 0, 0, 77, 221, 224], [3, 0, 0, 26, 599, 399]], [[1, 2, 283, 183, 291, 189], [1, 4, 243, 185, 246, 186], [1, 6, 298, 180, 310, 190], [1, 8, 263, 192, 338, 251], [1, 9, 235, 181, 237, 183], [2, 0, 0, 177, 599, 399], [3, 0, 0, 114, 599, 275], [3, 6, 276, 112, 284, 121], [3, 7, 227, 106, 236, 114]], [[1, 9, 274, 195, 329, 249], [2, 0, 0, 168, 599, 399], [3, 0, 0, 72, 599, 313], [3, 6, 456, 62, 474, 82], [3, 7, 373, 78, 386, 90]]], "distance_down_track": [712.6583862304688, 712.6583862304688, 365.0060729980469, 365.0060729980469, 365.0060729980469, 433.4427490234375, 343.6702575683594, 400.4352722167969, 321.3812561035156, 321.3812561035156], "velocity": [[-0.07041626423597336, 0.0819527879357338, 0.001838207826949656], [-4.600430488586426, 0.11259890347719193, -1.4253478050231934], [2.67101788520813, -3.687077045440674, -22.54486846923828], [-4.567450046539307, 0.10605768114328384, -1.9894945621490479], [13.212088584899902, -1.2745349407196045, -20.175201416015625], [-3.2745912075042725, 0.0728023499250412, 0.4138067364692688], [1.6167292594909668, -3.3619868755340576, -23.86012840270996], [0.27847611904144287, 0.07709978520870209, 0.40411683917045593], [0.34417036175727844, -1.2862056493759155, -24.11326789855957], [12.723444938659668, -0.2804430425167084, -19.158164978027344]]}