{"track": "tutorial", "karts": ["puffy", "hexley", "tux", "suzanne", "pidgin", "nolok", "beastie", "gavroche", "amanda", "adiumy"], "detections": [[[1, 0, 204, 203, 393, 327], [1, 1, 35, 190, 256, 311], [2, 0, 0, 101, 70, 132], [3, 0, 0, 41, 599, 399]], [[1, 0, 327, 192, 447, 271], [1, 1, 240, 194, 349, 350], [3, 0, 0, 43, 599, 399]], [[1, 2, 264, 198, 326, 253], [1, 4, 340, 173, 361, 187], [1, 7, 317, 193, 360, 233], [2, 0, 0, 156, 599, 399], [3, 0, 0, 0, 599, 305], [3, 6, 222, 0, 242, 21], [3, 7, 91, 0, 116, 13]], [[1, 2, 386, 174, 391, 178], [1, 3, 262, 200, 333, 256], [1, 4, 422, 178, 424, 179], [1, 7, 395, 175, 398, 177], [1, 9, 378, 172, 385, 178], [2, 0, 0, 175, 599, 399], [3, 0, 0, 67, 599, 337], [3, 6, 423, 55, 440, 77], [3, 7, 337, 70, 349, 83]], [[1, 0, 429, 188, 436, 190], [1, 1, 421, 185, 433, 190], [1, 4, 261, 209, 330, 259], [2, 0, 0, 152, 599, 399], [3, 0, 0, 0, 599, 371], [3, 6, 174, 0, 175, 0], [3, 8, 199, 49, 206, 52]], [[1, 5, 214, 203, 332, 325], [2, 0, 318, 98, 450, 136], [3, 0, 0, 0, 599, 399]], [[1, 6, 224, 182, 382, 314], [1, 8, 199, 146, 207, 151], [2, 0, 0, 149, 599, 399], [3, 0, 0, 116, 599, 284], [3, 6, 0, 116, 6, 127], [5, 20, 396, 158, 413, 177], [5, 21, 325, 158, 341, 178], [5, 22, 248, 168, 257, 179]], [[1, 2, 160, 212, 272, 297], [1, 4, 329, 174, 352, 191], [1, 7, 267, 203, 322, 258], [2, 0, 0, 156, 599, 399], [3, 0, 0, 0, 599, 346], [3, 6, 225, 0, 245, 19], [3, 7, 96, 0, 121, 13], [3, 8, 256, 58, 256, 58]], [[1, 8, 259, 192, 340, 259], [2, 0, 0, 162, 599, 399], [3, 0, 0, 109, 599, 303], [3, 6, 214, 137, 215, 139], [3, 7, 164, 123, 170, 131]], [[1, 2, 271, 172, 298, 193], [1, 4, 330, 169, 345, 179], [1, 7, 297, 173, 317, 191], [1, 9, 272, 195, 328, 251], [2, 0, 0, 161, 599, 399], [3, 0, 0, 20, 599, 384], [3, 6, 253, 9, 270, 35], [3, 7, 139, 9, 160, 31]]], "distance_down_track": [712.6583862304688, 712.6583862304688, 473.2306823730469, 473.2306823730469, 473.2306823730469, 547.9110717773438, 455.9293518066406, 491.73480224609375, 433.4427490234375, 420.1153259277344], "velocity": [[0.23745401203632355, 0.04984871298074722, 0.8752216100692749], [-0.48305410146713257, 0.03167491406202316, -0.858902096748352], [-10.634909629821777, -3.158068895339966, -22.826797485351562], [7.74675989151001, -1.2609477043151855, -21.521482467651367], [-12.489163398742676, -3.0935018062591553, -20.322824478149414], [4.984259605407715, -0.44461899995803833, -0.7275499701499939], [-7.172891616821289, 0.6974837779998779, -6.353646755218506], [-8.862432479858398, -2.6876988410949707, -20.48656463623047], [-5.461269378662109, 1.347064733505249, -21.543901443481445], [-6.974727153778076, -3.078394651412964, -21.69969367980957]]}