{"track": "tutorial", "karts": ["puffy", "hexley", "tux", "suzanne", "pidgin", "nolok", "beastie", "gavroche", "amanda", "adiumy"], "detections": [[[1, 0, 201, 203, 391, 323], [1, 1, 0, 190, 175, 326], [2, 0, 0, 135, 97, 175], [3, 0, 0, 77, 599, 399]], [[1, 0, 422, 205, 599, 324], [1, 1, 244, 191, 354, 345], [1, 3, 0, 188, 37, 229], [1, 7, 0, 209, 170, 310], [2, 0, 0, 116, 147, 202], [3, 0, 0, 85, 599, 399]], [[1, 2, 228, 196, 361, 314], [2, 0, 0, 162, 599, 399], [3, 0, 0, 119, 599, 259], [3, 7, 180, 128, 184, 133]], [[1, 1, 479, 215, 599, 319], [1, 3, 218, 201, 369, 337], [1, 4, 34, 348, 193, 399], [1, 7, 352, 244, 474, 340], [2, 0, 0, 117, 228, 277], [3, 0, 0, 12, 599, 399]], [[1, 1, 522, 177, 599, 226], [1, 3, 357, 137, 481, 229], [1, 4, 217, 217, 365, 334], [1, 7, 418, 187, 539, 253], [2, 0, 0, 84, 279, 224], [3, 0, 0, 29, 599, 399]], [[1, 0, 469, 166, 502, 185], [1, 1, 429, 162, 445, 180], [1, 3, 364, 149, 385, 167], [1, 4, 336, 160, 357, 173], [1, 5, 235, 204, 349, 318], [1, 6, 251, 154, 285, 178], [1, 7, 389, 162, 404, 176], [1, 8, 239, 158, 287, 197], [2, 0, 231, 122, 371, 160], [3, 0, 0, 18, 599, 399]], [[1, 0, 593, 186, 599, 198], [1, 1, 518, 171, 580, 206], [1, 3, 420, 149, 458, 182], [1, 4, 373, 170, 408, 197], [1, 6, 208, 180, 378, 330], [1, 7, 453, 171, 493, 197], [2, 0, 156, 100, 388, 166], [3, 0, 0, 12, 599, 399]], [[1, 1, 434, 181, 599, 334], [1, 3, 0, 109, 224, 280], [1, 7, 243, 205, 359, 318], [2, 0, 0, 92, 208, 172], [3, 0, 0, 63, 599, 399]], [[1, 0, 533, 172, 599, 200], [1, 1, 475, 167, 511, 193], [1, 3, 391, 149, 419, 174], [1, 4, 353, 165, 381, 184], [1, 6, 237, 160, 293, 212], [1, 7, 423, 166, 447, 187], [1, 8, 216, 184, 372, 321], [2, 0, 200, 112, 382, 163], [3, 0, 0, 16, 599, 399]], [[1, 2, 300, 161, 317, 174], [1, 9, 263, 195, 335, 263], [2, 0, 0, 154, 599, 399], [3, 0, 0, 118, 599, 399], [3, 6, 137, 125, 144, 134], [3, 7, 69, 111, 80, 120]]], "distance_down_track": [712.6583862304688, 712.6583862304688, 491.73480224609375, 512.133544921875, 512.133544921875, 561.7310180664062, 491.73480224609375, 532.0, 473.2306823730469, 455.9293518066406], "velocity": [[-0.05333590507507324, -0.32650837302207947, 0.013980108313262463], [-0.06262034922838211, -0.209435373544693, 0.01669343374669552], [-0.623817503452301, 0.20888002216815948, -2.537935733795166], [-0.21253222227096558, 0.08517130464315414, 0.18502195179462433], [0.2765282392501831, 0.06756740808486938, 0.3725106716156006], [-4.592526912689209, 0.09544862806797028, -1.6728945970535278], [-4.8447747230529785, 0.08917529135942459, -0.7675692439079285], [-0.11900091171264648, 0.2341993898153305, 0.01786750927567482], [-4.854032039642334, 0.0964256227016449, -1.2399232387542725], [-7.111915588378906, 1.2973684072494507, -15.596135139465332]]}