{"track": "overworld", "karts": ["beastie", "kiki", "hexley", "emule", "amanda", "wilber", "adiumy", "xue", "suzanne", "nolok"], "detections": [[[1, 0, 256, 189, 336, 260], [1, 1, 474, 171, 477, 173], [3, 0, 0, 79, 357, 166], [3, 7, 272, 157, 273, 158], [3, 24, 274, 158, 276, 158]], [[1, 1, 270, 182, 335, 256], [1, 2, 381, 148, 389, 152], [1, 8, 428, 149, 434, 152], [1, 9, 478, 149, 482, 151], [3, 0, 196, 58, 599, 152]], [[1, 2, 264, 195, 321, 269], [1, 7, 305, 160, 306, 161], [1, 8, 327, 176, 346, 189], [1, 9, 324, 171, 330, 176], [3, 0, 8, 0, 599, 169]], [[1, 3, 240, 202, 359, 322], [1, 6, 250, 157, 358, 251], [2, 7, 215, 154, 289, 171], [2, 24, 290, 154, 387, 171], [3, 0, 0, 0, 599, 178], [3, 7, 127, 0, 289, 168], [3, 24, 287, 0, 461, 170]], [[1, 4, 258, 191, 340, 259], [3, 0, 0, 112, 542, 168]], [[1, 5, 266, 189, 342, 262], [3, 0, 0, 15, 599, 193]], [[1, 3, 237, 234, 353, 357], [1, 6, 249, 190, 355, 285], [2, 7, 216, 155, 290, 174], [2, 24, 291, 157, 388, 176], [3, 0, 0, 0, 599, 193], [3, 7, 134, 0, 292, 169], [3, 24, 291, 0, 469, 176]], [[1, 5, 279, 141, 288, 150], [1, 7, 268, 187, 336, 265], [3, 0, 0, 0, 599, 190]], [[1, 7, 286, 148, 288, 150], [1, 8, 256, 200, 333, 261], [1, 9, 297, 165, 308, 174], [3, 0, 26, 0, 599, 160]], [[1, 5, 265, 135, 268, 136], [1, 7, 277, 141, 279, 143], [1, 9, 269, 203, 329, 260], [3, 0, 17, 0, 599, 158]]], "distance_down_track": [72.95491027832031, 208.448486328125, 1191.6353759765625, 607.9547119140625, 971.0781860351562, 1299.933837890625, 621.7354736328125, 1277.082275390625, 1201.436279296875, 1215.0927734375], "velocity": [[2.683150053024292, 0.9766671061515808, 23.980602264404297], [17.87478256225586, -0.09408726543188095, -8.906184196472168], [-2.9632251262664795, 0.3234714865684509, -20.517047882080078], [-0.052877359092235565, -0.20974674820899963, 0.4917086660861969], [14.18742847442627, -1.7236216068267822, -16.368650436401367], [2.697143793106079, 3.0690500736236572, -19.23586654663086], [-0.0071106296963989735, -0.03732426092028618, 0.10971029102802277], [0.8339862823486328, 2.450469493865967, -20.537517547607422], [-3.4972753524780273, 0.224248006939888, -20.401195526123047], [-3.4138479232788086, -0.03814682736992836, -20.416515350341797]]}