{"track": "tutorial", "karts": ["puffy", "hexley", "tux", "suzanne", "pidgin", "nolok", "beastie", "gavroche", "amanda", "adiumy"], "detections": [[[1, 0, 208, 201, 385, 319], [1, 1, 115, 138, 233, 263], [1, 3, 299, 152, 310, 160], [1, 4, 296, 157, 311, 167], [1, 6, 356, 153, 369, 162], [1, 8, 296, 157, 332, 187], [1, 9, 374, 154, 385, 164], [2, 0, 278, 134, 360, 154], [3, 0, 0, 18, 599, 399], [3, 8, 3, 26, 19, 42]], [[1, 0, 369, 262, 582, 399], [1, 1, 279, 198, 369, 317], [1, 3, 333, 173, 344, 180], [1, 4, 337, 180, 354, 190], [1, 6, 392, 177, 405, 186], [1, 8, 355, 190, 391, 220], [1, 9, 412, 181, 424, 191], [2, 0, 311, 153, 395, 176], [3, 0, 0, 0, 599, 399], [3, 8, 72, 44, 85, 56]], [[1, 2, 261, 198, 331, 256], [2, 0, 0, 156, 599, 399], [3, 0, 0, 7, 599, 275]], [[1, 3, 221, 201, 370, 323], [1, 6, 553, 177, 599, 227], [2, 0, 76, 89, 421, 173], [3, 0, 0, 7, 599, 399]], [[1, 3, 214, 158, 243, 177], [1, 4, 224, 218, 370, 322], [1, 6, 336, 153, 357, 173], [1, 9, 399, 159, 428, 184], [2, 0, 163, 121, 320, 158], [3, 0, 0, 35, 599, 399]], [[1, 5, 252, 204, 341, 291], [2, 0, 0, 96, 599, 399], [3, 0, 0, 0, 599, 199]], [[1, 6, 211, 180, 387, 326], [2, 0, 0, 83, 203, 207], [3, 0, 0, 49, 599, 399]], [[1, 7, 272, 203, 325, 254], [2, 0, 0, 150, 599, 399], [3, 0, 0, 0, 599, 358]], [[1, 3, 243, 154, 259, 164], [1, 4, 238, 162, 268, 179], [1, 6, 318, 154, 333, 165], [1, 8, 217, 185, 374, 314], [1, 9, 343, 156, 357, 169], [2, 0, 215, 130, 318, 155], [3, 0, 0, 36, 599, 399]], [[1, 6, 141, 156, 211, 205], [1, 9, 252, 191, 354, 306], [2, 0, 0, 87, 172, 165], [3, 0, 0, 15, 599, 399]]], "distance_down_track": [711.33203125, 712.0059204101562, 741.5721435546875, 729.2155151367188, 712.6583862304688, 741.5721435546875, 712.6583862304688, 741.5721435546875, 694.2288208007812, 694.2288208007812], "velocity": [[-4.4870781898498535, 0.12723934650421143, -2.3679826259613037], [-1.7798527479171753, -2.7544302940368652, -9.262249946594238], [0.12992587685585022, 0.28160515427589417, 0.48077476024627686], [-4.851413726806641, 0.1012105792760849, -1.0661985874176025], [-4.908536434173584, 0.09700696170330048, -1.1997387409210205], [-5.824488162994385, -0.3150595724582672, -9.910906791687012], [-0.06883400678634644, 0.0814501941204071, 0.010942736640572548], [-11.087078094482422, 1.2367533445358276, 20.113357543945312], [-4.558600902557373, 0.11596643179655075, -1.8005083799362183], [-7.600380897521973, 0.13093248009681702, 0.14676308631896973]]}