{"track": "overworld", "karts": ["beastie", "kiki", "hexley", "emule", "amanda", "wilber", "adiumy", "xue", "suzanne", "nolok"], "detections": [[[1, 0, 257, 189, 344, 262], [3, 0, 0, 33, 563, 162], [3, 4, 309, 153, 309, 153], [3, 7, 317, 152, 320, 154], [3, 24, 321, 152, 326, 154]], [[1, 1, 269, 183, 331, 254], [1, 2, 287, 158, 290, 162], [1, 6, 294, 161, 296, 164], [2, 7, 267, 159, 287, 161], [2, 24, 290, 158, 317, 162], [3, 0, 0, 17, 599, 199], [3, 7, 245, 69, 289, 161], [3, 8, 252, 77, 262, 87], [3, 24, 285, 68, 330, 162], [3, 25, 308, 75, 331, 161]], [[1, 2, 275, 184, 327, 251], [1, 6, 318, 163, 334, 178], [2, 7, 249, 150, 304, 162], [2, 24, 304, 147, 374, 161], [3, 0, 0, 0, 599, 172], [3, 7, 181, 0, 303, 162], [3, 24, 299, 0, 423, 157]], [[1, 3, 296, 193, 416, 326], [3, 0, 0, 0, 506, 346], [3, 2, 54, 333, 61, 338], [3, 3, 48, 328, 54, 333], [3, 4, 41, 320, 50, 327], [3, 7, 0, 355, 12, 375], [3, 24, 0, 339, 41, 366], [3, 25, 10, 340, 31, 341]], [[1, 4, 260, 192, 342, 260], [1, 7, 349, 137, 352, 139], [3, 0, 0, 94, 521, 198]], [[1, 0, 188, 147, 191, 149], [1, 5, 258, 190, 333, 259], [3, 0, 0, 100, 491, 167], [3, 7, 196, 144, 200, 145], [3, 8, 197, 144, 197, 144], [3, 24, 201, 144, 203, 145], [3, 25, 205, 145, 205, 145]], [[1, 6, 255, 191, 352, 295], [2, 7, 189, 136, 285, 157], [2, 24, 286, 136, 411, 158], [3, 0, 0, 0, 599, 171], [3, 7, 74, 0, 285, 154], [3, 24, 283, 0, 511, 157]], [[1, 7, 264, 187, 332, 262], [1, 8, 300, 167, 303, 169], [3, 0, 84, 43, 599, 186]], [[1, 8, 255, 201, 332, 263], [1, 9, 302, 156, 305, 158], [3, 0, 0, 0, 599, 160]], [[1, 9, 268, 203, 328, 260], [3, 0, 0, 0, 599, 169]]], "distance_down_track": [198.41578674316406, 434.1119689941406, 434.1119689941406, 434.1119689941406, 1065.1356201171875, 121.53385162353516, 611.8048095703125, 1126.7457275390625, 1196.078369140625, 1251.0465087890625], "velocity": [[-1.8885341882705688, -0.25038689374923706, 21.651350021362305], [0.04803556576371193, -1.6415568590164185, 21.788196563720703], [-1.417175531387329, -3.737941265106201, 21.481199264526367], [0.19285863637924194, -0.01366187073290348, -0.008692242205142975], [7.295444011688232, -0.4876136779785156, -20.46824073791504], [8.446547508239746, -0.5654135942459106, 17.749601364135742], [-0.6121969819068909, -1.67294442653656, 9.71508502960205], [-3.3947038650512695, 0.35724037885665894, -20.41661834716797], [-3.328803300857544, 0.30152979493141174, -20.42836570739746], [-1.3243788480758667, 1.4726263284683228, -20.605030059814453]]}