{"track": "tutorial", "karts": ["puffy", "hexley", "tux", "suzanne", "pidgin", "nolok", "beastie", "gavroche", "amanda", "adiumy"], "detections": [[[1, 0, 205, 201, 389, 328], [1, 5, 153, 161, 201, 187], [1, 7, 0, 207, 3, 209], [2, 0, 0, 100, 197, 162], [3, 0, 0, 30, 599, 399]], [[1, 0, 398, 180, 415, 190], [1, 1, 259, 195, 336, 305], [1, 5, 387, 166, 399, 172], [1, 7, 355, 168, 367, 175], [2, 0, 324, 135, 454, 162], [3, 0, 0, 0, 599, 399], [3, 8, 96, 19, 107, 32]], [[1, 2, 267, 198, 331, 251], [2, 0, 0, 175, 599, 399], [3, 0, 0, 0, 599, 269], [3, 6, 259, 137, 265, 141]], [[1, 3, 261, 200, 331, 257], [2, 0, 0, 157, 599, 399], [3, 0, 0, 8, 599, 399], [3, 6, 230, 0, 250, 27], [3, 7, 106, 0, 130, 19], [3, 8, 261, 60, 261, 60]], [[1, 4, 265, 209, 334, 256], [1, 9, 285, 167, 300, 180], [2, 0, 0, 144, 599, 399], [3, 0, 0, 34, 599, 296], [3, 6, 298, 68, 308, 80], [3, 7, 244, 62, 255, 72]], [[1, 5, 236, 206, 357, 321], [2, 0, 0, 66, 164, 224], [3, 0, 0, 27, 599, 399]], [[1, 2, 285, 165, 303, 179], [1, 6, 260, 190, 339, 257], [2, 0, 0, 167, 599, 399], [3, 0, 0, 53, 599, 281], [3, 6, 249, 133, 251, 137]], [[1, 5, 335, 166, 371, 198], [1, 7, 239, 205, 353, 321], [2, 0, 0, 80, 309, 165], [3, 0, 0, 5, 599, 399]], [[1, 2, 262, 159, 270, 164], [1, 6, 271, 160, 283, 170], [1, 8, 263, 192, 338, 253], [2, 0, 17, 164, 599, 399], [3, 0, 0, 107, 599, 399], [3, 6, 197, 135, 204, 141], [3, 7, 144, 126, 153, 132]], [[1, 3, 266, 138, 268, 138], [1, 9, 273, 195, 328, 250], [2, 0, 0, 138, 599, 399], [3, 0, 0, 0, 599, 274], [3, 6, 315, 56, 326, 70], [3, 7, 259, 53, 270, 64], [3, 8, 348, 80, 348, 80]]], "distance_down_track": [712.6583862304688, 708.3685913085938, 365.0060729980469, 365.0060729980469, 365.0060729980469, 455.9293518066406, 343.6702575683594, 400.4352722167969, 321.3812561035156, 321.3812561035156], "velocity": [[-5.18437385559082, 0.1078559160232544, -0.1255740225315094], [-6.061418056488037, -11.078258514404297, -6.413794040679932], [-1.5067447423934937, 1.8903928995132446, -22.87260627746582], [-7.898348808288574, -3.185149669647217, -21.36517906188965], [2.5764544010162354, -3.7039313316345215, -23.724781036376953], [-0.11829157173633575, 0.07313326001167297, 0.18091194331645966], [-2.5773415565490723, 1.1450603008270264, -23.984756469726562], [-5.378338813781738, 0.11426008492708206, -0.11065582931041718], [-6.869945049285889, 1.4658716917037964, -23.105791091918945], [3.9167230129241943, -3.843055248260498, -22.335847854614258]]}