{"track": "snowmountain", "karts": ["adiumy", "beastie", "sara_the_racer", "wilber", "nolok", "gavroche", "konqi", "sara_the_wizard", "tux", "xue"], "detections": [[[1, 0, 248, 208, 325, 254], [2, 0, 0, 260, 599, 399], [3, 0, 0, 0, 599, 344]], [[1, 1, 259, 189, 343, 261], [1, 2, 295, 154, 297, 158], [1, 3, 318, 157, 330, 166], [1, 4, 307, 156, 310, 158], [1, 6, 287, 155, 291, 158], [1, 7, 298, 157, 304, 166], [1, 8, 262, 175, 293, 201], [2, 0, 0, 157, 599, 399], [3, 0, 0, 67, 599, 236], [4, 21, 318, 154, 322, 157], [5, 31, 281, 156, 283, 158], [6, 6, 301, 153, 302, 157]], [[1, 2, 279, 176, 323, 258], [1, 4, 413, 196, 504, 245], [1, 6, 265, 162, 285, 179], [2, 0, 0, 162, 599, 399], [3, 0, 0, 0, 599, 256], [4, 21, 463, 163, 505, 199], [5, 31, 182, 178, 208, 201], [6, 6, 311, 153, 389, 206]], [[1, 2, 280, 162, 283, 169], [1, 3, 275, 193, 324, 238], [1, 4, 298, 164, 303, 168], [1, 6, 274, 162, 280, 166], [1, 7, 207, 185, 243, 227], [2, 0, 0, 164, 599, 399], [3, 0, 0, 61, 599, 294], [4, 21, 315, 161, 322, 166], [5, 31, 262, 164, 265, 167], [6, 6, 288, 159, 294, 167]], [[1, 2, 57, 184, 147, 277], [1, 4, 271, 203, 328, 255], [1, 6, 208, 164, 227, 182], [2, 0, 0, 164, 599, 399], [3, 0, 0, 0, 599, 249], [4, 21, 372, 166, 409, 203], [5, 31, 60, 184, 98, 208], [6, 6, 210, 156, 282, 213]], [[1, 5, 276, 202, 328, 252], [2, 0, 0, 158, 365, 399], [3, 0, 0, 0, 599, 399]], [[1, 6, 267, 191, 343, 265], [2, 0, 0, 164, 599, 399], [3, 0, 0, 0, 599, 288]], [[1, 2, 289, 157, 292, 165], [1, 3, 399, 206, 589, 314], [1, 4, 308, 160, 314, 164], [1, 6, 279, 158, 285, 162], [1, 7, 280, 188, 320, 266], [2, 0, 0, 161, 599, 399], [3, 0, 0, 47, 599, 233], [4, 21, 325, 156, 332, 162], [5, 31, 268, 159, 271, 163], [6, 6, 296, 154, 302, 163]], [[1, 1, 385, 313, 547, 399], [1, 2, 287, 155, 289, 160], [1, 3, 321, 160, 336, 171], [1, 4, 301, 157, 303, 160], [1, 6, 279, 156, 283, 159], [1, 7, 296, 159, 304, 171], [1, 8, 269, 198, 332, 251], [2, 0, 0, 159, 599, 399], [3, 0, 0, 67, 599, 249], [4, 21, 311, 155, 316, 159], [5, 31, 273, 157, 274, 160], [6, 6, 291, 154, 298, 159]], [[1, 0, 258, 150, 263, 152], [1, 9, 266, 187, 336, 266], [2, 0, 0, 155, 599, 399], [3, 0, 0, 0, 599, 275], [3, 16, 278, 72, 287, 86], [3, 17, 281, 77, 285, 84], [3, 20, 263, 116, 266, 122], [3, 21, 264, 119, 265, 121], [4, 22, 224, 158, 238, 168], [4, 23, 318, 157, 329, 167], [5, 38, 280, 160, 286, 167]]], "distance_down_track": [783.5090942382812, 629.4659423828125, 675.3795776367188, 647.8701782226562, 676.0205688476562, 499.75732421875, 685.823486328125, 648.702880859375, 633.3775024414062, 723.5529174804688], "velocity": [[-0.23179247975349426, -1.236485481262207, 20.6617374420166], [22.18514060974121, 0.19549696147441864, -1.1919814348220825], [19.664491653442383, 0.08235829323530197, 0.11472999304533005], [33.83774185180664, 0.4375845193862915, -1.0501513481140137], [22.136507034301758, 0.08444467186927795, -1.4636213779449463], [-24.011777877807617, 2.398560047149658, 8.922621726989746], [19.80437660217285, 0.08176447451114655, 6.022449970245361], [20.700471878051758, 0.3034081757068634, -0.9171371459960938], [23.705110549926758, 0.20368938148021698, -2.2864997386932373], [2.116549253463745, -1.0536268949508667, 20.56453514099121]]}