{"track": "tutorial", "karts": ["puffy", "hexley", "tux", "suzanne", "pidgin", "nolok", "beastie", "gavroche", "amanda", "adiumy"], "detections": [[[1, 0, 205, 201, 389, 328], [2, 0, 0, 103, 213, 160], [3, 0, 0, 35, 599, 399]], [[1, 0, 409, 148, 430, 159], [1, 1, 265, 196, 330, 288], [2, 0, 326, 120, 413, 142], [3, 0, 0, 0, 599, 399], [3, 8, 96, 23, 108, 36]], [[1, 2, 267, 198, 332, 254], [1, 9, 318, 185, 365, 227], [2, 0, 0, 166, 599, 399], [3, 0, 0, 113, 599, 284], [3, 6, 273, 115, 281, 124], [3, 7, 227, 111, 234, 114]], [[1, 2, 164, 154, 166, 154], [1, 3, 267, 200, 337, 253], [1, 4, 247, 163, 262, 172], [1, 9, 167, 154, 167, 154], [2, 0, 0, 155, 599, 399], [3, 0, 0, 120, 599, 399], [3, 6, 38, 120, 51, 131]], [[1, 2, 234, 158, 237, 159], [1, 4, 266, 209, 335, 255], [1, 9, 237, 158, 238, 159], [2, 0, 0, 159, 599, 399], [3, 0, 0, 121, 599, 341], [3, 6, 165, 133, 173, 136], [3, 7, 105, 120, 116, 129]], [[1, 5, 272, 204, 331, 259], [2, 0, 0, 142, 599, 399], [3, 0, 0, 55, 599, 305], [3, 6, 412, 45, 428, 64], [3, 7, 343, 54, 355, 66]], [[1, 6, 234, 183, 373, 302], [2, 0, 0, 165, 599, 399], [3, 0, 0, 130, 599, 324], [5, 5, 223, 158, 234, 168], [5, 6, 187, 159, 192, 164], [5, 7, 169, 159, 173, 161], [5, 8, 144, 159, 150, 161], [5, 12, 268, 158, 277, 167], [5, 13, 302, 157, 310, 166], [5, 18, 6, 160, 12, 162], [5, 19, 21, 161, 25, 162]], [[1, 5, 261, 154, 268, 159], [1, 7, 272, 203, 327, 255], [2, 0, 0, 136, 599, 399], [3, 0, 0, 0, 599, 275], [3, 6, 318, 53, 329, 68], [3, 7, 262, 50, 272, 61]], [[1, 6, 273, 150, 287, 159], [1, 8, 238, 186, 372, 302], [2, 0, 0, 156, 599, 399], [3, 0, 0, 36, 599, 296], [5, 5, 208, 150, 211, 152], [5, 8, 105, 152, 107, 152], [5, 12, 227, 150, 230, 154], [5, 13, 241, 151, 244, 155], [5, 14, 379, 154, 387, 167], [5, 15, 326, 155, 336, 169], [5, 16, 264, 158, 276, 172]], [[1, 2, 167, 215, 265, 291], [1, 9, 275, 195, 326, 247], [2, 0, 0, 169, 599, 399], [3, 0, 0, 114, 599, 282], [3, 6, 277, 118, 285, 126], [3, 7, 234, 112, 240, 117]]], "distance_down_track": [712.6583862304688, 710.9254150390625, 383.7624206542969, 392.1418762207031, 383.7624206542969, 473.2306823730469, 374.73779296875, 420.1153259277344, 354.56878662109375, 343.6702575683594], "velocity": [[-4.950036525726318, 0.09510921686887741, -0.25692349672317505], [-6.567960262298584, -3.2704200744628906, -6.6847710609436035], [-0.24686865508556366, -0.31702694296836853, -22.520336151123047], [-14.853788375854492, 1.6989614963531494, -17.477943420410156], [-9.815309524536133, 1.6879953145980835, -22.00074577331543], [10.396760940551758, -2.220696449279785, -18.29539680480957], [2.3109214305877686, 0.9088192582130432, 11.360587120056152], [4.067495822906494, -3.6714344024658203, -21.697826385498047], [6.476710319519043, 0.7995615005493164, 8.78295612335205], [0.4709531366825104, -0.1780664324760437, -25.459026336669922]]}