{"track": "sandtrack", "karts": ["wilber", "tux", "beastie", "hexley", "adiumy", "gnu", "gavroche", "sara_the_wizard", "puffy", "emule"], "detections": [[[1, 0, 265, 189, 338, 258], [1, 5, 330, 150, 334, 154], [1, 7, 317, 153, 320, 157], [2, 0, 0, 151, 599, 399], [3, 0, 0, 0, 599, 221], [3, 147, 418, 0, 581, 169], [3, 149, 400, 68, 473, 164], [3, 151, 213, 117, 261, 168], [3, 153, 136, 67, 222, 179], [3, 167, 293, 44, 403, 155], [3, 169, 220, 38, 317, 165], [3, 171, 256, 96, 300, 163], [3, 173, 310, 93, 394, 150], [3, 175, 298, 9, 451, 159], [3, 177, 176, 66, 274, 172], [3, 179, 77, 0, 253, 199], [3, 181, 301, 0, 571, 180]], [[1, 1, 253, 212, 332, 270], [2, 0, 0, 253, 599, 399], [3, 0, 0, 87, 599, 343], [3, 133, 147, 234, 166, 247], [3, 157, 352, 255, 356, 255], [3, 183, 0, 0, 197, 232], [3, 185, 0, 108, 34, 177], [3, 197, 123, 222, 161, 248], [3, 199, 92, 223, 131, 248], [5, 29, 380, 254, 382, 255]], [[1, 2, 259, 189, 345, 264], [2, 0, 0, 161, 599, 399], [3, 0, 0, 0, 599, 326]], [[1, 3, 276, 195, 328, 262], [1, 4, 239, 187, 247, 196], [2, 0, 0, 182, 599, 399], [3, 0, 0, 0, 599, 353]], [[1, 4, 274, 195, 331, 259], [2, 0, 0, 74, 599, 399], [3, 0, 0, 0, 599, 396]], [[1, 5, 274, 160, 329, 231], [1, 7, 252, 167, 268, 187], [2, 0, 0, 156, 599, 399], [3, 0, 0, 21, 599, 295], [3, 151, 0, 22, 132, 202], [3, 167, 195, 0, 501, 195], [3, 169, 6, 0, 248, 213], [3, 171, 84, 0, 245, 183], [3, 173, 235, 0, 500, 181]], [[1, 1, 312, 128, 333, 144], [1, 6, 271, 203, 324, 259], [2, 0, 0, 146, 599, 399], [3, 0, 0, 13, 599, 241], [3, 133, 220, 140, 233, 145], [3, 183, 89, 0, 255, 147], [3, 185, 34, 22, 143, 150], [3, 197, 203, 130, 230, 145], [3, 199, 185, 132, 206, 146]], [[1, 7, 281, 188, 320, 263], [2, 0, 0, 156, 599, 399], [3, 0, 0, 0, 590, 235], [3, 151, 0, 73, 33, 174], [3, 167, 228, 0, 599, 207], [3, 171, 0, 0, 229, 208], [3, 173, 250, 0, 557, 179], [5, 30, 284, 162, 284, 162]], [[1, 2, 284, 159, 304, 175], [1, 8, 259, 200, 347, 261], [2, 0, 0, 153, 599, 399], [3, 0, 0, 0, 599, 332]], [[1, 9, 270, 200, 327, 257], [2, 1, 0, 163, 599, 399], [3, 0, 0, 45, 599, 350], [3, 1, 0, 163, 599, 291]]], "distance_down_track": [873.5547485351562, 810.4644775390625, 904.8861083984375, 806.6300659179688, 829.7044677734375, 912.140380859375, 796.1533813476562, 919.6796875, 894.7597045898438, 732.9749755859375], "velocity": [[10.070147514343262, 3.433946132659912, -17.30739974975586], [13.21048355102539, 5.501389503479004, 17.055892944335938], [17.086624145507812, 8.404664039611816, 9.863470077514648], [12.896225929260254, -8.88429069519043, -14.475423812866211], [18.298954010009766, -9.780930519104004, -7.065707206726074], [11.214632034301758, 3.9774746894836426, -20.148740768432617], [8.343335151672363, 4.012073040008545, 20.69344139099121], [8.454815864562988, 3.606123685836792, -19.40982437133789], [17.730283737182617, 8.061012268066406, 9.642973899841309], [12.64018726348877, 5.215600967407227, -18.49386978149414]]}