{"track": "snowmountain", "karts": ["adiumy", "beastie", "sara_the_racer", "wilber", "nolok", "gavroche", "konqi", "sara_the_wizard", "tux", "xue"], "detections": [[[1, 0, 271, 195, 330, 254], [2, 0, 0, 151, 599, 399], [3, 0, 0, 0, 599, 244], [4, 24, 313, 154, 318, 159], [4, 25, 337, 154, 339, 156], [4, 26, 300, 153, 303, 156], [5, 39, 317, 155, 318, 155], [6, 8, 289, 152, 295, 158], [6, 9, 334, 152, 345, 159], [6, 10, 321, 153, 321, 154]], [[1, 1, 258, 188, 340, 259], [1, 2, 341, 156, 342, 159], [1, 3, 398, 181, 458, 227], [1, 4, 343, 157, 343, 157], [1, 6, 344, 157, 349, 161], [2, 0, 39, 155, 599, 399], [3, 0, 0, 0, 599, 399], [3, 16, 376, 78, 384, 90], [3, 17, 379, 83, 382, 89], [3, 20, 348, 119, 351, 123], [3, 21, 349, 120, 350, 123], [4, 22, 319, 157, 328, 167], [4, 23, 407, 159, 420, 169], [5, 38, 370, 162, 373, 168]], [[1, 2, 277, 176, 321, 258], [1, 4, 306, 162, 317, 170], [2, 0, 0, 155, 599, 399], [3, 0, 0, 0, 599, 234]], [[1, 1, 0, 240, 83, 348], [1, 2, 261, 155, 263, 159], [1, 3, 262, 190, 338, 258], [1, 4, 263, 157, 264, 157], [1, 6, 263, 157, 268, 161], [2, 0, 0, 155, 599, 399], [3, 0, 0, 0, 599, 269], [3, 16, 280, 72, 289, 85], [3, 17, 283, 77, 286, 83], [3, 20, 264, 117, 266, 122], [3, 21, 265, 119, 266, 121], [4, 22, 227, 158, 237, 168], [4, 23, 320, 157, 331, 167], [5, 38, 284, 162, 287, 168]], [[1, 4, 275, 201, 318, 240], [2, 0, 0, 160, 599, 399], [3, 0, 0, 0, 599, 261], [3, 28, 425, 128, 434, 138], [3, 29, 428, 131, 433, 137], [3, 116, 416, 124, 432, 160]], [[1, 5, 274, 194, 322, 240], [2, 0, 0, 147, 599, 399], [3, 0, 0, 0, 599, 241], [4, 19, 285, 163, 316, 194]], [[1, 2, 299, 156, 305, 169], [1, 4, 307, 157, 313, 161], [1, 6, 261, 192, 338, 265], [2, 0, 0, 154, 599, 399], [3, 0, 0, 0, 599, 229]], [[1, 1, 157, 164, 179, 176], [1, 3, 185, 164, 199, 174], [1, 7, 274, 187, 320, 266], [2, 0, 52, 169, 599, 399], [3, 0, 0, 0, 599, 399], [3, 12, 204, 89, 213, 100], [3, 13, 207, 93, 211, 99], [3, 16, 151, 119, 151, 121], [4, 23, 176, 166, 183, 170]], [[1, 8, 262, 198, 327, 256], [1, 9, 221, 278, 373, 399], [2, 0, 0, 168, 491, 399], [3, 0, 0, 28, 599, 399]], [[1, 8, 305, 168, 346, 200], [1, 9, 258, 185, 334, 268], [2, 0, 0, 151, 477, 399], [3, 0, 0, 0, 599, 399]]], "distance_down_track": [878.61865234375, 721.6982421875, 779.3666381835938, 724.1659545898438, 794.8738403320312, 438.2967529296875, 763.1880493164062, 700.5678100585938, 832.6497192382812, 828.3543701171875], "velocity": [[1.0296344757080078, -1.2512904405593872, -20.636474609375], [-3.698791742324829, -1.2303893566131592, 24.1220703125], [-0.4411989152431488, -1.1697267293930054, 19.625219345092773], [2.020535945892334, -1.1042591333389282, 19.529726028442383], [9.163490295410156, -2.0756843090057373, 33.32026290893555], [-1.8744213581085205, 0.8743909597396851, -26.23456382751465], [-1.1651380062103271, -1.231884241104126, 20.630435943603516], [12.163538932800293, 0.08176308125257492, 16.74907875061035], [20.36752700805664, 0.11795828491449356, -8.962349891662598], [20.28863525390625, 0.09942581504583359, -4.105038166046143]]}