{"track": "volcano_island", "karts": ["gavroche", "adiumy", "amanda", "nolok", "tux", "konqi", "kiki", "pidgin", "sara_the_racer", "suzanne"], "detections": [[[1, 0, 271, 202, 326, 257], [1, 1, 91, 197, 175, 260], [1, 2, 230, 159, 253, 174], [1, 3, 211, 164, 230, 175], [1, 6, 168, 168, 208, 207], [2, 0, 0, 156, 599, 399], [3, 0, 0, 0, 599, 316]], [[1, 0, 432, 205, 537, 271], [1, 1, 271, 195, 330, 255], [1, 2, 317, 157, 337, 172], [1, 3, 299, 162, 316, 173], [1, 6, 293, 166, 327, 204], [2, 0, 0, 151, 599, 399], [3, 0, 0, 0, 599, 245]], [[1, 2, 256, 191, 339, 257], [1, 3, 177, 208, 258, 268], [2, 0, 0, 154, 599, 399], [3, 0, 0, 0, 599, 251]], [[1, 2, 331, 187, 412, 250], [1, 3, 266, 203, 327, 259], [1, 5, 432, 146, 438, 152], [2, 0, 0, 153, 599, 399], [3, 0, 0, 0, 599, 228]], [[1, 4, 265, 198, 332, 254], [1, 9, 392, 157, 392, 158], [2, 0, 0, 155, 599, 399], [3, 0, 0, 0, 599, 288]], [[1, 5, 260, 192, 337, 265], [2, 0, 0, 158, 599, 399], [3, 0, 0, 0, 599, 293], [5, 7, 242, 159, 259, 177], [5, 8, 342, 147, 364, 169], [5, 11, 288, 154, 307, 173]], [[1, 1, 176, 314, 355, 399], [1, 2, 305, 161, 330, 181], [1, 3, 284, 167, 305, 182], [1, 6, 267, 184, 327, 252], [2, 0, 0, 151, 599, 399], [3, 0, 0, 0, 599, 253]], [[1, 7, 263, 210, 337, 261], [2, 0, 0, 157, 599, 399], [3, 0, 0, 0, 599, 268], [6, 33, 319, 155, 325, 161], [6, 34, 354, 154, 356, 158], [6, 35, 341, 156, 346, 158]], [[1, 8, 278, 178, 319, 253], [2, 0, 0, 157, 599, 399], [3, 0, 0, 0, 599, 260], [3, 65, 211, 166, 223, 176], [3, 127, 114, 189, 134, 192], [3, 131, 126, 189, 128, 190], [3, 169, 236, 162, 249, 171], [3, 298, 56, 185, 75, 196], [3, 300, 223, 169, 231, 172], [3, 350, 274, 161, 283, 165]], [[1, 1, 406, 140, 411, 146], [1, 9, 260, 200, 335, 259], [2, 0, 0, 141, 599, 399], [3, 0, 0, 0, 599, 278], [3, 171, 84, 178, 86, 188]]], "distance_down_track": [698.2581176757812, 698.322265625, 708.8649291992188, 708.6121215820312, 625.1265258789062, 744.5062866210938, 701.4070434570312, 819.4537353515625, 525.4395141601562, 662.4005126953125], "velocity": [[11.086230278015137, 2.999297618865967, 20.387733459472656], [7.145576477050781, 2.8205018043518066, 19.221744537353516], [11.353912353515625, 3.555954694747925, 17.501176834106445], [11.12132453918457, 3.357262134552002, 16.692903518676758], [-21.551387786865234, 0.49320292472839355, 3.56608247756958], [20.400524139404297, 2.722707509994507, 2.2125604152679443], [9.234740257263184, 3.545907497406006, 20.058399200439453], [-7.225260257720947, -0.26611968874931335, -20.497194290161133], [4.637877941131592, 0.35306715965270996, -21.349191665649414], [-13.014705657958984, 0.9645893573760986, 16.4512939453125]]}