{"track": "tutorial", "karts": ["puffy", "hexley", "tux", "suzanne", "pidgin", "nolok", "beastie", "gavroche", "amanda", "adiumy"], "detections": [[[1, 0, 204, 203, 394, 327], [2, 0, 0, 100, 79, 136], [3, 0, 0, 47, 599, 399]], [[1, 0, 347, 157, 366, 170], [1, 1, 241, 193, 349, 349], [2, 0, 161, 124, 293, 155], [3, 0, 0, 36, 599, 399]], [[1, 2, 262, 198, 326, 255], [1, 5, 302, 141, 304, 142], [1, 7, 305, 150, 309, 152], [1, 9, 366, 174, 389, 192], [2, 0, 0, 142, 599, 399], [3, 0, 0, 67, 599, 344], [3, 6, 381, 59, 393, 73], [3, 7, 324, 59, 334, 70]], [[1, 3, 264, 201, 334, 254], [1, 4, 285, 165, 296, 172], [2, 0, 0, 166, 599, 399], [3, 0, 0, 65, 599, 280], [3, 6, 248, 134, 248, 134], [3, 7, 202, 125, 207, 131]], [[1, 4, 264, 208, 334, 258], [2, 0, 0, 171, 599, 399], [3, 0, 0, 121, 599, 275], [3, 6, 264, 123, 272, 131], [3, 7, 217, 118, 225, 122]], [[1, 5, 266, 203, 326, 261], [2, 0, 0, 173, 599, 399], [3, 0, 0, 56, 599, 392], [3, 6, 371, 45, 387, 67], [3, 7, 285, 57, 298, 70]], [[1, 6, 253, 188, 348, 268], [2, 0, 71, 147, 599, 399], [3, 0, 0, 115, 599, 399], [5, 6, 567, 190, 599, 228], [5, 7, 440, 190, 483, 231], [5, 17, 198, 156, 205, 162], [5, 18, 225, 156, 231, 162], [5, 19, 245, 156, 250, 161], [5, 20, 110, 145, 114, 149], [5, 21, 96, 145, 100, 149], [5, 22, 75, 143, 80, 147]], [[1, 5, 332, 163, 340, 168], [1, 7, 273, 203, 328, 256], [2, 0, 0, 168, 599, 399], [3, 0, 0, 72, 599, 272], [3, 6, 457, 61, 475, 82], [3, 7, 374, 78, 387, 90]], [[1, 6, 172, 162, 188, 172], [1, 8, 258, 190, 350, 267], [2, 0, 159, 170, 599, 399], [3, 0, 0, 113, 599, 399], [5, 5, 253, 209, 254, 210], [5, 6, 228, 165, 233, 170], [5, 7, 204, 164, 210, 171], [5, 12, 354, 176, 376, 202], [5, 13, 435, 176, 453, 199], [5, 17, 33, 162, 40, 165], [5, 18, 56, 162, 63, 166], [5, 19, 73, 162, 79, 166]], [[1, 5, 243, 136, 245, 137], [1, 7, 242, 145, 246, 148], [1, 9, 275, 195, 326, 246], [2, 0, 0, 137, 599, 399], [3, 0, 0, 31, 599, 282], [3, 6, 325, 54, 337, 68], [3, 7, 268, 51, 279, 62]]], "distance_down_track": [712.6583862304688, 712.6583862304688, 383.7624206542969, 383.7624206542969, 383.7624206542969, 473.2306823730469, 374.73779296875, 420.1153259277344, 354.56878662109375, 343.6702575683594], "velocity": [[-0.07121797651052475, 0.0832877978682518, 0.0018176863668486476], [-4.875735759735107, 0.11201241612434387, -1.2541906833648682], [5.408274173736572, -3.9576849937438965, -22.001983642578125], [-2.7378196716308594, 1.1631964445114136, -22.806825637817383], [-1.0631732940673828, -0.5278258323669434, -24.0355281829834], [2.7858352661132812, -1.9375704526901245, -20.886131286621094], [-14.109570503234863, 0.20219209790229797, 13.537880897521973], [12.348440170288086, -0.27041658759117126, -18.661792755126953], [-2.5898120403289795, 1.161621332168579, 18.51484489440918], [5.583460330963135, -4.4483795166015625, -25.0007381439209]]}