{"track": "tutorial", "karts": ["puffy", "hexley", "tux", "suzanne", "pidgin", "nolok", "beastie", "gavroche", "amanda", "adiumy"], "detections": [[[1, 0, 223, 200, 372, 307], [1, 1, 419, 159, 432, 167], [1, 6, 371, 151, 384, 159], [1, 8, 387, 152, 399, 161], [2, 0, 324, 123, 455, 151], [3, 0, 0, 0, 599, 399], [3, 8, 90, 4, 102, 17]], [[1, 1, 245, 191, 357, 342], [2, 0, 0, 124, 80, 156], [3, 0, 0, 72, 599, 399]], [[1, 2, 266, 198, 335, 257], [1, 7, 7, 135, 13, 138], [2, 0, 92, 145, 599, 399], [3, 0, 0, 110, 599, 399], [5, 17, 257, 169, 270, 193], [5, 18, 341, 168, 352, 189], [5, 19, 400, 167, 413, 185], [5, 20, 218, 149, 221, 154], [5, 21, 198, 148, 202, 154], [5, 22, 173, 153, 174, 154]], [[1, 2, 129, 164, 134, 166], [1, 3, 231, 201, 380, 319], [1, 4, 254, 164, 280, 181], [1, 9, 143, 162, 151, 166], [2, 0, 0, 165, 599, 399], [3, 0, 0, 125, 599, 278], [5, 5, 207, 176, 215, 189], [5, 6, 249, 159, 253, 164], [5, 7, 227, 160, 232, 165], [5, 13, 369, 158, 390, 178], [5, 17, 102, 165, 106, 167], [5, 18, 119, 164, 122, 167], [5, 19, 132, 164, 135, 166]], [[1, 2, 177, 161, 182, 163], [1, 4, 245, 215, 363, 296], [1, 9, 188, 159, 196, 164], [2, 0, 0, 163, 599, 399], [3, 0, 0, 122, 599, 322], [5, 6, 301, 158, 307, 165], [5, 7, 272, 159, 278, 166], [5, 17, 153, 160, 156, 163], [5, 18, 171, 160, 174, 163], [5, 19, 184, 160, 187, 163], [5, 20, 39, 157, 42, 160], [5, 21, 28, 157, 31, 159]], [[1, 5, 269, 203, 328, 258], [2, 0, 0, 171, 599, 399], [3, 0, 0, 0, 599, 264], [3, 6, 260, 130, 266, 136], [3, 7, 214, 122, 221, 126]], [[1, 1, 434, 176, 528, 221], [1, 6, 203, 180, 378, 333], [1, 8, 313, 177, 423, 252], [2, 0, 0, 53, 198, 225], [3, 0, 0, 15, 599, 399]], [[1, 5, 264, 159, 268, 162], [1, 7, 272, 203, 327, 255], [2, 0, 0, 161, 599, 399], [3, 0, 0, 115, 599, 308], [3, 6, 205, 140, 205, 140], [3, 7, 152, 123, 160, 131]], [[1, 6, 0, 157, 169, 298], [1, 8, 216, 183, 377, 316], [2, 0, 0, 148, 265, 253], [3, 0, 0, 126, 599, 399]], [[1, 2, 259, 175, 290, 203], [1, 9, 267, 188, 330, 240], [2, 0, 67, 142, 599, 399], [3, 0, 0, 114, 599, 399], [5, 17, 240, 164, 249, 179], [5, 18, 298, 164, 305, 178], [5, 19, 339, 164, 346, 176], [5, 20, 186, 147, 190, 152], [5, 21, 167, 146, 171, 151], [5, 22, 144, 151, 144, 151]]], "distance_down_track": [707.2364501953125, 712.6583862304688, 392.1418762207031, 392.1418762207031, 392.1418762207031, 473.2306823730469, 383.7624206542969, 433.4427490234375, 365.0060729980469, 354.56878662109375], "velocity": [[-4.724602699279785, -10.834437370300293, -4.907980918884277], [-0.0647197887301445, -0.23716779053211212, 0.040671080350875854], [-21.132251739501953, 0.3619798421859741, 3.63063907623291], [-1.4983563423156738, 0.47408947348594666, 7.239352226257324], [-5.1491827964782715, 0.6026363372802734, 10.661898612976074], [-1.473038673400879, 2.121737480163574, -21.25664710998535], [-0.3060974180698395, 0.09639506787061691, 0.43882158398628235], [-6.45913028717041, 1.4613114595413208, -21.32855224609375], [-0.10318570584058762, -0.1724640130996704, 0.062230490148067474], [-22.384103775024414, 0.3242602050304413, 5.277005672454834]]}