{"track": "volcano_island", "karts": ["gavroche", "adiumy", "amanda", "nolok", "tux", "konqi", "kiki", "pidgin", "sara_the_racer", "suzanne"], "detections": [[[1, 0, 271, 203, 324, 254], [2, 0, 0, 159, 599, 399], [3, 0, 0, 0, 599, 284]], [[1, 1, 273, 195, 329, 252], [1, 5, 407, 145, 418, 151], [1, 6, 425, 142, 432, 150], [1, 8, 372, 146, 380, 154], [1, 9, 352, 167, 376, 184], [2, 0, 0, 141, 599, 399], [3, 0, 0, 0, 599, 309], [3, 63, 30, 185, 51, 203], [3, 81, 34, 201, 42, 204]], [[1, 0, 322, 167, 338, 180], [1, 2, 260, 192, 336, 255], [2, 0, 0, 160, 599, 399], [3, 0, 0, 0, 599, 277]], [[1, 3, 268, 203, 325, 254], [2, 0, 0, 154, 599, 399], [3, 0, 0, 0, 599, 302]], [[1, 1, 368, 155, 375, 160], [1, 4, 266, 198, 331, 252], [2, 0, 0, 155, 599, 399], [3, 0, 0, 0, 599, 288]], [[1, 3, 336, 160, 350, 171], [1, 5, 261, 192, 333, 262], [1, 6, 356, 176, 407, 227], [2, 0, 0, 148, 599, 399], [3, 0, 0, 0, 599, 249]], [[1, 3, 328, 163, 345, 175], [1, 5, 76, 207, 226, 303], [1, 6, 267, 184, 326, 250], [2, 0, 0, 151, 599, 399], [3, 0, 0, 0, 599, 307]], [[1, 7, 262, 210, 336, 260], [2, 0, 0, 161, 599, 399], [3, 0, 0, 0, 599, 283]], [[1, 3, 357, 156, 368, 164], [1, 5, 372, 171, 420, 204], [1, 6, 409, 164, 441, 192], [1, 8, 275, 177, 318, 258], [2, 0, 0, 145, 599, 399], [3, 0, 0, 0, 599, 268], [3, 67, 0, 228, 2, 234], [3, 99, 88, 210, 92, 212]], [[1, 5, 365, 148, 378, 156], [1, 6, 385, 145, 393, 154], [1, 8, 325, 149, 334, 159], [1, 9, 264, 200, 330, 251], [2, 0, 0, 142, 599, 399], [3, 0, 0, 0, 599, 283], [3, 171, 51, 179, 55, 195]]], "distance_down_track": [578.7705688476562, 657.4746704101562, 568.1565551757812, 701.8717041015625, 625.4810791015625, 690.89990234375, 691.9434814453125, 764.5484008789062, 687.5442504882812, 665.1836547851562], "velocity": [[-16.654272079467773, 0.22375167906284332, -15.861437797546387], [-14.970458984375, 0.8003259897232056, 16.21021842956543], [-13.584785461425781, 0.37300094962120056, -19.963388442993164], [7.734144687652588, 3.601219415664673, 20.323162078857422], [-22.475322723388672, 0.5217817425727844, 3.8932693004608154], [3.6700055599212646, 2.5135927200317383, 22.47662353515625], [1.598479986190796, 2.9604365825653076, 22.76382064819336], [19.626907348632812, 2.1759467124938965, -9.080743789672852], [4.895730972290039, 1.932394027709961, 19.627033233642578], [-13.682784080505371, 1.2765806913375854, 20.58672523498535]]}