{"track": "tutorial", "karts": ["puffy", "hexley", "tux", "suzanne", "pidgin", "nolok", "beastie", "gavroche", "amanda", "adiumy"], "detections": [[[1, 0, 204, 201, 389, 328], [1, 1, 10, 340, 236, 399], [1, 5, 204, 158, 232, 177], [2, 0, 0, 108, 228, 158], [3, 0, 0, 36, 599, 399]], [[1, 0, 313, 177, 387, 231], [1, 1, 243, 193, 350, 349], [1, 5, 246, 155, 267, 171], [2, 0, 68, 114, 259, 156], [3, 0, 0, 31, 599, 399]], [[1, 2, 269, 198, 333, 253], [1, 9, 316, 142, 320, 146], [2, 0, 0, 146, 599, 399], [3, 0, 0, 56, 599, 318], [3, 6, 432, 46, 448, 65], [3, 7, 358, 57, 370, 70]], [[1, 2, 255, 151, 261, 156], [1, 3, 264, 200, 335, 254], [1, 7, 283, 167, 298, 180], [1, 9, 242, 135, 244, 136], [2, 0, 0, 136, 599, 399], [3, 0, 0, 0, 599, 275], [3, 6, 319, 54, 329, 68], [3, 7, 263, 51, 272, 62]], [[1, 4, 256, 212, 346, 270], [2, 0, 0, 184, 599, 399], [3, 0, 0, 54, 599, 272], [3, 6, 273, 126, 279, 135], [3, 7, 227, 119, 232, 126]], [[1, 5, 240, 205, 349, 322], [2, 0, 0, 42, 237, 191], [3, 0, 0, 0, 599, 399]], [[1, 6, 210, 180, 385, 326], [2, 0, 0, 163, 599, 399], [3, 0, 0, 120, 599, 345], [3, 7, 181, 130, 184, 133]], [[1, 2, 260, 151, 268, 158], [1, 7, 273, 203, 327, 255], [1, 9, 253, 132, 256, 134], [2, 0, 0, 135, 599, 399], [3, 0, 0, 39, 599, 284], [3, 6, 339, 48, 351, 64], [3, 7, 281, 47, 291, 59]], [[1, 4, 229, 150, 229, 150], [1, 6, 282, 149, 298, 162], [1, 8, 224, 186, 377, 314], [2, 0, 0, 151, 599, 399], [3, 0, 0, 117, 599, 258], [3, 6, 163, 127, 169, 135], [3, 7, 102, 116, 113, 125]], [[1, 9, 272, 195, 328, 252], [2, 0, 0, 172, 599, 399], [3, 0, 0, 53, 599, 399], [3, 6, 362, 41, 378, 64], [3, 7, 275, 52, 288, 67]]], "distance_down_track": [712.6583862304688, 712.6583862304688, 512.133544921875, 512.133544921875, 512.133544921875, 576.2125244140625, 491.73480224609375, 532.0, 473.2306823730469, 473.2306823730469], "velocity": [[-4.9252729415893555, 0.09528335183858871, -0.39631399512290955], [-4.882194519042969, 0.095985546708107, -0.6750813126564026], [12.249788284301758, -1.7613497972488403, -19.386600494384766], [4.205989360809326, -3.7797067165374756, -22.294023513793945], [-0.05996447801589966, 0.7648147940635681, -17.607746124267578], [-8.525425910949707, 1.1557313203811646, 0.9097147583961487], [-0.6689857840538025, 0.2359078973531723, -2.7359378337860107], [5.996033191680908, -3.686661720275879, -21.678951263427734], [-3.632521390914917, 0.6122215986251831, -7.5821919441223145], [2.3252761363983154, -2.2222893238067627, -22.773988723754883]]}