{"track": "overworld", "karts": ["beastie", "kiki", "hexley", "emule", "amanda", "wilber", "adiumy", "xue", "suzanne", "nolok"], "detections": [[[1, 0, 256, 189, 342, 262], [3, 0, 0, 64, 598, 140], [3, 7, 248, 137, 249, 138], [3, 24, 250, 138, 252, 138]], [[1, 1, 271, 183, 332, 253], [1, 2, 350, 181, 351, 184], [3, 0, 0, 156, 428, 186], [3, 2, 186, 183, 186, 184], [3, 3, 185, 178, 186, 182], [3, 4, 185, 172, 188, 177], [3, 7, 146, 170, 158, 182], [3, 24, 158, 170, 173, 183], [3, 25, 172, 177, 172, 177]], [[1, 2, 280, 197, 325, 255], [1, 3, 83, 157, 83, 157], [3, 0, 0, 120, 575, 164]], [[1, 3, 273, 200, 330, 257], [2, 24, 291, 148, 303, 148], [3, 0, 0, 38, 599, 163], [3, 1, 83, 133, 154, 172], [3, 2, 173, 106, 199, 130], [3, 3, 168, 83, 189, 104], [3, 4, 162, 54, 191, 83], [3, 7, 258, 94, 285, 148], [3, 8, 259, 96, 272, 110], [3, 24, 283, 94, 311, 148], [3, 25, 294, 96, 311, 134]], [[1, 4, 219, 185, 375, 316], [3, 0, 14, 132, 599, 214], [255, 16777215, 34, 166, 372, 223]], [[1, 5, 249, 187, 345, 274], [1, 6, 242, 148, 243, 149], [3, 0, 118, 82, 599, 175]], [[1, 5, 551, 171, 555, 174], [1, 6, 253, 192, 353, 302], [3, 0, 0, 110, 599, 158]], [[1, 6, 327, 154, 328, 155], [1, 7, 236, 179, 362, 328], [3, 0, 330, 0, 599, 157]], [[1, 8, 224, 203, 369, 325], [3, 0, 0, 0, 438, 170]], [[1, 7, 519, 137, 525, 141], [1, 9, 241, 206, 358, 317], [3, 0, 0, 0, 599, 166]]], "distance_down_track": [60.50135803222656, 0.0, 0.0, 0.0, 0.0, 0.0, 0.0, 0.0, 0.0, 0.0], "velocity": [[4.490054130554199, -0.9624674320220947, 21.244369506835938], [17.78583526611328, 0.32903021574020386, 12.687722206115723], [24.971187591552734, -2.8640971183776855, 7.909444332122803], [0.6392513513565063, -3.0833168029785156, 22.78342628479004], [0.68174809217453, 0.20967678725719452, 4.889042377471924], [-4.934821128845215, 1.3057188987731934, -11.18425464630127], [-3.485506057739258, 0.11649960279464722, 3.3667311668395996], [-0.3725122809410095, 0.12269105762243271, 4.883881568908691], [4.2435221672058105, 0.7515127658843994, 2.3610572814941406], [-3.5866663455963135, -0.23827560245990753, 3.4003844261169434]]}