{"track": "minigolf", "karts": ["nolok", "sara_the_racer", "emule", "adiumy", "gavroche", "konqi", "amanda", "xue", "sara_the_wizard", "puffy"], "detections": [[[1, 0, 277, 204, 327, 263], [1, 2, 347, 238, 363, 252], [1, 3, 265, 286, 318, 343], [1, 5, 367, 286, 482, 369], [1, 6, 40, 275, 112, 318], [1, 7, 394, 255, 435, 293], [1, 9, 221, 282, 282, 320], [2, 0, 0, 244, 599, 399], [3, 0, 0, 0, 599, 359], [4, 3, 139, 251, 163, 271], [4, 4, 373, 233, 400, 256], [4, 5, 241, 238, 256, 256], [4, 6, 296, 269, 304, 278]], [[1, 1, 279, 177, 320, 255], [2, 0, 0, 156, 599, 399], [3, 0, 0, 0, 599, 327]], [[1, 2, 273, 199, 332, 257], [2, 0, 0, 210, 599, 399], [3, 0, 0, 0, 599, 319], [4, 4, 387, 181, 580, 352]], [[1, 0, 271, 45, 354, 155], [1, 2, 359, 117, 379, 135], [1, 3, 263, 194, 340, 273], [1, 5, 408, 202, 599, 345], [1, 6, 0, 167, 72, 217], [1, 7, 422, 140, 481, 188], [1, 9, 201, 177, 288, 229], [2, 0, 0, 124, 599, 399], [3, 0, 0, 0, 599, 235], [4, 3, 111, 133, 145, 157], [4, 4, 394, 111, 428, 140], [4, 5, 232, 117, 251, 139], [4, 6, 300, 157, 310, 168]], [[1, 1, 308, 201, 322, 228], [1, 4, 275, 202, 324, 254], [1, 8, 354, 183, 429, 276], [2, 0, 0, 189, 599, 399], [3, 0, 0, 0, 599, 349]], [[1, 0, 225, 92, 280, 158], [1, 2, 421, 120, 444, 139], [1, 3, 200, 181, 260, 226], [1, 5, 249, 190, 333, 275], [1, 6, 135, 162, 181, 188], [1, 7, 412, 146, 466, 196], [1, 9, 209, 173, 279, 202], [2, 0, 0, 123, 544, 399], [3, 0, 0, 0, 599, 399], [4, 3, 225, 141, 245, 158], [4, 4, 449, 111, 488, 145], [4, 5, 306, 126, 324, 144], [4, 6, 323, 160, 333, 170]], [[1, 6, 244, 189, 346, 277], [2, 0, 0, 123, 599, 399], [3, 0, 0, 0, 599, 342], [4, 3, 321, 140, 348, 168], [4, 5, 458, 113, 496, 145]], [[1, 2, 258, 151, 280, 172], [1, 7, 264, 188, 335, 272], [2, 0, 0, 159, 455, 399], [3, 0, 0, 0, 599, 399], [4, 4, 287, 144, 324, 180], [4, 5, 91, 148, 129, 176], [4, 6, 100, 208, 126, 226]], [[1, 1, 292, 202, 296, 209], [1, 4, 219, 202, 269, 243], [1, 8, 282, 189, 317, 258], [2, 0, 0, 188, 599, 399], [3, 0, 0, 0, 599, 339]], [[1, 0, 362, 1, 474, 174], [1, 2, 369, 124, 386, 144], [1, 3, 354, 238, 514, 382], [1, 5, 573, 288, 599, 342], [1, 6, 0, 210, 41, 260], [1, 7, 471, 151, 557, 208], [1, 9, 242, 200, 348, 278], [2, 0, 0, 133, 599, 399], [3, 0, 0, 0, 599, 224], [4, 3, 91, 140, 132, 169], [4, 5, 231, 123, 253, 147], [4, 6, 325, 169, 335, 182]]], "distance_down_track": [81.78617095947266, 113.26764678955078, 90.75791931152344, 80.78642272949219, 107.77032470703125, 80.71434020996094, 81.53850555419922, 84.49148559570312, 106.6833724975586, 82.47183990478516], "velocity": [[-14.939002990722656, 1.8467693328857422, -4.52821159362793], [-20.68559455871582, -1.6840147972106934, -0.3796096444129944], [-21.900148391723633, 3.2448008060455322, -4.997475624084473], [-13.454071044921875, 1.024457335472107, -3.8209290504455566], [-24.845489501953125, -6.285953998565674, -2.579122304916382], [-14.820173263549805, 0.9274355173110962, -11.058746337890625], [-12.091655731201172, 1.186606526374817, -9.768240928649902], [-18.612991333007812, 5.765924453735352, -2.8576557636260986], [-24.544841766357422, -5.700114727020264, -1.5302729606628418], [-16.886634826660156, 1.9261703491210938, -3.03875994682312]]}