{"track": "tutorial", "karts": ["puffy", "hexley", "tux", "suzanne", "pidgin", "nolok", "beastie", "gavroche", "amanda", "adiumy"], "detections": [[[1, 0, 200, 202, 389, 330], [1, 1, 398, 195, 408, 202], [1, 2, 318, 204, 319, 204], [1, 5, 391, 194, 400, 199], [1, 6, 364, 186, 373, 193], [1, 7, 341, 185, 349, 190], [1, 9, 359, 188, 365, 194], [2, 0, 0, 159, 599, 399], [3, 0, 0, 0, 599, 292], [3, 8, 126, 37, 136, 47]], [[1, 1, 243, 191, 354, 344], [1, 5, 83, 212, 249, 303], [2, 0, 0, 134, 104, 181], [3, 0, 0, 88, 599, 399]], [[1, 1, 463, 164, 484, 183], [1, 2, 230, 196, 356, 310], [1, 5, 431, 164, 460, 179], [1, 6, 350, 156, 376, 174], [1, 7, 295, 157, 317, 171], [1, 9, 349, 158, 367, 175], [2, 0, 242, 123, 379, 160], [3, 0, 0, 17, 599, 399]], [[1, 3, 220, 204, 364, 330], [2, 0, 251, 53, 441, 117], [3, 0, 0, 0, 599, 399]], [[1, 0, 267, 156, 281, 163], [1, 4, 255, 209, 328, 261], [2, 0, 0, 157, 599, 399], [3, 0, 0, 0, 599, 331], [3, 6, 168, 0, 189, 23], [3, 8, 201, 58, 206, 59]], [[1, 1, 254, 174, 387, 248], [1, 3, 598, 134, 599, 138], [1, 5, 226, 206, 346, 325], [3, 0, 0, 35, 599, 399]], [[1, 1, 463, 172, 554, 222], [1, 5, 419, 180, 482, 225], [1, 6, 201, 179, 375, 341], [1, 9, 319, 243, 599, 399], [2, 0, 0, 52, 195, 223], [3, 0, 0, 3, 599, 399]], [[1, 1, 592, 185, 599, 189], [1, 5, 541, 175, 599, 211], [1, 6, 400, 165, 473, 224], [1, 7, 246, 204, 346, 310], [1, 9, 448, 185, 559, 262], [2, 0, 0, 47, 366, 183], [3, 0, 0, 0, 599, 399]], [[1, 0, 343, 139, 345, 139], [1, 8, 264, 192, 339, 256], [2, 0, 0, 137, 599, 399], [3, 0, 0, 51, 599, 306], [3, 6, 379, 45, 392, 62], [3, 7, 315, 50, 327, 62]], [[1, 1, 530, 173, 599, 228], [1, 5, 469, 175, 554, 221], [1, 6, 247, 163, 337, 227], [1, 7, 0, 254, 59, 296], [1, 9, 252, 191, 350, 302], [2, 0, 0, 57, 292, 175], [3, 0, 0, 0, 599, 399]]], "distance_down_track": [712.6583862304688, 712.6583862304688, 561.7310180664062, 561.7310180664062, 547.9110717773438, 605.3455200195312, 547.9110717773438, 576.2125244140625, 532.0, 532.0], "velocity": [[-0.07044904679059982, 0.08180072158575058, 0.001998304622247815], [-0.4707280993461609, -0.3570548892021179, 2.6463077068328857], [-4.692978382110596, 0.09537122398614883, -1.857678771018982], [4.204611778259277, 0.9218926429748535, -1.3920725584030151], [-6.725106239318848, -3.033944606781006, -22.995447158813477], [-0.04936770722270012, 0.0993235856294632, 0.7609917521476746], [-0.14433741569519043, 0.059351906180381775, 0.3503490388393402], [-9.878145217895508, 0.232338547706604, 1.2693384885787964], [9.64456558227539, -3.3945157527923584, -21.878807067871094], [-8.664478302001953, 0.13474668562412262, 0.6712019443511963]]}