{"track": "minigolf", "karts": ["nolok", "sara_the_racer", "emule", "adiumy", "gavroche", "konqi", "amanda", "xue", "sara_the_wizard", "puffy"], "detections": [[[1, 0, 274, 203, 337, 265], [2, 0, 0, 97, 599, 399], [3, 0, 0, 0, 599, 399], [3, 2, 372, 0, 405, 99], [3, 11, 593, 130, 599, 139], [3, 12, 407, 114, 441, 149], [5, 23, 290, 170, 302, 188]], [[1, 1, 279, 175, 324, 259], [1, 8, 223, 159, 224, 159], [2, 0, 0, 170, 457, 399], [3, 0, 0, 32, 599, 399], [3, 2, 301, 53, 340, 147], [3, 12, 377, 161, 390, 167], [4, 27, 0, 320, 3, 333], [4, 28, 329, 171, 348, 187], [255, 16777215, 552, 0, 562, 124]], [[1, 2, 269, 198, 334, 261], [1, 8, 55, 166, 60, 171], [2, 0, 6, 169, 599, 399], [3, 0, 0, 0, 599, 399], [3, 2, 34, 50, 170, 159], [3, 3, 211, 173, 213, 174], [5, 12, 60, 169, 61, 169], [5, 13, 87, 170, 88, 171], [255, 16777215, 278, 117, 278, 118]], [[1, 3, 272, 195, 331, 254], [1, 7, 177, 134, 191, 142], [2, 0, 0, 0, 599, 399], [3, 0, 0, 0, 599, 342]], [[1, 3, 233, 139, 238, 143], [1, 4, 267, 203, 334, 269], [2, 0, 0, 100, 599, 399], [3, 0, 0, 0, 599, 270], [3, 2, 578, 38, 599, 74]], [[1, 5, 249, 194, 359, 305], [2, 0, 0, 128, 599, 399], [3, 0, 0, 0, 599, 240], [3, 2, 234, 60, 256, 128], [5, 22, 254, 133, 256, 135], [255, 16777215, 353, 54, 365, 121]], [[1, 6, 258, 190, 350, 270], [2, 0, 0, 152, 301, 399], [3, 0, 0, 0, 599, 399], [3, 8, 455, 162, 521, 212], [4, 16, 238, 146, 261, 168], [4, 17, 339, 141, 348, 145], [4, 19, 590, 188, 599, 200], [6, 36, 168, 182, 254, 206]], [[1, 7, 263, 183, 341, 266], [2, 0, 74, 157, 599, 399], [3, 0, 0, 0, 599, 399], [5, 24, 152, 158, 167, 174], [5, 25, 390, 176, 407, 193]], [[1, 8, 279, 188, 319, 266], [2, 0, 0, 168, 599, 399], [3, 0, 0, 0, 599, 323], [3, 2, 276, 0, 478, 149], [3, 5, 467, 162, 473, 165], [3, 7, 374, 161, 376, 166], [4, 33, 369, 164, 373, 168], [5, 10, 399, 167, 404, 172], [5, 11, 384, 167, 388, 170], [5, 12, 295, 166, 299, 170], [5, 13, 327, 166, 330, 169]], [[1, 5, 67, 139, 94, 154], [1, 9, 228, 200, 382, 310], [2, 0, 0, 117, 599, 399], [2, 9, 497, 258, 599, 360], [3, 0, 0, 13, 599, 355], [3, 9, 489, 95, 599, 318], [3, 13, 292, 109, 383, 164], [4, 20, 164, 140, 180, 153], [6, 9, 488, 156, 505, 167], [6, 32, 463, 153, 472, 170], [255, 16777215, 45, 22, 348, 104]]], "distance_down_track": [360.5738830566406, 371.2078857421875, 521.7061157226562, 448.45880126953125, 412.3288879394531, 321.8036193847656, 255.6323699951172, 477.0075988769531, 571.8960571289062, 303.028076171875], "velocity": [[20.257495880126953, -2.179307460784912, 2.049208879470825], [17.846832275390625, -0.21735039353370667, -7.8430914878845215], [-1.8780900239944458, 1.5789201259613037, -20.55406951904297], [16.434906005859375, 0.08189195394515991, 12.584795951843262], [17.166934967041016, -0.9487578868865967, 4.750811576843262], [11.296757698059082, 2.550123453140259, -5.859078884124756], [-6.693789958953857, 2.3350906372070312, 17.171396255493164], [-5.88277006149292, 2.444827079772949, 19.695323944091797], [9.09318733215332, 1.2184572219848633, -18.555843353271484], [1.8053109645843506, 0.08667212724685669, -8.52480697631836]]}