{"track": "overworld", "karts": ["beastie", "kiki", "hexley", "emule", "amanda", "wilber", "adiumy", "xue", "suzanne", "nolok"], "detections": [[[1, 0, 251, 189, 337, 266], [3, 0, 5, 0, 599, 156]], [[1, 1, 271, 181, 336, 258], [1, 2, 497, 137, 509, 142], [3, 0, 0, 9, 599, 190]], [[1, 2, 270, 196, 325, 272], [1, 5, 450, 194, 453, 195], [1, 8, 420, 193, 423, 194], [1, 9, 435, 193, 437, 194], [3, 0, 0, 49, 599, 200]], [[1, 3, 255, 199, 344, 291], [1, 6, 323, 161, 352, 189], [2, 7, 188, 145, 312, 176], [2, 24, 312, 146, 504, 179], [3, 0, 0, 0, 599, 177], [3, 7, 58, 0, 313, 169], [3, 24, 313, 0, 599, 178]], [[1, 4, 259, 192, 334, 257], [1, 7, 294, 168, 304, 177], [3, 0, 0, 91, 499, 176], [3, 7, 300, 163, 301, 163], [3, 8, 299, 163, 299, 163], [3, 24, 302, 163, 305, 164]], [[1, 4, 471, 131, 474, 133], [1, 5, 259, 190, 334, 258], [2, 0, 392, 148, 401, 156], [3, 0, 0, 24, 496, 147], [3, 4, 440, 118, 440, 118], [3, 7, 444, 118, 448, 120], [3, 8, 443, 119, 443, 119], [3, 24, 448, 118, 453, 120]], [[1, 6, 252, 191, 355, 306], [2, 0, 282, 394, 292, 396], [2, 7, 0, 281, 245, 360], [2, 24, 237, 282, 599, 365], [3, 0, 0, 0, 599, 394], [3, 7, 0, 0, 283, 284], [3, 24, 247, 0, 599, 284], [255, 16777215, 0, 367, 599, 399]], [[1, 7, 266, 188, 330, 259], [3, 0, 0, 70, 586, 170], [3, 5, 159, 150, 161, 150], [3, 7, 317, 144, 320, 145], [3, 24, 321, 144, 324, 145]], [[1, 5, 309, 142, 320, 151], [1, 8, 265, 201, 342, 262], [1, 9, 295, 148, 309, 160], [2, 0, 394, 135, 399, 140], [3, 0, 0, 0, 599, 254], [3, 4, 509, 100, 511, 102], [3, 6, 414, 101, 414, 101]], [[1, 4, 516, 154, 520, 157], [1, 5, 311, 180, 331, 195], [1, 9, 268, 203, 329, 258], [2, 0, 412, 171, 419, 177], [3, 0, 0, 0, 599, 170], [3, 4, 502, 141, 502, 141], [3, 7, 505, 139, 512, 142], [3, 8, 506, 141, 506, 141], [3, 24, 513, 139, 519, 142], [3, 25, 517, 140, 517, 140]]], "distance_down_track": [1181.7020263671875, 1308.452392578125, 1367.1390380859375, 616.4896240234375, 92.99467468261719, 1461.8287353515625, 621.7664794921875, 112.00798797607422, 1441.413818359375, 1451.75927734375], "velocity": [[-3.3282477855682373, 0.5923734307289124, -21.470491409301758], [2.62642502784729, 2.5584585666656494, -19.320154190063477], [-19.501155853271484, 1.8240665197372437, 1.7577879428863525], [-1.9486572742462158, -1.7738672494888306, 12.962200164794922], [0.23534296452999115, 0.9788806438446045, 24.129005432128906], [-7.295553684234619, -2.9373414516448975, 18.023847579956055], [-0.008668502792716026, 0.03811563923954964, 0.04673922806978226], [-2.1843507289886475, -0.7595183253288269, 22.88343620300293], [-13.42255687713623, -4.20311164855957, 15.18745231628418], [-13.299860000610352, -2.1211788654327393, 15.719550132751465]]}