{"track": "tutorial", "karts": ["puffy", "hexley", "tux", "suzanne", "pidgin", "nolok", "beastie", "gavroche", "amanda", "adiumy"], "detections": [[[1, 0, 203, 201, 388, 325], [1, 2, 257, 125, 262, 126], [2, 0, 137, 123, 279, 156], [3, 0, 0, 37, 599, 399]], [[1, 0, 329, 164, 364, 189], [1, 1, 240, 193, 348, 347], [1, 2, 324, 130, 330, 132], [2, 0, 247, 131, 343, 155], [3, 0, 0, 28, 599, 399]], [[1, 2, 235, 196, 364, 313], [2, 0, 0, 160, 599, 399], [3, 0, 0, 34, 599, 222]], [[1, 3, 233, 201, 347, 295], [1, 4, 192, 139, 198, 142], [2, 0, 0, 110, 599, 399], [3, 0, 0, 0, 599, 267]], [[1, 4, 242, 214, 352, 292], [2, 0, 0, 103, 599, 399], [3, 0, 0, 0, 599, 195]], [[1, 5, 270, 203, 327, 255], [2, 0, 0, 161, 599, 399], [3, 0, 0, 0, 599, 386]], [[1, 5, 350, 161, 363, 170], [1, 6, 256, 189, 343, 262], [2, 0, 0, 164, 582, 399], [3, 0, 0, 0, 599, 399]], [[1, 7, 271, 202, 325, 254], [1, 8, 383, 165, 394, 174], [1, 9, 375, 168, 382, 173], [2, 0, 0, 173, 515, 399], [3, 0, 0, 0, 599, 399]], [[1, 8, 269, 191, 342, 257], [1, 9, 256, 166, 278, 186], [2, 0, 0, 152, 335, 399], [3, 0, 0, 10, 599, 399]], [[1, 9, 260, 195, 346, 283], [2, 0, 0, 164, 599, 399], [3, 0, 0, 0, 599, 265]]], "distance_down_track": [712.6583862304688, 712.6583862304688, 741.5721435546875, 741.5721435546875, 741.5721435546875, 753.8200073242188, 741.5721435546875, 753.8200073242188, 741.5721435546875, 741.5721435546875], "velocity": [[-4.865126132965088, 0.1140410378575325, -1.1031842231750488], [-4.539795875549316, 0.10383917391300201, -2.253474712371826], [-7.293636322021484, -0.35437190532684326, 2.6052746772766113], [-10.098320007324219, -1.9676835536956787, -5.138301372528076], [-5.976686954498291, -0.3372102379798889, -10.486712455749512], [-17.781362533569336, 2.7423653602600098, 14.128130912780762], [-20.889602661132812, 3.564467668533325, 4.589452266693115], [-8.24612045288086, 2.2319371700286865, 21.354623794555664], [-1.7516480684280396, -0.003836446674540639, 24.700468063354492], [0.05090460181236267, 0.14653976261615753, 0.13978825509548187]]}