{"track": "snowtuxpeak", "karts": ["pidgin", "amanda", "xue", "tux", "gavroche", "emule", "puffy", "sara_the_wizard", "beastie", "gnu"], "detections": [[[1, 0, 263, 209, 332, 257], [1, 3, 353, 144, 369, 156], [1, 8, 557, 135, 575, 144], [2, 0, 0, 97, 599, 399], [3, 0, 0, 0, 599, 300], [3, 1, 580, 0, 599, 42]], [[1, 1, 261, 192, 333, 256], [1, 6, 187, 146, 203, 152], [1, 9, 215, 146, 273, 206], [2, 0, 0, 150, 599, 399], [3, 0, 0, 0, 599, 285], [3, 1, 139, 66, 163, 100], [6, 18, 443, 178, 575, 266]], [[1, 2, 253, 185, 332, 266], [2, 0, 0, 166, 599, 399], [3, 0, 0, 0, 599, 399], [3, 1, 318, 65, 346, 105], [5, 12, 221, 164, 239, 188], [5, 13, 325, 165, 336, 180], [6, 22, 316, 177, 359, 186]], [[1, 1, 510, 170, 520, 176], [1, 3, 264, 198, 329, 256], [1, 8, 463, 164, 478, 172], [1, 9, 504, 163, 511, 170], [2, 0, 0, 131, 565, 399], [3, 0, 0, 0, 599, 399], [3, 1, 383, 80, 401, 107], [6, 18, 552, 173, 572, 185]], [[1, 4, 274, 202, 323, 248], [1, 6, 569, 213, 575, 215], [1, 9, 541, 217, 543, 219], [2, 0, 0, 182, 599, 399], [3, 0, 0, 33, 599, 399]], [[1, 2, 339, 149, 340, 153], [1, 5, 270, 200, 331, 262], [1, 7, 305, 155, 309, 160], [2, 0, 0, 145, 599, 399], [3, 0, 0, 93, 599, 304], [3, 1, 552, 10, 599, 71], [5, 12, 346, 146, 347, 148], [5, 13, 373, 146, 373, 146]], [[1, 5, 205, 153, 210, 157], [1, 6, 261, 200, 348, 260], [1, 7, 200, 152, 202, 153], [2, 0, 138, 144, 599, 399], [3, 0, 0, 39, 599, 399], [3, 1, 351, 59, 372, 93], [5, 12, 224, 144, 224, 145], [5, 13, 240, 144, 241, 144]], [[1, 2, 382, 143, 405, 159], [1, 7, 280, 187, 321, 267], [2, 0, 0, 139, 599, 399], [3, 0, 0, 0, 599, 298], [3, 1, 554, 0, 599, 60], [5, 12, 382, 138, 388, 146], [5, 13, 448, 138, 455, 147], [6, 22, 441, 145, 471, 150]], [[1, 1, 302, 149, 320, 163], [1, 8, 251, 189, 334, 265], [1, 9, 287, 138, 299, 152], [2, 0, 0, 129, 599, 399], [3, 0, 0, 0, 599, 369], [3, 1, 81, 23, 112, 65], [6, 18, 351, 147, 380, 166]], [[1, 1, 332, 217, 456, 311], [1, 6, 190, 155, 201, 159], [1, 9, 262, 155, 321, 237], [2, 0, 0, 158, 599, 399], [3, 0, 0, 0, 599, 251], [3, 1, 129, 74, 152, 109], [6, 18, 543, 239, 599, 265]]], "distance_down_track": [657.4652099609375, 718.2700805664062, 828.0152587890625, 674.89794921875, 610.5951538085938, 776.6401977539062, 738.48193359375, 812.1122436523438, 705.7977294921875, 719.2176513671875], "velocity": [[22.465641021728516, -8.421082496643066, -2.757326126098633], [4.517393589019775, -0.30502787232398987, -23.35664176940918], [7.624882698059082, 0.007490620948374271, -19.244508743286133], [17.56110954284668, -0.6932738423347473, -14.296011924743652], [25.965051651000977, -5.066250801086426, 6.85466194152832], [20.404922485351562, -3.0404624938964844, -1.6984385251998901], [20.52437400817871, -2.124626398086548, -8.115728378295898], [19.512786865234375, -2.7625186443328857, -6.333208084106445], [1.1135603189468384, -2.0890629291534424, -22.85879135131836], [7.645018577575684, 0.24612802267074585, -20.104677200317383]]}