{"track": "overworld", "karts": ["beastie", "kiki", "hexley", "emule", "amanda", "wilber", "adiumy", "xue", "suzanne", "nolok"], "detections": [[[1, 0, 260, 189, 345, 262], [3, 0, 0, 92, 469, 222]], [[1, 1, 261, 181, 327, 259], [1, 2, 311, 165, 314, 167], [3, 0, 9, 0, 599, 168]], [[1, 2, 271, 196, 326, 271], [1, 5, 287, 141, 289, 142], [1, 8, 270, 145, 273, 146], [1, 9, 277, 143, 279, 144], [3, 0, 0, 0, 599, 167]], [[1, 3, 255, 199, 346, 294], [1, 6, 244, 147, 271, 172], [2, 7, 143, 146, 269, 174], [2, 24, 269, 147, 428, 175], [3, 0, 0, 0, 599, 181], [3, 7, 0, 0, 268, 170], [3, 24, 264, 0, 547, 172]], [[1, 4, 263, 191, 344, 260], [1, 7, 326, 163, 334, 171], [3, 0, 0, 40, 599, 182]], [[1, 5, 256, 190, 338, 261], [3, 0, 0, 0, 599, 399]], [[1, 6, 250, 190, 356, 305], [2, 7, 29, 170, 302, 228], [2, 24, 304, 169, 599, 230], [3, 0, 303, 121, 303, 158], [3, 7, 0, 0, 302, 221], [3, 24, 304, 0, 599, 169], [255, 16777215, 303, 145, 303, 152]], [[1, 7, 271, 187, 338, 265], [2, 0, 392, 132, 397, 136], [3, 0, 0, 0, 599, 233], [3, 6, 421, 96, 421, 96]], [[1, 5, 358, 156, 374, 165], [1, 8, 262, 201, 338, 260], [1, 9, 328, 161, 343, 173], [3, 0, 0, 0, 599, 200]], [[1, 5, 321, 169, 347, 188], [1, 9, 272, 203, 333, 260], [3, 0, 0, 0, 599, 269]]], "distance_down_track": [1049.565185546875, 1190.5816650390625, 1249.905029296875, 615.5634765625, 1411.857177734375, 1342.388427734375, 621.8668823242188, 1436.7293701171875, 1319.421142578125, 1331.090576171875], "velocity": [[6.406836986541748, -0.7424848079681396, -20.75599479675293], [-2.2027292251586914, 0.3785213530063629, -19.53757667541504], [-1.303684115409851, 1.399829387664795, -19.57174301147461], [-0.311825156211853, -1.6924233436584473, 12.533153533935547], [-17.583616256713867, -4.07539176940918, 12.108583450317383], [-10.941479682922363, 2.2058756351470947, -11.7789945602417], [0.003317328402772546, 0.09514633566141129, 0.1619173288345337], [-13.740630149841309, -4.380105495452881, 14.849233627319336], [-1.2239571809768677, 3.2967910766601562, -20.39909553527832], [-5.089888095855713, 2.7099034786224365, -19.88062858581543]]}