{"track": "overworld", "karts": ["beastie", "kiki", "hexley", "emule", "amanda", "wilber", "adiumy", "xue", "suzanne", "nolok"], "detections": [[[1, 0, 248, 187, 346, 272], [3, 0, 0, 21, 599, 203]], [[1, 1, 233, 168, 369, 311], [2, 7, 0, 149, 208, 209], [2, 24, 203, 149, 547, 209], [3, 7, 0, 0, 202, 149], [3, 24, 186, 0, 599, 203]], [[1, 2, 272, 196, 331, 277], [1, 3, 352, 161, 356, 163], [3, 0, 2, 45, 522, 156], [3, 5, 398, 161, 405, 163]], [[1, 3, 265, 199, 322, 258], [3, 0, 0, 0, 488, 165], [3, 5, 559, 186, 599, 214], [3, 6, 377, 157, 380, 158]], [[1, 4, 256, 191, 337, 264], [3, 0, 0, 0, 599, 224], [3, 4, 316, 159, 317, 162], [3, 7, 321, 158, 328, 162], [3, 8, 321, 161, 321, 161], [3, 24, 329, 158, 336, 162], [3, 25, 332, 158, 336, 161]], [[1, 0, 424, 142, 430, 143], [1, 5, 266, 189, 341, 262], [3, 0, 0, 21, 599, 188]], [[1, 1, 309, 169, 322, 184], [1, 6, 251, 190, 355, 302], [2, 7, 215, 162, 289, 178], [2, 24, 290, 162, 387, 179], [3, 0, 0, 0, 599, 192], [3, 7, 128, 0, 289, 176], [3, 24, 287, 0, 462, 178]], [[1, 7, 267, 188, 331, 260], [1, 8, 367, 223, 500, 304], [1, 9, 258, 153, 261, 154], [3, 0, 0, 74, 599, 176]], [[1, 7, 197, 176, 256, 232], [1, 8, 261, 201, 337, 260], [1, 9, 259, 147, 262, 149], [3, 0, 0, 63, 599, 172], [3, 24, 233, 143, 235, 143]], [[1, 2, 181, 155, 185, 156], [1, 9, 266, 202, 326, 260], [3, 0, 0, 81, 592, 169], [3, 4, 296, 152, 296, 152], [3, 5, 148, 157, 153, 157], [3, 7, 301, 151, 304, 152], [3, 24, 305, 151, 307, 152], [3, 25, 308, 152, 308, 152]]], "distance_down_track": [1363.6165771484375, 195.050048828125, 160.1875, 160.1875, 232.19313049316406, 1298.671630859375, 621.9251098632812, 46.06998825073242, 45.44655227661133, 103.55314636230469], "velocity": [[-18.27976417541504, 1.8853377103805542, 0.4370623826980591], [-0.0016930822748690844, 0.08184546232223511, 0.16781719028949738], [-17.087360382080078, 0.057553112506866455, 7.593238830566406], [-8.57225513458252, 1.0084277391433716, 21.318992614746094], [-1.4881041049957275, 1.1761280298233032, 21.652076721191406], [2.6564841270446777, 2.985962152481079, -19.25459098815918], [-0.11819212138652802, 0.14949391782283783, 1.0726088285446167], [6.515427589416504, 0.48998358845710754, 21.506906509399414], [5.504443168640137, 0.4378982186317444, 19.949920654296875], [0.3767111599445343, -0.6209322214126587, 20.687255859375]]}