{"track": "hacienda", "karts": ["adiumy", "tux", "puffy", "pidgin", "nolok", "emule", "beastie", "sara_the_wizard", "gavroche", "konqi"], "detections": [[[1, 0, 273, 197, 331, 251], [1, 1, 177, 161, 179, 162], [1, 4, 195, 160, 199, 163], [1, 8, 198, 160, 203, 165], [2, 0, 0, 163, 599, 399], [3, 0, 0, 0, 599, 335], [3, 59, 522, 109, 549, 122], [3, 61, 483, 114, 515, 131], [3, 109, 159, 75, 175, 94], [3, 111, 135, 74, 153, 94], [4, 9, 516, 115, 519, 117], [4, 15, 529, 117, 529, 117], [5, 10, 523, 117, 524, 117], [5, 11, 219, 164, 226, 174], [5, 19, 129, 161, 140, 173]], [[1, 1, 270, 197, 335, 254], [2, 0, 39, 168, 599, 399], [3, 0, 0, 0, 599, 399]], [[1, 2, 256, 201, 345, 263], [2, 0, 0, 135, 599, 399], [3, 0, 0, 0, 599, 256]], [[1, 2, 348, 158, 360, 166], [1, 3, 264, 210, 338, 260], [1, 6, 341, 166, 374, 194], [1, 9, 330, 160, 345, 173], [2, 0, 0, 138, 599, 399], [3, 0, 0, 0, 599, 298]], [[1, 1, 253, 161, 269, 174], [1, 4, 255, 204, 340, 286], [2, 0, 0, 162, 599, 399], [3, 0, 0, 0, 599, 253], [3, 109, 275, 0, 297, 9], [3, 111, 236, 0, 270, 14], [3, 113, 192, 0, 228, 18]], [[1, 2, 287, 161, 299, 167], [1, 3, 149, 183, 200, 209], [1, 5, 273, 200, 323, 250], [1, 6, 246, 165, 271, 185], [1, 9, 264, 160, 279, 171], [2, 0, 0, 149, 554, 399], [3, 0, 0, 0, 599, 399]], [[1, 2, 294, 163, 309, 173], [1, 6, 261, 190, 340, 257], [1, 9, 267, 166, 290, 186], [2, 0, 0, 139, 599, 399], [3, 0, 0, 0, 599, 272]], [[1, 2, 274, 153, 277, 155], [1, 3, 269, 157, 276, 161], [1, 5, 295, 155, 301, 160], [1, 6, 275, 154, 281, 158], [1, 7, 281, 188, 320, 263], [1, 9, 269, 153, 274, 157], [2, 0, 0, 142, 599, 399], [3, 0, 0, 0, 599, 283]], [[1, 1, 257, 162, 264, 166], [1, 4, 287, 163, 296, 171], [1, 8, 271, 203, 325, 255], [2, 0, 0, 164, 599, 399], [3, 0, 0, 0, 599, 270], [3, 109, 251, 33, 274, 65], [3, 111, 223, 36, 246, 65], [3, 113, 200, 40, 215, 65]], [[1, 2, 304, 170, 336, 191], [1, 9, 261, 192, 341, 268], [2, 0, 0, 136, 599, 399], [3, 0, 0, 0, 599, 300]]], "distance_down_track": [755.3841552734375, 818.3837890625, 910.6809692382812, 892.3914184570312, 805.7088012695312, 890.3734130859375, 897.6727294921875, 861.6022338867188, 787.706787109375, 905.1697387695312], "velocity": [[-12.799635887145996, -1.23580002784729, 19.069400787353516], [-21.741098403930664, -3.2896835803985596, 5.642520904541016], [-3.022810220718384, 0.1772347092628479, -21.52304458618164], [2.5469768047332764, -0.013127838261425495, -21.877031326293945], [-11.251494407653809, -1.38301420211792, 7.87732458114624], [-0.4891909658908844, -0.08110401034355164, -24.242429733276367], [-2.3114750385284424, 0.005511013325303793, -23.696277618408203], [-4.201894760131836, -0.4801277816295624, -21.272666931152344], [-15.446678161621094, -1.8180583715438843, 16.943870544433594], [-3.270963430404663, 0.0073961615562438965, -18.72603416442871]]}