{"track": "tutorial", "karts": ["puffy", "hexley", "tux", "suzanne", "pidgin", "nolok", "beastie", "gavroche", "amanda", "adiumy"], "detections": [[[1, 0, 203, 201, 387, 324], [1, 5, 239, 156, 258, 169], [2, 0, 183, 127, 300, 155], [3, 0, 0, 39, 599, 399]], [[1, 0, 331, 228, 349, 240], [1, 1, 244, 193, 345, 336], [1, 5, 346, 191, 354, 197], [2, 0, 0, 155, 599, 399], [3, 0, 0, 0, 599, 340], [3, 8, 112, 30, 123, 42]], [[1, 2, 267, 198, 335, 256], [1, 4, 41, 150, 50, 152], [1, 9, 255, 164, 268, 174], [2, 0, 65, 154, 599, 399], [3, 0, 0, 117, 599, 399], [5, 6, 325, 167, 333, 176], [5, 8, 246, 169, 253, 177], [5, 18, 169, 158, 174, 162], [5, 19, 184, 158, 188, 162], [5, 20, 25, 146, 30, 150], [5, 21, 10, 145, 17, 149]], [[1, 3, 264, 200, 334, 255], [2, 0, 0, 151, 599, 399], [3, 0, 0, 67, 599, 267], [3, 6, 292, 77, 301, 89], [3, 7, 240, 71, 249, 81]], [[1, 4, 270, 209, 338, 255], [2, 0, 0, 152, 599, 399], [3, 0, 0, 114, 599, 399], [5, 20, 402, 172, 415, 190], [5, 21, 341, 171, 354, 191], [5, 22, 264, 170, 275, 191]], [[1, 5, 236, 205, 353, 322], [2, 0, 0, 88, 307, 163], [3, 0, 0, 11, 599, 399]], [[1, 2, 165, 156, 176, 162], [1, 6, 258, 188, 350, 267], [1, 9, 86, 155, 91, 156], [2, 0, 48, 164, 599, 399], [3, 0, 0, 137, 599, 399], [5, 6, 138, 157, 141, 158], [5, 12, 239, 159, 245, 167], [5, 13, 266, 160, 271, 167]], [[1, 1, 290, 160, 309, 176], [1, 5, 378, 182, 385, 186], [1, 7, 268, 203, 323, 259], [2, 0, 0, 153, 599, 399], [3, 0, 0, 0, 599, 370], [3, 6, 175, 0, 188, 6], [3, 8, 206, 50, 213, 57]], [[1, 2, 144, 137, 147, 138], [1, 6, 230, 142, 237, 145], [1, 8, 241, 189, 358, 286], [2, 0, 0, 146, 599, 399], [3, 0, 0, 116, 599, 281], [3, 2, 352, 139, 361, 147], [5, 12, 183, 139, 183, 140], [5, 13, 188, 140, 188, 140], [5, 14, 270, 145, 271, 147], [5, 15, 259, 144, 260, 147], [5, 16, 245, 144, 246, 147]], [[1, 4, 153, 149, 164, 153], [1, 9, 270, 196, 326, 244], [2, 0, 0, 144, 599, 399], [3, 0, 0, 116, 599, 284], [5, 18, 248, 157, 254, 164], [5, 19, 272, 158, 277, 164], [5, 20, 160, 146, 163, 150], [5, 21, 146, 145, 150, 149], [5, 22, 127, 144, 131, 149]]], "distance_down_track": [712.6583862304688, 702.7678833007812, 354.56878662109375, 343.6702575683594, 354.56878662109375, 420.1153259277344, 332.51373291015625, 383.7624206542969, 310.5081787109375, 310.5081787109375], "velocity": [[-4.705552101135254, 0.11654209345579147, -1.4766221046447754], [-6.161777019500732, -1.0716878175735474, -6.636600017547607], [-10.909089088439941, 0.6615914702415466, 18.5540714263916], [1.7877730131149292, -3.244758367538452, -22.69968032836914], [-19.19134521484375, 1.6724778413772583, -14.564255714416504], [-4.981900691986084, 0.09889411926269531, -0.20628884434700012], [7.179540157318115, 1.5878102779388428, 18.613571166992188], [-11.130245208740234, -3.1406946182250977, -19.239707946777344], [12.941696166992188, 0.4280339479446411, 3.989729881286621], [-23.524438858032227, 0.2968682050704956, 11.986095428466797]]}