{"track": "cornfield_crossing", "karts": ["adiumy", "nolok", "hexley", "amanda", "beastie", "konqi", "sara_the_wizard", "puffy", "tux", "gnu"], "detections": [[[1, 0, 270, 195, 328, 253], [1, 4, 305, 42, 324, 64], [1, 8, 299, 111, 322, 132], [1, 9, 296, 113, 320, 149], [2, 0, 0, 0, 599, 399], [3, 0, 0, 0, 599, 395]], [[1, 1, 272, 203, 329, 256], [2, 0, 0, 169, 599, 399], [3, 0, 0, 0, 599, 257], [3, 755, 315, 162, 322, 170]], [[1, 2, 269, 194, 334, 278], [1, 7, 323, 197, 392, 231], [2, 0, 0, 220, 599, 399], [3, 0, 0, 0, 599, 260], [3, 658, 271, 41, 289, 77]], [[1, 3, 257, 191, 337, 259], [2, 0, 0, 138, 599, 399], [3, 0, 0, 0, 599, 298], [3, 54, 295, 147, 316, 168], [3, 56, 225, 162, 243, 173], [3, 58, 245, 144, 272, 175], [3, 88, 157, 127, 201, 168], [3, 90, 215, 131, 247, 164], [3, 145, 0, 20, 183, 165], [3, 146, 0, 55, 176, 183], [3, 221, 221, 149, 225, 174], [3, 223, 281, 145, 291, 167], [3, 449, 406, 133, 458, 171], [3, 631, 0, 128, 244, 187], [3, 633, 392, 98, 442, 131], [3, 701, 382, 176, 465, 190], [3, 703, 375, 167, 483, 184], [3, 755, 166, 75, 236, 161], [3, 757, 85, 105, 159, 178], [3, 759, 0, 59, 90, 197], [3, 801, 289, 138, 303, 152]], [[1, 4, 259, 192, 340, 264], [1, 5, 281, 24, 293, 39], [2, 0, 0, 0, 599, 399], [3, 0, 0, 0, 599, 268]], [[1, 1, 291, 162, 305, 174], [1, 5, 265, 193, 337, 261], [2, 0, 0, 158, 599, 399], [3, 0, 0, 0, 599, 271], [3, 145, 311, 151, 311, 152], [3, 755, 313, 152, 318, 158]], [[1, 4, 287, 193, 292, 201], [1, 6, 280, 187, 322, 265], [2, 0, 0, 113, 599, 399], [3, 0, 0, 0, 599, 255]], [[1, 2, 0, 234, 171, 394], [1, 7, 246, 202, 351, 266], [2, 0, 0, 214, 599, 399], [3, 0, 0, 0, 599, 274], [3, 658, 294, 0, 317, 32]], [[1, 4, 283, 109, 312, 137], [1, 8, 267, 200, 331, 252], [1, 9, 223, 203, 367, 399], [2, 0, 0, 0, 599, 399], [3, 0, 0, 0, 599, 344]], [[1, 4, 286, 88, 311, 113], [1, 8, 279, 163, 320, 199], [1, 9, 270, 161, 327, 240], [2, 0, 0, 0, 599, 399], [3, 0, 0, 0, 599, 265]]], "distance_down_track": [652.5078735351562, 695.802734375, 620.2433471679688, 747.0641479492188, 666.4496459960938, 686.0772094726562, 631.7880249023438, 622.3062133789062, 659.99072265625, 657.8297119140625], "velocity": [[3.8144690990448, -19.583864212036133, -9.63940715789795], [7.572597980499268, 5.696206569671631, -20.299226760864258], [2.702022075653076, -2.466074228286743, -16.224002838134766], [-1.2770649194717407, -1.2872623205184937, -22.216575622558594], [6.989194869995117, -6.819406509399414, -21.687034606933594], [7.836597442626953, 5.387753486633301, -20.53697395324707], [2.3366153240203857, -17.323495864868164, -9.367786407470703], [5.8011651039123535, -6.126002788543701, -16.09819221496582], [5.449097633361816, -14.338061332702637, -17.13847541809082], [4.7893900871276855, -16.39391326904297, -15.16561508178711]]}