{"track": "overworld", "karts": ["beastie", "kiki", "hexley", "emule", "amanda", "wilber", "adiumy", "xue", "suzanne", "nolok"], "detections": [[[1, 0, 244, 187, 348, 276], [3, 0, 135, 133, 479, 172]], [[1, 1, 269, 183, 330, 252], [1, 2, 250, 151, 255, 155], [3, 0, 0, 96, 467, 158], [3, 1, 149, 147, 172, 162], [3, 2, 167, 132, 177, 144], [3, 3, 165, 124, 172, 131], [3, 4, 162, 111, 174, 121], [3, 7, 181, 115, 204, 154], [3, 8, 181, 118, 189, 128], [3, 24, 200, 115, 224, 153], [3, 25, 207, 116, 223, 137], [255, 16777215, 0, 139, 404, 183]], [[1, 2, 275, 196, 326, 263], [1, 3, 273, 164, 274, 164], [1, 6, 276, 164, 276, 165], [2, 24, 282, 162, 288, 162], [3, 0, 0, 82, 599, 173], [3, 1, 127, 154, 178, 182], [3, 2, 186, 128, 205, 149], [3, 3, 183, 112, 199, 129], [3, 4, 179, 90, 199, 111], [3, 7, 246, 114, 271, 163], [3, 8, 246, 116, 258, 130], [3, 24, 268, 114, 295, 162], [3, 25, 277, 115, 294, 138], [255, 16777215, 0, 149, 563, 194]], [[1, 3, 272, 189, 329, 247], [1, 6, 326, 176, 365, 212], [2, 7, 223, 148, 297, 165], [2, 24, 297, 144, 390, 164], [3, 0, 0, 0, 599, 184], [3, 7, 128, 0, 296, 165], [3, 24, 291, 0, 458, 159]], [[1, 4, 262, 191, 343, 261], [1, 7, 301, 157, 305, 160], [1, 8, 548, 129, 556, 131], [3, 0, 0, 0, 599, 185]], [[1, 4, 284, 148, 293, 156], [1, 5, 260, 191, 335, 260], [1, 7, 284, 138, 286, 140], [3, 0, 0, 0, 599, 174]], [[1, 6, 253, 191, 352, 299], [2, 7, 196, 135, 287, 157], [2, 24, 288, 136, 406, 158], [3, 0, 0, 0, 599, 176], [3, 7, 90, 0, 287, 152], [3, 24, 287, 0, 503, 158]], [[1, 7, 269, 187, 338, 264], [3, 0, 0, 0, 599, 243]], [[1, 8, 262, 201, 339, 260], [1, 9, 352, 177, 355, 179], [3, 0, 0, 85, 599, 223]], [[1, 9, 271, 203, 331, 259], [2, 0, 423, 153, 431, 160], [3, 0, 0, 28, 581, 152], [3, 4, 503, 121, 503, 121], [3, 7, 507, 119, 514, 121], [3, 8, 506, 120, 508, 121], [3, 24, 514, 119, 521, 122]]], "distance_down_track": [519.5036010742188, 391.29315185546875, 391.29315185546875, 391.29315185546875, 1283.7708740234375, 1260.458984375, 610.9066162109375, 1334.753173828125, 1398.44140625, 1455.484619140625], "velocity": [[12.70621109008789, 0.1458793431520462, -11.98835563659668], [8.506633758544922, -2.6002960205078125, 19.957408905029297], [2.060681104660034, -3.100267171859741, 21.530546188354492], [-0.8337031602859497, -3.946230411529541, 22.643590927124023], [1.2564315795898438, 3.372035503387451, -21.435039520263672], [-0.7540522813796997, 2.2090728282928467, -19.525972366333008], [-0.560185968875885, -1.4884992837905884, 8.67750072479248], [-5.363011837005615, 2.25825834274292, -19.865253448486328], [-18.049457550048828, -1.1494882106781006, 10.069043159484863], [-12.840446472167969, -3.5301451683044434, 15.847743034362793]]}