{"track": "tutorial", "karts": ["puffy", "hexley", "tux", "suzanne", "pidgin", "nolok", "beastie", "gavroche", "amanda", "adiumy"], "detections": [[[1, 0, 204, 203, 394, 323], [1, 1, 23, 180, 218, 339], [1, 5, 0, 194, 89, 266], [2, 0, 0, 100, 70, 130], [3, 0, 0, 41, 599, 399]], [[1, 0, 374, 219, 599, 339], [1, 1, 245, 195, 352, 355], [1, 5, 37, 210, 224, 313], [2, 0, 0, 110, 126, 201], [3, 0, 0, 72, 599, 399]], [[1, 2, 264, 198, 328, 254], [1, 9, 413, 175, 415, 176], [2, 0, 0, 168, 599, 399], [3, 0, 0, 43, 599, 399], [3, 6, 328, 31, 343, 54], [3, 7, 236, 39, 250, 56]], [[1, 2, 395, 164, 401, 168], [1, 3, 262, 200, 332, 254], [1, 7, 350, 166, 365, 180], [2, 0, 0, 168, 599, 399], [3, 0, 0, 59, 599, 322], [3, 6, 515, 47, 539, 71], [3, 7, 416, 71, 430, 85], [3, 8, 562, 81, 572, 89]], [[1, 2, 248, 135, 250, 136], [1, 3, 231, 143, 237, 146], [1, 4, 265, 209, 334, 255], [1, 7, 234, 139, 237, 140], [2, 0, 0, 136, 599, 399], [3, 0, 0, 7, 599, 278], [3, 6, 320, 53, 330, 67], [3, 7, 263, 50, 273, 61]], [[1, 0, 348, 186, 412, 220], [1, 1, 302, 178, 414, 252], [1, 5, 227, 205, 348, 331], [3, 0, 0, 44, 599, 399]], [[1, 6, 240, 186, 358, 285], [2, 0, 0, 159, 599, 399], [3, 0, 0, 84, 599, 260], [3, 6, 249, 129, 249, 129], [3, 7, 203, 122, 203, 122]], [[1, 2, 350, 170, 359, 177], [1, 7, 272, 203, 326, 253], [2, 0, 0, 175, 599, 399], [3, 0, 0, 72, 599, 298], [3, 6, 442, 62, 460, 82], [3, 7, 357, 78, 369, 90]], [[1, 6, 287, 163, 317, 189], [1, 8, 251, 191, 347, 270], [2, 0, 0, 160, 599, 399], [3, 0, 0, 100, 599, 278], [3, 6, 235, 132, 235, 132], [3, 7, 185, 124, 188, 130]], [[1, 0, 445, 210, 464, 220], [1, 1, 433, 205, 447, 215], [1, 5, 418, 202, 432, 210], [1, 9, 269, 196, 327, 253], [2, 0, 333, 160, 550, 194], [3, 0, 0, 0, 599, 399], [3, 8, 129, 47, 138, 59]]], "distance_down_track": [712.6583862304688, 712.6583862304688, 512.133544921875, 512.133544921875, 512.133544921875, 576.2125244140625, 491.73480224609375, 532.0, 473.2306823730469, 473.2306823730469], "velocity": [[-0.09388171881437302, 0.36684685945510864, -0.007760459557175636], [-0.34700870513916016, 0.3024767339229584, 0.042655106633901596], [-1.2823519706726074, -2.448521852493286, -22.833314895629883], [13.004493713378906, -0.33540597558021545, -18.967620849609375], [4.640435218811035, -3.9624452590942383, -23.366382598876953], [-0.22884158790111542, 0.1342911422252655, 1.5665397644042969], [-1.9628102779388428, 0.8128852844238281, -14.559917449951172], [10.438322067260742, -0.3831022381782532, -20.258712768554688], [-3.364619731903076, 1.0657747983932495, -17.427997589111328], [-14.747801780700684, -9.194755554199219, -17.08833122253418]]}