{"track": "tutorial", "karts": ["puffy", "hexley", "tux", "suzanne", "pidgin", "nolok", "beastie", "gavroche", "amanda", "adiumy"], "detections": [[[1, 0, 204, 201, 388, 326], [1, 1, 322, 156, 338, 171], [1, 4, 66, 166, 129, 192], [1, 7, 0, 211, 32, 231], [1, 9, 264, 147, 278, 160], [2, 0, 122, 122, 273, 156], [3, 0, 0, 36, 599, 399]], [[1, 1, 243, 192, 353, 350], [1, 9, 0, 196, 0, 203], [2, 0, 0, 95, 100, 146], [3, 0, 0, 54, 599, 399]], [[1, 2, 228, 196, 361, 314], [1, 5, 321, 174, 331, 180], [2, 0, 0, 177, 599, 399], [3, 0, 0, 90, 599, 284], [3, 6, 463, 79, 481, 100], [3, 7, 377, 90, 389, 103]], [[1, 0, 356, 230, 376, 244], [1, 1, 423, 200, 436, 208], [1, 3, 263, 200, 333, 259], [1, 4, 329, 204, 341, 210], [1, 7, 318, 215, 330, 224], [1, 9, 396, 188, 404, 194], [2, 0, 333, 156, 578, 187], [3, 0, 0, 0, 599, 399], [3, 8, 134, 41, 143, 51]], [[1, 1, 469, 164, 504, 189], [1, 4, 221, 217, 367, 324], [1, 9, 372, 148, 396, 169], [2, 0, 176, 112, 357, 161], [3, 0, 0, 20, 599, 399]], [[1, 3, 401, 178, 406, 181], [1, 5, 236, 205, 355, 322], [2, 0, 0, 174, 599, 399], [3, 0, 0, 62, 599, 262], [3, 6, 335, 51, 349, 72], [3, 7, 248, 55, 261, 70]], [[1, 2, 288, 142, 301, 154], [1, 5, 322, 146, 329, 150], [1, 6, 209, 180, 381, 327], [1, 8, 291, 148, 321, 173], [2, 0, 0, 148, 599, 399], [3, 0, 0, 65, 599, 250], [3, 6, 478, 54, 498, 74], [3, 7, 395, 65, 408, 79], [3, 8, 520, 90, 529, 92]], [[1, 1, 443, 163, 463, 181], [1, 4, 252, 170, 298, 200], [1, 7, 238, 205, 350, 319], [1, 9, 368, 150, 385, 165], [2, 0, 226, 122, 365, 159], [3, 0, 0, 20, 599, 399]], [[1, 2, 259, 150, 284, 171], [1, 5, 311, 155, 319, 160], [1, 8, 229, 172, 360, 282], [2, 0, 0, 159, 599, 399], [3, 0, 0, 72, 599, 266], [3, 6, 460, 62, 478, 82], [3, 7, 378, 74, 390, 87], [3, 8, 499, 96, 499, 96]], [[1, 9, 251, 190, 355, 305], [2, 0, 0, 139, 290, 246], [3, 0, 0, 90, 599, 399]]], "distance_down_track": [712.6583862304688, 712.6583862304688, 633.04345703125, 633.04345703125, 633.04345703125, 656.4569091796875, 619.34228515625, 656.4569091796875, 619.34228515625, 619.34228515625], "velocity": [[-4.770596981048584, 0.10335541516542435, -0.9751040935516357], [-0.1426602154970169, 0.08158144354820251, 0.009190946817398071], [0.8576090335845947, 0.0014688428491353989, -1.4126595258712769], [-14.54680061340332, -6.311872482299805, -17.447446823120117], [-4.799615859985352, 0.08831708133220673, -1.0112860202789307], [0.07687332481145859, -0.12953788042068481, -2.3024725914001465], [3.611203670501709, -0.37252727150917053, -4.940558433532715], [-4.520853042602539, 0.09114804863929749, -1.6165332794189453], [5.568130970001221, -0.17906303703784943, -10.366774559020996], [-0.11141081154346466, 0.10680477321147919, -0.0077682496048510075]]}