{"track": "snowtuxpeak", "karts": ["pidgin", "amanda", "xue", "tux", "gavroche", "emule", "puffy", "sara_the_wizard", "beastie", "gnu"], "detections": [[[1, 0, 260, 209, 330, 257], [1, 3, 435, 145, 441, 154], [1, 5, 428, 154, 435, 158], [1, 9, 366, 154, 379, 167], [2, 0, 0, 151, 552, 399], [3, 0, 0, 30, 599, 399], [4, 11, 395, 152, 403, 158]], [[1, 1, 265, 191, 341, 253], [1, 3, 369, 171, 371, 174], [1, 4, 232, 162, 237, 165], [1, 6, 249, 163, 264, 171], [1, 8, 252, 172, 288, 200], [2, 0, 179, 164, 599, 399], [3, 0, 0, 0, 599, 399]], [[1, 2, 266, 187, 334, 264], [1, 7, 306, 164, 315, 177], [2, 0, 0, 113, 599, 399], [3, 0, 0, 0, 599, 300], [3, 1, 327, 26, 340, 50], [6, 18, 581, 167, 595, 175]], [[1, 3, 273, 201, 327, 277], [1, 5, 225, 262, 276, 303], [2, 0, 0, 239, 485, 399], [3, 0, 0, 80, 599, 399]], [[1, 0, 389, 173, 390, 174], [1, 4, 271, 202, 324, 255], [1, 9, 461, 169, 466, 174], [2, 0, 0, 172, 599, 399], [3, 0, 0, 0, 599, 288], [4, 11, 552, 170, 559, 173]], [[1, 3, 369, 93, 467, 232], [1, 5, 268, 198, 327, 260], [2, 0, 0, 164, 599, 399], [3, 0, 0, 0, 599, 296]], [[1, 3, 504, 169, 509, 174], [1, 4, 289, 168, 298, 175], [1, 6, 259, 201, 340, 256], [1, 9, 404, 172, 405, 174], [2, 0, 0, 173, 599, 399], [3, 0, 0, 0, 599, 368], [4, 11, 477, 174, 479, 174]], [[1, 7, 280, 187, 320, 265], [2, 0, 0, 99, 599, 399], [3, 0, 0, 23, 599, 292], [3, 1, 301, 8, 315, 34]], [[1, 3, 385, 172, 387, 175], [1, 4, 241, 164, 246, 168], [1, 6, 260, 166, 278, 176], [1, 8, 267, 190, 339, 247], [2, 0, 216, 167, 599, 399], [3, 0, 0, 0, 599, 399]], [[1, 3, 343, 142, 351, 154], [1, 5, 334, 154, 343, 159], [1, 9, 269, 160, 326, 228], [2, 0, 0, 151, 599, 399], [3, 0, 0, 50, 599, 331], [4, 11, 297, 152, 307, 161]]], "distance_down_track": [542.7288208007812, 476.5329284667969, 634.2061157226562, 582.0252685546875, 511.0436096191406, 582.95751953125, 493.32086181640625, 647.8953857421875, 480.5440368652344, 556.8237915039062], "velocity": [[-11.391046524047852, 0.6906790733337402, 20.808427810668945], [-22.34274673461914, 3.1991734504699707, 8.590076446533203], [19.13787078857422, -7.526412010192871, 2.363255739212036], [2.07643723487854, 1.1627336740493774, 23.10498809814453], [-22.656179428100586, 1.442530632019043, 3.690072536468506], [4.793849468231201, 1.160239815711975, 21.098329544067383], [-23.847429275512695, 2.864673614501953, 2.5132060050964355], [19.044689178466797, -8.095940589904785, 0.4954315423965454], [-25.403667449951172, 3.9838407039642334, 8.712356567382812], [-3.6778066158294678, 0.6414760947227478, 21.95028305053711]]}