{"track": "tutorial", "karts": ["puffy", "hexley", "tux", "suzanne", "pidgin", "nolok", "beastie", "gavroche", "amanda", "adiumy"], "detections": [[[1, 0, 203, 203, 393, 325], [1, 1, 0, 186, 236, 331], [2, 0, 0, 133, 85, 167], [3, 0, 0, 77, 599, 399]], [[1, 0, 345, 195, 543, 309], [1, 1, 242, 192, 353, 351], [2, 0, 0, 97, 20, 106], [3, 0, 0, 5, 599, 399]], [[1, 2, 264, 198, 328, 255], [2, 0, 0, 169, 599, 399], [3, 0, 0, 43, 599, 399], [3, 6, 321, 31, 337, 55], [3, 7, 229, 39, 244, 56]], [[1, 2, 351, 171, 360, 177], [1, 3, 263, 200, 334, 252], [1, 5, 330, 170, 336, 179], [1, 9, 317, 171, 337, 189], [2, 0, 0, 175, 599, 399], [3, 0, 0, 76, 599, 262], [3, 6, 427, 66, 444, 85], [3, 7, 345, 79, 357, 92], [3, 8, 458, 100, 458, 100]], [[1, 2, 354, 164, 357, 166], [1, 3, 281, 164, 298, 175], [1, 4, 266, 209, 335, 256], [1, 5, 327, 162, 335, 167], [1, 9, 312, 160, 322, 169], [2, 0, 0, 167, 599, 399], [3, 0, 0, 72, 599, 275], [3, 6, 457, 61, 475, 81], [3, 7, 374, 77, 387, 91]], [[1, 2, 321, 172, 339, 188], [1, 5, 269, 203, 323, 255], [2, 0, 0, 174, 599, 399], [3, 0, 0, 59, 599, 353], [3, 6, 367, 48, 382, 69], [3, 7, 281, 58, 294, 73]], [[1, 6, 250, 187, 354, 273], [1, 8, 212, 151, 223, 158], [2, 0, 0, 150, 599, 399], [3, 0, 0, 114, 599, 399], [5, 20, 467, 179, 498, 200], [5, 21, 382, 176, 408, 199]], [[1, 7, 234, 205, 345, 319], [2, 0, 95, 0, 256, 75], [3, 0, 0, 0, 599, 399], [3, 7, 409, 0, 430, 8]], [[1, 8, 261, 192, 339, 255], [2, 0, 0, 161, 599, 399], [3, 0, 0, 118, 599, 314], [3, 6, 194, 136, 200, 139], [3, 7, 141, 124, 149, 130]], [[1, 2, 347, 170, 360, 179], [1, 5, 310, 173, 328, 187], [1, 9, 273, 195, 328, 251], [2, 0, 0, 174, 599, 399], [3, 0, 0, 65, 599, 335], [3, 6, 423, 54, 441, 75], [3, 7, 337, 69, 349, 83]]], "distance_down_track": [712.6583862304688, 712.6583862304688, 455.9293518066406, 455.9293518066406, 455.9293518066406, 532.0, 433.4427490234375, 491.73480224609375, 409.40948486328125, 400.4352722167969], "velocity": [[0.025862278416752815, -0.2003227174282074, -0.0042602382600307465], [-0.15189403295516968, 0.09029270708560944, 0.11628440022468567], [-1.7822415828704834, -2.6292166709899902, -22.640270233154297], [9.174914360046387, -0.3862594962120056, -20.936635971069336], [13.249645233154297, -0.3084571063518524, -20.014909744262695], [2.642289638519287, -2.0040462017059326, -23.63648796081543], [-13.259496688842773, 1.2414761781692505, -11.141117095947266], [2.7084226608276367, -0.4685826599597931, -4.233190059661865], [-7.335651874542236, 1.5342459678649902, -22.3924560546875], [7.687607765197754, -1.318554401397705, -21.637052536010742]]}