{"track": "volcano_island", "karts": ["gavroche", "adiumy", "amanda", "nolok", "tux", "konqi", "kiki", "pidgin", "sara_the_racer", "suzanne"], "detections": [[[1, 0, 271, 203, 324, 254], [2, 0, 0, 154, 599, 399], [3, 0, 0, 0, 599, 282], [3, 174, 284, 161, 284, 161], [3, 177, 243, 162, 244, 169]], [[1, 1, 273, 196, 327, 245], [1, 5, 407, 151, 413, 158], [1, 6, 411, 150, 413, 152], [1, 8, 370, 153, 377, 164], [1, 9, 332, 164, 352, 176], [2, 0, 0, 159, 599, 399], [3, 0, 0, 0, 599, 286]], [[1, 0, 392, 164, 409, 175], [1, 2, 253, 181, 338, 249], [2, 0, 0, 152, 599, 399], [3, 0, 0, 0, 599, 387]], [[1, 3, 269, 203, 329, 256], [2, 0, 0, 160, 599, 399], [3, 0, 0, 0, 599, 284], [5, 7, 209, 162, 223, 186], [5, 8, 335, 149, 357, 177], [5, 11, 267, 156, 284, 182]], [[1, 1, 412, 139, 417, 145], [1, 4, 265, 198, 330, 252], [2, 0, 0, 142, 599, 399], [3, 0, 0, 0, 599, 297]], [[1, 3, 289, 167, 306, 180], [1, 5, 256, 191, 331, 263], [1, 6, 228, 174, 270, 220], [2, 0, 0, 160, 599, 399], [3, 0, 0, 0, 599, 319], [5, 7, 260, 158, 268, 171], [5, 8, 333, 149, 344, 165], [5, 11, 294, 154, 303, 168]], [[1, 3, 324, 169, 343, 185], [1, 5, 354, 227, 577, 399], [1, 6, 267, 183, 329, 253], [2, 0, 0, 159, 599, 399], [3, 0, 0, 0, 599, 270], [5, 7, 284, 159, 292, 173], [5, 8, 366, 148, 379, 166], [5, 11, 321, 154, 332, 170]], [[1, 7, 262, 210, 336, 261], [2, 0, 0, 160, 599, 399], [3, 0, 0, 0, 599, 304], [6, 33, 353, 158, 358, 163], [6, 34, 385, 159, 386, 161], [6, 35, 374, 158, 376, 161]], [[1, 3, 353, 158, 365, 166], [1, 5, 333, 161, 359, 180], [1, 6, 323, 158, 338, 175], [1, 8, 277, 177, 320, 255], [2, 0, 0, 157, 599, 399], [3, 0, 0, 0, 599, 269], [5, 7, 336, 154, 342, 163], [5, 8, 393, 145, 401, 157], [5, 11, 362, 150, 369, 161]], [[1, 3, 398, 156, 406, 161], [1, 5, 369, 157, 386, 167], [1, 6, 368, 156, 375, 166], [1, 8, 328, 160, 339, 177], [1, 9, 262, 200, 332, 250], [2, 0, 0, 161, 599, 399], [3, 0, 0, 0, 599, 295], [5, 7, 397, 153, 401, 161]]], "distance_down_track": [626.6312866210938, 706.6695556640625, 615.4490966796875, 747.6058959960938, 673.10400390625, 738.182861328125, 739.9676513671875, 812.1686401367188, 729.2828979492188, 717.4977416992188], "velocity": [[-22.530675888061523, 0.5540748834609985, 4.589298725128174], [11.850780487060547, 3.9520657062530518, 21.548749923706055], [-23.95618438720703, 0.3147245943546295, 3.0372250080108643], [20.92603874206543, 2.6165566444396973, 0.2911060154438019], [-8.630441665649414, 1.695291519165039, 21.052583694458008], [23.89539337158203, 3.1246116161346436, 0.39157935976982117], [20.571962356567383, 2.7808260917663574, 4.812919616699219], [-4.5855326652526855, 0.14182180166244507, -21.245304107666016], [17.878509521484375, 2.9017138481140137, 9.497733116149902], [15.980647087097168, 3.703366756439209, 16.172536849975586]]}