{"track": "snowtuxpeak", "karts": ["pidgin", "amanda", "xue", "tux", "gavroche", "emule", "puffy", "sara_the_wizard", "beastie", "gnu"], "detections": [[[1, 0, 266, 210, 340, 264], [1, 3, 139, 129, 151, 137], [2, 0, 0, 130, 599, 399], [3, 0, 0, 23, 599, 360], [6, 20, 251, 140, 279, 157]], [[1, 1, 267, 190, 334, 257], [1, 6, 398, 166, 420, 176], [1, 9, 109, 166, 325, 399], [2, 0, 0, 159, 599, 399], [3, 0, 0, 0, 599, 399], [4, 10, 571, 157, 580, 164], [4, 11, 551, 157, 560, 163]], [[1, 2, 265, 187, 334, 264], [2, 0, 0, 98, 599, 399], [3, 0, 0, 20, 599, 298], [3, 1, 292, 0, 318, 27]], [[1, 1, 263, 165, 266, 167], [1, 3, 267, 198, 333, 251], [1, 8, 253, 160, 262, 168], [1, 9, 261, 161, 263, 164], [2, 0, 226, 165, 599, 399], [3, 0, 0, 0, 599, 399], [4, 10, 394, 174, 395, 174], [4, 11, 390, 174, 391, 174]], [[1, 4, 273, 203, 327, 254], [2, 0, 0, 163, 599, 399], [3, 0, 0, 0, 599, 375], [4, 6, 238, 154, 251, 168], [4, 7, 267, 156, 275, 165], [4, 8, 326, 160, 340, 172]], [[1, 5, 268, 198, 330, 261], [2, 0, 0, 198, 359, 399], [3, 0, 0, 10, 599, 399], [3, 1, 558, 138, 599, 188]], [[1, 5, 432, 149, 439, 152], [1, 6, 256, 200, 335, 257], [2, 0, 0, 152, 432, 399], [3, 0, 0, 58, 599, 399], [4, 10, 372, 154, 378, 159], [4, 11, 358, 153, 364, 159], [5, 9, 395, 155, 398, 159]], [[1, 2, 303, 164, 317, 177], [1, 7, 280, 188, 320, 265], [2, 0, 0, 110, 599, 399], [3, 0, 0, 0, 599, 289], [3, 1, 311, 0, 343, 49], [6, 18, 588, 166, 599, 173]], [[1, 1, 318, 168, 333, 178], [1, 6, 391, 171, 397, 172], [1, 8, 256, 189, 338, 258], [1, 9, 313, 161, 326, 173], [2, 0, 0, 172, 599, 399], [3, 0, 0, 0, 599, 274], [4, 10, 554, 170, 561, 172], [4, 11, 541, 170, 548, 172], [5, 9, 574, 171, 577, 172]], [[1, 1, 309, 176, 339, 216], [1, 6, 397, 165, 417, 173], [1, 9, 263, 157, 335, 230], [2, 0, 0, 159, 599, 399], [3, 0, 0, 0, 599, 399], [4, 10, 569, 158, 577, 163], [4, 11, 550, 157, 558, 163], [5, 9, 599, 161, 599, 162]]], "distance_down_track": [456.6941833496094, 522.137451171875, 650.0245971679688, 482.210693359375, 408.07550048828125, 597.6694946289062, 543.5958862304688, 636.5164184570312, 506.6209716796875, 520.204833984375], "velocity": [[-12.531965255737305, 0.951574444770813, 17.6353816986084], [-19.994281768798828, 1.1127010583877563, 10.433516502380371], [19.038469314575195, -8.11526107788086, 0.41131895780563354], [-21.232797622680664, 3.295461416244507, 6.417854309082031], [21.447349548339844, 2.6686904430389404, 7.8669753074646], [14.238765716552734, 1.528710126876831, 14.946925163269043], [-10.345606803894043, 0.6347007155418396, 22.546724319458008], [19.10325050354004, -7.704044342041016, 2.05022931098938], [-22.629379272460938, 2.226586103439331, 3.2280690670013428], [-19.447830200195312, 1.0880622863769531, 9.221904754638672]]}