{"track": "volcano_island", "karts": ["gavroche", "adiumy", "amanda", "nolok", "tux", "konqi", "kiki", "pidgin", "sara_the_racer", "suzanne"], "detections": [[[1, 0, 260, 204, 341, 283], [1, 1, 267, 154, 276, 161], [1, 2, 278, 153, 290, 162], [1, 4, 283, 160, 302, 176], [1, 6, 241, 150, 246, 155], [1, 8, 231, 149, 234, 154], [1, 9, 188, 152, 192, 152], [2, 0, 0, 126, 599, 399], [3, 0, 0, 0, 599, 246]], [[1, 1, 263, 193, 341, 275], [1, 2, 355, 208, 576, 357], [1, 6, 269, 151, 278, 162], [1, 8, 260, 150, 265, 159], [1, 9, 221, 152, 226, 153], [2, 0, 0, 115, 599, 399], [3, 0, 0, 0, 599, 392]], [[1, 1, 229, 188, 271, 230], [1, 2, 267, 192, 333, 247], [1, 6, 255, 159, 263, 169], [1, 8, 249, 157, 253, 165], [1, 9, 213, 159, 218, 160], [2, 0, 0, 124, 599, 399], [3, 0, 0, 0, 599, 236]], [[1, 3, 258, 204, 342, 284], [1, 5, 173, 178, 258, 246], [1, 7, 239, 152, 243, 153], [2, 0, 0, 152, 599, 399], [3, 0, 0, 0, 599, 235], [4, 31, 232, 149, 235, 151]], [[1, 1, 278, 161, 292, 174], [1, 2, 295, 161, 313, 175], [1, 4, 265, 198, 335, 257], [1, 6, 257, 155, 262, 161], [1, 8, 248, 154, 251, 160], [1, 9, 207, 156, 212, 156], [2, 0, 0, 127, 599, 399], [3, 0, 0, 0, 599, 244]], [[1, 3, 385, 238, 599, 399], [1, 5, 247, 190, 356, 293], [1, 7, 242, 152, 247, 153], [2, 0, 0, 152, 599, 399], [3, 0, 0, 0, 599, 263], [4, 31, 235, 149, 237, 151]], [[1, 3, 231, 152, 235, 155], [1, 5, 223, 151, 229, 155], [1, 6, 254, 177, 346, 277], [1, 8, 281, 154, 295, 182], [1, 9, 246, 155, 253, 157], [2, 0, 0, 91, 599, 399], [3, 0, 0, 0, 599, 238]], [[1, 7, 248, 213, 351, 284], [2, 0, 0, 138, 599, 399], [3, 0, 0, 0, 599, 230], [4, 21, 247, 151, 256, 161], [4, 22, 284, 151, 293, 160], [4, 31, 319, 151, 329, 160]], [[1, 3, 243, 152, 247, 156], [1, 5, 234, 152, 240, 156], [1, 8, 269, 167, 331, 283], [1, 9, 257, 156, 265, 159], [2, 0, 0, 64, 599, 399], [3, 0, 0, 0, 599, 240]], [[1, 3, 279, 158, 292, 169], [1, 5, 259, 154, 273, 168], [1, 9, 245, 227, 355, 286], [2, 0, 0, 152, 599, 399], [3, 0, 0, 0, 599, 235]]], "distance_down_track": [1712.2850341796875, 1733.6807861328125, 1733.0064697265625, 1800.620849609375, 1721.6148681640625, 1801.80419921875, 1753.3599853515625, 1856.66845703125, 1760.5931396484375, 1787.9752197265625], "velocity": [[-10.127459526062012, 0.06925290822982788, -8.97569465637207], [-7.128235816955566, 0.09031592309474945, -10.369288444519043], [-16.456893920898438, 0.050225380808115005, -23.451875686645508], [1.244687795639038, 0.08244910836219788, -12.495317459106445], [-13.848323822021484, 0.08292129635810852, -15.75832462310791], [1.238307237625122, 0.08251206576824188, -12.50811767578125], [-4.6943511962890625, 0.05787396430969238, -11.34908676147461], [6.868826866149902, 0.0891042947769165, -11.453781127929688], [-3.583894729614258, 0.061422258615493774, -11.226290702819824], [-0.19672994315624237, 0.10245521366596222, -11.747905731201172]]}