{"track": "tutorial", "karts": ["puffy", "hexley", "tux", "suzanne", "pidgin", "nolok", "beastie", "gavroche", "amanda", "adiumy"], "detections": [[[1, 0, 203, 201, 387, 325], [1, 3, 437, 160, 467, 175], [1, 8, 264, 150, 283, 166], [2, 0, 171, 126, 294, 155], [3, 0, 0, 40, 599, 399]], [[1, 0, 335, 223, 351, 235], [1, 1, 242, 193, 346, 343], [1, 3, 446, 208, 461, 217], [1, 8, 365, 183, 375, 191], [2, 0, 0, 155, 599, 399], [3, 0, 0, 0, 599, 313], [3, 8, 115, 31, 125, 43]], [[1, 2, 263, 198, 335, 260], [1, 6, 248, 133, 251, 135], [1, 7, 240, 135, 242, 137], [1, 9, 233, 136, 237, 138], [2, 0, 0, 136, 599, 399], [3, 0, 0, 25, 599, 272], [3, 6, 330, 51, 342, 66], [3, 7, 273, 49, 284, 61]], [[1, 1, 545, 14, 571, 27], [1, 3, 219, 201, 369, 323], [2, 0, 493, 14, 599, 74], [3, 0, 0, 0, 599, 399]], [[1, 2, 280, 176, 285, 179], [1, 4, 224, 217, 369, 319], [1, 7, 231, 166, 232, 167], [1, 9, 228, 166, 230, 167], [2, 0, 0, 165, 599, 399], [3, 0, 0, 103, 599, 259], [3, 6, 285, 103, 294, 113], [3, 7, 237, 94, 247, 102]], [[1, 0, 398, 260, 454, 312], [1, 5, 271, 202, 324, 256], [1, 8, 417, 174, 436, 188], [2, 0, 342, 141, 462, 176], [3, 0, 0, 0, 599, 399], [3, 8, 125, 41, 135, 52]], [[1, 1, 398, 170, 407, 175], [1, 6, 256, 189, 335, 260], [2, 0, 0, 172, 599, 399], [3, 0, 0, 53, 599, 399], [3, 6, 360, 42, 375, 64], [3, 7, 272, 52, 286, 67], [3, 8, 384, 89, 384, 89]], [[1, 1, 439, 178, 448, 182], [1, 6, 325, 168, 343, 183], [1, 7, 271, 202, 324, 256], [2, 0, 0, 175, 599, 399], [3, 0, 0, 67, 599, 334], [3, 6, 427, 56, 444, 77], [3, 7, 340, 71, 353, 85]], [[1, 8, 214, 184, 374, 340], [2, 0, 0, 88, 260, 232], [3, 0, 0, 19, 599, 399]], [[1, 1, 442, 181, 447, 183], [1, 6, 341, 170, 354, 181], [1, 7, 330, 181, 356, 205], [1, 9, 274, 195, 326, 246], [2, 0, 0, 177, 599, 399], [3, 0, 0, 75, 599, 271], [3, 6, 431, 64, 448, 84], [3, 7, 346, 79, 359, 91]]], "distance_down_track": [712.6583862304688, 702.3391723632812, 561.7310180664062, 561.7310180664062, 547.9110717773438, 605.3455200195312, 547.9110717773438, 576.2125244140625, 547.9110717773438, 532.0], "velocity": [[-4.86507511138916, 0.112172432243824, -1.39821195602417], [-5.908283710479736, -0.8917784690856934, -6.2825117111206055], [4.487463474273682, -3.518615961074829, -19.642778396606445], [1.6820847988128662, 0.04107893258333206, 2.6904690265655518], [0.23334889113903046, -0.13769792020320892, -7.769744873046875], [-14.149665832519531, -14.132270812988281, -16.726337432861328], [2.145139694213867, -2.3507533073425293, -23.93939781188965], [8.013104438781738, -1.2374165058135986, -21.52345085144043], [-0.22108231484889984, 0.08336323499679565, 0.16902174055576324], [9.825454711914062, -0.7911014556884766, -24.05898094177246]]}