{"track": "overworld", "karts": ["beastie", "kiki", "hexley", "emule", "amanda", "wilber", "adiumy", "xue", "suzanne", "nolok"], "detections": [[[1, 0, 257, 189, 342, 261], [3, 0, 0, 147, 599, 189], [3, 1, 267, 184, 274, 186], [3, 2, 274, 177, 278, 181], [3, 3, 274, 175, 276, 176], [3, 4, 275, 167, 277, 170], [3, 7, 281, 165, 292, 185], [3, 8, 281, 167, 285, 171], [3, 24, 291, 165, 304, 185], [3, 25, 299, 167, 304, 175]], [[1, 1, 270, 182, 336, 258], [3, 0, 0, 0, 599, 179]], [[1, 2, 271, 196, 325, 269], [1, 5, 453, 188, 457, 189], [1, 8, 444, 188, 448, 189], [1, 9, 449, 188, 451, 189], [3, 0, 0, 72, 599, 204], [3, 5, 589, 154, 591, 154]], [[1, 3, 240, 197, 359, 322], [2, 7, 0, 211, 218, 272], [2, 24, 219, 212, 524, 271], [3, 7, 0, 0, 218, 211], [3, 24, 218, 0, 599, 266]], [[1, 4, 254, 191, 336, 261], [3, 0, 3, 0, 599, 161]], [[1, 5, 260, 190, 331, 254], [1, 9, 132, 221, 248, 303], [2, 0, 264, 155, 285, 176], [3, 0, 0, 0, 599, 154], [3, 7, 290, 127, 290, 127], [3, 24, 292, 128, 293, 128]], [[1, 3, 300, 165, 314, 178], [1, 6, 250, 190, 353, 303], [2, 7, 215, 164, 289, 181], [2, 24, 290, 165, 386, 182], [3, 0, 0, 0, 599, 200], [3, 7, 129, 0, 289, 177], [3, 24, 289, 0, 464, 181]], [[1, 4, 348, 188, 350, 189], [1, 7, 260, 186, 329, 264], [3, 0, 212, 109, 599, 198]], [[1, 5, 202, 170, 235, 198], [1, 8, 263, 191, 334, 245], [1, 9, 158, 180, 196, 206], [2, 0, 203, 155, 219, 171], [3, 0, 0, 0, 599, 175], [3, 7, 230, 127, 231, 127], [3, 24, 232, 127, 235, 129]], [[1, 5, 327, 183, 383, 232], [1, 9, 267, 203, 325, 257], [2, 0, 292, 154, 311, 174], [3, 0, 0, 4, 599, 154], [3, 24, 300, 127, 301, 127], [3, 25, 303, 128, 303, 128]]], "distance_down_track": [304.16973876953125, 1314.0009765625, 1379.624267578125, 621.8397827148438, 1187.7247314453125, 23.40937614440918, 621.786376953125, 1105.873779296875, 16.47991943359375, 21.900089263916016], "velocity": [[1.8546656370162964, 1.0938506126403809, 21.628082275390625], [2.3398830890655518, 2.598673105239868, -19.351591110229492], [-18.891279220581055, 0.2568451762199402, 5.455806732177734], [0.23480822145938873, 0.22704920172691345, -1.3956222534179688], [-2.9264204502105713, 0.8973875641822815, -21.518386840820312], [2.8762612342834473, -2.0632758140563965, 21.414226531982422], [-0.015328374691307545, 0.07708829641342163, 0.18515264987945557], [0.3563039302825928, 2.3540256023406982, -20.562623977661133], [8.216927528381348, -1.5252900123596191, 23.8558406829834], [2.6140763759613037, -2.4256844520568848, 22.02935028076172]]}