{"track": "tutorial", "karts": ["puffy", "hexley", "tux", "suzanne", "pidgin", "nolok", "beastie", "gavroche", "amanda", "adiumy"], "detections": [[[1, 0, 205, 203, 394, 327], [1, 3, 0, 275, 1, 278], [1, 9, 0, 235, 114, 343], [2, 0, 0, 124, 64, 153], [3, 0, 0, 51, 599, 399]], [[1, 0, 359, 201, 369, 208], [1, 1, 253, 191, 360, 346], [1, 3, 337, 199, 345, 204], [1, 6, 347, 206, 356, 213], [1, 9, 347, 200, 352, 205], [2, 0, 0, 168, 599, 399], [3, 0, 0, 0, 599, 342], [3, 8, 52, 29, 65, 42]], [[1, 0, 416, 148, 451, 167], [1, 2, 233, 196, 362, 311], [1, 3, 327, 157, 349, 175], [1, 6, 409, 157, 447, 186], [1, 7, 165, 145, 203, 169], [1, 9, 356, 155, 377, 175], [2, 0, 127, 116, 308, 158], [3, 0, 0, 32, 599, 399]], [[1, 3, 223, 201, 376, 319], [1, 9, 370, 187, 507, 297], [2, 0, 0, 86, 202, 210], [3, 0, 0, 54, 599, 399]], [[1, 0, 390, 152, 407, 161], [1, 2, 297, 156, 314, 169], [1, 3, 349, 156, 362, 164], [1, 4, 222, 217, 368, 315], [1, 6, 374, 155, 389, 167], [1, 7, 283, 148, 294, 156], [1, 9, 365, 155, 375, 164], [2, 0, 264, 134, 352, 156], [3, 0, 0, 24, 599, 399]], [[1, 5, 269, 203, 325, 255], [2, 0, 0, 169, 599, 399], [3, 0, 0, 0, 599, 353]], [[1, 0, 312, 144, 389, 196], [1, 3, 78, 168, 170, 218], [1, 6, 213, 181, 382, 330], [1, 9, 178, 162, 230, 213], [2, 0, 0, 80, 141, 168], [3, 0, 0, 18, 599, 399]], [[1, 3, 511, 189, 588, 230], [1, 7, 239, 205, 355, 320], [1, 9, 573, 198, 599, 216], [2, 0, 142, 103, 419, 177], [3, 0, 0, 9, 599, 399]], [[1, 1, 297, 134, 313, 151], [1, 8, 223, 170, 364, 291], [2, 0, 0, 149, 599, 399], [3, 0, 0, 0, 599, 278], [3, 6, 185, 0, 192, 2], [3, 8, 208, 44, 215, 52]], [[1, 0, 486, 160, 599, 242], [1, 3, 0, 210, 215, 351], [1, 9, 245, 192, 355, 309], [2, 0, 0, 52, 123, 177], [3, 0, 0, 20, 599, 399]]], "distance_down_track": [712.6583862304688, 712.6583862304688, 712.6583862304688, 712.6583862304688, 694.2288208007812, 741.5721435546875, 694.2288208007812, 741.5721435546875, 675.6192626953125, 675.6192626953125], "velocity": [[-0.07135733962059021, 0.08188784122467041, 0.0007249219343066216], [0.24064132571220398, 0.7576802968978882, 1.5257068872451782], [-4.8409600257873535, 0.09440440684556961, -0.8945583701133728], [-0.10338103026151657, 0.08172916620969772, 0.013222219422459602], [-4.24065637588501, 0.11972816288471222, -2.489664316177368], [-17.361129760742188, 3.843492269515991, 14.000931739807129], [-7.745853424072266, 0.13101144134998322, 0.2940596342086792], [0.46531620621681213, 0.10474802553653717, 0.16599829494953156], [-5.395941257476807, -1.2218654155731201, -9.070812225341797], [-0.32875362038612366, 0.5969594120979309, 0.04087282344698906]]}