{"track": "snowtuxpeak", "karts": ["pidgin", "amanda", "xue", "tux", "gavroche", "emule", "puffy", "sara_the_wizard", "beastie", "gnu"], "detections": [[[1, 0, 246, 239, 370, 361], [1, 4, 355, 187, 368, 196], [2, 0, 0, 194, 465, 399], [3, 0, 0, 0, 599, 399]], [[1, 1, 228, 212, 372, 367], [1, 8, 313, 185, 334, 201], [2, 0, 0, 171, 599, 399], [3, 0, 0, 0, 599, 279], [3, 1, 279, 121, 286, 133], [6, 22, 299, 179, 307, 179]], [[1, 2, 236, 174, 372, 389], [1, 9, 313, 178, 317, 185], [2, 0, 0, 184, 599, 399], [3, 0, 0, 0, 599, 284]], [[1, 1, 317, 183, 327, 191], [1, 3, 239, 225, 363, 362], [1, 8, 335, 184, 341, 189], [2, 0, 0, 176, 599, 399], [3, 0, 0, 0, 599, 317], [3, 1, 318, 122, 328, 127], [6, 22, 335, 182, 340, 182]], [[1, 1, 373, 188, 380, 192], [1, 3, 334, 188, 347, 197], [1, 4, 241, 231, 367, 362], [1, 8, 393, 189, 398, 192], [2, 0, 0, 185, 528, 399], [3, 0, 0, 0, 599, 399], [3, 1, 400, 128, 412, 138]], [[1, 0, 310, 175, 311, 175], [1, 2, 291, 174, 295, 179], [1, 5, 239, 214, 363, 362], [1, 9, 300, 173, 300, 175], [2, 0, 0, 176, 599, 399], [3, 0, 0, 0, 599, 284], [4, 4, 265, 177, 272, 185], [4, 5, 304, 177, 313, 184]], [[1, 6, 258, 201, 339, 257], [2, 0, 0, 158, 599, 399], [3, 0, 0, 0, 599, 265], [6, 23, 268, 172, 298, 176]], [[1, 2, 424, 167, 426, 170], [1, 5, 405, 180, 410, 183], [1, 7, 250, 225, 357, 353], [1, 9, 434, 164, 434, 165], [2, 0, 0, 165, 439, 399], [3, 0, 0, 0, 599, 399], [4, 4, 407, 172, 410, 174], [4, 5, 425, 172, 428, 174]], [[1, 8, 235, 212, 354, 375], [2, 0, 0, 165, 599, 399], [3, 0, 0, 0, 599, 286], [3, 1, 325, 106, 339, 127], [6, 22, 336, 174, 349, 176]], [[1, 0, 320, 185, 331, 194], [1, 9, 238, 154, 371, 305], [2, 0, 0, 185, 599, 399], [3, 0, 0, 0, 599, 366]]], "distance_down_track": [171.40834045410156, 111.48505401611328, 209.2832489013672, 134.5610809326172, 152.51907348632812, 253.78860473632812, 980.470703125, 305.4705810546875, 99.1501235961914, 186.0342559814453], "velocity": [[-9.892937660217285, 0.26530760526657104, -19.35121726989746], [-22.212387084960938, 2.5860557556152344, 0.14661294221878052], [-0.809435248374939, 0.4137887954711914, -20.68002700805664], [-20.363801956176758, 2.0166046619415283, -3.549673318862915], [-18.10218620300293, 1.2066718339920044, -9.967183113098145], [-1.0246843099594116, 1.4431453943252563, -20.624191284179688], [0.5259939432144165, 0.0817389115691185, 24.144132614135742], [10.36567497253418, 2.0924532413482666, -17.79506492614746], [-7.883955478668213, 1.0998338460922241, -1.5222753286361694], [-4.4175872802734375, 0.4728812575340271, -20.21759605407715]]}