{"track": "overworld", "karts": ["beastie", "kiki", "hexley", "emule", "amanda", "wilber", "adiumy", "xue", "suzanne", "nolok"], "detections": [[[1, 0, 254, 189, 339, 264], [3, 0, 0, 0, 599, 176]], [[1, 1, 270, 183, 331, 252], [1, 2, 174, 157, 182, 161], [3, 0, 0, 100, 599, 187]], [[1, 2, 274, 196, 325, 265], [1, 3, 225, 153, 226, 153], [3, 0, 0, 96, 477, 158], [3, 1, 153, 147, 176, 161], [3, 2, 172, 131, 182, 144], [3, 3, 170, 123, 177, 131], [3, 4, 168, 110, 179, 120], [3, 7, 187, 115, 210, 153], [3, 8, 187, 117, 196, 128], [3, 24, 206, 115, 230, 153], [3, 25, 217, 118, 229, 139], [255, 16777215, 0, 139, 414, 182]], [[1, 3, 269, 200, 326, 257], [1, 6, 295, 169, 298, 172], [2, 7, 265, 169, 291, 175], [2, 24, 292, 167, 325, 174], [3, 0, 0, 0, 599, 176], [3, 7, 238, 61, 291, 174], [3, 24, 286, 61, 340, 172], [3, 25, 315, 70, 341, 129], [255, 16777215, 0, 154, 599, 198]], [[1, 4, 258, 192, 339, 260], [1, 7, 242, 156, 248, 161], [3, 0, 0, 74, 414, 163], [3, 5, 168, 157, 171, 157], [3, 7, 334, 149, 338, 150], [3, 24, 339, 149, 342, 150], [3, 25, 341, 149, 341, 149]], [[1, 4, 276, 163, 281, 167], [1, 5, 257, 189, 333, 259], [1, 7, 235, 162, 236, 163], [3, 0, 0, 87, 462, 170], [3, 7, 285, 161, 286, 162], [3, 24, 287, 161, 289, 162]], [[1, 6, 254, 192, 350, 287], [2, 7, 0, 167, 256, 226], [2, 24, 255, 171, 599, 231], [3, 7, 0, 0, 254, 214], [3, 24, 248, 0, 599, 229]], [[1, 7, 268, 186, 337, 265], [3, 0, 0, 57, 599, 156]], [[1, 0, 472, 152, 477, 155], [1, 8, 251, 201, 336, 270], [1, 9, 466, 155, 470, 158], [3, 0, 30, 0, 599, 152]], [[1, 0, 287, 145, 296, 153], [1, 9, 268, 203, 328, 262], [3, 0, 0, 0, 599, 159]]], "distance_down_track": [1250.0379638671875, 351.8743896484375, 351.8743896484375, 351.8743896484375, 123.18128204345703, 83.20941162109375, 621.8235473632812, 164.30450439453125, 1173.1492919921875, 1225.8720703125], "velocity": [[-1.1864176988601685, 1.568712830543518, -21.645824432373047], [19.917312622070312, -1.7600222826004028, 8.810535430908203], [8.121255874633789, -2.4793195724487305, 20.132577896118164], [-0.11631163209676743, -1.6695541143417358, 22.939027786254883], [-3.390554904937744, -0.3959120512008667, 21.46526527404785], [1.2286181449890137, 0.5737114548683167, 19.618192672729492], [-0.22826004028320312, -0.6428122520446777, -3.155820608139038], [-12.196945190429688, -0.07040948420763016, 16.72481918334961], [6.412390232086182, 0.39626967906951904, -15.704859733581543], [-3.069502830505371, 0.04396696761250496, -20.471107482910156]]}