{"track": "fortmagma", "karts": ["nolok", "beastie", "sara_the_wizard", "adiumy", "puffy", "konqi", "pidgin", "emule", "xue", "gnu"], "detections": [[[1, 0, 250, 203, 326, 279], [1, 3, 391, 165, 405, 175], [2, 0, 0, 10, 599, 399], [3, 0, 0, 0, 599, 216]], [[1, 1, 247, 186, 359, 284], [1, 7, 418, 198, 599, 298], [1, 8, 260, 163, 284, 187], [2, 0, 0, 93, 599, 399], [2, 1, 272, 101, 300, 106], [3, 0, 0, 0, 599, 241], [3, 1, 251, 102, 300, 121], [3, 13, 210, 0, 314, 136], [4, 35, 270, 158, 287, 177], [5, 3, 282, 102, 283, 103], [6, 29, 183, 157, 210, 173], [6, 34, 327, 149, 353, 165]], [[1, 0, 445, 194, 494, 219], [1, 2, 266, 185, 326, 284], [1, 5, 312, 167, 362, 201], [1, 9, 245, 143, 281, 169], [2, 0, 0, 162, 599, 399], [3, 0, 0, 0, 599, 218]], [[1, 3, 265, 195, 334, 261], [2, 0, 76, 0, 599, 399], [3, 0, 0, 0, 599, 399], [3, 12, 180, 105, 200, 148]], [[1, 1, 301, 162, 344, 200], [1, 4, 244, 200, 369, 291], [1, 7, 372, 163, 426, 195], [1, 8, 271, 158, 288, 176], [2, 0, 0, 97, 599, 399], [2, 1, 250, 103, 283, 108], [3, 0, 0, 0, 599, 372], [3, 1, 233, 105, 281, 124], [3, 13, 196, 0, 297, 138], [4, 35, 272, 155, 286, 169], [5, 3, 264, 105, 265, 106], [6, 29, 194, 157, 216, 171], [6, 34, 315, 148, 336, 161]], [[1, 0, 472, 199, 547, 252], [1, 3, 519, 176, 540, 187], [1, 5, 208, 182, 349, 333], [1, 9, 0, 153, 52, 201], [2, 0, 0, 0, 599, 399], [3, 0, 0, 0, 599, 199]], [[1, 6, 271, 207, 334, 254], [2, 0, 0, 83, 458, 399], [3, 0, 0, 0, 599, 399], [3, 15, 123, 45, 224, 94], [4, 36, 202, 153, 213, 164], [5, 32, 221, 87, 222, 90]], [[1, 1, 94, 187, 213, 261], [1, 7, 266, 199, 340, 275], [1, 8, 224, 165, 250, 187], [2, 0, 0, 93, 599, 399], [2, 1, 283, 102, 291, 103], [3, 0, 0, 0, 599, 363], [3, 1, 262, 104, 295, 122], [3, 13, 217, 0, 318, 137], [4, 35, 241, 160, 261, 178], [5, 3, 292, 103, 293, 104], [6, 29, 177, 158, 202, 174], [6, 34, 313, 151, 337, 167]], [[1, 8, 266, 186, 341, 272], [2, 0, 0, 86, 599, 399], [2, 1, 265, 95, 300, 101], [3, 0, 0, 0, 599, 250], [3, 1, 244, 97, 297, 116], [3, 13, 195, 0, 317, 133], [4, 35, 278, 165, 318, 211], [5, 3, 278, 97, 279, 98], [5, 4, 276, 95, 276, 95], [6, 29, 136, 160, 180, 189], [6, 34, 358, 146, 401, 172]], [[1, 9, 221, 122, 376, 273], [2, 0, 0, 202, 599, 399], [3, 0, 0, 0, 599, 314]]], "distance_down_track": [1012.0054321289062, 954.7305908203125, 1002.612060546875, 1030.08447265625, 950.5075073242188, 1007.9172973632812, 906.150390625, 953.9645385742188, 961.4730834960938, 1005.2446899414062], "velocity": [[9.97114372253418, 0.08056497573852539, 11.342909812927246], [-15.350813865661621, -3.7024314403533936, 1.1511945724487305], [-2.2904622554779053, 0.09732793271541595, 12.618254661560059], [11.29899787902832, 0.07369312644004822, 14.504007339477539], [-14.07703971862793, -3.389871120452881, 1.77987802028656], [2.398604393005371, 0.11645758152008057, 4.357500076293945], [-3.5848147869110107, -10.024847030639648, -26.8507080078125], [-16.301803588867188, -3.937816858291626, 0.240120068192482], [-17.964893341064453, -4.6832499504089355, 1.8156267404556274], [0.28290611505508423, 0.08633780479431152, 5.046309471130371]]}