{"track": "overworld", "karts": ["beastie", "kiki", "hexley", "emule", "amanda", "wilber", "adiumy", "xue", "suzanne", "nolok"], "detections": [[[1, 0, 253, 189, 339, 264], [3, 0, 7, 0, 599, 160]], [[1, 1, 271, 181, 336, 257], [1, 2, 290, 159, 295, 164], [1, 8, 294, 158, 298, 162], [1, 9, 333, 154, 338, 156], [3, 0, 0, 0, 599, 200]], [[1, 2, 275, 196, 325, 264], [1, 8, 295, 170, 325, 191], [1, 9, 386, 157, 397, 163], [3, 0, 0, 0, 599, 201]], [[1, 3, 239, 215, 359, 322], [1, 6, 249, 115, 360, 226], [2, 7, 215, 154, 281, 170], [2, 24, 319, 154, 387, 171], [3, 0, 0, 0, 599, 180], [3, 7, 129, 0, 289, 168], [3, 24, 288, 0, 463, 170]], [[1, 4, 262, 193, 337, 255], [3, 0, 0, 63, 599, 170], [3, 7, 230, 141, 230, 141], [3, 24, 231, 141, 234, 142]], [[1, 4, 472, 168, 480, 172], [1, 5, 260, 190, 336, 258], [2, 0, 410, 170, 417, 176], [3, 0, 0, 0, 599, 178], [3, 4, 504, 141, 505, 141], [3, 7, 509, 139, 515, 142], [3, 8, 508, 141, 508, 141], [3, 24, 515, 139, 522, 142]], [[1, 3, 242, 280, 353, 392], [1, 6, 251, 190, 355, 298], [2, 7, 215, 161, 289, 178], [2, 24, 290, 162, 386, 179], [3, 0, 0, 0, 599, 194], [3, 7, 129, 0, 289, 174], [3, 24, 289, 0, 464, 178]], [[1, 7, 264, 186, 333, 265], [3, 0, 0, 109, 542, 145]], [[1, 8, 263, 201, 340, 261], [1, 9, 349, 165, 361, 172], [3, 0, 0, 0, 599, 217]], [[1, 9, 261, 203, 333, 272], [3, 0, 0, 0, 599, 252]]], "distance_down_track": [1143.2100830078125, 1289.9300537109375, 1319.6385498046875, 607.9688720703125, 45.656795501708984, 1450.76611328125, 621.7061767578125, 468.617431640625, 1324.09814453125, 1348.330078125], "velocity": [[-4.776565074920654, 0.027464697137475014, -21.203628540039062], [1.745496392250061, 2.215263605117798, -19.461706161499023], [-0.39070096611976624, 3.4800047874450684, -22.089139938354492], [-0.10921338200569153, -0.24319937825202942, 1.0149176120758057], [6.43820858001709, 0.5029738545417786, 23.270559310913086], [-12.677576065063477, -1.2709598541259766, 14.979182243347168], [2.557541847229004, -0.6715848445892334, -1.8064683675765991], [20.691783905029297, -0.42749011516571045, -0.39663180708885193], [-4.059443950653076, 3.2978556156158447, -20.028356552124023], [-13.822047233581543, 2.356179714202881, -8.306547164916992]]}