{"track": "overworld", "karts": ["beastie", "kiki", "hexley", "emule", "amanda", "wilber", "adiumy", "xue", "suzanne", "nolok"], "detections": [[[1, 0, 257, 189, 342, 262], [3, 0, 0, 146, 599, 188], [3, 1, 267, 184, 273, 185], [3, 2, 274, 178, 277, 182], [3, 3, 273, 174, 275, 175], [3, 4, 273, 169, 276, 172], [3, 7, 280, 165, 291, 185], [3, 8, 280, 168, 283, 172], [3, 24, 291, 165, 303, 184], [3, 25, 297, 166, 303, 173]], [[1, 1, 268, 183, 329, 252], [1, 2, 271, 141, 273, 143], [3, 0, 0, 0, 599, 176], [3, 7, 240, 135, 240, 135], [3, 24, 241, 135, 243, 136]], [[1, 2, 270, 196, 322, 264], [1, 8, 506, 159, 514, 162], [1, 9, 567, 161, 576, 163], [3, 0, 0, 81, 591, 171], [3, 5, 150, 158, 153, 158], [3, 7, 300, 153, 304, 154], [3, 24, 305, 153, 308, 154], [3, 25, 307, 153, 307, 153]], [[1, 3, 239, 229, 359, 321], [1, 6, 251, 135, 358, 245], [2, 7, 215, 154, 282, 170], [2, 24, 318, 154, 387, 171], [3, 0, 0, 0, 599, 179], [3, 7, 128, 0, 289, 168], [3, 24, 288, 0, 462, 170]], [[1, 4, 260, 192, 341, 259], [1, 7, 291, 162, 297, 169], [3, 0, 0, 0, 599, 165]], [[1, 4, 473, 148, 481, 152], [1, 5, 262, 190, 338, 259], [1, 7, 577, 150, 580, 152], [3, 0, 205, 52, 599, 152]], [[1, 3, 241, 262, 352, 374], [1, 6, 252, 193, 354, 298], [2, 7, 216, 159, 290, 176], [2, 24, 291, 160, 387, 177], [3, 0, 0, 0, 599, 192], [3, 7, 131, 0, 290, 172], [3, 24, 290, 0, 465, 176]], [[1, 7, 260, 187, 328, 266], [3, 0, 0, 0, 599, 175]], [[1, 4, 572, 162, 581, 165], [1, 5, 385, 167, 394, 174], [1, 8, 255, 200, 331, 262], [1, 9, 338, 173, 354, 185], [3, 0, 350, 62, 599, 162]], [[1, 4, 475, 146, 482, 148], [1, 5, 328, 158, 339, 168], [1, 7, 587, 146, 589, 148], [1, 9, 265, 203, 325, 261], [3, 0, 273, 58, 599, 149]]], "distance_down_track": [303.72698974609375, 33.831939697265625, 103.62992095947266, 607.9822998046875, 1203.1697998046875, 211.24891662597656, 621.7723388671875, 1232.9873046875, 179.89047241210938, 190.17189025878906], "velocity": [[1.9134570360183716, 1.0903323888778687, 21.623136520385742], [6.242297649383545, -0.9380762577056885, 20.918323516845703], [0.697832465171814, -0.647494375705719, 21.391830444335938], [-0.12936607003211975, -0.2549426555633545, 1.2777003049850464], [-2.9657516479492188, 0.31156978011131287, -21.52945327758789], [18.02678871154785, -0.05838358402252197, -7.857719898223877], [-3.751016139984131, -0.7407798171043396, -1.5771560668945312], [-1.6142534017562866, -0.30365288257598877, -20.634727478027344], [20.708343505859375, 0.5079385042190552, -1.5026105642318726], [19.40663719177246, -0.19936957955360413, -7.199490547180176]]}