{"track": "xr591", "karts": ["sara_the_racer", "tux", "gavroche", "konqi", "beastie", "kiki", "gnu", "hexley", "nolok", "pidgin"], "detections": [[[1, 0, 265, 179, 320, 261], [2, 0, 0, 0, 527, 399], [3, 0, 0, 0, 599, 399], [3, 1, 0, 25, 205, 130], [3, 6, 458, 14, 460, 19], [3, 10, 270, 28, 270, 28], [3, 15, 425, 173, 434, 178], [6, 58, 190, 186, 291, 221]], [[1, 1, 232, 196, 353, 307], [2, 0, 0, 156, 599, 399], [3, 0, 0, 0, 599, 186], [6, 56, 391, 143, 426, 161]], [[1, 2, 266, 202, 325, 261], [1, 4, 387, 184, 402, 195], [2, 0, 0, 154, 599, 399], [3, 0, 0, 0, 599, 267], [4, 30, 402, 190, 415, 198], [4, 32, 364, 171, 378, 183], [4, 33, 348, 161, 360, 172], [5, 31, 385, 183, 389, 191]], [[1, 1, 249, 159, 282, 178], [1, 3, 250, 190, 332, 273], [2, 0, 0, 157, 599, 399], [3, 0, 0, 0, 599, 286], [3, 6, 106, 28, 106, 29], [6, 57, 74, 147, 198, 219]], [[1, 4, 257, 187, 344, 276], [2, 0, 0, 119, 465, 399], [3, 0, 0, 0, 599, 399], [4, 30, 272, 180, 311, 211], [4, 32, 166, 144, 202, 174], [4, 33, 117, 125, 151, 152], [5, 31, 224, 171, 240, 189]], [[1, 5, 265, 182, 331, 256], [2, 0, 0, 119, 599, 399], [2, 10, 74, 153, 232, 201], [2, 11, 266, 148, 412, 159], [3, 0, 0, 0, 599, 221], [3, 1, 0, 22, 294, 143], [3, 7, 553, 13, 564, 22], [3, 10, 69, 141, 259, 170], [3, 11, 265, 142, 413, 150]], [[1, 6, 256, 157, 342, 233], [2, 0, 0, 156, 599, 399], [3, 0, 0, 0, 599, 273], [3, 5, 109, 52, 116, 58], [3, 6, 401, 64, 405, 68], [5, 50, 178, 172, 189, 185], [6, 60, 353, 166, 366, 172]], [[1, 1, 327, 150, 332, 154], [1, 3, 318, 151, 326, 157], [1, 7, 242, 194, 335, 326], [1, 8, 285, 154, 298, 167], [2, 0, 0, 146, 599, 399], [3, 0, 0, 0, 599, 252], [4, 52, 223, 140, 247, 162], [4, 54, 320, 153, 339, 174], [4, 55, 370, 160, 392, 181], [5, 53, 282, 166, 284, 168], [6, 56, 433, 162, 446, 171], [6, 57, 298, 144, 311, 153]], [[1, 1, 322, 151, 333, 158], [1, 3, 315, 155, 332, 165], [1, 8, 262, 204, 340, 277], [2, 0, 0, 152, 599, 399], [3, 0, 0, 0, 599, 218], [4, 54, 580, 264, 599, 376], [6, 56, 470, 147, 492, 159], [6, 57, 283, 148, 303, 160]], [[1, 5, 120, 192, 128, 195], [1, 9, 260, 209, 327, 258], [2, 0, 0, 164, 567, 399], [2, 1, 15, 180, 16, 180], [3, 0, 0, 0, 599, 399], [3, 1, 0, 78, 26, 181], [3, 8, 484, 39, 492, 46], [3, 9, 138, 56, 145, 61], [4, 34, 196, 173, 204, 179], [4, 35, 209, 173, 217, 180], [4, 37, 233, 173, 242, 181], [6, 5, 284, 161, 287, 166], [6, 8, 278, 162, 301, 179]]], "distance_down_track": [800.5868530273438, 633.2680053710938, 731.707763671875, 623.688232421875, 749.2389526367188, 677.4445190429688, 479.5377502441406, 594.3126831054688, 606.0931396484375, 592.0031127929688], "velocity": [[9.694588661193848, -3.2952194213867188, -16.755191802978516], [-9.299004554748535, 0.021690770983695984, -0.08342365175485611], [-18.069839477539062, -2.4255897998809814, 9.802420616149902], [-11.704556465148926, -0.3457218408584595, -13.328324317932129], [-7.471423625946045, -9.17039680480957, 18.22334098815918], [-2.506721019744873, -0.8416478037834167, -19.48641014099121], [13.02674388885498, 0.07825380563735962, -18.937021255493164], [-0.7928911447525024, -0.4590790271759033, -10.590120315551758], [-1.7243878841400146, -0.6961627006530762, -15.63194751739502], [-8.646371841430664, -1.035909652709961, 20.885841369628906]]}