{"track": "tutorial", "karts": ["puffy", "hexley", "tux", "suzanne", "pidgin", "nolok", "beastie", "gavroche", "amanda", "adiumy"], "detections": [[[1, 0, 205, 201, 389, 328], [1, 5, 172, 160, 216, 184], [2, 0, 0, 100, 199, 161], [3, 0, 0, 31, 599, 399]], [[1, 0, 352, 159, 375, 173], [1, 1, 240, 193, 348, 348], [1, 5, 324, 155, 340, 163], [1, 7, 206, 157, 236, 176], [2, 0, 230, 129, 330, 155], [3, 0, 0, 31, 599, 399]], [[1, 2, 269, 198, 333, 251], [1, 4, 96, 145, 99, 146], [1, 9, 224, 153, 235, 161], [2, 0, 0, 146, 599, 399], [3, 0, 0, 102, 599, 399], [5, 20, 337, 164, 346, 175], [5, 22, 249, 163, 255, 174]], [[1, 3, 266, 200, 337, 256], [2, 0, 0, 143, 599, 399], [3, 0, 0, 55, 599, 311], [3, 6, 413, 46, 428, 64], [3, 7, 344, 55, 355, 67]], [[1, 4, 265, 209, 334, 255], [2, 0, 0, 164, 599, 399], [3, 0, 0, 85, 599, 285], [3, 6, 241, 133, 246, 140], [3, 7, 194, 126, 202, 131]], [[1, 5, 227, 206, 350, 323], [3, 0, 0, 51, 599, 399]], [[1, 2, 183, 152, 196, 159], [1, 6, 261, 189, 340, 258], [1, 9, 65, 137, 75, 142], [2, 0, 70, 143, 599, 399], [3, 0, 0, 116, 599, 399], [5, 18, 277, 168, 278, 170], [5, 19, 303, 161, 310, 169], [5, 20, 168, 147, 172, 151], [5, 22, 130, 146, 134, 150]], [[1, 0, 502, 177, 583, 210], [1, 5, 379, 160, 403, 174], [1, 7, 238, 205, 350, 319], [2, 0, 231, 121, 372, 160], [3, 0, 0, 19, 599, 399]], [[1, 8, 258, 190, 344, 263], [2, 0, 0, 157, 599, 399], [3, 0, 0, 63, 599, 338], [3, 2, 554, 142, 584, 165], [5, 5, 158, 150, 161, 152], [5, 7, 42, 147, 43, 147], [5, 12, 178, 151, 180, 154], [5, 13, 192, 152, 194, 156], [5, 14, 324, 160, 332, 170], [5, 15, 288, 160, 295, 170], [5, 16, 241, 160, 248, 171]], [[1, 4, 251, 161, 257, 164], [1, 9, 274, 187, 325, 234], [2, 0, 0, 161, 599, 399], [3, 0, 0, 128, 599, 281], [3, 6, 171, 137, 177, 143], [3, 7, 114, 125, 124, 133]]], "distance_down_track": [712.6583862304688, 712.6583862304688, 354.56878662109375, 343.6702575683594, 343.6702575683594, 420.1153259277344, 332.51373291015625, 383.7624206542969, 310.5081787109375, 310.5081787109375], "velocity": [[-4.902853965759277, 0.0928349494934082, -0.140685573220253], [-4.541546821594238, 0.11561062186956406, -1.9633761644363403], [-20.70750617980957, 1.3837262392044067, -9.91385269165039], [11.420448303222656, -2.3779852390289307, -19.822174072265625], [-3.4235129356384277, 1.2746745347976685, -23.872100830078125], [-0.3713207244873047, 0.18067681789398193, 0.9426940679550171], [-21.72332191467285, 0.24072347581386566, 10.548070907592773], [-4.750284194946289, 0.09520993381738663, -1.653204083442688], [16.101964950561523, 1.3887717723846436, 12.865129470825195], [-9.305858612060547, 1.8072413206100464, -25.81443214416504]]}