{"track": "overworld", "karts": ["beastie", "kiki", "hexley", "emule", "amanda", "wilber", "adiumy", "xue", "suzanne", "nolok"], "detections": [[[1, 0, 257, 191, 343, 264], [3, 0, 0, 0, 599, 155], [3, 4, 302, 125, 305, 127], [3, 7, 309, 122, 317, 127], [3, 8, 309, 125, 310, 126], [3, 24, 318, 121, 327, 126], [3, 25, 323, 122, 327, 125]], [[1, 1, 267, 174, 328, 243], [1, 2, 323, 166, 342, 190], [2, 7, 231, 151, 339, 176], [2, 24, 341, 146, 502, 176], [3, 0, 0, 0, 599, 199], [3, 7, 111, 0, 341, 175], [3, 24, 341, 0, 599, 171], [255, 16777215, 340, 142, 340, 146]], [[1, 2, 245, 192, 355, 350], [2, 7, 49, 148, 313, 207], [2, 24, 314, 140, 599, 205], [3, 7, 0, 0, 313, 205], [3, 24, 313, 0, 599, 148]], [[1, 1, 287, 170, 290, 171], [1, 2, 291, 170, 292, 172], [1, 3, 235, 198, 355, 323], [2, 7, 288, 168, 293, 168], [2, 24, 294, 168, 319, 170], [3, 0, 0, 43, 599, 207], [3, 7, 254, 87, 293, 167], [3, 8, 259, 93, 273, 105], [3, 24, 293, 87, 332, 171], [3, 25, 314, 94, 332, 148]], [[1, 4, 258, 191, 333, 257], [3, 0, 240, 108, 494, 178]], [[1, 5, 263, 190, 333, 254], [1, 6, 299, 179, 336, 212], [1, 7, 277, 163, 297, 183], [3, 0, 0, 0, 599, 170]], [[1, 5, 56, 249, 286, 399], [1, 6, 271, 195, 327, 250], [1, 7, 263, 165, 290, 191], [3, 0, 0, 0, 599, 188]], [[1, 7, 263, 187, 330, 262], [1, 8, 447, 124, 448, 124], [3, 0, 0, 0, 599, 184]], [[1, 8, 265, 201, 336, 255], [1, 9, 354, 183, 357, 186], [3, 0, 0, 89, 599, 223]], [[1, 9, 281, 202, 328, 247], [2, 0, 390, 138, 396, 143], [3, 0, 0, 0, 599, 149], [3, 6, 416, 101, 416, 101]]], "distance_down_track": [272.2679443359375, 0.0, 0.0, 595.7530517578125, 0.0, 0.0, 0.0, 0.0, 0.0, 0.0], "velocity": [[-0.6602675318717957, 0.2999286651611328, 21.652952194213867], [-2.53112530708313, -2.888051748275757, 21.509883880615234], [0.010034503415226936, 0.08173942565917969, 0.17063528299331665], [-0.2915625274181366, -0.6410341262817383, -3.139336347579956], [3.419437885284424, 2.628807306289673, -23.747812271118164], [-1.6544249057769775, 1.5204118490219116, -21.734161376953125], [-1.3560930490493774, 2.5229344367980957, -22.808452606201172], [-1.6887844800949097, 1.575908899307251, -21.58384132385254], [-19.966529846191406, -1.5306079387664795, 11.313483238220215], [-20.08123016357422, -5.212515830993652, 20.97197914123535]]}