{"track": "hacienda", "karts": ["adiumy", "tux", "puffy", "pidgin", "nolok", "emule", "beastie", "sara_the_wizard", "gavroche", "konqi"], "detections": [[[1, 0, 262, 224, 343, 276], [1, 2, 315, 148, 325, 154], [1, 5, 357, 200, 471, 292], [1, 6, 378, 132, 381, 136], [1, 9, 371, 134, 378, 137], [2, 0, 0, 134, 599, 399], [3, 0, 0, 0, 599, 248]], [[1, 0, 288, 157, 295, 159], [1, 1, 261, 198, 341, 267], [1, 2, 298, 148, 303, 151], [1, 3, 275, 165, 294, 178], [1, 4, 296, 159, 306, 168], [1, 5, 298, 154, 304, 159], [1, 8, 166, 193, 235, 239], [2, 0, 0, 140, 599, 399], [3, 0, 0, 0, 599, 279], [8, 27, 274, 152, 288, 166]], [[1, 2, 257, 201, 339, 258], [1, 6, 377, 140, 389, 147], [1, 9, 367, 142, 379, 150], [2, 0, 0, 134, 599, 399], [3, 0, 0, 0, 599, 313], [5, 30, 429, 126, 436, 134]], [[1, 0, 292, 163, 301, 167], [1, 2, 302, 152, 307, 154], [1, 3, 266, 221, 337, 258], [1, 4, 315, 173, 334, 192], [1, 5, 305, 159, 313, 167], [2, 0, 0, 141, 599, 399], [3, 0, 0, 0, 599, 313], [8, 27, 257, 169, 319, 232]], [[1, 0, 287, 167, 300, 173], [1, 2, 309, 153, 315, 156], [1, 4, 270, 203, 326, 255], [1, 5, 304, 162, 315, 173], [2, 0, 0, 142, 599, 399], [3, 0, 0, 0, 599, 261]], [[1, 0, 208, 217, 263, 250], [1, 2, 303, 155, 313, 160], [1, 5, 273, 200, 329, 256], [1, 9, 361, 140, 366, 143], [2, 0, 0, 141, 599, 399], [3, 0, 0, 0, 599, 291]], [[1, 6, 254, 189, 336, 259], [1, 7, 428, 148, 442, 161], [1, 9, 88, 230, 286, 395], [2, 0, 0, 152, 599, 399], [3, 0, 0, 0, 599, 393], [5, 2, 377, 156, 382, 166], [5, 30, 338, 150, 348, 167]], [[1, 7, 282, 188, 322, 262], [2, 0, 0, 159, 588, 399], [3, 0, 0, 0, 599, 399]], [[1, 0, 300, 159, 307, 162], [1, 1, 396, 209, 537, 291], [1, 2, 304, 151, 308, 153], [1, 3, 309, 170, 329, 182], [1, 4, 320, 163, 330, 171], [1, 5, 310, 156, 312, 160], [1, 8, 274, 203, 328, 255], [2, 0, 41, 141, 599, 399], [3, 0, 0, 0, 599, 399], [8, 27, 310, 155, 325, 169]], [[1, 6, 304, 175, 355, 220], [1, 7, 412, 147, 424, 158], [1, 9, 259, 192, 329, 260], [2, 0, 0, 151, 599, 399], [3, 0, 0, 0, 599, 343], [5, 2, 368, 155, 372, 163], [5, 30, 333, 149, 342, 165]]], "distance_down_track": [902.8347778320312, 875.1019287109375, 931.444580078125, 884.30859375, 889.6088256835938, 902.74560546875, 960.9702758789062, 979.0422973632812, 876.006591796875, 959.264892578125], "velocity": [[-1.2195428609848022, 0.0499550998210907, -11.810227394104004], [-2.347188949584961, -0.20885200798511505, -17.451946258544922], [-8.911837577819824, 1.187748670578003, -22.23183250427246], [-3.168079137802124, -0.13333101570606232, -23.541736602783203], [-4.0144171714782715, -0.0935966894030571, -22.646759033203125], [-2.7646090984344482, 0.047329310327768326, -22.984281539916992], [-19.59634017944336, 3.5293095111846924, -10.549246788024902], [-21.875804901123047, 3.6119143962860107, 4.744169235229492], [-3.3901243209838867, -0.29093697667121887, -22.74692153930664], [-20.12195587158203, 3.325000286102295, -9.238142013549805]]}