{"track": "fortmagma", "karts": ["nolok", "beastie", "sara_the_wizard", "adiumy", "puffy", "konqi", "pidgin", "emule", "xue", "gnu"], "detections": [[[1, 0, 266, 202, 326, 261], [2, 0, 0, 48, 599, 399], [2, 1, 230, 77, 274, 88], [3, 0, 0, 0, 599, 252], [3, 1, 201, 75, 272, 92], [3, 13, 96, 0, 307, 116], [5, 3, 247, 80, 248, 82], [5, 4, 246, 79, 247, 80]], [[1, 1, 257, 184, 374, 292], [2, 0, 0, 163, 599, 399], [3, 0, 0, 0, 599, 339], [3, 15, 155, 112, 295, 174]], [[1, 2, 275, 184, 324, 287], [2, 0, 192, 172, 599, 399], [3, 0, 0, 0, 599, 399], [3, 15, 293, 0, 599, 170], [5, 32, 278, 179, 285, 190]], [[1, 3, 266, 194, 329, 253], [1, 4, 592, 214, 599, 221], [1, 6, 498, 180, 517, 191], [1, 7, 386, 134, 398, 141], [1, 8, 385, 185, 415, 213], [2, 0, 0, 72, 599, 399], [3, 0, 0, 0, 599, 259], [3, 15, 308, 39, 402, 86], [4, 36, 379, 147, 394, 159], [5, 32, 385, 77, 387, 79]], [[1, 0, 289, 158, 295, 163], [1, 4, 249, 200, 366, 286], [2, 0, 0, 99, 599, 399], [2, 1, 253, 105, 284, 110], [3, 0, 0, 0, 599, 269], [3, 1, 234, 107, 282, 126], [3, 13, 198, 0, 298, 140], [5, 3, 265, 107, 265, 107], [6, 29, 201, 159, 218, 173], [6, 34, 317, 149, 337, 161]], [[1, 5, 246, 191, 342, 266], [1, 9, 283, 155, 301, 172], [2, 0, 0, 123, 599, 399], [3, 0, 0, 0, 599, 209], [4, 31, 190, 157, 215, 177]], [[1, 0, 250, 161, 255, 165], [1, 4, 257, 167, 285, 187], [1, 6, 261, 213, 364, 291], [2, 0, 0, 110, 599, 399], [2, 1, 205, 114, 237, 118], [3, 0, 0, 0, 599, 333], [3, 1, 188, 117, 237, 136], [3, 13, 153, 24, 255, 150], [6, 29, 180, 166, 196, 177], [6, 34, 273, 152, 286, 162]], [[1, 0, 39, 207, 46, 212], [1, 3, 435, 52, 446, 62], [1, 4, 120, 179, 142, 192], [1, 6, 175, 167, 198, 181], [1, 7, 270, 194, 341, 275], [1, 8, 404, 72, 418, 87], [2, 0, 0, 12, 599, 399], [3, 0, 0, 0, 599, 399], [3, 13, 0, 175, 10, 193], [4, 36, 387, 102, 417, 127], [6, 34, 79, 186, 96, 197]], [[1, 4, 485, 176, 506, 187], [1, 6, 409, 150, 426, 160], [1, 7, 291, 104, 305, 113], [1, 8, 261, 186, 330, 264], [2, 0, 0, 40, 599, 399], [3, 0, 0, 0, 599, 292], [3, 15, 186, 0, 299, 52], [4, 36, 281, 117, 299, 135], [5, 32, 286, 42, 288, 45], [6, 29, 575, 197, 593, 208]], [[1, 9, 266, 159, 330, 229], [2, 0, 0, 146, 599, 399], [3, 0, 0, 0, 599, 341]]], "distance_down_track": [978.0220947265625, 777.8028564453125, 875.0496215820312, 908.0833740234375, 950.0905151367188, 859.6602783203125, 942.6707763671875, 923.4969482421875, 913.779296875, 866.815673828125], "velocity": [[-18.984159469604492, -4.950594425201416, 6.6017656326293945], [-8.939188003540039, 0.0747489482164383, -13.067474365234375], [1.0478464365005493, 0.059717267751693726, 1.0734412670135498], [1.5800666809082031, -6.106240272521973, -20.173994064331055], [-14.166266441345215, -3.401022434234619, 1.7066962718963623], [21.02704429626465, -2.52337646484375, -6.868895053863525], [-13.908738136291504, -3.348414897918701, 3.671283006668091], [-7.512063026428223, 0.17902666330337524, 11.455338478088379], [-3.898864984512329, -5.960114002227783, -19.778785705566406], [17.505638122558594, -3.274362325668335, -13.052111625671387]]}