{"track": "overworld", "karts": ["beastie", "kiki", "hexley", "emule", "amanda", "wilber", "adiumy", "xue", "suzanne", "nolok"], "detections": [[[1, 0, 259, 190, 338, 260], [1, 2, 283, 167, 306, 194], [1, 5, 401, 157, 404, 158], [1, 8, 278, 148, 282, 151], [1, 9, 295, 152, 297, 153], [3, 0, 0, 65, 585, 155], [3, 7, 262, 146, 263, 147], [3, 24, 264, 147, 266, 147]], [[1, 0, 526, 137, 533, 142], [1, 1, 263, 182, 329, 256], [1, 2, 531, 136, 533, 139], [2, 0, 428, 146, 437, 154], [3, 0, 0, 16, 574, 145], [3, 4, 497, 113, 498, 113], [3, 7, 502, 112, 508, 114], [3, 8, 501, 114, 501, 114], [3, 24, 508, 112, 515, 115], [3, 25, 512, 112, 512, 112]], [[1, 2, 270, 196, 321, 265], [1, 5, 417, 169, 421, 170], [1, 8, 285, 161, 290, 164], [1, 9, 304, 165, 306, 167], [3, 0, 0, 82, 357, 168], [3, 7, 272, 160, 273, 160], [3, 24, 274, 160, 277, 161]], [[1, 3, 240, 200, 360, 322], [1, 6, 248, 156, 357, 250], [2, 7, 215, 161, 288, 177], [2, 24, 306, 160, 386, 177], [3, 0, 0, 0, 599, 188], [3, 7, 126, 0, 289, 175], [3, 24, 286, 0, 460, 175]], [[1, 4, 257, 191, 341, 260], [3, 0, 0, 116, 543, 170]], [[1, 5, 257, 189, 330, 258], [1, 7, 260, 158, 266, 162], [3, 0, 296, 61, 599, 153]], [[1, 3, 239, 233, 355, 358], [1, 6, 248, 191, 354, 285], [2, 7, 216, 163, 289, 180], [2, 24, 290, 164, 387, 182], [3, 0, 0, 0, 599, 201], [3, 7, 131, 0, 289, 177], [3, 24, 290, 0, 465, 181]], [[1, 7, 262, 187, 330, 265], [3, 0, 0, 0, 599, 156]], [[1, 5, 511, 147, 521, 151], [1, 8, 260, 200, 331, 256], [1, 9, 332, 163, 344, 173], [3, 0, 0, 102, 475, 164], [3, 4, 250, 142, 251, 142], [3, 5, 60, 148, 66, 148], [3, 7, 257, 142, 259, 143], [3, 8, 256, 142, 256, 142], [3, 24, 260, 142, 263, 143], [3, 25, 264, 143, 264, 143]], [[1, 5, 458, 147, 468, 151], [1, 7, 581, 151, 583, 152], [1, 9, 268, 203, 324, 256], [3, 0, 37, 96, 525, 174], [3, 7, 178, 145, 181, 145], [3, 24, 182, 145, 186, 146]]], "distance_down_track": [68.98011016845703, 1458.509521484375, 73.3001480102539, 621.8968505859375, 968.9847412109375, 186.92601013183594, 621.7685546875, 1151.076904296875, 112.77108764648438, 124.67054748535156], "velocity": [[3.6245930194854736, 0.591001570224762, 23.86913299560547], [-10.085166931152344, -3.1811366081237793, 16.579565048217773], [2.4262399673461914, 0.8833411335945129, 21.696901321411133], [0.37320584058761597, -0.5875015258789062, -3.1855032444000244], [14.508613586425781, -1.7759735584259033, -16.020030975341797], [19.618274688720703, -0.280977338552475, -5.453899383544922], [-0.44237029552459717, -0.6717205047607422, -2.8056061267852783], [-4.377138137817383, 0.27632391452789307, -20.230031967163086], [5.639747619628906, -1.0375075340270996, 22.273679733276367], [11.0033597946167, -0.7165090441703796, 20.027074813842773]]}