{"track": "overworld", "karts": ["beastie", "kiki", "hexley", "emule", "amanda", "wilber", "adiumy", "xue", "suzanne", "nolok"], "detections": [[[1, 0, 232, 184, 357, 293], [3, 0, 0, 32, 507, 178]], [[1, 1, 270, 182, 336, 256], [1, 2, 377, 150, 382, 153], [1, 8, 427, 146, 433, 148], [1, 9, 472, 142, 476, 143], [3, 0, 0, 35, 599, 180], [3, 5, 475, 110, 475, 110]], [[1, 2, 269, 196, 324, 270], [1, 8, 345, 158, 358, 167], [1, 9, 370, 152, 375, 156], [2, 0, 314, 153, 325, 164], [3, 0, 0, 0, 599, 166], [3, 7, 334, 127, 335, 128], [3, 24, 336, 127, 339, 129]], [[1, 3, 258, 200, 343, 287], [2, 7, 105, 146, 272, 183], [2, 24, 271, 146, 493, 184], [3, 0, 591, 158, 599, 178], [3, 7, 0, 0, 270, 177], [3, 24, 265, 0, 599, 182]], [[1, 4, 261, 192, 342, 262], [3, 0, 0, 0, 599, 212]], [[1, 5, 260, 190, 332, 257], [3, 0, 4, 92, 547, 175], [3, 4, 158, 144, 158, 144], [3, 7, 166, 144, 170, 145], [3, 24, 171, 144, 173, 145]], [[1, 3, 284, 164, 315, 194], [1, 6, 258, 192, 345, 284], [2, 7, 171, 140, 283, 167], [2, 24, 284, 142, 434, 171], [3, 0, 0, 0, 599, 183], [3, 7, 43, 0, 283, 161], [3, 24, 284, 0, 557, 170]], [[1, 5, 435, 164, 454, 179], [1, 7, 265, 188, 331, 261], [3, 0, 0, 70, 389, 156], [3, 4, 318, 145, 318, 145], [3, 5, 162, 151, 167, 151], [3, 7, 323, 144, 325, 145], [3, 8, 322, 145, 322, 145], [3, 24, 326, 144, 329, 145]], [[1, 5, 288, 143, 289, 144], [1, 7, 273, 141, 273, 141], [1, 8, 263, 201, 333, 255], [1, 9, 306, 161, 315, 169], [2, 0, 102, 173, 174, 234], [3, 0, 0, 0, 599, 174], [3, 7, 248, 135, 248, 135], [3, 24, 249, 135, 250, 135]], [[1, 5, 271, 150, 272, 151], [1, 7, 251, 146, 252, 148], [1, 9, 271, 203, 327, 255], [3, 0, 0, 64, 599, 173], [3, 24, 232, 143, 234, 143]]], "distance_down_track": [502.173095703125, 1411.782958984375, 11.853387832641602, 618.7723999023438, 1279.3040771484375, 126.19588470458984, 614.398193359375, 114.65486907958984, 30.48817253112793, 45.71513366699219], "velocity": [[11.061119079589844, 1.7340680360794067, -7.400510787963867], [-16.271982192993164, -3.8767409324645996, 10.339518547058105], [-0.06576686352491379, -2.114706516265869, 20.5825138092041], [-0.7135629653930664, -1.9374324083328247, 14.063704490661621], [0.9884620904922485, 3.4487409591674805, -21.436866760253906], [10.237586975097656, -0.643544614315033, 17.66783332824707], [-0.7958123683929443, -1.593643307685852, 11.873527526855469], [-2.4564497470855713, -0.69877028465271, 21.630754470825195], [6.06904411315918, -1.0312848091125488, 22.160846710205078], [6.112283706665039, 0.48183056712150574, 22.167720794677734]]}