{"track": "overworld", "karts": ["beastie", "kiki", "hexley", "emule", "amanda", "wilber", "adiumy", "xue", "suzanne", "nolok"], "detections": [[[1, 0, 256, 189, 342, 261], [2, 0, 412, 171, 419, 177], [3, 0, 0, 0, 599, 171], [3, 4, 500, 141, 500, 141], [3, 7, 503, 139, 510, 142], [3, 8, 504, 141, 504, 141], [3, 24, 511, 139, 517, 142], [3, 25, 515, 140, 515, 140]], [[1, 1, 270, 183, 330, 253], [1, 2, 279, 136, 281, 139], [1, 7, 263, 128, 265, 131], [1, 8, 288, 171, 317, 193], [1, 9, 277, 137, 280, 139], [3, 0, 0, 0, 599, 157]], [[1, 2, 274, 195, 324, 260], [1, 5, 523, 121, 529, 124], [1, 7, 284, 152, 291, 159], [1, 9, 110, 235, 277, 380], [3, 0, 0, 0, 599, 178]], [[1, 3, 239, 198, 359, 321], [1, 6, 264, 239, 334, 344], [2, 7, 216, 165, 290, 181], [2, 24, 291, 165, 387, 181], [3, 0, 0, 0, 599, 196], [3, 7, 128, 0, 290, 178], [3, 24, 287, 0, 463, 180]], [[1, 4, 262, 191, 337, 257], [3, 0, 0, 99, 525, 167]], [[1, 0, 347, 179, 352, 182], [1, 5, 262, 190, 337, 259], [3, 0, 0, 85, 599, 221]], [[1, 3, 236, 155, 361, 274], [1, 6, 249, 199, 346, 305], [2, 7, 217, 158, 290, 176], [2, 24, 291, 160, 388, 178], [3, 0, 0, 0, 599, 197], [3, 7, 134, 0, 292, 171], [3, 24, 291, 0, 469, 178]], [[1, 7, 271, 187, 339, 265], [3, 0, 0, 15, 599, 191]], [[1, 2, 284, 142, 288, 146], [1, 7, 269, 135, 272, 137], [1, 8, 258, 200, 335, 260], [1, 9, 283, 143, 286, 146], [3, 0, 0, 0, 599, 165]], [[1, 2, 302, 187, 338, 226], [1, 5, 498, 116, 504, 118], [1, 7, 279, 155, 286, 162], [1, 9, 270, 204, 330, 259], [3, 0, 0, 0, 599, 184]]], "distance_down_track": [1451.9237060546875, 1223.9935302734375, 1273.3555908203125, 621.84130859375, 344.5534362792969, 1402.2923583984375, 621.7353515625, 1299.4425048828125, 1228.859375, 1271.1558837890625], "velocity": [[-13.885273933410645, -2.319295644760132, 16.559898376464844], [-3.802677631378174, -0.27112799882888794, -21.535160064697266], [1.1707655191421509, 1.0793671607971191, -22.284988403320312], [-1.1511530876159668, -0.6363886594772339, -2.6205713748931885], [17.576004028320312, -2.1824393272399902, 16.41777992248535], [-17.296775817871094, -1.382041573524475, 9.253310203552246], [-0.007113893982023001, -0.03817998245358467, 0.11060113459825516], [2.8698291778564453, 3.223947048187256, -20.245004653930664], [-2.5717263221740723, -0.5591523051261902, -20.532012939453125], [0.35396307706832886, 0.29496484994888306, -20.694869995117188]]}