{"track": "volcano_island", "karts": ["gavroche", "adiumy", "amanda", "nolok", "tux", "konqi", "kiki", "pidgin", "sara_the_racer", "suzanne"], "detections": [[[1, 0, 273, 203, 329, 258], [1, 3, 254, 158, 260, 163], [1, 6, 264, 156, 270, 163], [2, 0, 0, 157, 599, 399], [3, 0, 0, 0, 599, 257]], [[1, 1, 273, 195, 328, 251], [1, 4, 245, 158, 252, 164], [1, 9, 198, 186, 253, 222], [2, 0, 0, 123, 599, 399], [3, 0, 0, 0, 599, 251], [3, 75, 400, 153, 420, 167], [3, 77, 503, 159, 549, 181], [3, 79, 475, 162, 503, 176], [3, 180, 327, 104, 332, 163], [3, 195, 199, 93, 209, 165], [3, 208, 228, 120, 314, 132], [3, 353, 0, 113, 31, 176], [4, 19, 231, 161, 253, 181], [4, 20, 364, 161, 386, 180], [4, 30, 303, 161, 321, 180]], [[1, 2, 260, 192, 341, 259], [1, 5, 239, 155, 245, 160], [2, 0, 0, 102, 599, 399], [3, 0, 0, 0, 599, 252]], [[1, 2, 253, 155, 260, 160], [1, 3, 270, 204, 330, 259], [1, 5, 198, 154, 201, 156], [1, 6, 355, 192, 451, 291], [2, 0, 0, 128, 599, 399], [3, 0, 0, 0, 599, 244]], [[1, 0, 246, 159, 254, 165], [1, 4, 267, 198, 334, 254], [2, 0, 0, 0, 599, 399], [3, 0, 0, 0, 599, 263]], [[1, 5, 262, 192, 339, 265], [1, 7, 242, 156, 246, 158], [2, 0, 0, 156, 599, 399], [3, 0, 0, 0, 599, 248]], [[1, 2, 242, 156, 249, 161], [1, 3, 218, 194, 265, 236], [1, 5, 188, 155, 192, 157], [1, 6, 270, 184, 330, 251], [2, 0, 0, 130, 599, 399], [3, 0, 0, 0, 599, 230]], [[1, 7, 263, 210, 338, 261], [2, 0, 0, 143, 599, 399], [3, 0, 0, 0, 599, 241], [4, 21, 244, 154, 250, 159], [4, 22, 265, 154, 271, 159], [4, 31, 286, 154, 292, 158]], [[1, 8, 281, 168, 322, 244], [2, 0, 0, 160, 599, 399], [3, 0, 0, 49, 599, 252], [3, 75, 55, 154, 55, 154], [3, 93, 330, 154, 337, 160], [3, 155, 60, 139, 167, 169], [3, 356, 0, 136, 14, 149]], [[1, 1, 395, 221, 513, 306], [1, 4, 236, 159, 245, 165], [1, 9, 268, 200, 334, 250], [2, 0, 0, 121, 599, 399], [3, 0, 0, 0, 599, 321], [3, 75, 406, 154, 429, 169], [3, 77, 514, 162, 565, 182], [3, 79, 478, 164, 507, 177], [3, 180, 325, 103, 330, 165], [3, 195, 191, 88, 201, 166], [3, 208, 221, 118, 311, 132], [4, 19, 248, 164, 270, 188], [4, 20, 388, 163, 414, 184], [4, 30, 325, 163, 347, 186]]], "distance_down_track": [1689.0218505859375, 1637.6800537109375, 1751.30322265625, 1716.9654541015625, 1665.2393798828125, 1790.9200439453125, 1716.0352783203125, 1839.9798583984375, 1567.25537109375, 1639.795654296875], "velocity": [[-18.631404876708984, 0.08177364617586136, -10.412991523742676], [-21.764814376831055, 0.08177171647548676, 5.7707438468933105], [-8.766343116760254, 0.11938820034265518, -19.888368606567383], [-14.402273178100586, 0.06160657852888107, -14.868110656738281], [-21.642812728881836, 0.08169723302125931, -3.3191685676574707], [0.12674075365066528, 0.10111668705940247, -20.699363708496094], [-15.99218463897705, 0.03190081566572189, -15.670174598693848], [8.941056251525879, 0.10993699729442596, -19.81049156188965], [1.101260781288147, 0.08172353357076645, 21.82207679748535], [-23.99708366394043, 0.08197453618049622, 8.330361366271973]]}