{"track": "overworld", "karts": ["beastie", "kiki", "hexley", "emule", "amanda", "wilber", "adiumy", "xue", "suzanne", "nolok"], "detections": [[[1, 0, 262, 191, 336, 254], [1, 8, 569, 157, 585, 163], [3, 0, 0, 90, 396, 160], [3, 5, 149, 153, 154, 153], [3, 7, 317, 145, 319, 146], [3, 24, 320, 145, 324, 146]], [[1, 0, 240, 138, 241, 139], [1, 1, 268, 183, 329, 252], [1, 2, 261, 141, 261, 142], [3, 0, 0, 0, 599, 177], [3, 7, 228, 134, 229, 134], [3, 25, 232, 135, 232, 135]], [[1, 0, 26, 162, 92, 196], [1, 2, 270, 196, 322, 266], [1, 8, 392, 150, 400, 154], [1, 9, 437, 146, 443, 149], [3, 0, 0, 99, 471, 163], [3, 5, 3, 149, 4, 149], [3, 7, 233, 141, 236, 142], [3, 24, 237, 141, 241, 142]], [[1, 3, 257, 200, 342, 286], [1, 6, 581, 352, 599, 393], [2, 7, 109, 146, 291, 186], [2, 24, 291, 145, 536, 187], [3, 7, 0, 0, 290, 180], [3, 24, 289, 0, 599, 185]], [[1, 4, 264, 191, 345, 262], [3, 0, 0, 101, 526, 235]], [[1, 5, 259, 192, 334, 260], [1, 7, 597, 149, 599, 155], [3, 0, 150, 0, 599, 141]], [[1, 3, 203, 176, 257, 219], [1, 6, 262, 192, 341, 277], [2, 7, 125, 146, 264, 178], [2, 24, 264, 147, 456, 181], [3, 0, 0, 28, 599, 184], [3, 7, 0, 0, 263, 172], [3, 24, 257, 0, 599, 179]], [[1, 7, 264, 188, 332, 265], [3, 0, 0, 0, 599, 166]], [[1, 5, 494, 159, 499, 162], [1, 8, 259, 200, 333, 259], [1, 9, 335, 156, 349, 167], [3, 0, 458, 79, 599, 156]], [[1, 5, 413, 170, 419, 173], [1, 7, 543, 167, 546, 170], [1, 9, 265, 202, 325, 260], [3, 0, 373, 70, 599, 166]]], "distance_down_track": [121.37410736083984, 41.34198760986328, 116.02507019042969, 619.8001098632812, 1014.919921875, 231.34469604492188, 617.2335815429688, 1192.497802734375, 160.6610107421875, 174.84620666503906], "velocity": [[-2.1293163299560547, -0.49271273612976074, 26.217409133911133], [6.800143718719482, -0.8873403072357178, 20.745920181274414], [6.554038047790527, -0.9917454123497009, 20.246253967285156], [-0.5724092125892639, -1.9342727661132812, 14.134991645812988], [4.761962890625, 0.23575039207935333, -21.20561981201172], [17.4271240234375, -0.1033436730504036, -9.110262870788574], [-1.0811079740524292, -1.8550344705581665, 13.489335060119629], [-2.7970855236053467, 0.6751590371131897, -20.499032974243164], [19.517656326293945, 0.212965190410614, 8.749156951904297], [20.99270248413086, 0.6964860558509827, 1.637673258781433]]}