{"track": "tutorial", "karts": ["puffy", "hexley", "tux", "suzanne", "pidgin", "nolok", "beastie", "gavroche", "amanda", "adiumy"], "detections": [[[1, 0, 204, 203, 394, 327], [2, 0, 0, 101, 80, 137], [3, 0, 0, 46, 599, 399]], [[1, 0, 442, 146, 460, 154], [1, 1, 265, 196, 330, 288], [1, 2, 199, 110, 230, 134], [1, 5, 322, 148, 336, 161], [1, 7, 281, 50, 311, 82], [1, 9, 322, 141, 335, 153], [2, 0, 326, 120, 414, 142], [3, 0, 0, 0, 599, 399], [3, 8, 96, 24, 107, 37]], [[1, 0, 559, 200, 586, 214], [1, 2, 274, 197, 327, 246], [1, 5, 426, 221, 451, 243], [1, 7, 472, 85, 599, 158], [1, 9, 401, 197, 420, 214], [2, 0, 353, 140, 495, 187], [3, 0, 0, 0, 599, 399], [3, 8, 146, 59, 155, 69]], [[1, 3, 265, 200, 335, 254], [2, 0, 0, 170, 599, 399], [3, 0, 0, 72, 599, 266], [3, 6, 460, 62, 479, 82], [3, 7, 375, 78, 388, 91]], [[1, 4, 261, 209, 330, 259], [2, 0, 0, 156, 599, 399], [3, 0, 0, 0, 599, 372], [3, 6, 184, 0, 202, 14], [3, 8, 218, 55, 223, 57]], [[1, 0, 462, 165, 488, 181], [1, 5, 240, 204, 347, 308], [1, 9, 251, 158, 289, 197], [2, 0, 259, 126, 387, 159], [3, 0, 0, 16, 599, 399]], [[1, 6, 260, 190, 340, 257], [2, 0, 0, 163, 599, 399], [3, 0, 0, 112, 599, 311], [3, 7, 163, 131, 169, 132]], [[1, 0, 518, 206, 545, 221], [1, 2, 159, 246, 215, 284], [1, 5, 352, 239, 373, 260], [1, 7, 272, 202, 324, 257], [1, 9, 355, 209, 372, 225], [2, 0, 362, 151, 541, 188], [3, 0, 0, 0, 599, 399], [3, 8, 153, 50, 162, 61]], [[1, 6, 277, 172, 312, 202], [1, 8, 267, 191, 335, 249], [2, 0, 0, 163, 599, 399], [3, 0, 0, 117, 599, 324], [3, 6, 202, 138, 208, 139], [3, 7, 150, 125, 158, 132]], [[1, 0, 485, 194, 518, 212], [1, 9, 276, 196, 330, 255], [2, 0, 256, 145, 391, 183], [3, 0, 0, 32, 599, 399]]], "distance_down_track": [712.6583862304688, 710.9254150390625, 420.1153259277344, 420.1153259277344, 420.1153259277344, 512.133544921875, 409.40948486328125, 473.2306823730469, 383.7624206542969, 383.7624206542969], "velocity": [[-0.070413738489151, 0.08180023729801178, 0.0018480113940313458], [-6.567960262298584, -3.2704200744628906, -6.6847710609436035], [-13.443421363830566, -15.47979736328125, -23.579553604125977], [12.198196411132812, -0.24492961168289185, -19.49728012084961], [-11.577096939086914, -3.347865581512451, -20.928091049194336], [-4.309300899505615, 0.18266262114048004, -2.227156639099121], [-6.063732147216797, 1.4744840860366821, -23.32979965209961], [-13.965893745422363, -12.159933090209961, -17.686847686767578], [-6.510379791259766, 1.8275020122528076, -26.743833541870117], [-11.46434497833252, -1.7505316734313965, -5.72593879699707]]}