{"track": "volcano_island", "karts": ["gavroche", "adiumy", "amanda", "nolok", "tux", "konqi", "kiki", "pidgin", "sara_the_racer", "suzanne"], "detections": [[[1, 0, 272, 203, 328, 257], [1, 2, 262, 154, 265, 156], [1, 3, 268, 157, 273, 161], [1, 6, 277, 157, 285, 166], [2, 0, 0, 141, 599, 399], [3, 0, 0, 0, 599, 242], [4, 21, 244, 157, 255, 168], [4, 31, 331, 156, 344, 167]], [[1, 0, 270, 159, 276, 163], [1, 1, 275, 195, 327, 247], [1, 2, 231, 155, 233, 156], [1, 4, 280, 166, 296, 179], [1, 6, 254, 155, 257, 159], [2, 0, 0, 145, 599, 399], [3, 0, 0, 0, 599, 243], [4, 21, 243, 155, 247, 159], [4, 31, 279, 156, 283, 159]], [[1, 2, 258, 191, 339, 260], [2, 0, 0, 113, 599, 399], [3, 0, 0, 0, 599, 251]], [[1, 2, 303, 156, 310, 161], [1, 3, 270, 203, 330, 259], [2, 0, 0, 135, 599, 399], [3, 0, 0, 0, 599, 238]], [[1, 0, 278, 161, 286, 168], [1, 2, 240, 154, 243, 156], [1, 3, 253, 156, 255, 158], [1, 4, 267, 198, 333, 254], [1, 6, 262, 155, 266, 160], [2, 0, 0, 144, 599, 399], [3, 0, 0, 0, 599, 242], [4, 21, 246, 155, 252, 160], [4, 31, 292, 155, 297, 160]], [[1, 5, 257, 191, 333, 265], [2, 0, 0, 0, 599, 399], [3, 0, 0, 0, 599, 341]], [[1, 2, 288, 155, 293, 158], [1, 3, 284, 164, 296, 175], [1, 6, 267, 182, 333, 256], [2, 0, 0, 138, 599, 399], [3, 0, 0, 0, 599, 240]], [[1, 7, 262, 210, 336, 261], [2, 0, 0, 155, 599, 399], [3, 0, 0, 16, 599, 241], [3, 61, 376, 135, 393, 159], [3, 83, 282, 152, 286, 155], [3, 91, 377, 154, 379, 155], [3, 189, 514, 139, 514, 141], [3, 198, 414, 154, 415, 154], [3, 201, 402, 154, 403, 154], [3, 212, 297, 131, 339, 135], [3, 216, 352, 132, 367, 156], [3, 220, 268, 134, 285, 156], [3, 304, 479, 130, 519, 164], [3, 362, 393, 146, 397, 147]], [[1, 8, 280, 178, 321, 253], [2, 0, 0, 108, 599, 399], [3, 0, 0, 0, 599, 251]], [[1, 0, 265, 158, 270, 161], [1, 1, 289, 173, 316, 198], [1, 2, 222, 154, 224, 155], [1, 3, 238, 155, 238, 155], [1, 4, 279, 162, 292, 172], [1, 6, 248, 154, 250, 158], [1, 9, 264, 201, 336, 256], [2, 0, 0, 144, 599, 399], [3, 0, 0, 0, 599, 245], [4, 21, 237, 154, 241, 158], [4, 31, 271, 154, 275, 158]]], "distance_down_track": [1862.181640625, 1832.8199462890625, 1926.2591552734375, 1894.174560546875, 1842.9930419921875, 1959.3427734375, 1882.335693359375, 2020.123046875, 1747.950927734375, 1828.9541015625], "velocity": [[11.866889953613281, 0.09629437327384949, -17.934120178222656], [9.274741172790527, 0.08391962200403214, -23.052820205688477], [11.779426574707031, 0.08185160905122757, -18.26605224609375], [14.614723205566406, 0.09489213675260544, -14.756430625915527], [9.433753967285156, 0.07185637205839157, -19.81036376953125], [-6.20353364944458, 0.08174585551023483, -19.74840545654297], [13.261218070983887, 0.06413682550191879, -14.961485862731934], [-21.72072982788086, 0.08170398324728012, -0.7832367420196533], [-9.488451957702637, 0.0796140804886818, -19.682109832763672], [7.328123092651367, 0.08160628378391266, -21.023263931274414]]}