{"track": "volcano_island", "karts": ["gavroche", "adiumy", "amanda", "nolok", "tux", "konqi", "kiki", "pidgin", "sara_the_racer", "suzanne"], "detections": [[[1, 0, 274, 203, 331, 260], [1, 6, 224, 157, 231, 165], [2, 0, 0, 156, 599, 399], [3, 0, 0, 0, 599, 294], [3, 95, 343, 154, 344, 155], [3, 97, 595, 166, 599, 167], [3, 189, 518, 144, 520, 152], [3, 201, 347, 157, 348, 157], [3, 228, 318, 148, 327, 156], [3, 347, 583, 162, 599, 182], [3, 362, 270, 152, 275, 157]], [[1, 1, 272, 195, 330, 252], [1, 4, 241, 172, 264, 191], [2, 0, 0, 159, 599, 399], [3, 0, 0, 0, 599, 275], [3, 189, 215, 149, 216, 153], [3, 192, 202, 157, 202, 160], [3, 347, 238, 158, 242, 161]], [[1, 2, 264, 190, 345, 262], [1, 3, 287, 179, 316, 203], [1, 5, 268, 166, 291, 186], [2, 0, 0, 156, 599, 399], [3, 0, 0, 0, 599, 309], [3, 61, 331, 157, 339, 161], [3, 83, 377, 164, 377, 164], [3, 220, 347, 161, 347, 161], [3, 316, 505, 159, 505, 159]], [[1, 2, 208, 365, 303, 399], [1, 3, 276, 203, 331, 255], [1, 5, 263, 171, 294, 201], [2, 0, 0, 155, 599, 399], [3, 0, 0, 0, 599, 307], [3, 61, 346, 157, 356, 163], [3, 216, 365, 163, 365, 163], [3, 220, 358, 161, 365, 163]], [[1, 4, 271, 198, 334, 254], [2, 0, 0, 157, 599, 399], [3, 0, 0, 0, 599, 313], [3, 189, 257, 146, 258, 151], [3, 192, 244, 155, 244, 160], [3, 347, 279, 156, 285, 161]], [[1, 5, 266, 191, 343, 267], [2, 0, 0, 153, 599, 399], [3, 0, 0, 0, 599, 313], [3, 61, 379, 157, 390, 164], [3, 216, 401, 161, 407, 165], [3, 220, 392, 157, 407, 163]], [[1, 2, 237, 161, 253, 173], [1, 3, 233, 163, 241, 170], [1, 5, 216, 161, 228, 169], [1, 6, 274, 183, 334, 252], [2, 0, 0, 159, 599, 399], [3, 0, 0, 0, 599, 296], [3, 61, 236, 158, 240, 159], [3, 198, 537, 170, 541, 172], [3, 201, 591, 166, 596, 168], [3, 224, 563, 155, 587, 162], [3, 228, 504, 147, 549, 167], [3, 362, 418, 154, 442, 168]], [[1, 7, 263, 210, 337, 261], [2, 0, 0, 167, 599, 399], [3, 0, 0, 0, 599, 250], [3, 87, 143, 151, 189, 182], [3, 302, 99, 145, 117, 157]], [[1, 8, 282, 178, 323, 255], [1, 9, 193, 163, 197, 166], [2, 0, 0, 161, 599, 399], [3, 0, 0, 0, 599, 307]], [[1, 9, 268, 200, 339, 256], [2, 0, 0, 159, 599, 399], [3, 0, 0, 0, 599, 326], [3, 169, 585, 179, 599, 193], [3, 300, 591, 189, 591, 189], [3, 350, 582, 180, 599, 197], [5, 16, 192, 166, 196, 169], [6, 35, 188, 113, 188, 113]]], "distance_down_track": [1174.01318359375, 1128.3017578125, 1218.5364990234375, 1222.417236328125, 1135.72216796875, 1227.2384033203125, 1201.7655029296875, 1318.116455078125, 1048.1138916015625, 1081.8944091796875], "velocity": [[-12.480484962463379, -1.6489052772521973, -17.122095108032227], [-22.184295654296875, -2.007042646408081, 0.734277069568634], [8.69033432006836, -0.8852192163467407, -19.90237808227539], [9.1629638671875, -0.755118191242218, -21.518129348754883], [-22.53689193725586, -2.0550661087036133, -3.457068920135498], [9.742639541625977, -0.7567419409751892, -18.248239517211914], [-1.5024858713150024, -1.0684902667999268, -22.288877487182617], [21.734033584594727, 0.183319553732872, -0.09111522883176804], [8.041891098022461, -0.7070700526237488, 20.303955078125], [-10.283662796020508, -1.1162245273590088, 20.542646408081055]]}