{"track": "tutorial", "karts": ["puffy", "hexley", "tux", "suzanne", "pidgin", "nolok", "beastie", "gavroche", "amanda", "adiumy"], "detections": [[[1, 0, 204, 203, 394, 327], [1, 1, 108, 308, 360, 399], [1, 4, 0, 229, 82, 300], [1, 7, 371, 245, 599, 399], [1, 9, 60, 115, 203, 222], [2, 0, 0, 97, 97, 145], [3, 0, 0, 52, 599, 399]], [[1, 0, 278, 174, 349, 227], [1, 1, 249, 194, 345, 332], [1, 4, 116, 179, 195, 220], [1, 6, 32, 158, 140, 223], [1, 7, 340, 191, 424, 262], [1, 9, 206, 131, 259, 183], [2, 0, 0, 82, 154, 171], [3, 0, 0, 18, 599, 399]], [[1, 2, 206, 196, 364, 327], [2, 0, 0, 156, 599, 399], [3, 0, 0, 0, 599, 315], [3, 2, 459, 145, 470, 153], [5, 5, 304, 153, 304, 153], [5, 12, 308, 153, 308, 153], [5, 14, 379, 155, 380, 157], [5, 15, 369, 155, 370, 157], [5, 16, 359, 156, 360, 157]], [[1, 3, 267, 200, 338, 252], [2, 0, 0, 155, 599, 399], [3, 0, 0, 119, 599, 399], [5, 20, 485, 182, 511, 210], [5, 21, 394, 181, 415, 211], [5, 22, 281, 179, 297, 210]], [[1, 0, 504, 207, 599, 280], [1, 4, 223, 217, 375, 320], [1, 6, 0, 173, 237, 346], [1, 9, 381, 114, 524, 225], [2, 0, 0, 86, 198, 210], [3, 0, 0, 58, 599, 399]], [[1, 0, 478, 169, 521, 192], [1, 1, 504, 171, 571, 208], [1, 4, 401, 167, 431, 187], [1, 5, 235, 205, 352, 322], [1, 6, 358, 156, 398, 183], [1, 7, 555, 175, 590, 204], [1, 8, 250, 157, 293, 193], [1, 9, 439, 146, 472, 170], [2, 0, 146, 106, 353, 162], [3, 0, 0, 16, 599, 399]], [[1, 0, 354, 163, 430, 200], [1, 1, 452, 146, 577, 201], [1, 4, 318, 191, 395, 257], [1, 6, 203, 179, 377, 333], [1, 7, 429, 157, 462, 192], [1, 9, 333, 127, 393, 180], [3, 0, 0, 29, 599, 399]], [[1, 0, 183, 180, 283, 252], [1, 1, 0, 212, 231, 399], [1, 4, 0, 184, 103, 238], [1, 6, 0, 181, 25, 205], [1, 7, 239, 205, 355, 321], [1, 9, 89, 122, 183, 191], [2, 0, 0, 79, 99, 162], [3, 0, 0, 27, 599, 399]], [[1, 4, 484, 183, 563, 219], [1, 6, 412, 163, 487, 216], [1, 8, 217, 185, 374, 322], [1, 9, 548, 144, 599, 188], [2, 0, 0, 66, 368, 171], [3, 0, 0, 0, 599, 399]], [[1, 0, 393, 275, 599, 399], [1, 4, 5, 296, 213, 399], [1, 6, 0, 267, 102, 363], [1, 9, 251, 190, 356, 305], [2, 0, 0, 140, 155, 263], [3, 0, 0, 89, 599, 399]]], "distance_down_track": [712.6583862304688, 712.6583862304688, 321.3812561035156, 310.5081787109375, 321.3812561035156, 383.7624206542969, 299.136962890625, 365.0060729980469, 268.0081787109375, 268.0081787109375], "velocity": [[-0.014751505106687546, 0.09017754346132278, -0.4106329679489136], [-9.541597366333008, 0.15054044127464294, 0.43580740690231323], [-0.10744566470384598, 0.09479545801877975, 0.01968236453831196], [-17.18081283569336, 1.6385293006896973, -15.20312213897705], [0.5019234418869019, -0.0393281914293766, 4.381407260894775], [-4.756282806396484, 0.08293791860342026, -0.7462807297706604], [-0.18547025322914124, 0.04352058097720146, 1.2232314348220825], [-1.6299729347229004, 0.09206371009349823, 0.5728275179862976], [-5.605305194854736, 0.11602704226970673, -0.06115268915891647], [-0.10315953195095062, 0.0832952931523323, 0.007396657019853592]]}