{"track": "overworld", "karts": ["beastie", "kiki", "hexley", "emule", "amanda", "wilber", "adiumy", "xue", "suzanne", "nolok"], "detections": [[[1, 0, 257, 189, 343, 263], [1, 7, 225, 167, 227, 168], [3, 0, 221, 131, 588, 159], [3, 4, 290, 153, 293, 157], [3, 7, 297, 151, 306, 157], [3, 8, 297, 156, 297, 156], [3, 24, 307, 151, 317, 157], [3, 25, 314, 153, 317, 156]], [[1, 1, 271, 183, 332, 253], [1, 6, 280, 149, 281, 150], [2, 24, 283, 148, 292, 148], [3, 0, 0, 40, 599, 161], [3, 1, 79, 136, 151, 174], [3, 2, 166, 105, 193, 131], [3, 3, 161, 85, 182, 104], [3, 4, 155, 55, 183, 85], [3, 7, 247, 94, 274, 148], [3, 8, 247, 97, 259, 112], [3, 24, 271, 94, 300, 148], [3, 25, 285, 98, 300, 136]], [[1, 2, 275, 196, 326, 265], [1, 6, 403, 208, 563, 323], [2, 7, 231, 147, 307, 165], [2, 24, 307, 144, 406, 164], [3, 0, 0, 0, 599, 184], [3, 7, 136, 0, 306, 164], [3, 24, 303, 0, 481, 159]], [[1, 3, 244, 199, 364, 322], [3, 0, 0, 93, 483, 181], [3, 4, 373, 158, 373, 158], [3, 7, 380, 157, 382, 158], [3, 24, 383, 157, 386, 158]], [[1, 4, 255, 191, 337, 262], [3, 0, 0, 0, 599, 154]], [[1, 4, 159, 158, 172, 165], [1, 5, 263, 190, 339, 258], [3, 0, 204, 54, 599, 151]], [[1, 2, 167, 187, 243, 252], [1, 6, 250, 190, 354, 302], [2, 7, 216, 155, 290, 172], [2, 24, 290, 155, 387, 172], [3, 0, 0, 0, 599, 183], [3, 7, 129, 0, 289, 168], [3, 24, 289, 0, 464, 171]], [[1, 7, 263, 187, 331, 264], [3, 0, 0, 123, 570, 164]], [[1, 8, 256, 201, 339, 264], [1, 9, 385, 178, 389, 181], [3, 0, 0, 38, 599, 200]], [[1, 9, 273, 203, 334, 260], [3, 0, 0, 41, 599, 181], [3, 5, 473, 112, 473, 112]]], "distance_down_track": [289.52001953125, 160.1875, 160.1875, 160.1875, 1154.458251953125, 210.05245971679688, 621.841552734375, 440.18731689453125, 1365.615234375, 1410.8822021484375], "velocity": [[0.5256940126419067, 0.9885532259941101, 21.706140518188477], [1.5691488981246948, -2.926358461380005, 21.596220016479492], [-1.1351763010025024, -3.741417169570923, 21.49734115600586], [0.002043986227363348, 0.08183750510215759, 0.13007992506027222], [-4.451536178588867, 0.4507265090942383, -21.269481658935547], [17.94150161743164, -0.04767617583274841, -8.050618171691895], [0.05475688353180885, 0.47375282645225525, 0.7660890817642212], [20.195079803466797, -1.5575313568115234, 4.268817901611328], [-19.061798095703125, 1.8670363426208496, 1.447334885597229], [-17.040409088134766, -3.9748170375823975, 11.05962085723877]]}