{"track": "tutorial", "karts": ["puffy", "hexley", "tux", "suzanne", "pidgin", "nolok", "beastie", "gavroche", "amanda", "adiumy"], "detections": [[[1, 0, 211, 200, 380, 321], [1, 5, 387, 167, 397, 174], [1, 9, 335, 167, 343, 174], [2, 0, 324, 125, 515, 155], [3, 0, 0, 0, 599, 399], [3, 8, 91, 0, 102, 9]], [[1, 0, 263, 240, 264, 253], [1, 1, 256, 191, 364, 345], [1, 2, 318, 214, 347, 249], [1, 5, 334, 204, 341, 209], [2, 0, 0, 168, 599, 399], [3, 0, 0, 14, 599, 330], [3, 8, 47, 35, 60, 49]], [[1, 0, 236, 218, 277, 250], [1, 1, 0, 185, 62, 276], [1, 2, 265, 198, 329, 257], [1, 5, 388, 201, 397, 207], [1, 9, 340, 199, 348, 205], [2, 0, 0, 161, 599, 399], [3, 0, 0, 0, 599, 353], [3, 8, 150, 48, 159, 57]], [[1, 1, 375, 158, 385, 164], [1, 2, 395, 167, 403, 173], [1, 3, 260, 200, 331, 256], [2, 0, 0, 168, 599, 399], [3, 0, 0, 43, 599, 399], [3, 6, 334, 31, 350, 55], [3, 7, 243, 40, 257, 56]], [[1, 0, 324, 2, 365, 31], [1, 1, 231, 7, 255, 16], [1, 2, 267, 0, 300, 18], [1, 4, 243, 218, 386, 334], [2, 0, 210, 7, 374, 81], [3, 0, 0, 0, 599, 399]], [[1, 5, 246, 204, 346, 308], [2, 0, 0, 79, 192, 168], [3, 0, 0, 10, 599, 399]], [[1, 6, 244, 187, 355, 281], [2, 0, 0, 161, 599, 399], [3, 0, 0, 96, 599, 259], [3, 6, 269, 109, 276, 118], [3, 7, 222, 101, 227, 103]], [[1, 1, 435, 173, 443, 177], [1, 2, 457, 180, 458, 182], [1, 3, 348, 170, 359, 176], [1, 7, 272, 203, 326, 254], [2, 0, 0, 174, 599, 399], [3, 0, 0, 73, 599, 287], [3, 6, 447, 62, 464, 82], [3, 7, 362, 78, 374, 91]], [[1, 3, 237, 143, 240, 144], [1, 7, 230, 148, 232, 149], [1, 8, 261, 192, 337, 255], [2, 0, 0, 145, 599, 399], [3, 0, 0, 26, 599, 273], [3, 6, 299, 67, 309, 80], [3, 7, 245, 62, 255, 73]], [[1, 5, 439, 171, 485, 202], [1, 9, 250, 191, 354, 304], [2, 0, 131, 106, 338, 161], [3, 0, 0, 17, 599, 399]]], "distance_down_track": [705.6668701171875, 712.6583862304688, 532.0, 532.0, 532.0, 590.8922729492188, 512.133544921875, 547.9110717773438, 491.73480224609375, 491.73480224609375], "velocity": [[-4.9374680519104, -6.870908737182617, -5.077796459197998], [-0.15301622450351715, 0.2114437371492386, 0.009053932502865791], [-14.56461238861084, -2.7949531078338623, -17.6690731048584], [-0.7161105871200562, -2.282008647918701, -22.875307083129883], [3.9735288619995117, -0.8887141942977905, -3.226789951324463], [-10.314336776733398, 0.15202954411506653, 0.8978345990180969], [-0.39898481965065, -0.04406416416168213, -15.964834213256836], [10.721685409545898, -0.37219664454460144, -20.16250991821289], [2.6640918254852295, -3.839543104171753, -23.69352149963379], [-4.767013072967529, 0.08367771655321121, -0.6973927021026611]]}