{"track": "snowmountain", "karts": ["adiumy", "beastie", "sara_the_racer", "wilber", "nolok", "gavroche", "konqi", "sara_the_wizard", "tux", "xue"], "detections": [[[1, 0, 271, 195, 332, 254], [2, 0, 0, 148, 599, 399], [3, 0, 0, 0, 599, 263], [3, 58, 360, 151, 360, 151], [3, 68, 340, 121, 353, 145], [3, 78, 273, 147, 304, 161], [3, 86, 460, 125, 487, 145], [3, 94, 389, 133, 440, 153]], [[1, 1, 257, 189, 340, 261], [1, 6, 314, 118, 319, 123], [2, 0, 0, 128, 599, 399], [3, 0, 0, 0, 599, 268], [4, 19, 291, 135, 294, 139], [6, 4, 285, 143, 313, 160], [6, 40, 0, 344, 199, 399]], [[1, 0, 431, 149, 443, 157], [1, 2, 276, 177, 320, 258], [2, 0, 0, 153, 599, 399], [3, 0, 0, 24, 599, 309]], [[1, 3, 259, 190, 332, 256], [1, 4, 343, 163, 360, 174], [1, 7, 360, 157, 372, 171], [1, 8, 434, 153, 444, 159], [1, 9, 424, 152, 439, 161], [2, 0, 0, 157, 599, 399], [3, 0, 0, 5, 599, 313], [3, 98, 261, 122, 272, 133], [3, 102, 311, 110, 325, 119], [5, 35, 306, 154, 318, 167], [5, 36, 357, 159, 362, 165]], [[1, 2, 400, 154, 408, 165], [1, 4, 267, 203, 327, 258], [1, 7, 298, 174, 324, 215], [1, 8, 364, 164, 377, 169], [1, 9, 359, 160, 374, 173], [2, 0, 0, 158, 599, 399], [3, 0, 0, 0, 599, 291], [3, 98, 112, 112, 143, 128], [3, 102, 206, 107, 213, 117], [5, 35, 162, 159, 194, 189], [5, 36, 274, 171, 291, 187]], [[1, 5, 248, 205, 362, 322], [3, 0, 0, 0, 599, 399]], [[1, 3, 311, 353, 347, 383], [1, 4, 399, 344, 416, 355], [1, 6, 228, 179, 345, 279], [1, 7, 418, 339, 435, 352], [2, 0, 62, 346, 477, 399], [3, 0, 0, 18, 599, 399], [3, 98, 336, 301, 352, 314], [3, 102, 391, 286, 407, 295], [5, 35, 375, 337, 388, 351], [5, 36, 423, 340, 429, 345]], [[1, 2, 389, 151, 397, 163], [1, 4, 243, 259, 346, 399], [1, 7, 281, 188, 322, 263], [1, 8, 358, 159, 367, 168], [1, 9, 348, 158, 365, 172], [2, 0, 0, 153, 599, 399], [3, 0, 0, 0, 599, 285], [3, 98, 69, 102, 106, 120], [3, 102, 171, 98, 189, 109], [5, 35, 86, 158, 136, 200], [5, 36, 247, 175, 270, 198]], [[1, 0, 462, 137, 474, 143], [1, 2, 341, 152, 358, 183], [1, 8, 257, 198, 338, 275], [1, 9, 253, 224, 465, 399], [2, 0, 0, 143, 599, 399], [3, 0, 0, 0, 599, 255]], [[1, 2, 335, 154, 349, 180], [1, 8, 266, 181, 295, 223], [1, 9, 261, 185, 336, 272], [2, 0, 0, 147, 599, 399], [3, 0, 0, 0, 599, 276]]], "distance_down_track": [542.1382446289062, 392.3825988769531, 513.552490234375, 475.8257141113281, 488.6170654296875, 351.0862121582031, 467.9783935546875, 491.03558349609375, 507.07452392578125, 505.55401611328125], "velocity": [[-1.911592721939087, 1.6615979671478271, 20.54446029663086], [-0.40794283151626587, -1.6803147792816162, -23.071081161499023], [-17.230154037475586, 2.2308478355407715, 9.21180534362793], [-16.09144401550293, 1.9660882949829102, -12.070401191711426], [-20.36799430847168, 1.904292106628418, -4.637993812561035], [0.16232919692993164, -0.10892462730407715, -4.061979293823242], [-12.201397895812988, 2.31296706199646, -17.500423431396484], [-20.594823837280273, 1.8941903114318848, -3.2140696048736572], [-15.168745040893555, 1.5343924760818481, 4.09061861038208], [-14.801654815673828, 1.563676118850708, 3.645875930786133]]}