{"track": "tutorial", "karts": ["puffy", "hexley", "tux", "suzanne", "pidgin", "nolok", "beastie", "gavroche", "amanda", "adiumy"], "detections": [[[1, 0, 201, 201, 385, 326], [1, 2, 291, 154, 307, 166], [1, 3, 346, 186, 440, 253], [1, 4, 308, 158, 322, 167], [1, 6, 379, 152, 401, 167], [1, 7, 336, 154, 353, 167], [1, 9, 341, 149, 354, 161], [2, 0, 198, 126, 314, 156], [3, 0, 0, 30, 599, 399]], [[1, 0, 332, 222, 337, 223], [1, 1, 240, 193, 349, 350], [1, 2, 368, 188, 376, 193], [1, 3, 347, 221, 355, 225], [1, 4, 376, 191, 384, 196], [1, 6, 410, 195, 422, 203], [1, 7, 390, 193, 400, 197], [1, 8, 309, 177, 338, 198], [1, 9, 393, 189, 400, 195], [2, 0, 0, 159, 599, 399], [3, 0, 0, 0, 599, 258], [3, 8, 124, 41, 133, 52]], [[1, 2, 223, 196, 355, 325], [1, 4, 352, 210, 501, 301], [1, 7, 461, 166, 593, 236], [1, 9, 483, 136, 599, 209], [2, 0, 0, 74, 237, 220], [3, 0, 0, 22, 599, 399]], [[1, 0, 0, 234, 201, 399], [1, 2, 270, 153, 287, 165], [1, 3, 216, 201, 365, 320], [1, 4, 287, 157, 303, 167], [1, 6, 362, 153, 386, 170], [1, 7, 317, 154, 336, 168], [1, 9, 323, 149, 337, 162], [2, 0, 170, 119, 299, 154], [3, 0, 0, 19, 599, 399]], [[1, 2, 26, 186, 229, 321], [1, 4, 223, 216, 369, 316], [1, 7, 427, 178, 599, 270], [1, 9, 459, 137, 599, 244], [2, 0, 0, 81, 255, 197], [3, 0, 0, 35, 599, 399]], [[1, 1, 329, 133, 331, 134], [1, 5, 241, 204, 343, 305], [1, 8, 350, 138, 350, 138], [2, 0, 0, 125, 599, 399], [3, 0, 0, 50, 599, 263], [3, 6, 367, 45, 379, 61], [3, 7, 307, 41, 318, 53]], [[1, 6, 208, 179, 384, 329], [3, 0, 0, 17, 599, 399]], [[1, 6, 281, 156, 320, 203], [1, 7, 262, 206, 380, 353], [1, 9, 268, 159, 375, 267], [3, 0, 0, 32, 599, 399]], [[1, 0, 274, 248, 293, 264], [1, 2, 315, 187, 324, 194], [1, 3, 314, 245, 317, 256], [1, 4, 324, 190, 333, 196], [1, 6, 365, 192, 379, 201], [1, 7, 341, 189, 352, 196], [1, 8, 250, 190, 340, 264], [1, 9, 345, 187, 353, 194], [2, 0, 261, 153, 436, 183], [3, 0, 0, 19, 599, 399]], [[1, 4, 0, 319, 99, 399], [1, 6, 500, 196, 599, 307], [1, 7, 204, 231, 362, 332], [1, 9, 252, 190, 356, 305], [2, 0, 0, 139, 143, 259], [3, 0, 0, 80, 599, 399]]], "distance_down_track": [712.6583862304688, 700.6122436523438, 561.7310180664062, 561.7310180664062, 547.9110717773438, 590.8922729492188, 547.9110717773438, 576.2125244140625, 532.0, 532.0], "velocity": [[-4.726156234741211, 0.11367888003587723, -1.5694217681884766], [-3.7403337955474854, -0.5032353401184082, -4.1750311851501465], [-0.4790686070919037, 0.16030395030975342, 0.19883885979652405], [-4.743991851806641, 0.116643026471138, -1.483085036277771], [-0.9180983304977417, 0.18403087556362152, -0.12687109410762787], [3.273280382156372, -1.7890658378601074, -10.264851570129395], [0.31926271319389343, 0.08153422921895981, 1.27427077293396], [-0.06417474150657654, -0.0653204619884491, 4.693634986877441], [-15.591300010681152, -7.924073219299316, -17.817182540893555], [0.3110416531562805, 0.0396077036857605, 3.2353479862213135]]}