{"track": "overworld", "karts": ["beastie", "kiki", "hexley", "emule", "amanda", "wilber", "adiumy", "xue", "suzanne", "nolok"], "detections": [[[1, 0, 257, 189, 343, 262], [3, 0, 0, 7, 590, 160], [3, 7, 318, 149, 322, 150], [3, 8, 317, 150, 317, 150], [3, 24, 323, 149, 328, 151]], [[1, 1, 269, 183, 330, 254], [1, 2, 81, 156, 85, 158], [3, 0, 0, 111, 523, 168]], [[1, 2, 276, 196, 327, 265], [1, 3, 279, 149, 280, 150], [2, 24, 283, 148, 291, 148], [3, 0, 0, 47, 599, 160], [3, 1, 93, 137, 159, 173], [3, 2, 172, 107, 197, 132], [3, 3, 167, 88, 187, 107], [3, 4, 162, 60, 188, 88], [3, 7, 247, 95, 274, 149], [3, 8, 247, 98, 259, 113], [3, 24, 271, 95, 299, 148], [3, 25, 283, 98, 299, 130]], [[1, 3, 274, 200, 331, 257], [1, 6, 299, 154, 307, 163], [2, 7, 241, 151, 294, 163], [2, 24, 294, 148, 361, 162], [3, 0, 0, 0, 599, 173], [3, 7, 174, 0, 293, 163], [3, 24, 286, 0, 404, 158]], [[1, 4, 260, 192, 342, 260], [3, 0, 0, 95, 523, 196]], [[1, 0, 199, 143, 202, 145], [1, 5, 258, 190, 333, 259], [3, 0, 0, 98, 484, 163], [3, 4, 200, 141, 200, 141], [3, 7, 207, 140, 209, 141], [3, 8, 206, 141, 206, 141], [3, 24, 210, 140, 213, 141], [3, 25, 214, 141, 214, 141]], [[1, 6, 255, 191, 353, 296], [2, 7, 10, 217, 258, 277], [2, 24, 258, 217, 599, 280], [3, 7, 0, 0, 263, 267], [3, 24, 259, 0, 599, 217]], [[1, 1, 452, 147, 455, 150], [1, 7, 268, 187, 336, 264], [3, 0, 0, 112, 345, 186], [3, 4, 342, 151, 342, 153], [3, 6, 109, 163, 129, 172], [3, 7, 316, 152, 321, 155], [3, 24, 322, 152, 328, 154], [255, 16777215, 171, 163, 444, 196]], [[1, 8, 265, 201, 342, 262], [1, 9, 299, 159, 303, 161], [3, 0, 0, 0, 599, 191]], [[1, 9, 272, 203, 333, 259], [3, 0, 0, 0, 599, 225]]], "distance_down_track": [202.74124145507812, 160.1875, 160.1875, 160.1875, 1066.047119140625, 120.42466735839844, 621.855224609375, 351.8490905761719, 1286.2401123046875, 1333.13720703125], "velocity": [[-1.9499861001968384, -0.2532516419887543, 21.64586639404297], [20.78647232055664, -1.5825622081756592, 6.5452680587768555], [1.6574262380599976, -2.9285290241241455, 21.589330673217773], [-2.1235568523406982, -3.8641698360443115, 22.573406219482422], [7.2970099449157715, -0.5174582004547119, -20.466949462890625], [7.94054651260376, -0.5394855737686157, 17.982460021972656], [0.04917808994650841, 0.51286780834198, 0.4850460886955261], [6.6320905685424805, 0.13144055008888245, 19.608366012573242], [1.3076362609863281, 3.2022101879119873, -20.408964157104492], [-5.4010467529296875, 2.2250101566314697, -19.858699798583984]]}