{"track": "snowtuxpeak", "karts": ["pidgin", "amanda", "xue", "tux", "gavroche", "emule", "puffy", "sara_the_wizard", "beastie", "gnu"], "detections": [[[1, 0, 232, 216, 356, 304], [2, 0, 0, 148, 599, 399], [3, 0, 0, 0, 599, 328], [5, 13, 185, 176, 205, 200], [6, 22, 167, 190, 255, 212]], [[1, 1, 257, 190, 347, 267], [1, 3, 278, 151, 285, 156], [1, 6, 309, 147, 317, 150], [1, 8, 204, 162, 231, 181], [1, 9, 308, 143, 310, 147], [2, 0, 0, 81, 555, 399], [3, 0, 0, 0, 599, 399], [4, 14, 316, 156, 334, 175], [4, 15, 257, 158, 273, 176], [4, 16, 202, 168, 209, 178], [4, 17, 131, 160, 157, 179]], [[1, 2, 268, 187, 335, 263], [1, 7, 264, 157, 271, 166], [2, 0, 68, 146, 599, 399], [3, 0, 0, 0, 599, 399]], [[1, 3, 255, 197, 336, 266], [1, 6, 349, 175, 377, 189], [1, 9, 335, 163, 359, 180], [2, 0, 0, 9, 599, 399], [3, 0, 0, 0, 599, 295]], [[1, 3, 448, 11, 454, 16], [1, 4, 275, 204, 345, 290], [1, 6, 460, 11, 463, 13], [1, 9, 455, 10, 460, 14], [2, 0, 431, 0, 531, 39], [3, 0, 0, 0, 599, 399]], [[1, 2, 308, 165, 334, 190], [1, 5, 273, 199, 334, 259], [1, 7, 285, 154, 290, 161], [2, 0, 230, 144, 599, 399], [3, 0, 0, 0, 599, 399]], [[1, 6, 247, 200, 337, 266], [1, 9, 189, 155, 281, 232], [2, 0, 0, 0, 599, 399], [3, 0, 0, 0, 599, 399], [6, 23, 483, 158, 488, 158]], [[1, 7, 279, 188, 319, 266], [2, 0, 0, 146, 599, 399], [3, 0, 0, 0, 599, 311]], [[1, 3, 302, 150, 311, 157], [1, 6, 333, 147, 343, 152], [1, 8, 249, 188, 346, 271], [1, 9, 329, 143, 336, 148], [2, 0, 0, 87, 599, 399], [3, 0, 0, 0, 599, 209], [4, 14, 521, 179, 599, 235], [4, 15, 377, 175, 453, 235], [4, 16, 224, 196, 256, 231], [4, 17, 0, 162, 89, 230]], [[1, 6, 327, 200, 424, 266], [1, 9, 263, 155, 344, 235], [2, 0, 0, 0, 599, 399], [3, 0, 0, 0, 599, 399], [6, 23, 470, 154, 471, 154]]], "distance_down_track": [834.2236328125, 873.1981201171875, 51.32865905761719, 903.8576049804688, 835.4943237304688, 45.53376007080078, 916.9488525390625, 71.43085479736328, 881.4085693359375, 916.5910034179688], "velocity": [[-1.809900164604187, -0.00944732129573822, -12.577125549316406], [-19.295143127441406, -0.817041277885437, 2.2372844219207764], [-20.12129783630371, 1.1033217906951904, 4.973724365234375], [-14.18703556060791, 1.365128993988037, 6.789198875427246], [-7.886971473693848, -11.874356269836426, -2.2718141078948975], [-21.94864273071289, 1.0881390571594238, 1.6671854257583618], [-11.855315208435059, 0.04711984097957611, 17.413742065429688], [-20.628910064697266, 1.1447747945785522, 1.2757608890533447], [-18.900962829589844, -0.8571524620056152, 4.127744674682617], [-11.400598526000977, 0.05430898442864418, 16.558815002441406]]}