{"track": "tutorial", "karts": ["puffy", "hexley", "tux", "suzanne", "pidgin", "nolok", "beastie", "gavroche", "amanda", "adiumy"], "detections": [[[1, 0, 203, 201, 385, 331], [1, 1, 0, 202, 82, 289], [1, 3, 0, 215, 198, 377], [1, 8, 357, 176, 503, 272], [3, 0, 0, 0, 599, 399]], [[1, 0, 512, 215, 599, 277], [1, 1, 244, 192, 354, 350], [1, 3, 386, 213, 599, 363], [1, 7, 115, 197, 248, 300], [2, 0, 0, 80, 180, 203], [3, 0, 0, 47, 599, 399]], [[1, 0, 360, 158, 380, 168], [1, 1, 332, 154, 345, 165], [1, 2, 230, 196, 361, 308], [1, 3, 344, 157, 359, 166], [1, 5, 0, 0, 167, 97], [1, 6, 246, 155, 282, 186], [1, 7, 323, 155, 334, 164], [1, 8, 384, 156, 399, 168], [1, 9, 277, 156, 296, 176], [2, 0, 223, 130, 325, 155], [3, 0, 0, 56, 599, 399]], [[1, 0, 383, 200, 599, 327], [1, 1, 88, 183, 232, 309], [1, 3, 223, 200, 376, 316], [1, 7, 1, 187, 148, 275], [1, 8, 481, 180, 599, 281], [2, 0, 0, 82, 136, 193], [3, 0, 0, 44, 599, 399]], [[1, 4, 217, 217, 366, 325], [2, 0, 0, 164, 599, 399], [3, 0, 0, 0, 599, 274], [3, 6, 215, 0, 234, 28], [3, 7, 85, 0, 105, 9]], [[1, 0, 425, 166, 449, 178], [1, 1, 393, 161, 407, 173], [1, 2, 417, 374, 484, 399], [1, 3, 407, 165, 423, 176], [1, 5, 246, 205, 352, 309], [1, 6, 330, 199, 365, 233], [1, 7, 381, 161, 395, 171], [1, 8, 454, 165, 472, 179], [1, 9, 345, 186, 367, 205], [2, 0, 280, 129, 382, 158], [3, 0, 0, 16, 599, 399]], [[1, 0, 401, 163, 429, 179], [1, 1, 358, 158, 375, 173], [1, 3, 377, 162, 397, 176], [1, 6, 208, 180, 379, 327], [1, 7, 343, 158, 359, 172], [1, 8, 437, 161, 462, 180], [1, 9, 305, 168, 340, 214], [2, 0, 204, 123, 340, 158], [3, 0, 0, 26, 599, 399]], [[1, 1, 356, 185, 571, 330], [1, 3, 543, 231, 599, 317], [1, 7, 240, 204, 356, 316], [2, 0, 0, 141, 225, 252], [3, 0, 0, 131, 599, 397]], [[1, 0, 0, 210, 213, 399], [1, 3, 4, 253, 27, 260], [1, 8, 218, 185, 380, 318], [2, 0, 0, 107, 29, 118], [3, 0, 0, 30, 599, 399]], [[1, 0, 402, 164, 435, 183], [1, 1, 350, 158, 369, 176], [1, 3, 374, 162, 398, 180], [1, 7, 332, 158, 351, 174], [1, 8, 444, 162, 476, 185], [1, 9, 249, 191, 353, 303], [2, 0, 164, 116, 327, 158], [3, 0, 0, 24, 599, 399]]], "distance_down_track": [712.6583862304688, 712.6583862304688, 694.2288208007812, 694.2288208007812, 675.6192626953125, 712.6583862304688, 675.6192626953125, 712.6583862304688, 675.6192626953125, 656.4569091796875], "velocity": [[-3.443023681640625, 0.3752937614917755, 1.216386318206787], [-0.140574648976326, 0.08420412242412567, 0.029152676463127136], [-4.641969680786133, 0.10797407478094101, -1.953804850578308], [-1.1551109552383423, 0.19007709622383118, 0.07608545571565628], [-1.4096044301986694, -0.3813440203666687, -3.183476209640503], [0.30181118845939636, -11.260190963745117, 0.27340081334114075], [-4.709321975708008, 0.10445999354124069, -1.7555419206619263], [0.12935665249824524, -0.1332496851682663, -0.011755627579987049], [-0.03867723047733307, 0.1804991215467453, -0.004111123271286488], [-4.580624103546143, 0.08968159556388855, -1.4224138259887695]]}