{"track": "snowtuxpeak", "karts": ["pidgin", "amanda", "xue", "tux", "gavroche", "emule", "puffy", "sara_the_wizard", "beastie", "gnu"], "detections": [[[1, 0, 225, 218, 377, 315], [1, 1, 389, 184, 418, 201], [1, 4, 480, 160, 490, 166], [1, 8, 560, 178, 594, 192], [2, 0, 0, 186, 599, 399], [3, 0, 0, 9, 599, 290], [5, 13, 415, 189, 423, 196], [6, 22, 413, 193, 444, 198]], [[1, 1, 235, 169, 376, 294], [1, 3, 546, 100, 566, 109], [1, 4, 222, 141, 232, 148], [1, 8, 340, 137, 367, 154], [1, 9, 562, 93, 581, 102], [2, 0, 0, 109, 599, 399], [3, 0, 0, 0, 599, 264], [5, 13, 222, 188, 245, 205], [6, 22, 210, 189, 281, 220]], [[1, 2, 268, 185, 336, 259], [1, 7, 180, 159, 189, 168], [2, 0, 0, 158, 599, 399], [3, 0, 0, 0, 599, 283]], [[1, 3, 259, 198, 339, 266], [1, 6, 298, 169, 331, 190], [1, 9, 170, 151, 220, 185], [2, 0, 0, 81, 599, 399], [3, 0, 0, 0, 599, 228], [4, 14, 372, 154, 386, 167], [4, 15, 331, 154, 343, 167], [4, 16, 288, 155, 301, 168], [4, 17, 242, 155, 257, 168]], [[1, 4, 237, 205, 350, 321], [3, 0, 0, 0, 599, 399]], [[1, 2, 284, 164, 307, 185], [1, 5, 272, 200, 328, 256], [1, 7, 206, 157, 213, 164], [2, 0, 0, 158, 599, 399], [3, 0, 0, 0, 599, 281], [6, 23, 216, 193, 288, 212]], [[1, 6, 244, 201, 353, 276], [2, 0, 0, 80, 599, 399], [3, 0, 0, 0, 599, 221], [4, 14, 395, 157, 417, 176], [4, 15, 336, 157, 354, 176], [4, 16, 272, 156, 292, 177], [4, 17, 203, 156, 228, 177]], [[1, 7, 277, 187, 319, 266], [2, 0, 179, 151, 599, 399], [3, 0, 0, 0, 599, 399]], [[1, 3, 356, 164, 371, 175], [1, 6, 378, 167, 392, 175], [1, 8, 197, 178, 360, 332], [1, 9, 338, 152, 349, 162], [2, 0, 0, 110, 599, 399], [3, 0, 0, 0, 599, 307], [4, 14, 444, 175, 454, 183], [4, 15, 414, 169, 424, 177], [4, 16, 388, 163, 396, 171], [4, 17, 362, 158, 371, 166]], [[1, 6, 394, 180, 476, 215], [1, 9, 270, 158, 330, 231], [2, 0, 0, 88, 599, 399], [3, 0, 0, 0, 599, 382], [4, 14, 394, 155, 412, 170], [4, 15, 351, 157, 369, 172], [4, 16, 305, 158, 321, 175], [4, 17, 250, 160, 266, 178]]], "distance_down_track": [826.875732421875, 834.733154296875, 4.393130302429199, 867.9176635742188, 835.4943237304688, 989.263916015625, 873.487060546875, 28.116127014160156, 851.5405883789062, 871.5496215820312], "velocity": [[0.2754742503166199, 1.5693858861923218, 0.3392419219017029], [-2.9362876415252686, -0.017151787877082825, -9.911507606506348], [-4.223517417907715, 0.08174106478691101, 23.01554298400879], [-17.076181411743164, -0.7748486995697021, 4.223680019378662], [-1.2921420335769653, 0.16469621658325195, -1.9476836919784546], [-0.428316205739975, 0.08173681795597076, 23.395936965942383], [-16.913883209228516, -0.7145639657974243, 4.111789226531982], [-15.012735366821289, 0.3638046085834503, 14.246943473815918], [-8.744977951049805, -0.5598928332328796, -1.6114251613616943], [-19.619136810302734, -0.8759748339653015, 8.490228652954102]]}