{"track": "overworld", "karts": ["beastie", "kiki", "hexley", "emule", "amanda", "wilber", "adiumy", "xue", "suzanne", "nolok"], "detections": [[[1, 0, 238, 186, 353, 286], [3, 0, 181, 156, 471, 179]], [[1, 1, 229, 167, 364, 312], [1, 2, 297, 164, 305, 173], [2, 24, 304, 167, 318, 168], [3, 0, 0, 43, 599, 202], [3, 7, 253, 87, 292, 167], [3, 8, 258, 92, 273, 105], [3, 24, 292, 87, 331, 169], [3, 25, 312, 93, 331, 169]], [[1, 2, 266, 195, 328, 281], [1, 3, 304, 170, 307, 173], [2, 7, 265, 167, 292, 173], [2, 24, 293, 166, 327, 173], [3, 0, 0, 0, 599, 175], [3, 7, 238, 56, 292, 173], [3, 24, 288, 55, 343, 171], [3, 25, 337, 85, 344, 127], [255, 16777215, 0, 155, 599, 195]], [[1, 3, 243, 199, 363, 322], [2, 7, 0, 151, 180, 212], [2, 24, 171, 146, 519, 211], [3, 7, 0, 0, 170, 153], [3, 24, 145, 0, 599, 200]], [[1, 4, 259, 192, 334, 257], [3, 0, 23, 0, 599, 176]], [[1, 5, 268, 191, 331, 249], [1, 7, 0, 368, 72, 399], [3, 0, 0, 87, 599, 220]], [[1, 5, 397, 166, 420, 184], [1, 6, 278, 196, 330, 246], [1, 7, 408, 168, 446, 196], [3, 0, 0, 86, 599, 221]], [[1, 5, 317, 169, 355, 199], [1, 7, 271, 184, 334, 259], [3, 0, 0, 95, 599, 218]], [[1, 8, 257, 201, 334, 261], [1, 9, 315, 166, 317, 168], [3, 0, 0, 85, 363, 169], [3, 7, 275, 161, 277, 161], [3, 24, 278, 161, 280, 161]], [[1, 9, 267, 203, 327, 260], [3, 0, 0, 89, 599, 179], [3, 4, 147, 145, 147, 145], [3, 7, 154, 144, 159, 145], [3, 24, 160, 144, 162, 145]]], "distance_down_track": [508.3309326171875, 595.7530517578125, 544.0811767578125, 544.0811767578125, 0.0, 0.0, 0.0, 0.0, 75.2226791381836, 137.190673828125], "velocity": [[11.617602348327637, 1.7699159383773804, -9.465150833129883], [-0.21490180492401123, -0.6211557388305664, -3.6579806804656982], [-0.23040513694286346, -1.281022548675537, 17.838346481323242], [-0.003696125466376543, 0.08452298492193222, 0.1344689428806305], [-2.09736967086792, 1.1017205715179443, -24.030467987060547], [-22.355506896972656, -1.2949384450912476, 10.773898124694824], [-24.078773498535156, -1.6264762878417969, 9.517868995666504], [-20.403697967529297, -1.2987827062606812, 10.535761833190918], [2.03369140625, 0.8359847068786621, 20.5828857421875], [10.828977584838867, -0.6680734157562256, 17.628864288330078]]}