{"track": "tutorial", "karts": ["puffy", "hexley", "tux", "suzanne", "pidgin", "nolok", "beastie", "gavroche", "amanda", "adiumy"], "detections": [[[1, 0, 205, 201, 389, 328], [1, 2, 172, 156, 208, 178], [1, 3, 0, 210, 0, 213], [2, 0, 0, 108, 228, 158], [3, 0, 0, 36, 599, 399]], [[1, 0, 323, 164, 358, 188], [1, 1, 242, 193, 349, 349], [1, 2, 269, 153, 287, 166], [1, 3, 197, 156, 230, 176], [1, 4, 425, 382, 597, 399], [1, 7, 55, 166, 137, 205], [2, 0, 167, 124, 296, 155], [3, 0, 0, 36, 599, 399]], [[1, 2, 222, 196, 353, 323], [2, 0, 0, 58, 236, 208], [3, 0, 0, 31, 599, 399]], [[1, 2, 317, 159, 347, 185], [1, 3, 220, 201, 369, 322], [2, 0, 100, 102, 332, 162], [3, 0, 0, 17, 599, 399]], [[1, 0, 316, 164, 348, 185], [1, 1, 217, 169, 287, 236], [1, 2, 283, 153, 299, 165], [1, 3, 218, 152, 245, 169], [1, 4, 217, 217, 363, 323], [1, 7, 118, 153, 170, 180], [2, 0, 197, 124, 312, 155], [3, 0, 0, 19, 599, 399]], [[1, 5, 232, 205, 352, 322], [1, 6, 246, 148, 251, 151], [1, 8, 257, 139, 257, 139], [2, 0, 0, 139, 599, 399], [3, 0, 0, 0, 599, 265], [3, 6, 315, 66, 326, 79], [3, 7, 262, 59, 272, 69]], [[1, 6, 261, 190, 341, 256], [2, 0, 0, 161, 599, 399], [3, 0, 0, 66, 599, 298], [3, 6, 450, 56, 467, 76], [3, 7, 370, 71, 382, 84]], [[1, 0, 546, 190, 599, 233], [1, 2, 358, 159, 379, 175], [1, 3, 316, 165, 352, 194], [1, 7, 238, 205, 350, 319], [2, 0, 236, 121, 376, 160], [3, 0, 0, 16, 599, 399]], [[1, 8, 258, 191, 334, 257], [2, 0, 0, 161, 599, 399], [3, 0, 0, 26, 599, 399], [3, 6, 280, 12, 297, 38], [3, 7, 175, 16, 194, 35]], [[1, 9, 241, 192, 352, 305], [2, 0, 0, 162, 599, 399], [3, 0, 0, 121, 599, 334], [3, 6, 146, 131, 153, 137], [3, 7, 82, 115, 92, 124]]], "distance_down_track": [712.6583862304688, 712.6583862304688, 532.0, 532.0, 532.0, 576.2125244140625, 512.133544921875, 547.9110717773438, 491.73480224609375, 491.73480224609375], "velocity": [[-4.941090106964111, 0.09534145146608353, -0.397428423166275], [-4.632070541381836, 0.11193709075450897, -1.2456809282302856], [0.252146452665329, 0.15554949641227722, 0.5680139064788818], [-5.020357608795166, 0.10133825242519379, -0.5997484922409058], [-4.617121696472168, 0.11457464843988419, -1.7257410287857056], [0.5805850625038147, -0.6201204657554626, -4.187313556671143], [13.155705451965332, -0.4931386411190033, -20.246150970458984], [-4.538805961608887, 0.08966106921434402, -1.6369191408157349], [-5.261530876159668, -2.8012185096740723, -23.40281867980957], [-0.10658299922943115, 0.08165319263935089, -0.018845146521925926]]}