{"track": "overworld", "karts": ["beastie", "kiki", "hexley", "emule", "amanda", "wilber", "adiumy", "xue", "suzanne", "nolok"], "detections": [[[1, 0, 256, 188, 342, 262], [3, 0, 0, 83, 599, 210]], [[1, 1, 269, 183, 330, 252], [1, 2, 264, 155, 265, 156], [3, 0, 0, 70, 599, 174], [3, 7, 235, 150, 235, 150], [3, 24, 236, 150, 239, 151]], [[1, 2, 270, 196, 322, 266], [3, 0, 0, 99, 473, 163], [3, 4, 222, 141, 223, 141], [3, 7, 229, 141, 232, 142], [3, 24, 233, 141, 236, 142]], [[1, 3, 244, 198, 350, 307], [1, 6, 387, 186, 509, 274], [2, 7, 0, 168, 281, 227], [2, 24, 283, 165, 583, 224], [3, 0, 281, 115, 281, 152], [3, 7, 0, 0, 281, 226], [3, 24, 280, 0, 599, 210], [255, 16777215, 281, 143, 281, 156]], [[1, 4, 259, 191, 340, 258], [3, 0, 0, 145, 599, 197], [3, 1, 260, 183, 269, 186], [3, 2, 268, 177, 272, 180], [3, 3, 267, 173, 269, 174], [3, 4, 267, 166, 270, 170], [3, 7, 275, 164, 287, 186], [3, 8, 275, 170, 275, 170], [3, 24, 286, 164, 299, 185], [3, 25, 291, 164, 299, 176]], [[1, 5, 263, 189, 339, 260], [3, 0, 187, 40, 599, 160]], [[1, 3, 29, 197, 208, 312], [1, 6, 252, 191, 352, 292], [2, 7, 0, 169, 236, 228], [2, 24, 234, 172, 590, 234], [3, 7, 0, 0, 233, 171], [3, 24, 223, 0, 599, 233]], [[1, 7, 265, 187, 333, 264], [3, 0, 0, 29, 541, 182], [3, 6, 228, 154, 237, 158], [3, 7, 362, 144, 367, 147], [3, 24, 368, 144, 374, 146], [255, 16777215, 232, 155, 506, 184]], [[1, 5, 279, 158, 295, 173], [1, 8, 263, 201, 339, 259], [1, 9, 357, 161, 373, 174], [3, 0, 201, 52, 599, 152]], [[1, 5, 0, 196, 69, 253], [1, 9, 277, 202, 333, 256], [3, 0, 0, 54, 599, 168]]], "distance_down_track": [1390.6380615234375, 47.443058013916016, 116.92906951904297, 621.9423217773438, 309.924072265625, 223.67938232421875, 621.7943725585938, 334.7231140136719, 211.67852783203125, 220.7982635498047], "velocity": [[-19.517379760742188, -1.6237965822219849, 9.425777435302734], [5.71586275100708, -0.8102050423622131, 21.073562622070312], [6.997860431671143, -1.0075478553771973, 20.212160110473633], [-0.030787086114287376, -0.49411869049072266, -4.407645225524902], [2.049329996109009, -1.464394450187683, 21.58856201171875], [18.41729736328125, 0.47994017601013184, -6.876410007476807], [-0.3388972580432892, -0.6388208866119385, -3.17376446723938], [2.7067108154296875, -0.19656047224998474, 20.521331787109375], [18.91558265686035, -0.06997320801019669, -8.407485008239746], [16.879480361938477, 1.0159553289413452, -16.17439079284668]]}