{"track": "tutorial", "karts": ["puffy", "hexley", "tux", "suzanne", "pidgin", "nolok", "beastie", "gavroche", "amanda", "adiumy"], "detections": [[[1, 0, 204, 201, 388, 328], [1, 1, 296, 153, 318, 174], [1, 3, 83, 167, 168, 210], [1, 4, 234, 158, 259, 171], [1, 7, 275, 168, 311, 201], [2, 0, 58, 116, 251, 157], [3, 0, 0, 33, 599, 399]], [[1, 1, 245, 195, 350, 347], [2, 0, 0, 129, 81, 162], [3, 0, 0, 73, 599, 399]], [[1, 2, 244, 197, 345, 287], [1, 5, 309, 161, 327, 176], [1, 9, 353, 171, 356, 173], [2, 0, 0, 156, 599, 399], [3, 0, 0, 0, 599, 287], [3, 6, 203, 0, 215, 7], [3, 8, 227, 51, 234, 53]], [[1, 1, 388, 156, 409, 185], [1, 3, 220, 201, 369, 321], [1, 4, 299, 161, 330, 179], [1, 7, 483, 194, 599, 265], [2, 0, 78, 105, 302, 159], [3, 0, 0, 20, 599, 399]], [[1, 1, 438, 178, 586, 263], [1, 4, 220, 217, 370, 324], [2, 0, 0, 68, 142, 231], [3, 0, 0, 20, 599, 399]], [[1, 0, 357, 207, 370, 215], [1, 1, 394, 191, 405, 198], [1, 3, 344, 195, 353, 202], [1, 4, 375, 187, 383, 192], [1, 5, 233, 205, 353, 324], [1, 7, 372, 201, 381, 207], [1, 8, 322, 195, 332, 203], [1, 9, 308, 185, 322, 198], [2, 0, 0, 157, 599, 399], [3, 0, 0, 0, 599, 261], [3, 8, 128, 36, 137, 45]], [[1, 2, 303, 158, 319, 172], [1, 5, 332, 157, 342, 163], [1, 6, 234, 185, 355, 291], [2, 0, 0, 158, 599, 399], [3, 0, 0, 15, 599, 337], [3, 6, 261, 4, 278, 31], [3, 7, 148, 3, 168, 24]], [[1, 1, 280, 154, 311, 186], [1, 4, 185, 162, 224, 183], [1, 7, 241, 205, 354, 320], [2, 0, 0, 101, 214, 160], [3, 0, 0, 32, 599, 399]], [[1, 1, 437, 159, 457, 183], [1, 3, 376, 178, 448, 228], [1, 4, 360, 162, 385, 177], [1, 7, 515, 183, 599, 225], [1, 8, 216, 184, 373, 320], [2, 0, 197, 117, 357, 160], [3, 0, 0, 22, 599, 399]], [[1, 0, 393, 237, 419, 255], [1, 1, 442, 205, 460, 217], [1, 3, 364, 214, 381, 226], [1, 4, 408, 200, 421, 208], [1, 7, 415, 223, 432, 235], [1, 8, 327, 214, 345, 228], [1, 9, 269, 196, 327, 252], [2, 0, 335, 160, 542, 195], [3, 0, 0, 0, 599, 399], [3, 8, 128, 48, 137, 59]]], "distance_down_track": [712.6583862304688, 712.6583862304688, 675.6192626953125, 675.6192626953125, 675.6192626953125, 694.2288208007812, 656.4569091796875, 694.2288208007812, 656.4569091796875, 633.04345703125], "velocity": [[-4.870948314666748, 0.09563187509775162, -0.6647437214851379], [-1.055599570274353, 0.2266482710838318, 0.2886747717857361], [-5.876611709594727, -1.566439151763916, -11.464242935180664], [-4.956943511962891, 0.09848576784133911, -0.6647553443908691], [-0.08106610178947449, 0.06788069009780884, 0.15384893119335175], [-1.2335699796676636, -0.19076082110404968, -1.3981525897979736], [-3.8304877281188965, -1.632448673248291, -13.940352439880371], [-4.898378372192383, 0.09353915601968765, -0.1980571448802948], [-4.8579254150390625, 0.09562475979328156, -1.2818562984466553], [-14.6301851272583, -10.3826265335083, -17.223224639892578]]}