{"track": "snowtuxpeak", "karts": ["pidgin", "amanda", "xue", "tux", "gavroche", "emule", "puffy", "sara_the_wizard", "beastie", "gnu"], "detections": [[[1, 0, 256, 211, 344, 269], [2, 0, 0, 166, 599, 399], [3, 0, 0, 0, 599, 334]], [[1, 1, 259, 192, 340, 258], [2, 0, 0, 151, 599, 399], [3, 0, 0, 0, 599, 268], [4, 6, 206, 145, 211, 150], [4, 7, 210, 145, 212, 150], [4, 8, 244, 148, 249, 153]], [[1, 1, 272, 153, 275, 158], [1, 2, 264, 187, 331, 262], [1, 3, 290, 158, 300, 165], [1, 4, 282, 157, 288, 162], [1, 5, 398, 188, 457, 223], [1, 6, 279, 156, 284, 160], [1, 7, 279, 154, 279, 157], [2, 0, 193, 151, 599, 399], [3, 0, 0, 0, 599, 399], [6, 21, 258, 152, 292, 177]], [[1, 1, 289, 160, 301, 169], [1, 3, 266, 198, 330, 252], [1, 4, 277, 176, 300, 197], [1, 6, 283, 167, 304, 180], [1, 7, 295, 162, 301, 172], [2, 0, 0, 153, 599, 399], [3, 0, 0, 0, 599, 283], [4, 8, 259, 150, 262, 153]], [[1, 1, 285, 162, 301, 174], [1, 4, 272, 203, 325, 254], [1, 6, 280, 175, 313, 196], [1, 7, 292, 165, 301, 181], [2, 0, 0, 153, 599, 399], [3, 0, 0, 0, 599, 273], [4, 8, 249, 150, 253, 153]], [[1, 1, 282, 153, 285, 158], [1, 2, 0, 234, 45, 293], [1, 3, 285, 158, 294, 165], [1, 4, 283, 157, 287, 162], [1, 5, 269, 199, 328, 259], [1, 6, 282, 156, 288, 160], [1, 7, 286, 154, 287, 156], [2, 0, 0, 150, 599, 399], [3, 0, 0, 0, 599, 282], [4, 8, 254, 147, 257, 149], [6, 21, 204, 150, 251, 178]], [[1, 1, 284, 166, 308, 184], [1, 6, 258, 201, 339, 256], [1, 7, 290, 173, 312, 208], [2, 0, 0, 152, 599, 399], [3, 0, 0, 0, 599, 276], [4, 8, 251, 150, 256, 153]], [[1, 1, 277, 170, 310, 197], [1, 6, 182, 318, 377, 399], [1, 7, 280, 188, 317, 259], [2, 0, 0, 152, 599, 399], [3, 0, 0, 0, 599, 278], [4, 8, 249, 150, 254, 154]], [[1, 1, 269, 149, 273, 153], [1, 2, 211, 162, 254, 199], [1, 3, 280, 152, 288, 159], [1, 4, 275, 152, 280, 156], [1, 5, 323, 167, 352, 189], [1, 6, 272, 151, 279, 155], [1, 7, 274, 149, 274, 150], [1, 8, 239, 221, 358, 285], [2, 0, 0, 147, 599, 399], [3, 0, 0, 0, 599, 316], [4, 8, 237, 144, 237, 144], [6, 21, 242, 146, 271, 165]], [[1, 9, 269, 147, 343, 241], [2, 0, 31, 146, 599, 399], [3, 0, 0, 0, 599, 399], [4, 4, 293, 152, 296, 154], [4, 5, 267, 156, 270, 161]]], "distance_down_track": [292.2973327636719, 381.72528076171875, 343.91949462890625, 364.8971862792969, 369.38427734375, 345.49871826171875, 374.2464599609375, 377.1214904785156, 339.9881591796875, 187.25059509277344], "velocity": [[2.9539358615875244, 2.243342161178589, -17.850791931152344], [21.608530044555664, 1.737026333808899, -1.569820761680603], [21.3006591796875, 1.7658917903900146, -7.108198165893555], [23.196102142333984, 1.9724955558776855, -2.368557929992676], [23.135778427124023, 1.9693700075149536, -2.9012677669525146], [22.706676483154297, 1.6832314729690552, -3.455547332763672], [24.208784103393555, 2.040126323699951, -2.6157116889953613], [23.199125289916992, 1.9589983224868774, -2.3500752449035645], [13.055990219116211, 1.1029421091079712, -3.550387382507324], [-1.643463373184204, 0.357918381690979, -16.455005645751953]]}