{"track": "overworld", "karts": ["beastie", "kiki", "hexley", "emule", "amanda", "wilber", "adiumy", "xue", "suzanne", "nolok"], "detections": [[[1, 0, 252, 188, 349, 271], [3, 0, 0, 83, 521, 164], [3, 7, 299, 151, 301, 152], [3, 8, 298, 152, 298, 152], [3, 24, 302, 151, 303, 152]], [[1, 1, 265, 182, 331, 257], [1, 2, 391, 185, 392, 187], [3, 0, 0, 54, 599, 197]], [[1, 2, 277, 196, 332, 271], [1, 5, 494, 119, 498, 121], [1, 8, 428, 131, 434, 134], [1, 9, 458, 128, 463, 130], [2, 0, 393, 131, 398, 135], [3, 0, 0, 0, 599, 226], [3, 6, 426, 94, 426, 94]], [[1, 3, 241, 199, 359, 328], [1, 6, 248, 205, 359, 306], [2, 7, 214, 154, 289, 170], [2, 24, 290, 153, 388, 171], [3, 0, 0, 0, 599, 178], [3, 7, 125, 0, 289, 168], [3, 24, 286, 0, 462, 169]], [[1, 4, 260, 192, 341, 260], [1, 7, 330, 136, 336, 141], [3, 0, 0, 93, 528, 184]], [[1, 0, 284, 163, 285, 164], [1, 5, 260, 189, 330, 255], [3, 0, 0, 84, 365, 170], [3, 7, 277, 161, 278, 161], [3, 24, 279, 161, 281, 162], [3, 25, 282, 162, 282, 162]], [[1, 3, 243, 185, 352, 304], [1, 6, 249, 190, 354, 294], [2, 7, 216, 153, 290, 170], [2, 24, 291, 153, 388, 171], [3, 0, 0, 0, 599, 181], [3, 7, 131, 0, 290, 166], [3, 24, 290, 0, 464, 170]], [[1, 7, 261, 186, 329, 264], [3, 0, 202, 101, 599, 195]], [[1, 5, 278, 148, 284, 152], [1, 8, 263, 201, 334, 255], [1, 9, 292, 160, 304, 171], [3, 0, 0, 0, 599, 177], [3, 24, 234, 135, 235, 135]], [[1, 5, 278, 154, 286, 161], [1, 9, 270, 203, 326, 255], [3, 0, 0, 60, 599, 164], [3, 7, 240, 141, 241, 141], [3, 24, 242, 141, 244, 142]]], "distance_down_track": [174.48123168945312, 1371.6131591796875, 1435.6312255859375, 608.0795288085938, 1071.398681640625, 76.25732421875, 607.8534545898438, 1107.720703125, 39.096073150634766, 50.202003479003906], "velocity": [[-0.4460252821445465, 0.06937146186828613, 18.987010955810547], [-19.285913467407227, 1.089687705039978, 3.6848738193511963], [-13.302623748779297, -4.188338279724121, 13.863988876342773], [-0.2308395951986313, -0.08843374997377396, 2.2363712787628174], [6.713189125061035, -0.38903534412384033, -20.668622970581055], [2.0499961376190186, 0.8788576126098633, 21.73586082458496], [0.1189916804432869, 0.8074226975440979, 0.30409976840019226], [0.004441570956259966, 2.3970160484313965, -20.560745239257812], [7.054008483886719, -0.9470490217208862, 21.871076583862305], [5.445104122161865, -0.793695867061615, 22.332059860229492]]}