{"track": "tutorial", "karts": ["puffy", "hexley", "tux", "suzanne", "pidgin", "nolok", "beastie", "gavroche", "amanda", "adiumy"], "detections": [[[1, 0, 207, 200, 389, 330], [2, 0, 0, 120, 89, 159], [3, 0, 0, 65, 599, 399]], [[1, 0, 388, 201, 400, 208], [1, 1, 241, 192, 351, 349], [2, 0, 0, 163, 599, 399], [3, 0, 0, 0, 599, 331], [3, 8, 115, 36, 125, 47]], [[1, 1, 378, 162, 387, 167], [1, 2, 268, 198, 326, 249], [1, 5, 349, 170, 360, 178], [1, 7, 306, 180, 331, 203], [1, 9, 316, 171, 334, 186], [2, 0, 0, 170, 599, 399], [3, 0, 0, 50, 599, 385], [3, 6, 342, 38, 357, 60], [3, 7, 253, 46, 266, 61]], [[1, 2, 244, 134, 247, 136], [1, 3, 264, 201, 335, 253], [1, 4, 235, 141, 240, 143], [1, 5, 272, 136, 273, 136], [1, 7, 251, 134, 251, 135], [1, 9, 257, 135, 257, 135], [2, 0, 0, 136, 599, 399], [3, 0, 0, 13, 599, 278], [3, 6, 320, 53, 331, 67], [3, 7, 264, 50, 274, 61]], [[1, 1, 439, 174, 447, 178], [1, 2, 344, 168, 353, 175], [1, 4, 264, 209, 333, 254], [1, 7, 358, 170, 366, 175], [1, 9, 370, 171, 375, 173], [2, 0, 0, 173, 599, 399], [3, 0, 0, 73, 599, 278], [3, 6, 455, 62, 474, 83], [3, 7, 370, 79, 382, 91]], [[1, 1, 309, 145, 324, 157], [1, 5, 265, 202, 325, 261], [2, 0, 0, 155, 599, 399], [3, 0, 0, 0, 599, 399], [3, 6, 223, 0, 243, 21], [3, 7, 95, 0, 120, 13], [3, 8, 254, 56, 255, 58]], [[1, 6, 258, 187, 352, 270], [2, 0, 104, 149, 599, 399], [3, 0, 0, 94, 599, 399], [5, 20, 288, 155, 294, 163], [5, 21, 258, 154, 265, 163], [5, 22, 218, 154, 225, 164]], [[1, 1, 371, 159, 381, 166], [1, 5, 342, 171, 354, 180], [1, 7, 268, 202, 323, 259], [1, 9, 298, 175, 325, 198], [2, 0, 0, 168, 599, 399], [3, 0, 0, 43, 599, 399], [3, 6, 328, 31, 343, 54], [3, 7, 236, 39, 250, 55]], [[1, 6, 198, 157, 223, 175], [1, 8, 264, 190, 343, 259], [2, 0, 0, 146, 599, 399], [3, 0, 0, 109, 599, 399], [5, 18, 309, 168, 328, 189], [5, 19, 367, 165, 384, 183], [5, 20, 167, 149, 173, 154], [5, 21, 143, 148, 149, 155], [5, 22, 110, 147, 117, 155]], [[1, 1, 294, 153, 304, 160], [1, 5, 282, 170, 296, 182], [1, 9, 276, 197, 328, 248], [2, 0, 0, 160, 599, 399], [3, 0, 0, 14, 599, 329], [3, 6, 217, 12, 235, 39], [3, 7, 90, 1, 115, 26]]], "distance_down_track": [712.6583862304688, 712.6583862304688, 420.1153259277344, 420.1153259277344, 420.1153259277344, 512.133544921875, 409.40948486328125, 473.2306823730469, 392.1418762207031, 383.7624206542969], "velocity": [[-1.2658928632736206, 0.20955070853233337, 0.0682254508137703], [-0.14319947361946106, 0.08172169327735901, 0.009750167839229107], [0.7520880699157715, -2.565898895263672, -25.862144470214844], [4.491840362548828, -3.77673602104187, -22.238697052001953], [11.809685707092285, -0.35758060216903687, -21.062429428100586], [-7.6941046714782715, -2.8146960735321045, -19.534526824951172], [-18.76250457763672, 1.0216221809387207, -5.139866352081299], [-1.260627031326294, -2.4942398071289062, -21.902420043945312], [-22.317575454711914, 0.5142909288406372, 5.762118816375732], [-3.963933229446411, -3.0887436866760254, -24.1323299407959]]}