{"track": "overworld", "karts": ["beastie", "kiki", "hexley", "emule", "amanda", "wilber", "adiumy", "xue", "suzanne", "nolok"], "detections": [[[1, 0, 256, 189, 336, 259], [3, 0, 0, 87, 377, 146], [3, 7, 285, 141, 288, 142], [3, 24, 289, 141, 292, 142]], [[1, 1, 262, 181, 333, 261], [1, 2, 401, 163, 409, 168], [1, 7, 465, 181, 466, 183], [1, 8, 166, 367, 332, 399], [1, 9, 405, 168, 409, 169], [3, 0, 0, 24, 599, 203]], [[1, 2, 272, 196, 326, 271], [1, 7, 331, 179, 333, 182], [1, 9, 260, 181, 289, 205], [3, 0, 0, 79, 599, 204]], [[1, 3, 230, 195, 349, 307], [1, 6, 349, 251, 363, 266], [2, 7, 334, 246, 345, 251], [2, 24, 346, 246, 457, 267], [3, 0, 0, 0, 599, 282], [3, 7, 225, 0, 344, 256], [3, 24, 339, 0, 521, 268]], [[1, 4, 265, 191, 346, 262], [3, 0, 0, 65, 599, 229]], [[1, 0, 262, 149, 263, 151], [1, 5, 262, 190, 332, 256], [3, 0, 0, 64, 587, 156], [3, 7, 263, 147, 264, 147], [3, 24, 265, 147, 267, 147]], [[1, 6, 251, 190, 354, 305], [2, 7, 0, 335, 244, 399], [2, 24, 236, 337, 599, 399], [3, 0, 0, 0, 599, 184], [3, 7, 0, 48, 290, 338], [3, 24, 245, 48, 599, 340]], [[1, 7, 268, 187, 336, 264], [2, 0, 413, 136, 417, 140], [3, 0, 0, 5, 599, 184]], [[1, 1, 310, 164, 347, 207], [1, 2, 440, 159, 449, 163], [1, 7, 517, 178, 520, 180], [1, 8, 253, 208, 342, 270], [1, 9, 444, 161, 450, 165], [3, 0, 0, 0, 599, 399]], [[1, 7, 325, 179, 330, 183], [1, 9, 270, 203, 329, 258], [3, 0, 0, 82, 599, 211]]], "distance_down_track": [134.88156127929688, 1354.586669921875, 1388.1446533203125, 621.9133911132812, 1029.690673828125, 69.07594299316406, 621.7354736328125, 1418.77734375, 1351.8553466796875, 1391.88916015625], "velocity": [[3.469048023223877, -1.0225356817245483, 23.486780166625977], [-17.709156036376953, 2.4411439895629883, -3.79150128364563], [-17.994455337524414, -0.16041040420532227, 7.930073261260986], [0.04731094092130661, 0.5054545402526855, 0.20493921637535095], [4.325257778167725, -0.15047617256641388, -21.29975700378418], [3.2349693775177, 0.54585200548172, 21.60230255126953], [-0.0071106296963989735, -0.03732426092028618, 0.10971029102802277], [-15.818318367004395, -4.227243423461914, 12.664958000183105], [-15.882805824279785, 2.3652350902557373, -5.485009670257568], [-18.5565128326416, -1.3764244318008423, 9.272830963134766]]}