{"track": "overworld", "karts": ["beastie", "kiki", "hexley", "emule", "amanda", "wilber", "adiumy", "xue", "suzanne", "nolok"], "detections": [[[1, 0, 255, 188, 340, 261], [1, 7, 369, 147, 382, 155], [3, 0, 0, 108, 521, 161], [3, 1, 159, 149, 173, 156], [3, 2, 171, 139, 177, 145], [3, 3, 169, 133, 173, 138], [3, 4, 167, 124, 174, 131], [3, 7, 184, 123, 202, 152], [3, 8, 184, 126, 188, 131], [3, 24, 198, 123, 218, 151], [3, 25, 204, 123, 217, 141]], [[1, 1, 267, 183, 328, 253], [1, 2, 290, 167, 290, 169], [1, 6, 294, 166, 297, 168], [2, 7, 268, 165, 291, 168], [2, 24, 292, 164, 320, 168], [3, 0, 0, 17, 599, 174], [3, 7, 244, 71, 291, 168], [3, 8, 249, 91, 252, 94], [3, 24, 287, 71, 334, 168], [3, 25, 316, 82, 334, 113]], [[1, 2, 245, 192, 355, 350], [1, 6, 367, 143, 493, 250], [2, 7, 72, 148, 315, 206], [2, 24, 315, 140, 599, 205], [3, 7, 0, 0, 314, 201], [3, 24, 314, 0, 599, 147]], [[1, 3, 262, 199, 341, 280], [3, 0, 0, 79, 594, 160], [3, 7, 436, 148, 436, 148], [3, 24, 437, 148, 439, 148], [3, 25, 442, 149, 442, 149]], [[1, 4, 260, 192, 341, 260], [3, 0, 35, 0, 599, 168]], [[1, 4, 360, 160, 373, 171], [1, 5, 250, 188, 332, 266], [3, 0, 0, 0, 599, 161]], [[1, 2, 0, 221, 222, 388], [1, 6, 253, 190, 353, 299], [2, 7, 3, 231, 257, 292], [2, 24, 256, 230, 599, 295], [3, 7, 0, 0, 265, 281], [3, 24, 258, 0, 599, 231]], [[1, 7, 265, 186, 333, 264], [3, 0, 198, 120, 444, 158]], [[1, 8, 265, 201, 342, 262], [1, 9, 344, 154, 347, 157], [3, 0, 0, 47, 599, 185]], [[1, 9, 269, 203, 330, 259], [2, 0, 418, 169, 426, 176], [3, 0, 0, 50, 568, 168], [3, 4, 501, 139, 502, 139], [3, 7, 507, 137, 513, 140], [3, 8, 506, 139, 506, 139], [3, 24, 513, 137, 520, 140], [3, 25, 518, 138, 518, 138]]], "distance_down_track": [333.0273132324219, 160.1875, 160.1875, 148.71401977539062, 1197.971923828125, 1180.500244140625, 621.855224609375, 486.62445068359375, 1406.56884765625, 1453.7916259765625], "velocity": [[10.655610084533691, -3.03787899017334, 18.69864845275879], [0.051158711314201355, -1.6641085147857666, 21.78647804260254], [-0.023928619921207428, 0.08253657072782516, 0.1691323220729828], [-7.696008205413818, 0.030581742525100708, 13.33950424194336], [-2.854714870452881, 0.9781229496002197, -21.524497985839844], [0.7344951629638672, 0.8146017789840698, -18.634065628051758], [0.04917808994650841, 0.51286780834198, 0.4850460886955261], [19.85624885559082, 1.0411126613616943, -5.756340980529785], [-17.48253059387207, -3.452343225479126, 10.53244400024414], [-13.023077964782715, -3.7405786514282227, 15.649199485778809]]}