{"track": "tutorial", "karts": ["puffy", "hexley", "tux", "suzanne", "pidgin", "nolok", "beastie", "gavroche", "amanda", "adiumy"], "detections": [[[1, 0, 236, 200, 361, 291], [1, 1, 429, 137, 442, 146], [1, 5, 310, 143, 324, 154], [2, 0, 325, 112, 408, 134], [3, 0, 0, 0, 599, 399], [3, 8, 90, 9, 102, 23]], [[1, 1, 240, 193, 347, 348], [2, 0, 0, 133, 132, 219], [3, 0, 0, 88, 599, 399]], [[1, 2, 266, 198, 333, 254], [1, 4, 92, 140, 102, 144], [2, 0, 75, 141, 599, 399], [3, 0, 0, 113, 599, 399], [5, 17, 238, 162, 247, 171], [5, 18, 282, 161, 292, 171], [5, 19, 315, 161, 324, 170], [5, 20, 176, 146, 180, 150], [5, 21, 159, 145, 163, 149]], [[1, 3, 270, 200, 329, 244], [2, 0, 0, 142, 599, 399], [3, 0, 0, 0, 599, 282], [3, 6, 305, 63, 316, 76], [3, 7, 251, 58, 261, 69]], [[1, 4, 267, 209, 336, 254], [1, 9, 252, 161, 264, 171], [2, 0, 0, 157, 599, 399], [3, 0, 0, 115, 599, 399], [3, 6, 93, 126, 105, 136], [3, 7, 10, 109, 26, 120]], [[1, 1, 447, 162, 464, 180], [1, 5, 235, 204, 349, 317], [2, 0, 244, 124, 375, 160], [3, 0, 0, 20, 599, 399]], [[1, 2, 246, 163, 262, 175], [1, 4, 19, 139, 29, 142], [1, 6, 256, 189, 344, 263], [2, 0, 76, 147, 599, 399], [3, 0, 0, 116, 599, 399], [5, 6, 535, 192, 576, 224], [5, 7, 423, 191, 463, 225], [5, 17, 199, 157, 204, 163], [5, 18, 225, 157, 230, 162], [5, 19, 244, 157, 249, 162], [5, 20, 110, 146, 114, 149], [5, 21, 95, 145, 100, 148]], [[1, 7, 268, 203, 323, 258], [2, 0, 0, 157, 599, 399], [3, 0, 0, 7, 599, 391], [3, 6, 231, 0, 250, 27], [3, 7, 106, 0, 131, 19], [3, 8, 260, 62, 260, 62]], [[1, 2, 177, 160, 186, 166], [1, 6, 221, 161, 237, 173], [1, 8, 260, 191, 342, 257], [2, 0, 60, 156, 599, 399], [3, 0, 0, 112, 599, 399], [5, 6, 285, 165, 292, 172], [5, 7, 257, 164, 265, 171], [5, 17, 118, 157, 123, 160], [5, 18, 138, 157, 143, 161], [5, 19, 153, 158, 157, 161]], [[1, 9, 273, 195, 329, 249], [2, 0, 0, 161, 599, 399], [3, 0, 0, 120, 599, 323], [3, 6, 196, 136, 198, 138], [3, 7, 144, 127, 152, 133]]], "distance_down_track": [708.9154052734375, 712.6583862304688, 374.73779296875, 365.0060729980469, 365.0060729980469, 455.9293518066406, 354.56878662109375, 400.4352722167969, 332.51373291015625, 322.0356140136719], "velocity": [[-4.573117256164551, -15.270800590515137, -4.713578224182129], [-0.15073953568935394, 0.07916282117366791, 0.03948843851685524], [-20.609458923339844, 0.2560305893421173, 8.552101135253906], [4.121665000915527, -4.683637619018555, -28.832714080810547], [-13.699359893798828, 1.7741179466247559, -19.809154510498047], [-4.678447723388672, 0.10277915745973587, -1.9089312553405762], [-15.48584270477295, 0.21758317947387695, 15.213887214660645], [-7.651701927185059, -3.0878207683563232, -20.752824783325195], [-8.372734069824219, 1.1063721179962158, 20.42578887939453], [-7.345486164093018, 1.504382610321045, -21.743518829345703]]}