{"track": "volcano_island", "karts": ["gavroche", "adiumy", "amanda", "nolok", "tux", "konqi", "kiki", "pidgin", "sara_the_racer", "suzanne"], "detections": [[[1, 0, 274, 203, 330, 258], [2, 0, 0, 159, 599, 399], [3, 0, 0, 0, 599, 295]], [[1, 1, 263, 194, 344, 277], [1, 3, 230, 160, 235, 166], [1, 8, 283, 152, 295, 170], [1, 9, 308, 165, 347, 190], [2, 0, 205, 157, 599, 399], [3, 0, 0, 0, 599, 399]], [[1, 2, 265, 191, 348, 263], [2, 0, 0, 161, 599, 399], [3, 0, 0, 0, 599, 294]], [[1, 3, 273, 203, 332, 259], [1, 5, 261, 162, 281, 180], [2, 0, 0, 154, 599, 399], [3, 0, 0, 0, 599, 303], [3, 97, 345, 155, 347, 155], [3, 183, 355, 140, 355, 152], [3, 189, 313, 141, 313, 146], [3, 192, 297, 152, 297, 155], [3, 201, 210, 157, 210, 157], [3, 347, 336, 153, 344, 161]], [[1, 4, 268, 198, 337, 258], [1, 6, 229, 161, 237, 171], [1, 9, 200, 167, 200, 167], [2, 0, 0, 165, 599, 399], [3, 0, 0, 0, 599, 313], [5, 15, 219, 167, 221, 170], [5, 16, 267, 160, 270, 165], [5, 28, 244, 162, 247, 167]], [[1, 5, 266, 191, 343, 265], [2, 0, 0, 157, 599, 399], [3, 0, 0, 0, 599, 295], [3, 97, 402, 157, 405, 158], [3, 183, 415, 139, 417, 159], [3, 189, 365, 141, 365, 147], [3, 192, 347, 153, 347, 155], [3, 201, 255, 157, 255, 157], [3, 347, 390, 154, 406, 166]], [[1, 1, 202, 175, 228, 199], [1, 3, 210, 165, 220, 171], [1, 6, 273, 183, 334, 252], [1, 8, 251, 160, 257, 172], [1, 9, 251, 168, 270, 181], [2, 0, 0, 162, 599, 399], [3, 0, 0, 0, 599, 298], [3, 183, 204, 149, 206, 163], [5, 15, 270, 193, 283, 207], [5, 16, 460, 171, 481, 195], [5, 28, 370, 175, 387, 200]], [[1, 7, 266, 210, 341, 263], [2, 0, 0, 154, 599, 399], [3, 0, 0, 0, 599, 304], [3, 61, 343, 156, 353, 161], [3, 216, 362, 162, 362, 162], [3, 220, 358, 160, 362, 162]], [[1, 3, 226, 170, 245, 187], [1, 5, 212, 160, 226, 171], [1, 8, 282, 176, 326, 259], [2, 0, 0, 154, 599, 399], [3, 0, 0, 0, 599, 260], [3, 189, 255, 142, 256, 145], [3, 192, 241, 155, 241, 157], [3, 347, 277, 153, 280, 155]], [[1, 3, 248, 164, 260, 173], [1, 5, 220, 159, 232, 167], [1, 8, 300, 160, 313, 185], [1, 9, 268, 200, 337, 256], [2, 0, 0, 155, 599, 399], [3, 0, 0, 0, 599, 317], [3, 183, 270, 143, 271, 152], [3, 189, 233, 144, 233, 148], [3, 192, 220, 156, 220, 158], [3, 347, 255, 154, 261, 158]]], "distance_down_track": [1057.9007568359375, 1125.492431640625, 949.0870971679688, 1146.4603271484375, 1097.2828369140625, 1156.1427001953125, 1119.5625, 1222.0733642578125, 1138.4520263671875, 1131.3450927734375], "velocity": [[3.3427927494049072, -0.5580649971961975, 21.376008987426758], [-13.497782707214355, -1.2176697254180908, 3.5803143978118896], [0.16228245198726654, -0.5311930775642395, -22.647756576538086], [-19.845558166503906, -1.5449678897857666, -7.537781238555908], [-15.334193229675293, -1.3718667030334473, 13.871668815612793], [-17.375070571899414, -1.4857159852981567, -11.153005599975586], [-21.744741439819336, -1.848265290260315, 4.893202304840088], [8.09616470336914, -0.6887297630310059, -20.159067153930664], [-19.390457153320312, -1.5071851015090942, -2.907010316848755], [-23.140850067138672, -1.839011549949646, -0.8999998569488525]]}