{"track": "tutorial", "karts": ["puffy", "hexley", "tux", "suzanne", "pidgin", "nolok", "beastie", "gavroche", "amanda", "adiumy"], "detections": [[[1, 0, 214, 199, 380, 328], [1, 5, 24, 201, 184, 292], [1, 9, 0, 200, 57, 245], [2, 0, 0, 74, 74, 114], [3, 0, 0, 15, 599, 399]], [[1, 0, 345, 157, 366, 171], [1, 1, 241, 193, 349, 349], [1, 2, 277, 155, 296, 168], [1, 3, 273, 153, 292, 164], [1, 5, 320, 157, 334, 169], [1, 6, 236, 150, 259, 166], [1, 7, 256, 156, 276, 167], [1, 9, 295, 154, 308, 167], [2, 0, 157, 123, 292, 155], [3, 0, 0, 36, 599, 399]], [[1, 0, 482, 179, 599, 243], [1, 2, 231, 196, 365, 311], [1, 3, 156, 173, 280, 256], [1, 5, 394, 182, 497, 242], [1, 6, 0, 204, 61, 291], [1, 7, 0, 213, 201, 373], [1, 9, 278, 175, 350, 237], [2, 0, 0, 53, 196, 188], [3, 0, 0, 12, 599, 399]], [[1, 0, 369, 157, 425, 192], [1, 2, 356, 202, 545, 323], [1, 3, 234, 201, 382, 338], [1, 5, 337, 169, 401, 212], [1, 7, 319, 305, 599, 399], [1, 9, 289, 178, 356, 237], [2, 0, 0, 270, 2, 273], [3, 0, 0, 1, 599, 399]], [[1, 4, 252, 209, 330, 261], [2, 0, 0, 152, 599, 399], [3, 0, 0, 0, 599, 343], [3, 6, 159, 0, 165, 3], [3, 8, 182, 43, 186, 51]], [[1, 0, 427, 203, 599, 366], [1, 2, 0, 293, 2, 298], [1, 3, 0, 225, 48, 267], [1, 5, 237, 205, 358, 320], [1, 9, 35, 189, 172, 293], [2, 0, 0, 90, 146, 205], [3, 0, 0, 56, 599, 399]], [[1, 0, 453, 182, 524, 214], [1, 2, 399, 191, 495, 250], [1, 3, 319, 184, 379, 233], [1, 5, 407, 186, 473, 211], [1, 6, 205, 179, 380, 331], [1, 7, 332, 202, 449, 285], [1, 9, 359, 184, 407, 217], [2, 0, 0, 60, 240, 224], [3, 0, 0, 29, 599, 399]], [[1, 0, 561, 193, 599, 225], [1, 2, 375, 196, 521, 292], [1, 3, 280, 175, 379, 245], [1, 5, 467, 187, 588, 241], [1, 6, 8, 170, 242, 364], [1, 7, 238, 205, 351, 319], [1, 9, 368, 177, 423, 228], [2, 0, 0, 51, 262, 188], [3, 0, 0, 17, 599, 399]], [[1, 8, 262, 192, 337, 253], [2, 0, 0, 174, 599, 399], [3, 0, 0, 72, 599, 325], [3, 6, 447, 62, 465, 82], [3, 7, 361, 78, 374, 91]], [[1, 2, 0, 199, 255, 399], [1, 3, 37, 192, 239, 285], [1, 5, 483, 195, 599, 364], [1, 9, 254, 190, 358, 306], [2, 0, 0, 125, 259, 221], [3, 0, 0, 70, 599, 399]]], "distance_down_track": [712.6583862304688, 712.6583862304688, 576.2125244140625, 561.7310180664062, 561.7310180664062, 619.34228515625, 561.7310180664062, 590.8922729492188, 547.9110717773438, 547.9110717773438], "velocity": [[2.5092661380767822, 0.30599093437194824, -0.16609874367713928], [-4.746959209442139, 0.11700885742902756, -1.1874258518218994], [-0.0605427622795105, 0.11210095882415771, 0.7976740598678589], [-2.1905648708343506, -0.2304471880197525, 2.039703845977783], [-9.670485496520996, -2.9638984203338623, -21.92987632751465], [-0.10469956696033478, 0.08468382060527802, 0.008622653782367706], [-0.7776014804840088, 0.11319337785243988, 0.7361551523208618], [-0.482769638299942, 0.02593214437365532, 0.030651181936264038], [11.342398643493652, -0.39520102739334106, -21.317041397094727], [0.14032290875911713, -0.009332502260804176, 3.1279666423797607]]}