{"track": "overworld", "karts": ["beastie", "kiki", "hexley", "emule", "amanda", "wilber", "adiumy", "xue", "suzanne", "nolok"], "detections": [[[1, 0, 259, 189, 345, 265], [3, 0, 0, 84, 599, 164], [3, 7, 0, 120, 35, 164], [3, 8, 0, 121, 8, 125], [3, 24, 21, 120, 65, 163], [3, 25, 35, 122, 63, 153]], [[1, 1, 269, 173, 330, 244], [1, 2, 347, 168, 351, 170], [3, 0, 0, 86, 373, 170], [3, 7, 280, 162, 282, 162], [3, 24, 283, 162, 285, 162]], [[1, 2, 270, 196, 322, 266], [1, 8, 583, 157, 590, 160], [3, 0, 20, 108, 592, 155], [3, 4, 32, 153, 36, 153], [3, 7, 55, 151, 55, 151]], [[1, 3, 243, 199, 359, 318], [1, 6, 343, 245, 454, 356], [2, 7, 45, 225, 269, 282], [2, 24, 270, 224, 599, 290], [3, 7, 0, 0, 271, 271], [3, 24, 270, 0, 599, 224]], [[1, 4, 257, 191, 338, 261], [1, 7, 289, 155, 296, 161], [3, 0, 0, 0, 599, 172]], [[1, 4, 353, 161, 356, 163], [1, 5, 251, 188, 331, 265], [1, 7, 348, 155, 349, 156], [3, 0, 0, 0, 599, 161]], [[1, 3, 144, 154, 267, 280], [1, 6, 257, 193, 347, 284], [2, 7, 0, 150, 184, 216], [2, 24, 180, 152, 478, 212], [3, 0, 564, 98, 599, 196], [3, 7, 0, 0, 179, 151], [3, 24, 165, 0, 599, 201]], [[1, 7, 268, 187, 336, 265], [3, 0, 0, 0, 599, 177]], [[1, 5, 423, 163, 441, 174], [1, 8, 264, 200, 340, 260], [1, 9, 310, 176, 328, 188], [3, 0, 181, 36, 599, 161]], [[1, 5, 436, 156, 464, 174], [1, 9, 263, 202, 325, 261], [3, 0, 0, 0, 599, 152]]], "distance_down_track": [344.944580078125, 79.31856536865234, 148.96157836914062, 621.85693359375, 1246.57177734375, 1181.74365234375, 621.7516479492188, 1274.35986328125, 225.10427856445312, 1169.2894287109375], "velocity": [[16.068273544311523, -1.7782607078552246, 14.527854919433594], [1.1850131750106812, 0.909222424030304, 21.79888916015625], [15.930959701538086, 0.11511144042015076, 14.307615280151367], [-0.11272916942834854, 0.5619365572929382, 0.6020792126655579], [-1.331555724143982, 1.5653417110443115, -21.637624740600586], [0.031159039586782455, 0.8322235345840454, -18.89073944091797], [0.024863071739673615, 0.6337628960609436, 1.8061163425445557], [0.5043845772743225, 2.021578073501587, -20.48273468017578], [19.533130645751953, -0.36497631669044495, -7.11553430557251], [13.222319602966309, -0.1644904613494873, -14.097445487976074]]}