{"track": "tutorial", "karts": ["puffy", "hexley", "tux", "suzanne", "pidgin", "nolok", "beastie", "gavroche", "amanda", "adiumy"], "detections": [[[1, 0, 208, 201, 388, 329], [2, 0, 0, 84, 139, 171], [3, 0, 0, 17, 599, 399]], [[1, 0, 334, 159, 358, 175], [1, 1, 242, 193, 349, 349], [1, 4, 244, 122, 251, 124], [2, 0, 141, 122, 285, 156], [3, 0, 0, 35, 599, 399]], [[1, 2, 269, 198, 341, 255], [2, 0, 0, 131, 599, 399], [3, 0, 0, 0, 599, 377]], [[1, 3, 266, 201, 337, 256], [2, 0, 0, 156, 599, 399], [3, 0, 0, 13, 599, 298]], [[1, 4, 226, 217, 374, 325], [1, 6, 262, 164, 269, 167], [2, 0, 0, 167, 599, 399], [3, 0, 0, 40, 599, 237]], [[1, 5, 249, 204, 338, 291], [1, 7, 246, 153, 246, 153], [1, 8, 243, 149, 247, 153], [1, 9, 247, 142, 249, 144], [2, 0, 0, 111, 599, 399], [3, 0, 0, 0, 599, 363]], [[1, 5, 246, 174, 259, 182], [1, 6, 235, 184, 371, 302], [1, 7, 98, 149, 102, 152], [1, 8, 106, 149, 110, 153], [1, 9, 88, 139, 92, 142], [2, 0, 60, 119, 599, 229], [3, 0, 0, 1, 599, 399]], [[1, 7, 264, 204, 342, 283], [1, 9, 321, 134, 333, 144], [2, 0, 0, 98, 599, 399], [3, 0, 0, 0, 599, 209]], [[1, 7, 305, 165, 325, 188], [1, 8, 234, 173, 355, 277], [1, 9, 325, 132, 334, 140], [2, 0, 0, 98, 599, 399], [3, 0, 0, 0, 599, 199]], [[1, 9, 276, 196, 343, 260], [2, 0, 0, 124, 599, 399], [3, 0, 0, 0, 599, 233]]], "distance_down_track": [712.6583862304688, 712.6583862304688, 753.8200073242188, 753.8200073242188, 741.5721435546875, 753.8200073242188, 741.5721435546875, 753.8200073242188, 741.5721435546875, 741.5721435546875], "velocity": [[-7.961435317993164, 0.13235634565353394, 0.33294183015823364], [-4.829245090484619, 0.10837358981370926, -1.0795915126800537], [-16.103927612304688, 1.9800747632980347, 16.301620483398438], [-1.1556919813156128, 0.32829806208610535, 22.968599319458008], [-4.074428558349609, 0.013212092220783234, 1.4368836879730225], [-8.493694305419922, -1.147834300994873, -7.667439937591553], [-8.122261047363281, -1.3354122638702393, -1.0398083925247192], [-8.008320808410645, 0.07692822813987732, -12.274483680725098], [-6.508002281188965, -0.3816947042942047, -10.163947105407715], [-13.464363098144531, 1.5339585542678833, -12.704641342163086]]}