{"track": "snowtuxpeak", "karts": ["pidgin", "amanda", "xue", "tux", "gavroche", "emule", "puffy", "sara_the_wizard", "beastie", "gnu"], "detections": [[[1, 0, 218, 215, 325, 305], [2, 0, 259, 0, 599, 215], [3, 0, 0, 0, 599, 399]], [[1, 0, 298, 114, 318, 138], [1, 1, 196, 179, 319, 302], [1, 4, 263, 144, 312, 189], [1, 8, 459, 49, 479, 71], [2, 0, 383, 2, 599, 387], [3, 0, 0, 0, 599, 399]], [[1, 2, 269, 189, 330, 256], [1, 5, 210, 199, 274, 254], [2, 0, 0, 0, 599, 399], [3, 0, 0, 0, 599, 260]], [[1, 3, 287, 199, 312, 223], [1, 6, 353, 198, 365, 210], [1, 8, 518, 77, 599, 187], [3, 0, 0, 0, 599, 399]], [[1, 0, 483, 228, 559, 268], [1, 4, 224, 202, 321, 280], [3, 0, 0, 151, 599, 399]], [[1, 2, 325, 187, 399, 260], [1, 5, 270, 200, 330, 260], [1, 7, 487, 143, 488, 143], [2, 0, 0, 0, 599, 399], [3, 0, 0, 0, 599, 278]], [[1, 3, 125, 257, 187, 303], [1, 6, 293, 199, 307, 214], [2, 0, 551, 114, 599, 142], [3, 0, 0, 0, 599, 399]], [[1, 7, 280, 188, 320, 266], [2, 0, 0, 155, 599, 399], [3, 0, 0, 0, 599, 342]], [[1, 2, 447, 321, 454, 327], [1, 5, 440, 322, 446, 327], [1, 7, 549, 319, 549, 319], [1, 8, 230, 180, 387, 321], [2, 0, 410, 249, 599, 385], [3, 0, 0, 158, 599, 399], [4, 14, 537, 316, 556, 329], [4, 15, 494, 315, 511, 327], [4, 16, 455, 315, 471, 326], [4, 17, 417, 314, 432, 325]], [[1, 0, 442, 135, 447, 140], [1, 1, 395, 133, 401, 138], [1, 4, 411, 134, 416, 139], [1, 8, 513, 161, 520, 162], [1, 9, 272, 160, 328, 227], [2, 0, 0, 146, 599, 399], [3, 0, 0, 89, 599, 239], [3, 1, 42, 30, 82, 78], [5, 12, 352, 147, 352, 149], [5, 13, 381, 146, 382, 147]]], "distance_down_track": [835.4943237304688, 835.4943237304688, 898.5205688476562, 853.6234741210938, 835.4943237304688, 898.5018920898438, 855.4740600585938, 935.885986328125, 855.4740600585938, 782.1882934570312], "velocity": [[-5.287743091583252, -3.0539934635162354, -11.220382690429688], [-3.14455509185791, 0.8277730941772461, -8.935590744018555], [-23.649574279785156, -0.5650676488876343, 5.138635158538818], [-13.911759376525879, -11.599411964416504, -10.208017349243164], [-5.396370887756348, 2.29439640045166, -8.451522827148438], [-20.51432991027832, -0.4562840163707733, 6.129047870635986], [-18.037338256835938, -12.352649688720703, -8.084785461425781], [-1.5855631828308105, 0.0893087312579155, 20.638992309570312], [-0.26915425062179565, -0.4051438271999359, -0.1076212078332901], [22.66643714904785, -3.4789586067199707, -1.7690491676330566]]}