{"track": "overworld", "karts": ["beastie", "kiki", "hexley", "emule", "amanda", "wilber", "adiumy", "xue", "suzanne", "nolok"], "detections": [[[1, 0, 252, 188, 345, 267], [3, 0, 79, 113, 529, 162]], [[1, 1, 268, 181, 334, 257], [1, 2, 443, 143, 449, 145], [2, 0, 397, 144, 402, 148], [3, 0, 0, 0, 599, 227], [3, 5, 421, 114, 421, 114]], [[1, 2, 274, 197, 325, 266], [3, 0, 0, 55, 599, 178], [3, 7, 228, 134, 228, 134], [3, 24, 229, 134, 231, 135]], [[1, 3, 239, 197, 374, 312], [1, 6, 238, 294, 352, 375], [2, 7, 73, 205, 182, 225], [2, 24, 183, 204, 282, 223], [3, 0, 318, 0, 599, 225], [3, 7, 0, 0, 182, 225], [3, 24, 179, 0, 328, 217]], [[1, 4, 260, 191, 341, 261], [3, 0, 0, 0, 599, 189]], [[1, 5, 261, 191, 328, 253], [1, 8, 375, 169, 398, 185], [1, 9, 515, 214, 599, 267], [3, 0, 429, 76, 599, 164]], [[1, 3, 236, 123, 364, 236], [1, 6, 250, 229, 356, 301], [2, 7, 216, 160, 282, 177], [2, 24, 318, 161, 387, 178], [3, 0, 0, 0, 599, 193], [3, 7, 129, 0, 289, 174], [3, 24, 289, 0, 464, 177]], [[1, 4, 275, 125, 277, 127], [1, 7, 260, 187, 328, 266], [3, 0, 1, 0, 599, 172]], [[1, 8, 257, 200, 332, 260], [3, 0, 388, 72, 599, 167]], [[1, 5, 5, 176, 126, 229], [1, 8, 303, 160, 328, 176], [1, 9, 269, 203, 324, 255], [3, 0, 459, 77, 599, 157]]], "distance_down_track": [959.814697265625, 1431.4345703125, 43.310569763183594, 621.7529907226562, 1317.99462890625, 164.72914123535156, 621.858642578125, 1231.1158447265625, 173.13385009765625, 155.94296264648438], "velocity": [[14.274587631225586, -1.5440468788146973, -14.163854598999023], [-13.705840110778809, -4.608375549316406, 13.327605247497559], [6.135132789611816, 0.2945452034473419, 20.96892738342285], [0.26279497146606445, 0.2718409597873688, 0.19744981825351715], [0.013259896077215672, 3.2667062282562256, -21.48810386657715], [22.32676124572754, 1.315127968788147, 5.620206832885742], [0.01919902116060257, 0.03866272047162056, -0.744561493396759], [-1.656285047531128, -0.30134278535842896, -20.63142967224121], [20.97004508972168, 0.8512205481529236, 2.6978189945220947], [21.72533416748047, 1.6148875951766968, 9.897587776184082]]}