{"track": "minigolf", "karts": ["nolok", "sara_the_racer", "emule", "adiumy", "gavroche", "konqi", "amanda", "xue", "sara_the_wizard", "puffy"], "detections": [[[1, 0, 270, 203, 330, 258], [1, 1, 328, 156, 334, 162], [1, 5, 350, 154, 350, 154], [2, 0, 0, 147, 599, 399], [3, 0, 0, 0, 599, 241], [3, 4, 320, 150, 328, 158], [3, 6, 283, 150, 292, 159], [4, 3, 293, 149, 294, 151], [4, 4, 324, 147, 326, 149], [4, 5, 303, 149, 303, 149], [4, 6, 317, 150, 319, 152], [5, 1, 420, 156, 422, 157], [6, 30, 415, 152, 419, 157], [255, 16777215, 151, 58, 157, 83]], [[1, 1, 267, 166, 335, 221], [2, 0, 0, 0, 599, 399], [3, 0, 0, 0, 410, 222]], [[1, 2, 260, 169, 336, 222], [1, 7, 559, 173, 599, 276], [2, 0, 0, 95, 599, 367], [3, 0, 0, 0, 599, 399], [3, 13, 0, 7, 22, 49], [4, 7, 282, 133, 348, 191], [4, 8, 161, 150, 231, 218]], [[1, 3, 269, 146, 339, 220], [1, 4, 191, 194, 301, 273], [2, 0, 0, 131, 599, 399], [3, 0, 0, 0, 599, 399]], [[1, 3, 312, 159, 347, 197], [1, 4, 273, 182, 326, 220], [2, 0, 0, 154, 599, 399], [3, 0, 0, 0, 599, 399]], [[1, 5, 273, 176, 328, 224], [2, 0, 0, 25, 599, 399], [3, 0, 0, 0, 599, 399], [6, 30, 306, 11, 336, 38]], [[1, 0, 210, 156, 213, 158], [1, 1, 221, 154, 223, 156], [1, 6, 259, 191, 337, 257], [2, 0, 0, 149, 565, 399], [3, 0, 0, 32, 599, 399], [3, 4, 219, 151, 223, 155], [3, 6, 199, 151, 203, 155], [255, 16777215, 91, 0, 265, 166]], [[1, 2, 82, 178, 135, 211], [1, 7, 268, 160, 328, 216], [2, 0, 0, 162, 599, 266], [3, 0, 0, 0, 599, 399], [4, 7, 95, 155, 138, 191], [4, 8, 2, 174, 58, 220]], [[1, 8, 264, 164, 333, 215], [2, 0, 97, 239, 359, 399], [3, 0, 0, 0, 599, 399], [4, 16, 117, 274, 185, 353], [4, 17, 415, 167, 456, 223]], [[1, 9, 256, 201, 342, 260], [2, 0, 14, 163, 599, 399], [3, 0, 0, 0, 599, 399], [3, 7, 273, 149, 286, 162], [4, 14, 287, 155, 292, 160], [4, 15, 328, 154, 333, 160], [4, 33, 288, 164, 316, 197]]], "distance_down_track": [744.6624145507812, 25.037073135375977, 213.8071746826172, 153.7335662841797, 152.54898071289062, 68.11192321777344, 679.8527221679688, 208.24526977539062, 268.8935241699219, 619.530029296875], "velocity": [[-21.185516357421875, 0.08173532038927078, 1.6777244806289673], [-12.215204238891602, 0.06900423765182495, 11.503780364990234], [20.64588165283203, 0.025450343266129494, 1.4956284761428833], [-8.908796310424805, -2.5021698474884033, 18.51654624938965], [-9.72346019744873, -2.4697439670562744, 18.106481552124023], [-19.200780868530273, 0.1601811796426773, -7.732680797576904], [-20.42927360534668, 0.07802128791809082, 12.042998313903809], [20.268962860107422, -2.615964412689209, 3.2887425422668457], [19.414522171020508, -0.7329152822494507, 0.6074179410934448], [-0.3041716516017914, 0.07762449979782104, -22.95892333984375]]}