{"track": "tutorial", "karts": ["puffy", "hexley", "tux", "suzanne", "pidgin", "nolok", "beastie", "gavroche", "amanda", "adiumy"], "detections": [[[1, 0, 231, 200, 365, 297], [1, 1, 438, 149, 451, 158], [1, 7, 399, 145, 411, 151], [2, 0, 325, 117, 409, 142], [3, 0, 0, 0, 599, 399], [3, 8, 90, 9, 102, 21]], [[1, 1, 244, 192, 355, 350], [1, 7, 0, 236, 2, 239], [2, 0, 0, 106, 54, 128], [3, 0, 0, 37, 599, 399]], [[1, 2, 267, 198, 332, 251], [2, 0, 0, 162, 599, 399], [3, 0, 0, 116, 599, 316], [3, 6, 207, 142, 207, 142], [3, 7, 153, 125, 160, 132]], [[1, 3, 260, 200, 331, 258], [2, 0, 0, 167, 599, 399], [3, 0, 0, 39, 599, 399], [3, 6, 305, 27, 320, 51], [3, 7, 208, 33, 224, 51]], [[1, 4, 267, 209, 337, 256], [1, 6, 101, 138, 117, 145], [1, 9, 197, 148, 207, 155], [2, 0, 79, 141, 599, 399], [3, 0, 0, 114, 599, 399], [5, 17, 246, 167, 263, 184], [5, 19, 363, 167, 376, 181], [5, 20, 205, 148, 208, 151], [5, 21, 183, 147, 189, 151], [5, 22, 160, 151, 160, 151]], [[1, 4, 179, 162, 186, 164], [1, 5, 258, 205, 350, 290], [1, 9, 43, 159, 50, 161], [2, 0, 0, 164, 599, 399], [3, 0, 0, 122, 599, 315], [5, 5, 57, 257, 104, 301], [5, 6, 293, 158, 297, 165], [5, 7, 267, 162, 271, 166], [5, 17, 147, 161, 151, 164], [5, 19, 177, 160, 180, 164], [5, 20, 28, 158, 33, 161], [5, 21, 17, 158, 22, 160]], [[1, 2, 250, 161, 261, 169], [1, 6, 262, 189, 341, 256], [2, 0, 0, 159, 599, 399], [3, 0, 0, 123, 599, 399], [3, 6, 107, 130, 117, 140], [3, 7, 29, 116, 44, 127]], [[1, 1, 342, 178, 418, 217], [1, 7, 228, 205, 345, 330], [3, 0, 0, 41, 599, 399]], [[1, 5, 168, 152, 174, 155], [1, 8, 264, 191, 340, 255], [2, 0, 0, 158, 599, 399], [3, 0, 0, 62, 599, 345], [3, 2, 583, 144, 599, 169], [5, 13, 193, 153, 196, 157], [5, 14, 329, 163, 339, 174], [5, 15, 290, 163, 299, 174], [5, 16, 238, 163, 249, 175]], [[1, 2, 187, 154, 196, 159], [1, 6, 212, 160, 230, 174], [1, 9, 276, 196, 325, 241], [2, 0, 0, 153, 599, 399], [3, 0, 0, 118, 599, 276], [5, 20, 368, 179, 390, 198], [5, 21, 290, 178, 310, 197], [5, 22, 205, 195, 208, 198]]], "distance_down_track": [708.3070678710938, 712.6583862304688, 321.3812561035156, 321.3812561035156, 332.51373291015625, 392.1418762207031, 310.5081787109375, 365.0060729980469, 268.0081787109375, 268.0081787109375], "velocity": [[-4.624102592468262, -13.643465995788574, -4.781573295593262], [-0.14591418206691742, 0.08196171373128891, 0.0061475434340536594], [-6.598746299743652, 1.499716877937317, -21.885698318481445], [-2.828829050064087, -2.829989433288574, -22.555828094482422], [-23.274826049804688, 0.3417683243751526, 4.901288986206055], [-5.016873836517334, 0.6265798807144165, 11.291864395141602], [-13.075152397155762, 1.7713192701339722, -20.22684669494629], [-0.20732197165489197, 0.10667172074317932, 1.3966821432113647], [17.708940505981445, 1.6651179790496826, 16.335338592529297], [-21.917465209960938, 1.8007196187973022, -16.51157569885254]]}