{"track": "overworld", "karts": ["beastie", "kiki", "hexley", "emule", "amanda", "wilber", "adiumy", "xue", "suzanne", "nolok"], "detections": [[[1, 0, 240, 187, 346, 283], [3, 0, 166, 167, 461, 196]], [[1, 1, 266, 182, 333, 257], [1, 2, 272, 147, 275, 149], [1, 4, 284, 152, 290, 158], [3, 0, 0, 0, 599, 161]], [[1, 2, 277, 196, 332, 271], [1, 8, 349, 154, 355, 157], [1, 9, 392, 149, 396, 151], [3, 0, 0, 9, 599, 197]], [[1, 3, 257, 200, 344, 289], [2, 7, 127, 146, 276, 179], [2, 24, 276, 146, 475, 180], [3, 0, 0, 84, 599, 179], [3, 7, 0, 0, 275, 173], [3, 24, 272, 0, 599, 179]], [[1, 2, 280, 142, 286, 150], [1, 4, 261, 192, 342, 262], [1, 5, 527, 106, 532, 108], [1, 8, 312, 135, 315, 136], [1, 9, 340, 131, 343, 132], [3, 0, 0, 0, 599, 191]], [[1, 5, 262, 190, 337, 259], [1, 7, 334, 182, 339, 186], [3, 0, 0, 86, 599, 221]], [[1, 3, 281, 159, 311, 188], [1, 6, 257, 192, 347, 289], [2, 7, 179, 136, 283, 160], [2, 24, 283, 136, 421, 161], [3, 0, 0, 0, 599, 173], [3, 7, 55, 0, 282, 155], [3, 24, 281, 0, 531, 160]], [[1, 7, 271, 187, 338, 265], [2, 0, 392, 134, 397, 139], [3, 0, 0, 0, 599, 239], [3, 6, 418, 99, 418, 99]], [[1, 8, 252, 201, 340, 271], [1, 9, 371, 157, 393, 172], [3, 0, 0, 0, 599, 225]], [[1, 5, 437, 166, 443, 170], [1, 7, 502, 190, 503, 192], [1, 9, 264, 203, 333, 269], [3, 0, 0, 20, 599, 204]]], "distance_down_track": [511.5974426269531, 1244.7508544921875, 1300.4791259765625, 617.7385864257812, 1277.1783447265625, 1400.0443115234375, 613.1539306640625, 1438.3026123046875, 1346.6488037109375, 1355.318359375], "velocity": [[12.234538078308105, 3.151310443878174, -11.051762580871582], [-1.721871256828308, 1.5465874671936035, -19.528324127197266], [2.7255523204803467, 3.061039447784424, -19.233137130737305], [-0.7227610945701599, -1.8585472106933594, 13.505038261413574], [0.8936865925788879, 2.551274538040161, -21.566232681274414], [-17.34629249572754, -1.0640977621078491, 9.202502250671387], [-0.7198823094367981, -1.4594976902008057, 10.931044578552246], [-13.598518371582031, -4.37153959274292, 14.981986999511719], [-12.259164810180664, 2.2579843997955322, -9.814462661743164], [-17.01546859741211, 2.2608702182769775, -3.5855982303619385]]}