{"track": "overworld", "karts": ["beastie", "kiki", "hexley", "emule", "amanda", "wilber", "adiumy", "xue", "suzanne", "nolok"], "detections": [[[1, 0, 256, 189, 345, 264], [3, 0, 0, 71, 464, 160], [3, 4, 303, 154, 303, 154], [3, 7, 309, 153, 313, 155], [3, 8, 308, 155, 308, 155], [3, 24, 314, 154, 318, 155], [3, 25, 317, 154, 317, 154]], [[1, 1, 268, 184, 329, 252], [1, 2, 266, 140, 269, 143], [1, 7, 251, 140, 252, 140], [1, 8, 287, 163, 308, 179], [1, 9, 261, 140, 263, 142], [3, 0, 0, 0, 599, 175], [3, 7, 231, 135, 231, 135], [3, 24, 232, 135, 233, 135]], [[1, 0, 299, 163, 301, 165], [1, 2, 273, 196, 320, 256], [1, 7, 260, 170, 271, 181], [1, 9, 169, 194, 235, 240], [3, 0, 0, 86, 511, 178], [3, 4, 294, 160, 294, 160], [3, 5, 146, 162, 147, 162], [3, 7, 299, 160, 302, 160], [3, 24, 303, 160, 305, 161]], [[1, 3, 257, 198, 336, 282], [1, 6, 361, 181, 437, 251], [2, 7, 161, 147, 342, 197], [2, 24, 342, 148, 599, 214], [3, 0, 0, 0, 70, 173], [3, 7, 11, 0, 347, 181], [3, 24, 343, 0, 599, 148]], [[1, 4, 261, 191, 342, 261], [3, 0, 0, 93, 485, 206]], [[1, 5, 259, 189, 335, 261], [3, 0, 0, 0, 599, 162]], [[1, 3, 0, 164, 196, 306], [1, 6, 252, 192, 355, 304], [2, 0, 284, 328, 292, 329], [2, 7, 0, 250, 248, 319], [2, 24, 243, 251, 599, 325], [3, 0, 285, 0, 599, 399], [3, 7, 0, 0, 270, 252], [3, 24, 249, 0, 599, 268], [255, 16777215, 0, 317, 577, 385]], [[1, 0, 336, 148, 339, 151], [1, 7, 266, 188, 330, 261], [3, 0, 0, 69, 400, 157], [3, 5, 166, 152, 169, 152], [3, 7, 329, 144, 332, 145], [3, 24, 333, 144, 335, 145], [3, 25, 336, 145, 336, 145]], [[1, 2, 266, 154, 269, 156], [1, 7, 250, 153, 251, 154], [1, 8, 264, 200, 335, 254], [1, 9, 260, 153, 263, 155], [3, 0, 0, 70, 599, 174], [3, 7, 234, 149, 235, 149], [3, 24, 236, 150, 238, 150]], [[1, 0, 305, 162, 307, 163], [1, 2, 363, 204, 441, 274], [1, 7, 280, 170, 292, 181], [1, 9, 268, 202, 325, 255], [3, 0, 0, 86, 588, 176], [3, 4, 296, 158, 296, 158], [3, 7, 300, 158, 303, 159], [3, 24, 304, 158, 307, 159]]], "distance_down_track": [185.2833709716797, 40.029266357421875, 103.06868743896484, 621.2432861328125, 1055.0054931640625, 1226.9267578125, 621.8218383789062, 118.39356994628906, 47.288856506347656, 103.06981658935547], "velocity": [[-1.4001359939575195, 0.053130924701690674, 21.383623123168945], [6.73361349105835, -0.8921023011207581, 20.767404556274414], [0.21388640999794006, -0.6622899174690247, 24.492212295532227], [-3.641385316848755, -1.9836351871490479, 14.988807678222656], [6.7357611656188965, -1.1782931089401245, -20.631319046020508], [-2.5825493335723877, -0.15720970928668976, -19.494049072265625], [-0.010641050525009632, 0.1155526340007782, -0.011715331114828587], [-2.996713399887085, -0.5003052353858948, 22.125377655029297], [6.066013336181641, -0.7719578742980957, 22.172224044799805], [0.12325777113437653, -0.6269820332527161, 22.668996810913086]]}