{"track": "tutorial", "karts": ["puffy", "hexley", "tux", "suzanne", "pidgin", "nolok", "beastie", "gavroche", "amanda", "adiumy"], "detections": [[[1, 0, 204, 201, 389, 326], [1, 6, 356, 183, 366, 190], [1, 8, 369, 185, 378, 192], [2, 0, 0, 156, 599, 399], [3, 0, 0, 0, 599, 285], [3, 8, 114, 39, 124, 50]], [[1, 1, 241, 193, 349, 348], [1, 6, 292, 151, 309, 163], [1, 8, 314, 152, 329, 163], [2, 0, 233, 130, 332, 155], [3, 0, 0, 34, 599, 399]], [[1, 2, 269, 198, 329, 247], [1, 5, 265, 163, 268, 165], [1, 7, 277, 161, 284, 166], [1, 9, 283, 163, 295, 173], [2, 0, 0, 164, 599, 399], [3, 0, 0, 97, 599, 341], [3, 6, 225, 138, 225, 138], [3, 7, 175, 125, 182, 132]], [[1, 2, 75, 136, 80, 138], [1, 3, 254, 201, 351, 276], [1, 4, 136, 141, 147, 146], [1, 7, 5, 133, 7, 133], [1, 9, 31, 134, 33, 135], [2, 0, 10, 144, 599, 399], [3, 0, 0, 94, 599, 399], [5, 20, 301, 152, 305, 160], [5, 21, 269, 151, 275, 160], [5, 22, 229, 150, 236, 160]], [[1, 2, 263, 160, 274, 169], [1, 4, 262, 210, 339, 261], [1, 5, 243, 159, 243, 159], [1, 7, 256, 157, 259, 160], [1, 9, 260, 157, 266, 162], [2, 0, 0, 160, 599, 399], [3, 0, 0, 116, 599, 311], [3, 6, 195, 139, 199, 140], [3, 7, 140, 123, 149, 130]], [[1, 5, 268, 203, 331, 258], [2, 0, 0, 173, 599, 399], [3, 0, 0, 107, 599, 262], [3, 6, 279, 110, 287, 120], [3, 7, 231, 102, 238, 111]], [[1, 6, 199, 178, 372, 346], [1, 8, 354, 178, 471, 264], [2, 0, 0, 62, 282, 210], [3, 0, 0, 29, 599, 399]], [[1, 5, 287, 178, 295, 184], [1, 7, 270, 202, 326, 259], [2, 0, 0, 184, 599, 399], [3, 0, 0, 0, 599, 263], [3, 6, 265, 144, 271, 146], [3, 7, 219, 138, 220, 138]], [[1, 6, 0, 206, 162, 366], [1, 8, 218, 185, 378, 326], [2, 0, 0, 89, 247, 221], [3, 0, 0, 40, 599, 399]], [[1, 5, 283, 164, 289, 168], [1, 7, 287, 166, 303, 182], [1, 9, 272, 195, 328, 250], [2, 0, 0, 167, 599, 399], [3, 0, 0, 20, 599, 270], [3, 6, 256, 135, 257, 135], [3, 7, 211, 125, 217, 127]]], "distance_down_track": [701.8375854492188, 712.6583862304688, 433.4427490234375, 433.4427490234375, 433.4427490234375, 512.133544921875, 420.1153259277344, 473.2306823730469, 400.4352722167969, 383.7624206542969], "velocity": [[-4.360813140869141, -0.5389898419380188, -4.7531538009643555], [-4.363929748535156, 0.1197347417473793, -1.9439146518707275], [-5.5622100830078125, 1.4388916492462158, -25.33676528930664], [-14.976123809814453, 0.8433587551116943, -5.028753757476807], [-6.752750873565674, 1.3966453075408936, -20.206693649291992], [0.33665043115615845, -0.9152008295059204, -20.481761932373047], [0.22719673812389374, 0.0681927353143692, 0.4728778302669525], [-1.203611135482788, -0.657202422618866, -22.037372589111328], [-0.18749995529651642, 0.09326285868883133, 0.11612069606781006], [-2.022141456604004, 1.0470386743545532, -22.88699722290039]]}