{"track": "snowtuxpeak", "karts": ["pidgin", "amanda", "xue", "tux", "gavroche", "emule", "puffy", "sara_the_wizard", "beastie", "gnu"], "detections": [[[1, 0, 260, 210, 338, 263], [2, 0, 0, 28, 599, 399], [3, 0, 0, 0, 599, 251]], [[1, 1, 210, 183, 367, 324], [1, 8, 276, 156, 317, 188], [2, 0, 0, 162, 599, 399], [3, 0, 0, 0, 599, 269], [5, 13, 301, 186, 304, 187], [8, 7, 334, 153, 345, 156]], [[1, 2, 265, 187, 333, 264], [1, 5, 304, 160, 314, 169], [2, 0, 0, 157, 599, 399], [3, 0, 0, 0, 599, 256], [6, 23, 284, 165, 304, 168]], [[1, 1, 394, 137, 409, 146], [1, 3, 267, 198, 331, 252], [1, 8, 455, 136, 472, 147], [2, 0, 0, 139, 599, 399], [3, 0, 0, 29, 599, 273], [3, 1, 556, 0, 599, 60], [5, 12, 388, 145, 388, 146], [5, 13, 447, 144, 447, 146]], [[1, 2, 289, 156, 296, 162], [1, 4, 271, 203, 328, 259], [1, 5, 299, 155, 302, 158], [1, 9, 176, 194, 252, 235], [2, 0, 0, 156, 599, 399], [3, 0, 0, 0, 599, 299], [6, 23, 291, 158, 298, 158]], [[1, 5, 269, 200, 330, 261], [2, 0, 0, 157, 599, 399], [3, 0, 0, 0, 599, 275], [6, 23, 181, 204, 284, 237]], [[1, 1, 380, 141, 390, 148], [1, 3, 302, 164, 317, 175], [1, 6, 259, 201, 340, 257], [1, 8, 424, 142, 428, 144], [2, 0, 0, 142, 599, 399], [3, 0, 0, 69, 599, 250], [3, 1, 572, 1, 599, 61], [5, 12, 375, 147, 375, 148]], [[1, 7, 247, 216, 354, 354], [2, 0, 0, 180, 599, 399], [3, 0, 0, 0, 599, 390]], [[1, 8, 214, 180, 386, 324], [2, 0, 0, 156, 599, 399], [3, 0, 0, 0, 599, 228], [4, 17, 538, 149, 546, 157], [8, 7, 264, 153, 279, 160]], [[1, 2, 299, 151, 305, 157], [1, 4, 367, 209, 501, 299], [1, 5, 305, 151, 308, 153], [1, 9, 254, 196, 345, 262], [2, 0, 0, 151, 599, 399], [3, 0, 0, 0, 599, 239], [6, 23, 297, 153, 298, 153]]], "distance_down_track": [891.2623291015625, 834.6574096679688, 974.451416015625, 808.0048828125, 945.94482421875, 991.0447387695312, 796.4783325195312, 50.86083984375, 840.9588623046875, 946.1912841796875], "velocity": [[-20.596538543701172, -0.9416143894195557, 4.66718864440918], [-1.5455049276351929, 0.017450347542762756, -5.408365249633789], [-0.29295092821121216, 0.08172237128019333, 20.697763442993164], [22.296356201171875, -3.3905980587005615, -4.514012813568115], [-0.9561394453048706, 0.08212586492300034, 20.67774200439453], [0.7417829632759094, 0.08172275871038437, 20.686542510986328], [23.75483512878418, -3.638354778289795, -2.3859219551086426], [-20.03108024597168, 1.1055731773376465, 5.101323127746582], [-3.393986225128174, 0.030500315129756927, -4.035793781280518], [-0.4741990566253662, 0.08173345029354095, 11.489928245544434]]}