{"track": "tutorial", "karts": ["puffy", "hexley", "tux", "suzanne", "pidgin", "nolok", "beastie", "gavroche", "amanda", "adiumy"], "detections": [[[1, 0, 200, 202, 389, 330], [1, 1, 398, 192, 408, 200], [1, 5, 313, 215, 314, 215], [2, 0, 0, 158, 599, 399], [3, 0, 0, 0, 599, 279], [3, 8, 126, 38, 136, 48]], [[1, 1, 245, 194, 353, 345], [2, 0, 0, 144, 73, 171], [3, 0, 0, 87, 599, 399]], [[1, 0, 380, 146, 384, 147], [1, 2, 269, 198, 333, 254], [1, 7, 288, 140, 294, 144], [2, 0, 0, 144, 599, 399], [3, 0, 0, 54, 599, 316], [3, 6, 419, 44, 435, 63], [3, 7, 348, 55, 360, 67]], [[1, 3, 219, 201, 372, 323], [1, 4, 279, 175, 300, 188], [1, 7, 232, 177, 233, 178], [1, 9, 277, 184, 278, 185], [2, 0, 0, 177, 599, 399], [3, 0, 0, 113, 599, 244], [3, 6, 283, 116, 291, 125], [3, 7, 236, 109, 245, 115]], [[1, 2, 256, 165, 259, 167], [1, 4, 251, 211, 343, 277], [1, 6, 263, 165, 268, 168], [1, 7, 229, 155, 230, 155], [1, 9, 276, 165, 280, 169], [2, 0, 0, 154, 599, 399], [3, 0, 0, 87, 599, 263], [3, 6, 285, 86, 295, 97], [3, 7, 235, 78, 244, 87]], [[1, 1, 508, 164, 532, 185], [1, 5, 238, 204, 335, 302], [2, 0, 299, 128, 430, 162], [3, 0, 0, 3, 599, 399], [3, 8, 4, 13, 13, 18]], [[1, 0, 351, 141, 356, 142], [1, 2, 276, 165, 298, 184], [1, 6, 262, 190, 341, 258], [1, 7, 269, 135, 274, 139], [2, 0, 0, 138, 599, 399], [3, 0, 0, 54, 599, 305], [3, 6, 389, 44, 403, 62], [3, 7, 324, 50, 335, 62]], [[1, 0, 426, 175, 435, 179], [1, 7, 271, 202, 324, 256], [2, 0, 0, 175, 599, 399], [3, 0, 0, 66, 599, 335], [3, 6, 423, 55, 440, 76], [3, 7, 337, 70, 349, 83]], [[1, 3, 288, 167, 294, 171], [1, 4, 284, 171, 285, 171], [1, 8, 213, 184, 373, 323], [2, 0, 0, 171, 599, 399], [3, 0, 0, 88, 599, 366], [3, 6, 259, 140, 265, 141], [3, 7, 220, 134, 220, 134]], [[1, 0, 313, 137, 316, 138], [1, 2, 265, 154, 275, 162], [1, 6, 272, 158, 289, 172], [1, 7, 246, 134, 249, 137], [1, 9, 268, 184, 328, 238], [2, 0, 0, 135, 599, 399], [3, 0, 0, 43, 599, 282], [3, 6, 346, 49, 357, 64], [3, 7, 287, 48, 297, 60]]], "distance_down_track": [712.6583862304688, 712.6583862304688, 547.9110717773438, 547.9110717773438, 532.0, 590.8922729492188, 532.0, 561.7310180664062, 532.0, 512.133544921875], "velocity": [[-0.0703168511390686, 0.0818168967962265, 0.004567116033285856], [-0.12585236132144928, 0.058886196464300156, 0.09757379442453384], [11.732325553894043, -2.133927345275879, -19.667203903198242], [0.11760413646697998, -0.010383578948676586, -0.9344077110290527], [0.4588516354560852, -2.966949939727783, -17.08211898803711], [-4.548964977264404, 0.12308454513549805, -2.169632911682129], [10.401473999023438, -3.0372023582458496, -21.58256721496582], [7.754432678222656, -1.2915401458740234, -21.614826202392578], [-0.07070758193731308, 0.08748870342969894, 0.011108919978141785], [7.1078948974609375, -3.7854344844818115, -21.54410171508789]]}