{"track": "overworld", "karts": ["beastie", "kiki", "hexley", "emule", "amanda", "wilber", "adiumy", "xue", "suzanne", "nolok"], "detections": [[[1, 0, 254, 189, 340, 264], [3, 0, 0, 0, 599, 164]], [[1, 1, 268, 183, 329, 254], [1, 2, 280, 145, 281, 147], [1, 4, 269, 142, 273, 145], [1, 9, 281, 144, 284, 147], [3, 0, 0, 61, 595, 150], [3, 7, 258, 141, 259, 142], [3, 24, 260, 142, 261, 142], [3, 25, 262, 142, 262, 142]], [[1, 2, 271, 196, 322, 265], [3, 0, 0, 99, 473, 163], [3, 7, 229, 141, 232, 142], [3, 8, 228, 142, 228, 142], [3, 24, 233, 141, 236, 142], [3, 25, 237, 142, 237, 142]], [[1, 3, 258, 200, 342, 286], [2, 7, 117, 146, 274, 181], [2, 24, 274, 146, 485, 183], [3, 0, 0, 127, 599, 180], [3, 7, 0, 0, 273, 175], [3, 24, 269, 0, 599, 181]], [[1, 2, 363, 171, 383, 192], [1, 4, 261, 192, 336, 256], [1, 9, 418, 214, 505, 276], [3, 0, 0, 70, 548, 168], [3, 5, 154, 149, 159, 149], [3, 7, 312, 143, 315, 144], [3, 24, 316, 143, 319, 145]], [[1, 0, 299, 160, 305, 164], [1, 5, 257, 189, 332, 258], [3, 0, 28, 0, 599, 162]], [[1, 3, 286, 157, 314, 184], [1, 6, 257, 192, 347, 288], [2, 7, 178, 136, 284, 160], [2, 24, 284, 136, 422, 161], [3, 0, 0, 0, 599, 172], [3, 7, 53, 0, 283, 156], [3, 24, 281, 0, 533, 160]], [[1, 7, 265, 187, 333, 264], [3, 0, 259, 109, 523, 175]], [[1, 1, 287, 160, 303, 179], [1, 2, 275, 142, 276, 143], [1, 4, 265, 139, 269, 142], [1, 8, 262, 201, 333, 256], [1, 9, 276, 142, 278, 144], [3, 0, 0, 55, 599, 150], [3, 7, 249, 137, 250, 137], [3, 24, 251, 137, 253, 138]], [[1, 2, 283, 169, 304, 187], [1, 4, 106, 185, 196, 244], [1, 9, 269, 202, 320, 251], [3, 0, 0, 87, 536, 166], [3, 5, 88, 147, 93, 147], [3, 7, 270, 143, 273, 144], [3, 8, 270, 143, 270, 143], [3, 24, 274, 143, 277, 144]]], "distance_down_track": [1241.7518310546875, 65.60677337646484, 116.8895034790039, 618.3129272460938, 109.99004364013672, 1202.0732421875, 613.2509155273438, 1091.178955078125, 56.87052536010742, 109.77273559570312], "velocity": [[-1.5869028568267822, 1.4744585752487183, -21.626785278320312], [3.7554233074188232, -0.2465135008096695, 21.523441314697266], [7.0500874519348145, -1.0178239345550537, 20.40189552307129], [-0.7679244875907898, -1.9443217515945435, 14.10456371307373], [-1.875711441040039, -0.814853310585022, 23.966304779052734], [-3.0835978984832764, 0.23090821504592896, -19.420358657836914], [-0.6772528886795044, -1.4613350629806519, 10.984244346618652], [3.5656578540802, 2.1729884147644043, -20.274471282958984], [4.782433986663818, -1.0189337730407715, 22.474210739135742], [4.981356620788574, -1.139115810394287, 25.413352966308594]]}