{"track": "overworld", "karts": ["beastie", "kiki", "hexley", "emule", "amanda", "wilber", "adiumy", "xue", "suzanne", "nolok"], "detections": [[[1, 0, 248, 187, 346, 271], [3, 0, 0, 29, 599, 203]], [[1, 1, 274, 171, 335, 240], [1, 2, 352, 153, 361, 157], [1, 7, 480, 149, 481, 151], [1, 8, 282, 169, 300, 185], [1, 9, 367, 152, 373, 155], [3, 0, 199, 62, 599, 153]], [[1, 2, 257, 195, 330, 274], [1, 7, 306, 158, 312, 164], [1, 9, 237, 167, 266, 193], [3, 0, 0, 0, 599, 159]], [[1, 3, 255, 198, 336, 284], [2, 7, 181, 148, 346, 190], [2, 24, 345, 148, 599, 201], [3, 0, 0, 0, 90, 175], [3, 7, 36, 0, 352, 178], [3, 24, 347, 0, 599, 148]], [[1, 4, 258, 192, 333, 257], [3, 0, 0, 0, 599, 191], [3, 3, 316, 151, 316, 151], [3, 4, 315, 147, 318, 149], [3, 7, 321, 145, 329, 151], [3, 8, 321, 148, 322, 149], [3, 24, 330, 145, 339, 151], [3, 25, 334, 145, 339, 150]], [[1, 0, 489, 143, 499, 149], [1, 5, 262, 189, 337, 260], [3, 0, 0, 0, 599, 204]], [[1, 3, 271, 183, 285, 196], [1, 6, 249, 191, 354, 297], [2, 7, 214, 168, 288, 185], [2, 24, 289, 169, 385, 185], [3, 0, 0, 0, 599, 205], [3, 7, 128, 0, 288, 182], [3, 24, 287, 0, 461, 185]], [[1, 7, 264, 187, 332, 265], [3, 0, 0, 0, 599, 160]], [[1, 2, 382, 155, 394, 160], [1, 7, 540, 151, 544, 154], [1, 8, 268, 201, 332, 249], [1, 9, 400, 154, 408, 157], [3, 0, 202, 52, 599, 154]], [[1, 7, 326, 166, 333, 172], [1, 9, 259, 202, 324, 267], [3, 0, 0, 0, 599, 167]]], "distance_down_track": [1366.171142578125, 204.87509155273438, 1184.5341796875, 620.0943603515625, 249.44952392578125, 1319.7833251953125, 621.8235473632812, 1216.59521484375, 213.24407958984375, 1188.6240234375], "velocity": [[-18.495586395263672, 1.7951298952102661, 1.6295387744903564], [19.568330764770508, -0.22787493467330933, -9.718591690063477], [-7.877801895141602, -0.030297160148620605, -20.40561294555664], [-3.0700879096984863, -1.9416075944900513, 14.5755615234375], [-1.7236437797546387, -0.6765469312667847, 24.078907012939453], [-1.651772379875183, 3.178657293319702, -19.33597755432129], [-0.22826004028320312, -0.6428122520446777, -3.155820608139038], [-2.4698591232299805, 0.029974915087223053, -20.552101135253906], [23.72893714904785, -0.3092421293258667, -10.530586242675781], [-2.3924412727355957, 1.1680634021759033, -19.584978103637695]]}