{"track": "overworld", "karts": ["beastie", "kiki", "hexley", "emule", "amanda", "wilber", "adiumy", "xue", "suzanne", "nolok"], "detections": [[[1, 0, 261, 189, 347, 266], [3, 0, 0, 96, 551, 237]], [[1, 1, 267, 183, 328, 253], [1, 2, 376, 158, 381, 161], [3, 0, 0, 0, 441, 171], [3, 6, 278, 163, 284, 166], [3, 7, 396, 157, 397, 157], [3, 24, 398, 157, 399, 157]], [[1, 2, 276, 196, 327, 265], [1, 3, 380, 174, 381, 176], [3, 0, 0, 155, 379, 178], [3, 3, 229, 174, 231, 175], [3, 4, 229, 168, 231, 171], [3, 7, 195, 167, 204, 174], [3, 24, 205, 167, 216, 174]], [[1, 3, 272, 199, 328, 257], [3, 0, 0, 100, 548, 170], [3, 24, 0, 121, 35, 163], [3, 25, 1, 121, 27, 137]], [[1, 4, 249, 190, 347, 273], [3, 0, 0, 6, 599, 207]], [[1, 5, 260, 190, 336, 258], [3, 0, 0, 0, 599, 177], [3, 24, 232, 134, 232, 134]], [[1, 6, 248, 191, 353, 297], [2, 7, 216, 163, 289, 180], [2, 24, 290, 165, 387, 182], [3, 0, 0, 0, 599, 201], [3, 7, 130, 0, 289, 177], [3, 24, 290, 0, 465, 181]], [[1, 7, 265, 187, 333, 264], [1, 8, 0, 181, 131, 243], [1, 9, 288, 155, 290, 157], [3, 0, 0, 0, 599, 154]], [[1, 7, 513, 214, 599, 335], [1, 8, 248, 201, 334, 271], [1, 9, 384, 165, 387, 166], [3, 0, 0, 0, 599, 162]], [[1, 9, 265, 203, 326, 261], [3, 0, 0, 0, 599, 164]]], "distance_down_track": [1019.5260620117188, 195.050048828125, 195.050048828125, 195.050048828125, 1352.8692626953125, 41.61130142211914, 621.8235473632812, 1178.7020263671875, 1178.55712890625, 1233.10107421875], "velocity": [[4.412167072296143, 1.0263187885284424, -21.2576961517334], [0.04254427179694176, 0.9559949040412903, 21.82903480529785], [15.907245635986328, 1.2929579019546509, 14.923482894897461], [19.479114532470703, -1.7664384841918945, 12.101395606994629], [-15.791814804077148, 2.324877977371216, -5.107848167419434], [5.811855792999268, -0.8201181292533875, 18.76864242553711], [-0.22826004028320312, -0.6428122520446777, -3.155820608139038], [-2.12888765335083, 0.331489622592926, -20.587566375732422], [1.7639806270599365, 0.850483775138855, -18.138689041137695], [-2.2192223072052, -0.4946843981742859, -20.57474708557129]]}