{"track": "overworld", "karts": ["beastie", "kiki", "hexley", "emule", "amanda", "wilber", "adiumy", "xue", "suzanne", "nolok"], "detections": [[[1, 0, 258, 188, 344, 264], [3, 0, 0, 0, 599, 185]], [[1, 1, 270, 183, 336, 259], [1, 2, 414, 147, 422, 151], [1, 8, 403, 147, 410, 150], [1, 9, 480, 141, 485, 143], [2, 0, 400, 144, 407, 149], [3, 0, 0, 0, 599, 157], [3, 4, 504, 112, 505, 114], [3, 6, 410, 112, 410, 112], [3, 7, 509, 112, 516, 115], [3, 8, 508, 114, 508, 114], [3, 24, 516, 112, 523, 115], [3, 25, 522, 113, 523, 114]], [[1, 2, 273, 196, 323, 265], [1, 8, 120, 204, 227, 268], [1, 9, 307, 157, 313, 162], [2, 0, 104, 173, 176, 238], [3, 0, 0, 0, 599, 175], [3, 24, 252, 136, 252, 136]], [[1, 3, 239, 199, 357, 321], [2, 7, 40, 243, 278, 306], [2, 24, 317, 243, 599, 307], [3, 7, 0, 0, 314, 298], [3, 24, 314, 0, 599, 242]], [[1, 4, 255, 191, 337, 262], [3, 0, 0, 0, 599, 219], [3, 4, 315, 159, 317, 161], [3, 7, 322, 157, 328, 161], [3, 8, 321, 160, 322, 161], [3, 24, 329, 157, 336, 161], [3, 25, 333, 158, 333, 158]], [[1, 5, 257, 190, 332, 259], [3, 0, 423, 74, 599, 166]], [[1, 3, 271, 156, 284, 170], [1, 6, 251, 190, 355, 305], [2, 7, 215, 153, 289, 169], [2, 24, 290, 153, 388, 170], [3, 0, 0, 0, 599, 179], [3, 7, 127, 0, 289, 167], [3, 24, 288, 0, 464, 169]], [[1, 7, 266, 187, 334, 264], [3, 0, 0, 93, 530, 186]], [[1, 2, 362, 194, 418, 251], [1, 8, 263, 200, 329, 252], [1, 9, 338, 158, 345, 163], [2, 0, 226, 174, 275, 227], [3, 0, 0, 0, 599, 175]], [[1, 9, 269, 203, 325, 256], [3, 0, 0, 54, 599, 149], [3, 7, 250, 137, 251, 137], [3, 24, 252, 137, 254, 138]]], "distance_down_track": [1317.00048828125, 1446.5645751953125, 30.80776596069336, 621.9620971679688, 229.4150848388672, 167.38560485839844, 607.9796142578125, 1068.8837890625, 29.973350524902344, 57.17167663574219], "velocity": [[0.7787179350852966, 3.0620548725128174, -21.50412940979004], [-12.583454132080078, -1.4242324829101562, 15.0446138381958], [5.704576015472412, -0.9787436723709106, 21.069467544555664], [0.02494235895574093, 0.19566543400287628, 0.1783842295408249], [-1.7465858459472656, 0.6574641466140747, 21.65473175048828], [19.153112411499023, 1.3364441394805908, 5.33530330657959], [-0.16914105415344238, -0.3769437074661255, 2.3146636486053467], [6.7571187019348145, -0.3923965096473694, -19.56214141845703], [5.8101348876953125, -1.4156993627548218, 25.302927017211914], [4.757633686065674, -1.0208181142807007, 22.479385375976562]]}