{"track": "overworld", "karts": ["beastie", "kiki", "hexley", "emule", "amanda", "wilber", "adiumy", "xue", "suzanne", "nolok"], "detections": [[[1, 0, 257, 189, 343, 262], [3, 0, 0, 96, 524, 172]], [[1, 1, 264, 182, 326, 255], [1, 2, 338, 141, 341, 144], [1, 9, 345, 149, 349, 152], [2, 0, 282, 154, 296, 169], [3, 0, 0, 2, 599, 166], [3, 7, 298, 128, 299, 128], [3, 24, 300, 128, 301, 129], [3, 25, 302, 129, 303, 130]], [[1, 2, 270, 196, 322, 266], [3, 0, 0, 86, 458, 171], [3, 7, 282, 162, 284, 162], [3, 24, 285, 162, 287, 162]], [[1, 3, 240, 199, 359, 321], [1, 6, 408, 244, 524, 357], [2, 7, 49, 237, 280, 296], [2, 24, 319, 235, 599, 298], [3, 7, 0, 0, 292, 287], [3, 24, 292, 0, 599, 235]], [[1, 1, 390, 174, 393, 177], [1, 4, 260, 191, 341, 260], [1, 8, 380, 176, 384, 178], [3, 0, 0, 87, 599, 222]], [[1, 5, 260, 189, 335, 258], [3, 0, 0, 0, 599, 162]], [[1, 3, 0, 71, 211, 319], [1, 6, 254, 190, 354, 302], [2, 7, 0, 177, 32, 275], [2, 24, 136, 186, 387, 264], [3, 0, 436, 0, 599, 240], [3, 7, 0, 0, 105, 178], [3, 24, 101, 0, 463, 238]], [[1, 0, 270, 156, 275, 160], [1, 7, 271, 187, 339, 265], [3, 0, 0, 56, 599, 223]], [[1, 1, 277, 165, 304, 197], [1, 2, 344, 141, 347, 143], [1, 8, 255, 200, 333, 261], [1, 9, 348, 149, 352, 152], [2, 0, 290, 153, 301, 165], [3, 0, 0, 0, 599, 167], [3, 7, 308, 128, 309, 128], [3, 24, 310, 128, 312, 129]], [[1, 2, 282, 146, 289, 153], [1, 9, 269, 203, 325, 256], [3, 0, 0, 54, 598, 147], [3, 7, 252, 137, 253, 137], [3, 24, 254, 137, 255, 137], [3, 25, 257, 138, 257, 138]]], "distance_down_track": [1076.2384033203125, 16.35991096496582, 81.56819152832031, 621.90380859375, 1402.6361083984375, 1217.57470703125, 621.6936645507812, 1030.6085205078125, 12.231157302856445, 59.077674865722656], "velocity": [[6.368851661682129, 0.4575354754924774, -20.77591323852539], [2.6964528560638428, -2.04111909866333, 21.58444595336914], [1.4986896514892578, 0.7252904176712036, 21.34817123413086], [-0.12118744850158691, 0.3577888309955597, -0.08822085708379745], [-18.61699867248535, -3.26208233833313, 10.732023239135742], [-2.925022602081299, -0.2907988727092743, -19.444068908691406], [0.452171266078949, -0.24805229902267456, 0.13536198437213898], [4.29085111618042, -0.19057853519916534, -20.24949836730957], [4.557487487792969, -1.7847034931182861, 20.997556686401367], [4.568196773529053, -1.0279935598373413, 22.51832389831543]]}