{"track": "snowtuxpeak", "karts": ["pidgin", "amanda", "xue", "tux", "gavroche", "emule", "puffy", "sara_the_wizard", "beastie", "gnu"], "detections": [[[1, 0, 243, 239, 366, 361], [1, 4, 333, 183, 345, 191], [2, 0, 0, 187, 599, 399], [3, 0, 0, 0, 599, 367]], [[1, 1, 228, 212, 372, 367], [1, 8, 324, 184, 336, 194], [2, 0, 0, 174, 599, 399], [3, 0, 0, 0, 599, 289], [3, 1, 280, 112, 288, 120], [6, 22, 311, 181, 317, 181]], [[1, 0, 314, 183, 320, 186], [1, 2, 233, 190, 370, 388], [1, 9, 300, 178, 313, 186], [2, 0, 0, 183, 599, 399], [3, 0, 0, 0, 599, 274]], [[1, 1, 337, 184, 348, 192], [1, 3, 240, 225, 363, 362], [1, 8, 372, 185, 378, 189], [2, 0, 0, 179, 599, 399], [3, 0, 0, 0, 599, 352], [3, 1, 358, 119, 372, 135], [6, 22, 377, 184, 380, 184]], [[1, 3, 355, 190, 369, 199], [1, 4, 241, 231, 366, 362], [2, 0, 0, 196, 403, 399], [3, 0, 0, 0, 599, 399]], [[1, 0, 301, 165, 303, 166], [1, 2, 294, 167, 298, 171], [1, 5, 238, 214, 363, 362], [1, 9, 295, 163, 299, 165], [2, 0, 0, 165, 599, 399], [3, 0, 0, 0, 599, 266], [4, 4, 275, 169, 281, 174], [4, 5, 304, 169, 310, 174]], [[1, 6, 207, 229, 392, 399], [2, 0, 0, 136, 599, 399], [3, 0, 0, 0, 599, 281], [4, 14, 191, 179, 193, 180], [4, 15, 196, 180, 196, 180], [4, 16, 202, 180, 202, 181], [4, 17, 205, 180, 206, 181], [6, 23, 351, 258, 599, 399]], [[1, 7, 252, 237, 359, 357], [2, 0, 0, 194, 397, 399], [3, 0, 0, 0, 599, 399]], [[1, 8, 237, 211, 355, 375], [2, 0, 0, 165, 599, 399], [3, 0, 0, 0, 599, 392], [3, 1, 287, 98, 303, 123], [6, 22, 308, 174, 321, 175]], [[1, 4, 343, 181, 351, 185], [1, 9, 205, 154, 399, 306], [2, 0, 0, 185, 599, 399], [3, 0, 0, 0, 599, 313]]], "distance_down_track": [183.5341033935547, 123.11368560791016, 219.9421844482422, 145.2042999267578, 165.22906494140625, 264.4089660644531, 0.25934961438179016, 318.64923095703125, 103.13206481933594, 197.0216827392578], "velocity": [[-5.400015354156494, 0.51421719789505, -21.047222137451172], [-21.612403869628906, 2.2936666011810303, -1.0520762205123901], [-0.2981240749359131, 0.40221527218818665, -20.69394302368164], [-19.219310760498047, 1.7429591417312622, -7.5762200355529785], [-12.970966339111328, 0.412125825881958, -16.126813888549805], [-0.9261103868484497, 2.092421770095825, -20.573139190673828], [0.5405105948448181, 0.08174543082714081, 24.143810272216797], [16.580669403076172, 1.184329628944397, -12.33566665649414], [-8.876439094543457, 1.2370158433914185, -0.7021598815917969], [-2.2818241119384766, 0.49075642228126526, -20.567995071411133]]}