{"track": "tutorial", "karts": ["puffy", "hexley", "tux", "suzanne", "pidgin", "nolok", "beastie", "gavroche", "amanda", "adiumy"], "detections": [[[1, 0, 205, 201, 389, 328], [2, 0, 0, 103, 216, 159], [3, 0, 0, 37, 599, 399]], [[1, 0, 326, 163, 359, 186], [1, 1, 242, 193, 349, 349], [2, 0, 158, 123, 292, 155], [3, 0, 0, 36, 599, 399]], [[1, 2, 263, 198, 329, 256], [2, 0, 0, 154, 595, 399], [3, 0, 0, 0, 599, 399], [3, 6, 212, 0, 232, 17], [3, 7, 84, 0, 103, 7], [3, 8, 251, 58, 251, 58]], [[1, 3, 228, 201, 370, 311], [2, 0, 0, 39, 599, 399], [2, 1, 213, 160, 270, 172], [2, 3, 329, 160, 387, 173], [3, 0, 0, 0, 599, 242], [3, 1, 208, 122, 270, 171], [3, 2, 282, 135, 286, 139], [3, 3, 329, 123, 392, 173], [3, 4, 242, 63, 307, 131], [3, 5, 303, 67, 364, 126]], [[1, 4, 265, 210, 335, 259], [1, 7, 300, 148, 308, 155], [1, 9, 272, 214, 356, 297], [2, 0, 0, 153, 599, 399], [3, 0, 0, 59, 599, 312], [3, 6, 448, 48, 465, 69], [3, 7, 370, 62, 381, 75]], [[1, 0, 349, 163, 372, 181], [1, 1, 322, 171, 366, 224], [1, 5, 233, 205, 350, 317], [2, 0, 201, 124, 313, 155], [3, 0, 0, 24, 599, 399]], [[1, 2, 310, 136, 310, 136], [1, 4, 268, 151, 272, 157], [1, 6, 260, 181, 340, 247], [1, 7, 258, 135, 261, 138], [1, 9, 270, 150, 279, 158], [2, 0, 0, 136, 599, 399], [3, 0, 0, 44, 599, 291], [3, 6, 363, 45, 375, 63], [3, 7, 303, 47, 313, 60], [3, 8, 399, 74, 399, 74]], [[1, 2, 404, 177, 407, 178], [1, 7, 271, 203, 327, 258], [2, 0, 0, 176, 599, 399], [3, 0, 0, 71, 599, 321], [3, 6, 436, 60, 453, 82], [3, 7, 350, 75, 362, 89]], [[1, 6, 268, 193, 270, 194], [1, 7, 226, 187, 227, 188], [1, 8, 263, 192, 339, 253], [2, 0, 0, 187, 599, 399], [3, 0, 0, 126, 599, 276], [3, 6, 274, 125, 281, 135], [3, 7, 229, 118, 230, 126]], [[1, 4, 267, 195, 314, 229], [1, 7, 295, 148, 302, 154], [1, 9, 272, 197, 327, 246], [2, 0, 0, 152, 599, 399], [3, 0, 0, 60, 599, 310], [3, 6, 439, 50, 456, 70], [3, 7, 364, 62, 375, 75]]], "distance_down_track": [712.6583862304688, 712.6583862304688, 310.5081787109375, 268.0081787109375, 310.5081787109375, 383.7624206542969, 268.0081787109375, 343.6702575683594, 225.50819396972656, 225.50819396972656], "velocity": [[-4.869756698608398, 0.08941221237182617, -0.27607399225234985], [-4.873051166534424, 0.11219930648803711, -1.2325823307037354], [-9.106122970581055, -2.697984457015991, -20.060344696044922], [8.941643714904785, 0.03400786221027374, 0.017630314454436302], [12.824752807617188, -1.2457056045532227, -19.323007583618164], [-4.720486164093018, 0.11460592597723007, -1.4367479085922241], [8.253377914428711, -3.7817442417144775, -22.37862205505371], [9.143522262573242, -0.7040064334869385, -19.349855422973633], [0.10128578543663025, -0.2136833816766739, -24.148841857910156], [10.837964057922363, -1.4169559478759766, -20.80524444580078]]}