{"track": "snowtuxpeak", "karts": ["pidgin", "amanda", "xue", "tux", "gavroche", "emule", "puffy", "sara_the_wizard", "beastie", "gnu"], "detections": [[[1, 0, 265, 209, 334, 255], [1, 3, 243, 158, 243, 158], [2, 0, 20, 163, 599, 399], [3, 0, 0, 0, 599, 399], [4, 6, 235, 155, 253, 170], [4, 7, 270, 156, 280, 166], [4, 8, 337, 161, 350, 174]], [[1, 1, 260, 192, 340, 259], [1, 2, 475, 165, 478, 166], [1, 6, 255, 159, 273, 169], [1, 7, 430, 165, 430, 165], [1, 9, 178, 157, 260, 234], [2, 0, 0, 158, 599, 399], [3, 0, 0, 0, 599, 370], [4, 10, 392, 165, 392, 165], [4, 11, 388, 165, 388, 165]], [[1, 2, 264, 186, 334, 263], [2, 0, 0, 183, 599, 399], [3, 0, 0, 37, 599, 399], [3, 1, 391, 108, 411, 137]], [[1, 3, 268, 198, 333, 250], [2, 0, 156, 170, 599, 399], [3, 0, 0, 0, 599, 399], [3, 1, 289, 171, 292, 174], [4, 7, 439, 183, 505, 243]], [[1, 0, 259, 154, 263, 156], [1, 4, 272, 203, 325, 255], [2, 0, 0, 153, 599, 399], [3, 0, 0, 0, 599, 275], [4, 8, 255, 150, 258, 153]], [[1, 2, 413, 146, 416, 146], [1, 5, 268, 199, 329, 262], [1, 7, 365, 148, 370, 154], [2, 0, 0, 149, 599, 399], [3, 0, 0, 57, 599, 306], [4, 10, 326, 151, 334, 159], [4, 11, 306, 150, 313, 159], [5, 9, 358, 152, 361, 158]], [[1, 2, 567, 177, 574, 178], [1, 6, 261, 201, 341, 252], [1, 7, 500, 177, 500, 177], [2, 0, 31, 173, 599, 399], [3, 0, 0, 0, 599, 399], [4, 10, 449, 177, 449, 177], [4, 11, 443, 177, 444, 177]], [[1, 2, 363, 165, 375, 171], [1, 7, 281, 187, 322, 267], [2, 0, 0, 171, 481, 399], [3, 0, 0, 0, 599, 399], [3, 1, 585, 132, 599, 170]], [[1, 1, 203, 139, 221, 151], [1, 8, 263, 188, 344, 261], [1, 9, 194, 132, 208, 144], [2, 0, 18, 138, 599, 399], [3, 0, 0, 0, 599, 399], [6, 20, 288, 146, 313, 163]], [[1, 1, 328, 191, 410, 252], [1, 2, 459, 170, 463, 171], [1, 6, 264, 162, 282, 172], [1, 9, 274, 157, 332, 229], [2, 0, 143, 161, 599, 399], [3, 0, 0, 0, 599, 399]]], "distance_down_track": [410.1058654785156, 477.5929260253906, 607.9624633789062, 429.750244140625, 361.3593444824219, 555.1273803710938, 489.0986633300781, 591.7186889648438, 456.3406677246094, 477.5523986816406], "velocity": [[22.301959991455078, 2.917238473892212, 8.794017791748047], [-21.541303634643555, 2.8591341972351074, 5.957036018371582], [17.59915542602539, -3.0033187866210938, 10.475675582885742], [15.083195686340332, 2.2969777584075928, 16.622577667236328], [22.689144134521484, 1.9625380039215088, -3.2173216342926025], [-3.7190160751342773, 0.5955603718757629, 20.354463577270508], [-24.50196075439453, 3.370119094848633, 3.8616292476654053], [8.939915657043457, 1.8353798389434814, 18.579538345336914], [-11.541297912597656, 1.1402168273925781, 19.935192108154297], [-20.234649658203125, 2.7761313915252686, 6.583375930786133]]}