{"track": "snowtuxpeak", "karts": ["pidgin", "amanda", "xue", "tux", "gavroche", "emule", "puffy", "sara_the_wizard", "beastie", "gnu"], "detections": [[[1, 0, 265, 210, 339, 262], [1, 9, 88, 134, 115, 152], [2, 0, 0, 126, 599, 399], [3, 0, 0, 0, 599, 285], [6, 20, 90, 127, 120, 142]], [[1, 1, 264, 192, 334, 251], [1, 4, 237, 153, 242, 155], [1, 6, 268, 162, 279, 169], [1, 8, 212, 176, 263, 217], [2, 0, 0, 153, 599, 399], [3, 0, 0, 0, 599, 324], [4, 8, 244, 150, 247, 154]], [[1, 2, 262, 186, 331, 265], [1, 7, 332, 159, 341, 172], [2, 0, 0, 150, 516, 399], [3, 0, 0, 60, 599, 399], [4, 10, 365, 152, 371, 158], [4, 11, 349, 151, 355, 157], [5, 9, 389, 153, 392, 157]], [[1, 3, 266, 198, 334, 253], [1, 5, 282, 177, 308, 201], [1, 7, 387, 176, 387, 176], [2, 0, 62, 172, 599, 399], [3, 0, 0, 0, 599, 399], [4, 10, 445, 177, 446, 177], [4, 11, 440, 177, 440, 177]], [[1, 0, 206, 162, 211, 164], [1, 4, 274, 203, 328, 252], [2, 0, 0, 167, 599, 399], [3, 0, 0, 29, 599, 389], [4, 6, 227, 159, 253, 181], [4, 7, 279, 160, 292, 172], [4, 8, 368, 166, 387, 185]], [[1, 2, 366, 172, 367, 172], [1, 5, 269, 199, 329, 260], [1, 7, 415, 174, 416, 174], [2, 0, 0, 172, 599, 399], [3, 0, 0, 0, 599, 385], [4, 10, 482, 174, 485, 175], [4, 11, 473, 174, 478, 175], [5, 9, 491, 175, 492, 175]], [[1, 4, 242, 148, 251, 154], [1, 6, 261, 201, 342, 257], [2, 0, 0, 146, 599, 399], [3, 0, 0, 0, 599, 290], [4, 6, 212, 141, 219, 148], [4, 7, 220, 141, 225, 147], [4, 8, 261, 145, 266, 151]], [[1, 7, 280, 187, 320, 266], [2, 0, 0, 152, 599, 399], [3, 0, 0, 31, 599, 302], [4, 10, 309, 154, 318, 164], [4, 11, 285, 154, 294, 164], [5, 9, 347, 156, 351, 163]], [[1, 1, 383, 238, 599, 390], [1, 4, 243, 152, 249, 155], [1, 6, 282, 162, 294, 170], [1, 8, 259, 190, 338, 257], [2, 0, 0, 153, 599, 399], [3, 0, 0, 0, 599, 270], [4, 8, 250, 150, 254, 153]], [[1, 9, 269, 158, 334, 229], [2, 0, 63, 137, 599, 399], [3, 0, 0, 0, 599, 399], [6, 20, 332, 145, 366, 167]]], "distance_down_track": [444.45465087890625, 370.7478942871094, 545.7728271484375, 489.0558166503906, 414.5568542480469, 493.4844665527344, 390.49652099609375, 559.8418579101562, 372.7351989746094, 459.1487121582031], "velocity": [[3.5015761852264404, 0.9211251735687256, 21.16656494140625], [26.880191802978516, 2.260502815246582, -3.0770068168640137], [-7.909530162811279, 0.4907097816467285, 19.122982025146484], [-20.88602638244629, 2.913029909133911, 3.7154743671417236], [20.003868103027344, 2.857832193374634, 10.985355377197266], [-21.02657127380371, 2.471640110015869, 2.5217559337615967], [24.02208709716797, 1.924926519393921, 1.5673319101333618], [-2.6835720539093018, 0.5824339985847473, 20.517045974731445], [23.890029907226562, 2.0185086727142334, -2.9007866382598877], [-14.545624732971191, 0.9780960083007812, 16.613571166992188]]}