{"track": "tutorial", "karts": ["puffy", "hexley", "tux", "suzanne", "pidgin", "nolok", "beastie", "gavroche", "amanda", "adiumy"], "detections": [[[1, 0, 202, 201, 386, 324], [1, 1, 346, 156, 359, 168], [2, 0, 197, 128, 307, 155], [3, 0, 0, 36, 599, 399]], [[1, 1, 243, 192, 353, 350], [2, 0, 0, 95, 100, 146], [3, 0, 0, 54, 599, 399]], [[1, 2, 269, 198, 333, 250], [1, 7, 288, 185, 299, 193], [1, 9, 283, 190, 286, 193], [2, 0, 0, 192, 599, 399], [3, 0, 0, 109, 599, 281], [3, 6, 273, 129, 280, 138], [3, 7, 226, 123, 234, 130]], [[1, 2, 285, 167, 295, 175], [1, 3, 264, 201, 335, 251], [2, 0, 0, 172, 599, 399], [3, 0, 0, 0, 599, 272], [3, 6, 259, 132, 266, 138]], [[1, 2, 270, 161, 275, 164], [1, 3, 278, 160, 287, 166], [1, 4, 265, 209, 334, 256], [2, 0, 0, 163, 599, 399], [3, 0, 0, 101, 599, 290], [3, 6, 238, 137, 238, 137], [3, 7, 184, 126, 185, 131]], [[1, 5, 272, 204, 331, 259], [2, 0, 0, 139, 599, 399], [3, 0, 0, 54, 599, 305], [3, 6, 397, 45, 411, 62], [3, 7, 331, 51, 342, 64]], [[1, 6, 218, 180, 390, 326], [2, 0, 0, 167, 599, 399], [3, 0, 0, 123, 599, 271], [5, 5, 204, 165, 224, 186], [5, 6, 249, 160, 254, 165], [5, 7, 228, 161, 233, 166], [5, 8, 201, 161, 206, 167], [5, 12, 293, 162, 313, 182], [5, 13, 368, 160, 387, 180], [5, 17, 103, 164, 107, 166], [5, 18, 120, 163, 124, 165], [5, 19, 133, 163, 136, 165]], [[1, 5, 260, 158, 263, 160], [1, 7, 271, 202, 327, 258], [1, 9, 286, 158, 296, 167], [2, 0, 0, 146, 599, 399], [3, 0, 0, 74, 599, 269], [3, 6, 284, 74, 293, 86], [3, 7, 232, 67, 242, 77]], [[1, 6, 255, 150, 275, 163], [1, 8, 224, 185, 380, 317], [2, 0, 0, 158, 599, 399], [3, 0, 0, 123, 599, 267], [5, 5, 197, 150, 204, 158], [5, 7, 128, 152, 130, 152], [5, 8, 104, 151, 108, 152], [5, 12, 231, 151, 237, 158], [5, 13, 256, 152, 261, 158]], [[1, 5, 263, 159, 268, 162], [1, 9, 273, 195, 328, 250], [2, 0, 0, 142, 599, 399], [3, 0, 0, 3, 599, 269], [3, 6, 303, 63, 313, 76], [3, 7, 249, 60, 259, 70]]], "distance_down_track": [712.6583862304688, 712.6583862304688, 400.4352722167969, 400.4352722167969, 405.337646484375, 491.73480224609375, 392.1418762207031, 455.9293518066406, 374.73779296875, 365.0060729980469], "velocity": [[-4.760420799255371, 0.11098422110080719, -1.6555043458938599], [-0.14445067942142487, 0.08266947418451309, 0.009947400540113449], [-0.0737442597746849, 0.3567050099372864, -22.997116088867188], [-1.551407814025879, 2.2071781158447266, -22.841224670410156], [-4.569990158081055, 1.4180546998977661, -23.671222686767578], [9.485857009887695, -2.532949686050415, -18.8221435546875], [-1.1949735879898071, 0.40763580799102783, 6.002951145172119], [0.8804759383201599, -2.663327217102051, -21.87790298461914], [2.8877503871917725, 0.5415201783180237, 6.72144079208374], [2.8194329738616943, -3.626713275909424, -22.536588668823242]]}