{"track": "tutorial", "karts": ["puffy", "hexley", "tux", "suzanne", "pidgin", "nolok", "beastie", "gavroche", "amanda", "adiumy"], "detections": [[[1, 0, 202, 257, 390, 329], [1, 1, 231, 126, 365, 294], [1, 6, 369, 190, 379, 197], [2, 0, 0, 158, 599, 399], [3, 0, 0, 0, 599, 254], [3, 8, 124, 43, 134, 54]], [[1, 0, 210, 247, 368, 367], [1, 1, 237, 192, 348, 350], [1, 6, 369, 193, 379, 200], [1, 9, 340, 218, 349, 226], [2, 0, 0, 160, 599, 399], [3, 0, 0, 0, 599, 302], [3, 8, 129, 34, 139, 45]], [[1, 2, 265, 198, 329, 253], [2, 0, 0, 169, 599, 399], [3, 0, 0, 0, 599, 344]], [[1, 3, 226, 201, 379, 321], [2, 0, 0, 163, 599, 399], [3, 0, 0, 12, 599, 249]], [[1, 4, 230, 217, 370, 318], [1, 6, 372, 168, 389, 183], [1, 9, 384, 241, 423, 276], [2, 0, 280, 132, 390, 163], [3, 0, 0, 17, 599, 399]], [[1, 5, 252, 204, 340, 291], [2, 0, 0, 105, 599, 399], [3, 0, 0, 0, 599, 214]], [[1, 6, 212, 181, 382, 330], [2, 0, 0, 74, 231, 174], [3, 0, 0, 4, 599, 399]], [[1, 7, 271, 203, 329, 260], [2, 0, 0, 154, 599, 399], [3, 0, 0, 0, 599, 383]], [[1, 4, 317, 189, 319, 195], [1, 6, 380, 166, 392, 175], [1, 8, 223, 169, 370, 295], [1, 9, 350, 199, 362, 210], [2, 0, 326, 129, 513, 159], [3, 0, 0, 0, 599, 399], [3, 8, 97, 2, 108, 16]], [[1, 6, 277, 154, 299, 171], [1, 9, 250, 190, 354, 301], [2, 0, 157, 124, 290, 156], [3, 0, 0, 36, 599, 399]]], "distance_down_track": [699.93115234375, 712.6583862304688, 741.5721435546875, 741.5721435546875, 712.6583862304688, 741.5721435546875, 712.6583862304688, 741.5721435546875, 694.2288208007812, 694.2288208007812], "velocity": [[-1.4579269886016846, -0.15129296481609344, -1.6480964422225952], [-0.14221376180648804, 0.08096868544816971, 0.005625350400805473], [-18.09857749938965, 3.8100569248199463, 13.66961669921875], [-0.004649369046092033, 0.08172403275966644, 0.11606448143720627], [0.29122841358184814, -10.221278190612793, 0.2644689381122589], [-6.3296217918396, -0.6059802174568176, -9.582206726074219], [-7.490894317626953, 0.12696515023708344, 0.3679566979408264], [-20.874794006347656, 3.517550230026245, -2.072664737701416], [-4.867308139801025, -7.406492710113525, -5.154912948608398], [-4.755064487457275, 0.1156306117773056, -1.2341430187225342]]}