{"track": "tutorial", "karts": ["puffy", "hexley", "tux", "suzanne", "pidgin", "nolok", "beastie", "gavroche", "amanda", "adiumy"], "detections": [[[1, 0, 204, 200, 384, 321], [1, 1, 386, 154, 399, 164], [1, 2, 286, 153, 300, 164], [1, 5, 352, 155, 366, 161], [1, 6, 317, 152, 331, 161], [1, 8, 334, 152, 347, 161], [1, 9, 277, 153, 291, 165], [2, 0, 273, 134, 358, 155], [3, 0, 0, 20, 599, 399], [3, 8, 0, 28, 4, 38]], [[1, 1, 246, 194, 353, 345], [1, 5, 0, 249, 14, 281], [2, 0, 0, 143, 73, 170], [3, 0, 0, 86, 599, 399]], [[1, 1, 458, 159, 486, 188], [1, 2, 230, 196, 360, 313], [1, 5, 366, 161, 399, 179], [1, 6, 296, 156, 329, 185], [1, 8, 330, 155, 357, 181], [2, 0, 154, 110, 344, 160], [3, 0, 0, 20, 599, 399]], [[1, 3, 239, 201, 356, 291], [1, 4, 281, 173, 321, 200], [1, 7, 304, 154, 315, 162], [2, 0, 0, 159, 599, 399], [3, 0, 0, 71, 599, 261], [3, 6, 479, 60, 499, 81], [3, 7, 393, 74, 406, 87], [3, 8, 521, 95, 527, 100]], [[1, 4, 240, 214, 353, 294], [1, 7, 297, 156, 311, 167], [2, 0, 0, 161, 599, 399], [3, 0, 0, 75, 599, 276], [3, 6, 472, 64, 491, 85], [3, 7, 386, 76, 398, 89], [3, 8, 511, 99, 515, 105]], [[1, 1, 341, 175, 426, 230], [1, 5, 223, 206, 348, 323], [1, 8, 3, 330, 503, 399], [3, 0, 0, 50, 599, 399]], [[1, 1, 546, 167, 599, 225], [1, 5, 386, 176, 459, 222], [1, 6, 209, 180, 385, 328], [1, 8, 321, 167, 399, 243], [2, 0, 0, 61, 306, 179], [3, 0, 0, 1, 599, 399]], [[1, 7, 251, 204, 338, 292], [2, 0, 0, 168, 599, 399], [3, 0, 0, 68, 599, 303], [3, 6, 437, 57, 455, 79], [3, 7, 350, 68, 362, 82]], [[1, 1, 539, 164, 599, 218], [1, 5, 346, 188, 449, 260], [1, 6, 0, 309, 211, 399], [1, 8, 217, 183, 377, 332], [2, 0, 0, 65, 245, 211], [3, 0, 0, 20, 599, 399]], [[1, 1, 454, 159, 475, 184], [1, 2, 267, 173, 328, 226], [1, 5, 371, 160, 399, 175], [1, 6, 310, 155, 337, 179], [1, 8, 339, 155, 363, 176], [1, 9, 249, 191, 352, 303], [2, 0, 196, 116, 357, 159], [3, 0, 0, 22, 599, 399]]], "distance_down_track": [712.2796630859375, 712.6583862304688, 619.34228515625, 619.34228515625, 619.34228515625, 656.4569091796875, 619.34228515625, 633.04345703125, 619.34228515625, 605.3455200195312], "velocity": [[-4.2053046226501465, 0.1256146878004074, -2.644507646560669], [-0.13830338418483734, 0.06906075775623322, 0.09882166981697083], [-4.8723464012146, 0.0933917835354805, -0.8675641417503357], [7.25523042678833, -0.22464340925216675, -10.005376815795898], [7.231228351593018, -0.1405198574066162, -10.462987899780273], [-0.27383002638816833, 0.22552992403507233, 1.0282849073410034], [-1.979842185974121, 0.11923953145742416, 0.14333613216876984], [4.87454080581665, -0.5041856169700623, -11.718151092529297], [-0.7442277669906616, 0.16582268476486206, 0.14431096613407135], [-4.773215293884277, 0.09374244511127472, -1.2827941179275513]]}