{"track": "overworld", "karts": ["beastie", "kiki", "hexley", "emule", "amanda", "wilber", "adiumy", "xue", "suzanne", "nolok"], "detections": [[[1, 0, 253, 189, 338, 262], [2, 0, 413, 146, 422, 154], [3, 0, 0, 20, 533, 145], [3, 4, 469, 114, 469, 114], [3, 7, 472, 113, 477, 115], [3, 24, 478, 113, 483, 116]], [[1, 1, 233, 168, 368, 311], [2, 7, 0, 149, 284, 211], [2, 24, 283, 140, 599, 208], [3, 7, 0, 0, 282, 210], [3, 24, 277, 0, 599, 148]], [[1, 2, 239, 192, 349, 349], [1, 3, 355, 157, 360, 159], [1, 7, 375, 152, 379, 155], [3, 0, 0, 45, 469, 168], [3, 6, 252, 157, 262, 160], [3, 7, 366, 153, 370, 155], [3, 24, 371, 153, 374, 154]], [[1, 3, 272, 199, 330, 260], [1, 4, 501, 161, 506, 163], [1, 7, 317, 154, 337, 173], [3, 0, 0, 145, 385, 170], [3, 3, 253, 163, 253, 163], [3, 4, 253, 157, 255, 161], [3, 7, 221, 156, 229, 162], [3, 24, 230, 156, 239, 162]], [[1, 4, 258, 191, 340, 260], [3, 0, 0, 105, 516, 162], [3, 1, 129, 148, 145, 155], [3, 2, 142, 137, 150, 145], [3, 3, 140, 131, 145, 136], [3, 4, 138, 122, 146, 130], [3, 7, 158, 120, 178, 151], [3, 8, 158, 122, 164, 128], [3, 24, 173, 120, 196, 150], [3, 25, 181, 121, 194, 139]], [[1, 5, 260, 189, 335, 258], [3, 0, 0, 0, 599, 160]], [[1, 1, 281, 159, 294, 175], [1, 6, 250, 190, 353, 307], [2, 7, 215, 154, 290, 170], [2, 24, 290, 154, 387, 171], [3, 0, 0, 0, 599, 180], [3, 7, 129, 0, 289, 168], [3, 24, 289, 0, 463, 170]], [[1, 4, 458, 177, 463, 179], [1, 7, 269, 186, 337, 265], [3, 0, 0, 158, 424, 183], [3, 3, 203, 178, 203, 182], [3, 4, 202, 173, 205, 177], [3, 7, 165, 171, 176, 181], [3, 24, 176, 171, 190, 181]], [[1, 0, 415, 187, 418, 188], [1, 8, 259, 201, 337, 261], [1, 9, 380, 184, 382, 186], [3, 0, 0, 54, 599, 198]], [[1, 0, 316, 153, 324, 159], [1, 9, 271, 203, 332, 260], [2, 0, 397, 144, 401, 148], [3, 0, 0, 0, 599, 227], [3, 5, 420, 114, 421, 114]]], "distance_down_track": [1460.3853759765625, 351.8743896484375, 310.2080383300781, 310.2080383300781, 334.8522644042969, 1220.876220703125, 621.8091430664062, 384.41607666015625, 1373.407470703125, 1430.7674560546875], "velocity": [[-9.292703628540039, -3.3695311546325684, 19.357223510742188], [0.009130884893238544, 0.09185037761926651, 0.19286078214645386], [0.47849535942077637, 0.004989705979824066, 4.0545973777771], [14.628866195678711, 1.035963535308838, 16.78780174255371], [11.868623733520508, -2.7081782817840576, 18.005878448486328], [-2.84743332862854, -0.5897495746612549, -19.44881820678711], [-0.012502545490860939, -0.07694246619939804, 0.11864849179983139], [16.091535568237305, 1.4528651237487793, 12.939922332763672], [-19.895553588867188, 1.049499750137329, 4.488968372344971], [-14.482431411743164, -4.6269307136535645, 14.047799110412598]]}