{"track": "overworld", "karts": ["beastie", "kiki", "hexley", "emule", "amanda", "wilber", "adiumy", "xue", "suzanne", "nolok"], "detections": [[[1, 0, 248, 187, 346, 272], [3, 0, 0, 26, 599, 203]], [[1, 1, 275, 171, 336, 240], [1, 2, 404, 150, 411, 153], [1, 8, 556, 147, 559, 149], [3, 0, 199, 61, 599, 152]], [[1, 2, 265, 196, 321, 271], [1, 5, 290, 145, 292, 147], [1, 8, 303, 156, 306, 159], [1, 9, 301, 153, 303, 155], [3, 0, 0, 0, 599, 160]], [[1, 3, 242, 200, 359, 321], [1, 6, 285, 161, 316, 192], [2, 7, 206, 141, 288, 159], [2, 24, 288, 141, 395, 160], [3, 0, 0, 0, 599, 171], [3, 7, 107, 0, 287, 156], [3, 24, 285, 0, 478, 158]], [[1, 4, 259, 192, 335, 255], [1, 7, 216, 153, 217, 153], [3, 0, 0, 0, 599, 201], [3, 4, 309, 140, 312, 144], [3, 7, 316, 138, 324, 145], [3, 8, 315, 145, 315, 145], [3, 24, 325, 138, 334, 144], [3, 25, 331, 140, 334, 143]], [[1, 0, 404, 138, 409, 141], [1, 5, 266, 188, 342, 261], [3, 0, 0, 0, 599, 199]], [[1, 6, 258, 192, 346, 286], [2, 7, 173, 139, 283, 164], [2, 24, 283, 139, 428, 165], [3, 0, 0, 0, 599, 175], [3, 7, 43, 0, 282, 159], [3, 24, 280, 0, 542, 164]], [[1, 7, 269, 187, 337, 265], [3, 0, 0, 118, 585, 161]], [[1, 5, 280, 148, 285, 152], [1, 8, 260, 201, 337, 259], [1, 9, 291, 164, 304, 175], [3, 0, 0, 0, 599, 168]], [[1, 0, 346, 128, 348, 128], [1, 5, 280, 146, 287, 152], [1, 9, 268, 204, 328, 260], [3, 0, 0, 0, 599, 177]]], "distance_down_track": [1365.59375, 205.17173767089844, 1196.739013671875, 609.3222045898438, 264.8349304199219, 1290.9239501953125, 613.8964233398438, 423.7076110839844, 1250.046630859375, 1260.6783447265625], "velocity": [[-18.288503646850586, 1.7975151538848877, 1.377272605895996], [19.689159393310547, -0.2419116050004959, -9.47105884552002], [-2.940103530883789, 0.3220539391040802, -19.44130516052246], [-0.41686996817588806, -1.0476207733154297, 6.188347339630127], [-1.776102900505066, -2.749142646789551, 23.683414459228516], [1.919010043144226, 2.2402870655059814, -19.44249725341797], [-0.6974695324897766, -1.5176514387130737, 11.45892333984375], [19.56024932861328, -2.0590250492095947, 6.453453063964844], [-1.3687692880630493, 1.4692111015319824, -20.602375030517578], [-0.8313382267951965, 2.3354744911193848, -20.5510196685791]]}