{"track": "overworld", "karts": ["beastie", "kiki", "hexley", "emule", "amanda", "wilber", "adiumy", "xue", "suzanne", "nolok"], "detections": [[[1, 0, 254, 188, 339, 264], [3, 0, 0, 0, 599, 186], [3, 4, 315, 165, 317, 166], [3, 7, 323, 164, 328, 167], [3, 8, 324, 165, 324, 165], [3, 24, 329, 164, 334, 167], [3, 25, 335, 167, 335, 167]], [[1, 1, 270, 181, 336, 256], [1, 2, 382, 151, 388, 154], [3, 0, 0, 38, 599, 180], [3, 5, 475, 111, 476, 112]], [[1, 2, 268, 196, 322, 269], [1, 8, 355, 140, 358, 142], [1, 9, 349, 137, 350, 138], [2, 0, 300, 153, 312, 166], [3, 0, 0, 0, 599, 166], [3, 7, 318, 128, 320, 128], [3, 24, 321, 128, 323, 129]], [[1, 3, 247, 200, 351, 310], [1, 6, 399, 209, 506, 310], [2, 7, 62, 201, 292, 258], [2, 24, 298, 198, 599, 260], [3, 7, 0, 0, 294, 250], [3, 24, 294, 0, 599, 200]], [[1, 4, 256, 191, 337, 261], [1, 7, 328, 178, 333, 183], [3, 0, 167, 87, 599, 200]], [[1, 0, 207, 141, 209, 143], [1, 5, 259, 190, 331, 257], [3, 0, 0, 99, 480, 163], [3, 7, 215, 140, 218, 141], [3, 24, 219, 140, 222, 141]], [[1, 3, 54, 184, 203, 322], [1, 6, 263, 194, 343, 284], [2, 7, 0, 159, 165, 236], [2, 24, 165, 166, 436, 230], [3, 0, 501, 0, 599, 216], [3, 7, 0, 0, 164, 165], [3, 24, 160, 0, 546, 215]], [[1, 7, 262, 187, 330, 265], [3, 0, 0, 0, 599, 157]], [[1, 5, 310, 165, 317, 170], [1, 8, 261, 201, 332, 257], [1, 9, 279, 162, 291, 173], [3, 0, 0, 84, 471, 170], [3, 4, 282, 159, 282, 159], [3, 7, 287, 159, 289, 160], [3, 24, 290, 160, 293, 160]], [[1, 5, 339, 174, 350, 182], [1, 9, 267, 203, 324, 257], [3, 0, 0, 92, 518, 179], [3, 7, 306, 163, 308, 164], [3, 24, 309, 163, 312, 164]]], "distance_down_track": [216.8272247314453, 1411.3731689453125, 13.906681060791016, 621.9035034179688, 1116.2265625, 119.27182006835938, 621.7142944335938, 1150.2464599609375, 86.0753173828125, 97.70596313476562], "velocity": [[-1.9038689136505127, 0.3322768807411194, 21.64890480041504], [-16.23987579345703, -3.9132821559906006, 10.376167297363281], [1.1179072856903076, -2.044581413269043, 20.992082595825195], [-0.12229308485984802, 0.3567376732826233, -0.049808721989393234], [-1.3632830381393433, 2.0687711238861084, -21.593326568603516], [7.894700527191162, -0.6180502772331238, 19.04573631286621], [0.23335756361484528, 0.36741775274276733, -0.12927983701229095], [-4.426642894744873, 0.23426951467990875, -20.219789505004883], [1.079717755317688, 0.7124157547950745, 22.43373680114746], [-0.2023221254348755, 0.9269007444381714, 22.197736740112305]]}