{"track": "tutorial", "karts": ["puffy", "hexley", "tux", "suzanne", "pidgin", "nolok", "beastie", "gavroche", "amanda", "adiumy"], "detections": [[[1, 0, 205, 201, 389, 329], [2, 0, 0, 98, 187, 163], [3, 0, 0, 26, 599, 399]], [[1, 0, 355, 158, 376, 171], [1, 1, 240, 193, 348, 348], [1, 3, 567, 165, 599, 184], [1, 5, 264, 155, 281, 167], [2, 0, 233, 130, 332, 155], [3, 0, 0, 31, 599, 399]], [[1, 2, 268, 198, 332, 252], [1, 9, 439, 177, 440, 177], [2, 0, 0, 172, 599, 399], [3, 0, 0, 72, 599, 269], [3, 6, 455, 61, 474, 82], [3, 7, 370, 79, 383, 91], [3, 8, 493, 95, 493, 95]], [[1, 3, 223, 201, 374, 321], [1, 7, 568, 17, 574, 20], [1, 9, 566, 21, 567, 21], [2, 0, 547, 11, 599, 63], [3, 0, 0, 0, 599, 399]], [[1, 2, 234, 141, 237, 144], [1, 4, 257, 211, 340, 267], [2, 0, 0, 137, 599, 399], [3, 0, 0, 0, 599, 261], [3, 6, 308, 57, 319, 71], [3, 7, 254, 52, 264, 63]], [[1, 0, 570, 209, 599, 227], [1, 5, 235, 205, 352, 321], [2, 0, 97, 102, 328, 161], [3, 0, 0, 17, 599, 399]], [[1, 0, 435, 214, 459, 228], [1, 1, 314, 306, 352, 356], [1, 5, 357, 201, 371, 212], [1, 6, 259, 188, 336, 259], [2, 0, 338, 151, 550, 187], [3, 0, 0, 0, 599, 399], [3, 8, 128, 37, 139, 48]], [[1, 0, 425, 202, 439, 209], [1, 5, 380, 193, 389, 199], [1, 6, 339, 184, 353, 198], [1, 7, 273, 202, 327, 254], [1, 9, 206, 208, 289, 281], [2, 0, 0, 158, 599, 399], [3, 0, 0, 0, 599, 350], [3, 6, 175, 0, 183, 4], [3, 8, 207, 52, 214, 57]], [[1, 8, 222, 185, 378, 317], [2, 0, 0, 158, 599, 399], [3, 0, 0, 99, 599, 243], [3, 6, 269, 110, 278, 118], [3, 7, 223, 103, 231, 108]], [[1, 0, 396, 194, 408, 201], [1, 5, 356, 187, 364, 192], [1, 6, 322, 179, 336, 191], [1, 7, 309, 192, 352, 230], [1, 9, 272, 195, 327, 248], [2, 0, 0, 154, 599, 399], [3, 0, 0, 0, 599, 311], [3, 8, 170, 41, 178, 51]]], "distance_down_track": [712.6583862304688, 712.6583862304688, 561.7310180664062, 561.7310180664062, 547.9110717773438, 605.3455200195312, 547.9110717773438, 576.2125244140625, 532.0, 532.0], "velocity": [[-5.960968971252441, 0.11806317418813705, -0.06235545501112938], [-4.491386890411377, 0.11766430735588074, -1.9920464754104614], [11.440948486328125, -0.28411293029785156, -19.950538635253906], [1.0223253965377808, -0.010429766960442066, 0.7067846655845642], [2.794553756713867, -3.111450433731079, -19.426071166992188], [-4.8702521324157715, 0.09201749414205551, -0.5748281478881836], [-15.235872268676758, -10.903568267822266, -18.068239212036133], [-12.135310173034668, -2.1254711151123047, -19.122634887695312], [-0.15915527939796448, -0.014728859066963196, -7.036189079284668], [-11.072522163391113, -2.118626832962036, -19.063701629638672]]}