{"track": "tutorial", "karts": ["puffy", "hexley", "tux", "suzanne", "pidgin", "nolok", "beastie", "gavroche", "amanda", "adiumy"], "detections": [[[1, 0, 201, 202, 403, 327], [1, 1, 187, 247, 196, 254], [1, 4, 178, 248, 188, 253], [1, 5, 149, 247, 160, 253], [1, 6, 169, 243, 181, 251], [1, 7, 196, 247, 204, 253], [1, 8, 126, 249, 139, 257], [2, 0, 0, 212, 599, 399], [3, 0, 0, 99, 599, 369]], [[1, 1, 244, 192, 354, 350], [1, 4, 85, 206, 230, 290], [1, 6, 0, 143, 154, 251], [1, 7, 347, 194, 467, 285], [2, 0, 0, 79, 80, 121], [3, 0, 0, 23, 599, 399]], [[1, 2, 251, 197, 348, 279], [2, 0, 0, 145, 599, 399], [3, 0, 0, 119, 599, 265], [3, 2, 323, 140, 332, 147], [5, 5, 149, 138, 150, 138], [5, 8, 48, 133, 49, 133], [5, 12, 156, 139, 157, 139], [5, 13, 162, 139, 162, 139], [5, 14, 246, 144, 247, 147], [5, 15, 235, 144, 237, 146], [5, 16, 222, 144, 223, 146]], [[1, 3, 263, 201, 336, 255], [2, 0, 0, 164, 599, 399], [3, 0, 0, 86, 599, 285], [3, 6, 241, 132, 243, 140], [3, 7, 195, 125, 198, 127]], [[1, 1, 385, 195, 599, 399], [1, 4, 226, 218, 376, 323], [1, 6, 34, 147, 259, 287], [1, 7, 514, 205, 599, 293], [2, 0, 0, 96, 129, 197], [3, 0, 0, 58, 599, 399]], [[1, 1, 440, 182, 526, 227], [1, 4, 414, 193, 468, 235], [1, 5, 230, 205, 349, 324], [1, 6, 341, 160, 426, 231], [1, 7, 469, 184, 490, 207], [2, 0, 0, 50, 142, 230], [3, 0, 0, 35, 599, 399]], [[1, 1, 310, 184, 376, 234], [1, 4, 317, 213, 360, 263], [1, 6, 207, 179, 383, 327], [1, 7, 278, 187, 332, 214], [3, 0, 0, 35, 599, 399]], [[1, 1, 0, 193, 238, 399], [1, 4, 0, 215, 117, 313], [1, 6, 0, 190, 44, 231], [1, 7, 241, 205, 357, 320], [2, 0, 0, 110, 57, 132], [3, 0, 0, 48, 599, 399]], [[1, 4, 560, 204, 599, 221], [1, 5, 385, 190, 454, 253], [1, 6, 483, 158, 599, 222], [1, 8, 217, 184, 377, 324], [2, 0, 0, 82, 335, 214], [3, 0, 0, 42, 599, 399]], [[1, 2, 293, 148, 295, 149], [1, 9, 259, 192, 346, 284], [2, 0, 0, 110, 599, 399], [2, 1, 280, 151, 283, 152], [2, 3, 316, 151, 318, 152], [3, 0, 0, 73, 599, 246], [3, 1, 280, 142, 291, 150], [3, 2, 286, 139, 288, 141], [3, 3, 307, 142, 319, 152], [3, 4, 287, 130, 300, 143], [3, 5, 300, 131, 312, 141], [4, 4, 305, 149, 315, 157], [4, 9, 325, 149, 335, 157], [4, 10, 284, 149, 294, 157], [4, 11, 264, 149, 274, 157]]], "distance_down_track": [712.6583862304688, 712.6583862304688, 310.5081787109375, 309.5, 321.3812561035156, 383.7624206542969, 299.364013671875, 365.0060729980469, 268.0081787109375, 225.50819396972656], "velocity": [[-0.2698989510536194, 0.12714730203151703, 0.05402730405330658], [-3.1773786544799805, 0.47913259267807007, 0.333245187997818], [13.242079734802246, 0.41867029666900635, 2.909852981567383], [-3.240764617919922, 1.181609034538269, -21.948312759399414], [-0.11753137409687042, 0.08662411570549011, 0.0041169896721839905], [-1.0381357669830322, 0.02785865217447281, 1.3762089014053345], [0.0620446652173996, 0.04450983181595802, 1.716162085533142], [-0.10509835928678513, 0.08274610340595245, 0.0024367240257561207], [-0.14437881112098694, 0.1928257793188095, 0.20957432687282562], [11.714723587036133, 0.02715204656124115, 0.00017854834732133895]]}