{"track": "minigolf", "karts": ["nolok", "sara_the_racer", "emule", "adiumy", "gavroche", "konqi", "amanda", "xue", "sara_the_wizard", "puffy"], "detections": [[[1, 0, 265, 204, 341, 277], [1, 4, 95, 354, 280, 399], [1, 7, 244, 156, 268, 182], [2, 0, 0, 135, 468, 399], [3, 0, 0, 0, 599, 399], [3, 1, 422, 62, 588, 193], [3, 2, 188, 62, 212, 130], [4, 20, 359, 152, 388, 179], [5, 22, 215, 136, 216, 138], [255, 16777215, 302, 64, 314, 125]], [[1, 0, 302, 152, 317, 160], [1, 1, 276, 173, 326, 267], [1, 3, 325, 78, 349, 110], [1, 4, 305, 154, 322, 164], [1, 7, 262, 144, 273, 154], [2, 0, 172, 130, 592, 399], [3, 0, 0, 0, 599, 399], [3, 1, 332, 116, 373, 155], [3, 2, 121, 44, 126, 55], [3, 11, 220, 127, 225, 127], [3, 13, 420, 94, 537, 162], [4, 18, 0, 200, 78, 339], [4, 19, 570, 265, 599, 399], [4, 20, 310, 144, 320, 153], [4, 21, 169, 145, 186, 158], [5, 22, 183, 129, 185, 130], [255, 16777215, 239, 49, 516, 117]], [[1, 2, 273, 199, 339, 263], [2, 0, 0, 82, 599, 399], [3, 0, 0, 0, 599, 399], [3, 2, 402, 0, 442, 100], [3, 12, 441, 113, 481, 152], [5, 23, 313, 181, 331, 207]], [[1, 3, 279, 196, 334, 284], [2, 0, 0, 381, 110, 399], [3, 0, 0, 75, 599, 399], [3, 1, 220, 365, 284, 399], [3, 13, 349, 353, 457, 399], [255, 16777215, 96, 291, 384, 364]], [[1, 0, 297, 181, 339, 215], [1, 4, 268, 204, 337, 272], [1, 7, 252, 156, 273, 176], [2, 0, 0, 138, 435, 399], [3, 0, 0, 0, 599, 399], [3, 1, 393, 89, 501, 180], [3, 2, 173, 62, 198, 130], [3, 13, 568, 127, 599, 178], [4, 20, 346, 153, 368, 173], [4, 21, 17, 161, 58, 190], [5, 22, 208, 137, 209, 139], [255, 16777215, 289, 67, 301, 126]], [[1, 5, 216, 183, 383, 337], [1, 9, 395, 183, 455, 215], [2, 0, 518, 119, 599, 229], [3, 0, 0, 0, 599, 399], [3, 11, 539, 105, 599, 114], [4, 18, 557, 177, 594, 197], [4, 21, 528, 145, 545, 152]], [[1, 6, 257, 191, 335, 259], [2, 0, 0, 179, 435, 399], [3, 0, 0, 0, 599, 399]], [[1, 7, 264, 184, 343, 282], [2, 0, 0, 132, 599, 399], [3, 0, 0, 0, 599, 243], [3, 2, 236, 63, 257, 131], [4, 26, 170, 130, 171, 133], [5, 22, 254, 136, 256, 138], [255, 16777215, 352, 56, 365, 123]], [[1, 8, 275, 187, 318, 266], [2, 0, 5, 100, 599, 399], [3, 0, 0, 0, 599, 399], [3, 2, 539, 0, 597, 75]], [[1, 9, 221, 199, 352, 300], [2, 0, 520, 94, 599, 145], [3, 0, 0, 0, 599, 399], [3, 11, 543, 79, 575, 87], [4, 18, 571, 165, 599, 195], [4, 21, 529, 120, 549, 131]]], "distance_down_track": [314.8222351074219, 300.016845703125, 363.09075927734375, 304.5572814941406, 312.4139404296875, 279.9109191894531, 164.75070190429688, 321.8301086425781, 415.6177062988281, 282.40740966796875], "velocity": [[12.718995094299316, 0.06995183229446411, -9.682454109191895], [9.492679595947266, 0.14008834958076477, -14.627344131469727], [19.98186683654785, -2.486626386642456, 4.799129009246826], [2.21258282661438, 0.048107147216796875, -10.314440727233887], [12.921083450317383, 0.07282871007919312, -11.032702445983887], [0.040800340473651886, 0.07509633898735046, -0.02180367335677147], [-1.3506135940551758, -3.3286309242248535, 22.659530639648438], [14.519705772399902, 3.231611967086792, -7.302008628845215], [20.189430236816406, -1.1459743976593018, 4.423075199127197], [11.320229530334473, -2.0980865955352783, -2.0362443923950195]]}