{"track": "snowmountain", "karts": ["adiumy", "beastie", "sara_the_racer", "wilber", "nolok", "gavroche", "konqi", "sara_the_wizard", "tux", "xue"], "detections": [[[1, 0, 271, 194, 331, 254], [2, 0, 0, 149, 599, 399], [3, 0, 0, 0, 599, 231], [4, 25, 350, 157, 362, 165], [4, 26, 247, 155, 258, 165], [5, 39, 295, 158, 300, 165], [6, 10, 298, 151, 304, 157]], [[1, 1, 260, 190, 339, 256], [1, 6, 334, 157, 344, 163], [2, 0, 0, 155, 599, 399], [3, 0, 0, 0, 599, 248]], [[1, 2, 270, 179, 323, 258], [2, 0, 0, 170, 546, 399], [3, 0, 0, 4, 599, 399], [3, 28, 58, 70, 103, 109], [3, 29, 69, 84, 92, 105], [3, 116, 40, 60, 84, 181]], [[1, 1, 277, 164, 301, 184], [1, 3, 261, 190, 336, 258], [1, 6, 333, 156, 341, 160], [2, 0, 0, 154, 599, 399], [3, 0, 0, 0, 599, 228]], [[1, 0, 341, 160, 344, 162], [1, 4, 269, 202, 321, 252], [1, 8, 355, 164, 364, 170], [1, 9, 383, 163, 394, 172], [2, 0, 73, 156, 599, 399], [3, 0, 0, 0, 599, 399], [4, 25, 356, 159, 358, 160], [4, 26, 329, 159, 330, 160], [5, 39, 341, 159, 342, 160], [6, 7, 359, 159, 390, 181], [6, 8, 326, 158, 329, 161], [6, 9, 358, 158, 361, 162]], [[1, 5, 262, 202, 332, 256], [2, 0, 0, 155, 599, 399], [3, 0, 0, 0, 599, 276], [5, 30, 257, 171, 274, 193], [5, 36, 101, 178, 134, 209]], [[1, 2, 397, 155, 415, 171], [1, 6, 255, 192, 331, 268], [2, 0, 0, 160, 599, 399], [3, 0, 0, 0, 599, 374], [3, 28, 348, 120, 361, 132], [3, 29, 352, 123, 357, 130], [3, 116, 339, 115, 356, 159]], [[1, 1, 287, 156, 293, 163], [1, 3, 290, 158, 300, 167], [1, 6, 317, 155, 323, 157], [1, 7, 279, 188, 319, 266], [2, 0, 0, 154, 599, 399], [3, 0, 0, 0, 599, 236], [3, 20, 293, 80, 301, 91], [3, 21, 296, 84, 298, 89], [5, 38, 399, 366, 409, 373]], [[1, 0, 314, 155, 318, 159], [1, 8, 264, 198, 333, 257], [1, 9, 466, 209, 599, 333], [2, 0, 0, 151, 599, 399], [3, 0, 0, 0, 599, 245], [4, 25, 337, 154, 339, 156], [4, 26, 300, 153, 304, 156], [5, 39, 318, 155, 319, 156], [6, 8, 290, 152, 295, 158], [6, 9, 335, 152, 345, 159], [6, 10, 322, 152, 322, 154]], [[1, 0, 314, 156, 318, 160], [1, 8, 138, 184, 213, 222], [1, 9, 268, 189, 330, 258], [2, 0, 0, 152, 573, 399], [3, 0, 0, 0, 599, 399], [4, 25, 342, 156, 345, 158], [4, 26, 305, 154, 308, 157], [5, 39, 322, 156, 323, 157], [6, 8, 287, 153, 296, 159], [6, 9, 333, 154, 342, 160], [6, 10, 329, 155, 330, 156]]], "distance_down_track": [919.9959716796875, 770.759521484375, 823.6950073242188, 763.4219970703125, 855.9984741210938, 490.4642333984375, 805.626708984375, 744.709228515625, 878.79052734375, 877.6131591796875], "velocity": [[-0.7907695770263672, -1.3055981397628784, -20.643644332885742], [-0.6208297610282898, -1.472228765487671, 24.371429443359375], [19.570728302001953, -1.768114447593689, 0.7566532492637634], [-1.0833415985107422, -1.16635000705719, 19.6004638671875], [-0.040078770369291306, -1.0346623659133911, -25.285181045532227], [-24.53952980041504, 2.4678804874420166, 4.336389064788818], [13.196183204650879, 0.1705179065465927, 15.947463035583496], [-0.8006359934806824, -1.2339946031570435, 20.647668838500977], [1.0953381061553955, -1.250968337059021, -20.63311004638672], [3.156723976135254, -1.3978629112243652, -23.1439208984375]]}