{"track": "overworld", "karts": ["beastie", "kiki", "hexley", "emule", "amanda", "wilber", "adiumy", "xue", "suzanne", "nolok"], "detections": [[[1, 0, 255, 189, 341, 262], [1, 8, 291, 141, 294, 143], [2, 0, 173, 163, 212, 203], [3, 0, 0, 0, 599, 169], [3, 7, 253, 132, 253, 132], [3, 24, 254, 132, 256, 133]], [[1, 1, 232, 168, 368, 322], [2, 7, 0, 334, 298, 399], [2, 24, 299, 324, 599, 399], [3, 0, 0, 0, 599, 165], [3, 7, 0, 60, 298, 357], [3, 24, 295, 59, 599, 333]], [[1, 2, 240, 193, 348, 349], [1, 3, 15, 145, 25, 149], [1, 4, 350, 147, 357, 151], [1, 7, 449, 140, 451, 141], [3, 0, 0, 106, 599, 150]], [[1, 3, 273, 200, 330, 257], [1, 6, 277, 162, 278, 163], [3, 0, 0, 93, 599, 172], [3, 1, 153, 156, 193, 179], [3, 2, 198, 134, 213, 151], [3, 3, 195, 121, 208, 133], [3, 4, 192, 101, 208, 119], [3, 7, 247, 118, 271, 163], [3, 8, 248, 120, 258, 131], [3, 24, 268, 118, 294, 162], [3, 25, 279, 120, 293, 143], [255, 16777215, 12, 146, 550, 196]], [[1, 4, 248, 190, 348, 275], [3, 0, 0, 102, 421, 148], [255, 16777215, 0, 151, 218, 179]], [[1, 0, 409, 139, 415, 142], [1, 5, 263, 189, 339, 260], [2, 0, 410, 137, 413, 140], [3, 0, 0, 0, 599, 191], [3, 5, 449, 104, 450, 104], [3, 6, 467, 96, 467, 96]], [[1, 1, 286, 153, 292, 161], [1, 6, 273, 194, 332, 254], [2, 7, 245, 149, 289, 160], [2, 24, 290, 147, 346, 159], [3, 0, 0, 0, 599, 167], [3, 7, 191, 0, 289, 160], [3, 24, 281, 0, 378, 155], [3, 25, 371, 3, 377, 74]], [[1, 7, 263, 187, 332, 262], [3, 0, 126, 126, 529, 170]], [[1, 8, 258, 201, 335, 261], [1, 9, 372, 170, 377, 172], [3, 0, 0, 89, 488, 173], [3, 7, 293, 162, 295, 162], [3, 24, 296, 162, 298, 162]], [[1, 9, 266, 203, 326, 260], [3, 0, 14, 107, 591, 155], [3, 4, 29, 152, 32, 153]]], "distance_down_track": [28.213611602783203, 481.57122802734375, 434.1119689941406, 434.1119689941406, 488.7125549316406, 1421.3321533203125, 595.5431518554688, 531.5838012695312, 91.77503204345703, 149.1082763671875], "velocity": [[5.352604389190674, -0.9866710305213928, 21.042490005493164], [0.06794971227645874, 0.01674593612551689, -0.022619085386395454], [5.905759334564209, -0.5423783659934998, 1.8707554340362549], [2.144497871398926, -1.79435133934021, 22.82939910888672], [12.175209045410156, 0.3334782123565674, 4.209935188293457], [-14.867364883422852, -4.017315864562988, 12.228442192077637], [-0.7805923223495483, -3.4029393196105957, 20.403446197509766], [16.061073303222656, -1.2872728109359741, -12.9951810836792], [0.5326704382896423, 0.8343045115470886, 20.676319122314453], [15.469374656677246, 0.11336600035429001, 13.754109382629395]]}