{"track": "tutorial", "karts": ["puffy", "hexley", "tux", "suzanne", "pidgin", "nolok", "beastie", "gavroche", "amanda", "adiumy"], "detections": [[[1, 0, 203, 201, 387, 323], [1, 2, 272, 154, 285, 165], [1, 4, 164, 161, 201, 179], [1, 6, 230, 151, 251, 165], [1, 9, 273, 154, 287, 166], [2, 0, 202, 129, 311, 155], [3, 0, 0, 38, 599, 399]], [[1, 0, 340, 163, 378, 186], [1, 1, 255, 196, 333, 298], [1, 2, 372, 151, 384, 159], [1, 4, 309, 154, 326, 163], [1, 6, 341, 149, 356, 158], [1, 7, 366, 177, 407, 213], [1, 9, 373, 151, 384, 160], [2, 0, 323, 131, 412, 152], [3, 0, 0, 0, 599, 399], [3, 8, 94, 39, 105, 52]], [[1, 2, 236, 197, 356, 308], [1, 9, 353, 296, 599, 399], [2, 0, 0, 57, 322, 174], [3, 0, 0, 0, 599, 399]], [[1, 3, 265, 200, 338, 255], [2, 0, 0, 160, 599, 399], [3, 0, 0, 57, 599, 332], [5, 5, 168, 152, 173, 155], [5, 8, 38, 148, 41, 149], [5, 12, 189, 153, 194, 158], [5, 13, 205, 154, 209, 159], [5, 14, 359, 167, 367, 180], [5, 15, 306, 167, 317, 181], [5, 16, 238, 167, 252, 183]], [[1, 2, 352, 160, 371, 177], [1, 4, 221, 217, 364, 322], [1, 6, 293, 155, 323, 180], [1, 9, 366, 161, 389, 183], [2, 0, 238, 120, 385, 161], [3, 0, 0, 16, 599, 399]], [[1, 5, 267, 203, 325, 260], [1, 8, 306, 170, 333, 194], [2, 0, 0, 172, 599, 399], [3, 0, 0, 55, 599, 390], [3, 6, 364, 44, 380, 65], [3, 7, 278, 54, 291, 68]], [[1, 2, 374, 174, 449, 226], [1, 6, 209, 180, 380, 330], [1, 9, 461, 188, 589, 275], [2, 0, 9, 78, 363, 169], [3, 0, 0, 0, 599, 399]], [[1, 0, 234, 167, 301, 206], [1, 2, 304, 154, 316, 163], [1, 4, 221, 153, 245, 166], [1, 6, 269, 150, 286, 161], [1, 7, 233, 205, 347, 315], [1, 9, 304, 154, 316, 164], [2, 0, 250, 130, 344, 157], [3, 0, 0, 5, 599, 399]], [[1, 8, 262, 192, 330, 252], [2, 0, 0, 169, 599, 399], [3, 0, 0, 44, 599, 399], [3, 6, 340, 32, 356, 55], [3, 7, 250, 41, 264, 57]], [[1, 2, 199, 173, 270, 235], [1, 6, 0, 265, 24, 310], [1, 9, 251, 191, 351, 303], [2, 0, 0, 65, 268, 166], [3, 0, 0, 0, 599, 399]]], "distance_down_track": [712.6583862304688, 711.9300537109375, 321.3812561035156, 310.5081787109375, 321.3812561035156, 383.7624206542969, 303.1229248046875, 365.0060729980469, 268.0081787109375, 268.0081787109375], "velocity": [[-4.652492523193359, 0.11450368165969849, -1.6010712385177612], [-5.855049133300781, -0.07446926087141037, -3.933739185333252], [-5.788147449493408, 0.05460800230503082, -0.13933734595775604], [16.08968734741211, 1.566022276878357, 15.523533821105957], [-4.703886985778809, 0.0949045941233635, -1.714890956878662], [2.3850045204162598, -2.0397210121154785, -21.25153350830078], [-5.182672500610352, 0.1071159690618515, -0.09921333938837051], [-4.232845783233643, 0.12136086821556091, -2.3351094722747803], [-0.5578383207321167, -2.7534077167510986, -27.00425910949707], [-6.776623249053955, 0.13460330665111542, 0.8349296450614929]]}