{"track": "minigolf", "karts": ["nolok", "sara_the_racer", "emule", "adiumy", "gavroche", "konqi", "amanda", "xue", "sara_the_wizard", "puffy"], "detections": [[[1, 0, 254, 205, 344, 288], [1, 2, 333, 219, 337, 221], [1, 3, 320, 222, 329, 229], [1, 7, 314, 216, 320, 222], [1, 9, 310, 223, 317, 231], [2, 0, 0, 221, 599, 399], [3, 0, 0, 0, 599, 238]], [[1, 1, 272, 180, 323, 258], [1, 4, 212, 192, 279, 241], [1, 8, 154, 202, 248, 320], [2, 0, 0, 168, 479, 399], [3, 0, 0, 0, 599, 399]], [[1, 1, 376, 169, 387, 181], [1, 2, 269, 198, 326, 256], [1, 4, 369, 171, 376, 179], [1, 8, 361, 169, 371, 181], [2, 0, 0, 173, 446, 399], [3, 0, 0, 0, 599, 399]], [[1, 2, 341, 150, 353, 157], [1, 3, 270, 195, 331, 254], [1, 6, 0, 243, 95, 313], [1, 7, 299, 146, 316, 160], [2, 0, 0, 155, 363, 399], [3, 0, 0, 0, 599, 399]], [[1, 1, 348, 187, 399, 274], [1, 4, 267, 202, 326, 257], [1, 8, 264, 219, 330, 371], [2, 0, 0, 169, 558, 399], [3, 0, 0, 0, 599, 399]], [[1, 2, 475, 145, 491, 153], [1, 3, 446, 166, 498, 201], [1, 5, 210, 184, 360, 336], [1, 6, 313, 159, 372, 203], [1, 7, 432, 139, 451, 153], [1, 9, 323, 182, 438, 250], [2, 0, 0, 148, 599, 399], [3, 0, 0, 0, 599, 288]], [[1, 2, 315, 148, 325, 154], [1, 3, 379, 172, 435, 213], [1, 6, 249, 189, 352, 276], [1, 7, 291, 145, 306, 158], [1, 9, 367, 255, 599, 399], [2, 0, 80, 155, 599, 399], [3, 0, 0, 0, 599, 399]], [[1, 1, 410, 180, 419, 189], [1, 2, 324, 176, 344, 191], [1, 4, 404, 182, 412, 188], [1, 7, 265, 186, 331, 260], [1, 8, 397, 180, 406, 188], [2, 0, 0, 185, 490, 399], [3, 0, 0, 0, 599, 399]], [[1, 1, 339, 175, 373, 234], [1, 4, 284, 186, 328, 222], [1, 8, 279, 188, 323, 265], [2, 0, 0, 172, 539, 399], [3, 0, 0, 0, 599, 399]], [[1, 2, 507, 158, 526, 165], [1, 3, 454, 180, 525, 228], [1, 5, 0, 229, 219, 399], [1, 6, 272, 166, 351, 222], [1, 7, 453, 148, 475, 164], [1, 9, 207, 199, 384, 324], [2, 0, 0, 158, 599, 399], [3, 0, 0, 0, 599, 335]]], "distance_down_track": [94.51021575927734, 155.95713806152344, 137.96670532226562, 115.72815704345703, 156.29981994628906, 110.86315155029297, 114.27274322509766, 129.1704864501953, 154.64599609375, 112.28496551513672], "velocity": [[-12.049039840698242, 2.2315361499786377, -0.34999561309814453], [-9.219229698181152, -1.9161605834960938, 17.720996856689453], [-18.342891693115234, -3.281618356704712, 12.615859985351562], [-20.88601303100586, -1.1793906688690186, -4.304134368896484], [-8.0869779586792, -2.2398979663848877, 21.480337142944336], [-6.995935916900635, -0.6343231201171875, -2.508913993835449], [-15.323860168457031, -1.1003379821777344, 1.8298791646957397], [-21.400550842285156, -0.7196099758148193, 6.803462982177734], [-9.794528007507324, -2.2165911197662354, 17.82728385925293], [-5.358418941497803, -0.37587377429008484, -1.3512941598892212]]}