{"track": "tutorial", "karts": ["puffy", "hexley", "tux", "suzanne", "pidgin", "nolok", "beastie", "gavroche", "amanda", "adiumy"], "detections": [[[1, 0, 202, 201, 386, 330], [1, 1, 347, 159, 369, 188], [1, 7, 476, 170, 525, 196], [1, 9, 249, 103, 255, 108], [2, 0, 65, 99, 322, 162], [3, 0, 0, 18, 599, 399]], [[1, 1, 243, 192, 351, 347], [2, 0, 0, 102, 234, 223], [3, 0, 0, 72, 599, 399]], [[1, 2, 243, 197, 344, 287], [1, 3, 219, 148, 224, 152], [2, 0, 0, 104, 599, 399], [3, 0, 0, 0, 599, 399]], [[1, 3, 242, 201, 355, 289], [2, 0, 0, 101, 599, 399], [3, 0, 0, 0, 599, 196]], [[1, 4, 261, 210, 336, 261], [1, 6, 359, 161, 364, 164], [2, 0, 0, 161, 599, 399], [3, 0, 0, 0, 599, 371]], [[1, 0, 238, 157, 270, 174], [1, 1, 303, 153, 318, 167], [1, 5, 234, 205, 351, 318], [1, 7, 369, 160, 381, 172], [1, 9, 260, 120, 268, 125], [2, 0, 178, 122, 304, 155], [3, 0, 0, 26, 599, 399]], [[1, 6, 259, 189, 344, 260], [2, 0, 0, 157, 599, 399], [3, 0, 0, 0, 599, 351]], [[1, 7, 241, 205, 357, 320], [2, 0, 0, 107, 67, 135], [3, 0, 0, 52, 599, 399]], [[1, 8, 221, 183, 381, 317], [2, 0, 0, 164, 599, 399], [3, 0, 0, 5, 599, 325]], [[1, 9, 252, 190, 355, 307], [2, 0, 0, 169, 599, 399], [3, 0, 0, 39, 599, 237]]], "distance_down_track": [721.3157958984375, 721.3157958984375, 753.8200073242188, 753.8200073242188, 753.8200073242188, 0.0, 753.8200073242188, 0.0, 753.8200073242188, 741.5721435546875], "velocity": [[-4.9264702796936035, 0.09283507615327835, -0.5015507936477661], [-0.12371103465557098, 0.01695215329527855, 0.010785214602947235], [-8.953749656677246, -1.3490583896636963, -7.0894575119018555], [-5.344080924987793, -0.12631873786449432, -10.182085037231445], [-17.067415237426758, 2.6303794384002686, 13.19827938079834], [-4.743690013885498, 0.11142968386411667, -1.0301320552825928], [-20.110551834106445, 3.131528377532959, 7.626884460449219], [-0.10546983033418655, 0.08158362656831741, 0.003314906731247902], [-0.0316455252468586, 0.21230804920196533, 0.09716802090406418], [-3.407818078994751, 0.04092301428318024, 1.225339651107788]]}