{"track": "scotland", "karts": ["konqi", "sara_the_racer", "wilber", "beastie", "gavroche", "pidgin", "tux", "gnu", "xue", "hexley"], "detections": [[[1, 0, 219, 184, 384, 336], [2, 0, 0, 170, 599, 399], [3, 0, 0, 0, 599, 225], [3, 13, 162, 149, 175, 171], [3, 15, 169, 151, 179, 170], [3, 113, 189, 158, 202, 170], [3, 115, 187, 148, 199, 171], [3, 118, 189, 146, 195, 156]], [[1, 1, 278, 178, 319, 254], [1, 2, 370, 161, 383, 169], [1, 4, 313, 167, 329, 180], [1, 5, 394, 163, 405, 168], [2, 0, 0, 157, 599, 399], [3, 0, 0, 0, 599, 208], [6, 1, 409, 158, 428, 170]], [[1, 2, 258, 191, 331, 259], [1, 5, 305, 170, 337, 190], [1, 8, 448, 151, 471, 165], [2, 0, 0, 142, 599, 399], [3, 0, 0, 0, 599, 326], [6, 1, 424, 156, 544, 231]], [[1, 1, 405, 167, 409, 175], [1, 2, 452, 171, 460, 174], [1, 3, 259, 189, 330, 253], [1, 4, 414, 169, 420, 173], [1, 5, 472, 173, 479, 175], [1, 6, 408, 184, 444, 212], [2, 0, 0, 169, 599, 399], [3, 0, 0, 0, 599, 239], [4, 19, 107, 279, 185, 356], [6, 1, 480, 170, 484, 175]], [[1, 2, 359, 165, 378, 177], [1, 4, 270, 203, 324, 257], [1, 5, 385, 167, 400, 174], [2, 0, 0, 157, 599, 399], [3, 0, 0, 0, 599, 223], [6, 1, 416, 160, 450, 178]], [[1, 5, 257, 210, 330, 263], [1, 8, 425, 157, 451, 173], [2, 0, 0, 150, 572, 399], [3, 0, 0, 0, 599, 399]], [[1, 1, 287, 159, 292, 167], [1, 2, 330, 160, 336, 163], [1, 4, 297, 161, 302, 164], [1, 5, 345, 162, 348, 164], [1, 6, 268, 198, 332, 252], [2, 0, 0, 159, 599, 399], [3, 0, 0, 0, 599, 214], [6, 1, 349, 159, 354, 164]], [[1, 1, 216, 168, 219, 173], [1, 2, 242, 170, 245, 172], [1, 3, 225, 164, 244, 178], [1, 4, 220, 170, 222, 172], [1, 6, 245, 166, 256, 174], [1, 7, 274, 160, 332, 232], [1, 9, 343, 174, 386, 203], [2, 0, 0, 170, 599, 399], [3, 0, 0, 0, 599, 271], [3, 6, 439, 0, 487, 23], [4, 6, 355, 160, 369, 174], [4, 19, 233, 172, 242, 179], [5, 20, 329, 168, 342, 182], [6, 1, 257, 170, 258, 171]], [[1, 8, 258, 185, 333, 265], [2, 0, 0, 158, 473, 399], [3, 0, 0, 0, 599, 399]], [[1, 1, 247, 168, 249, 173], [1, 2, 279, 171, 281, 172], [1, 3, 211, 167, 230, 182], [1, 5, 291, 172, 291, 172], [1, 6, 250, 168, 261, 177], [1, 9, 276, 196, 327, 265], [2, 0, 0, 170, 599, 399], [3, 0, 0, 0, 599, 209], [4, 6, 369, 163, 391, 182], [4, 19, 204, 176, 215, 185], [5, 20, 302, 175, 321, 197], [6, 1, 295, 171, 296, 172]]], "distance_down_track": [39.86909484863281, 116.91539001464844, 143.94833374023438, 87.75360870361328, 126.15142059326172, 152.52740478515625, 92.1673355102539, 73.03401184082031, 173.0303497314453, 76.70179748535156], "velocity": [[-0.05631977319717407, 0.08459900319576263, 0.10445919632911682], [-20.726707458496094, -1.550411343574524, -4.365895748138428], [-16.897916793823242, -1.5133265256881714, 11.7694730758667], [-23.885231018066406, -1.3742756843566895, -13.965439796447754], [-22.093313217163086, -1.563018798828125, 0.14365938305854797], [-14.76012134552002, -1.0059908628463745, 17.1224422454834], [-22.11779022216797, -1.467007040977478, -5.872140884399414], [-22.819644927978516, 0.07581666111946106, 1.2539652585983276], [5.082591533660889, -0.5508901476860046, 20.438308715820312], [-22.713485717773438, 0.007921695709228516, 0.1432799994945526]]}