{"track": "volcano_island", "karts": ["gavroche", "adiumy", "amanda", "nolok", "tux", "konqi", "kiki", "pidgin", "sara_the_racer", "suzanne"], "detections": [[[1, 0, 270, 203, 323, 255], [2, 0, 0, 143, 599, 399], [3, 0, 0, 0, 599, 295]], [[1, 1, 274, 196, 329, 245], [1, 6, 378, 154, 387, 163], [1, 8, 347, 157, 356, 173], [1, 9, 314, 173, 343, 194], [2, 0, 0, 160, 599, 399], [3, 0, 0, 0, 599, 277], [5, 8, 413, 232, 539, 387]], [[1, 0, 290, 161, 305, 173], [1, 2, 252, 192, 337, 259], [2, 0, 0, 141, 599, 399], [3, 0, 0, 0, 599, 268]], [[1, 3, 269, 203, 328, 258], [1, 5, 235, 234, 423, 399], [2, 0, 0, 166, 599, 399], [3, 0, 0, 0, 599, 299]], [[1, 4, 266, 198, 331, 250], [2, 0, 0, 159, 599, 399], [3, 0, 0, 0, 599, 293], [5, 7, 373, 154, 378, 162], [5, 11, 395, 150, 402, 159]], [[1, 3, 282, 187, 318, 219], [1, 5, 263, 193, 332, 257], [2, 0, 0, 166, 599, 399], [3, 0, 0, 0, 599, 318]], [[1, 3, 344, 169, 360, 176], [1, 5, 340, 163, 363, 184], [1, 6, 266, 182, 330, 256], [2, 0, 0, 163, 599, 399], [3, 0, 0, 0, 599, 258]], [[1, 7, 263, 210, 338, 261], [2, 0, 0, 155, 599, 399], [3, 0, 0, 93, 599, 232], [4, 10, 297, 153, 300, 156], [4, 13, 308, 153, 311, 156], [4, 14, 286, 154, 289, 156], [6, 33, 206, 155, 248, 186], [6, 34, 316, 152, 336, 164], [6, 35, 288, 152, 298, 160]], [[1, 3, 372, 158, 381, 165], [1, 5, 362, 157, 378, 167], [1, 6, 315, 160, 331, 178], [1, 8, 278, 178, 321, 255], [2, 0, 0, 161, 599, 399], [3, 0, 0, 0, 599, 295]], [[1, 3, 404, 156, 405, 157], [1, 5, 395, 154, 404, 162], [1, 6, 352, 156, 363, 168], [1, 8, 319, 160, 334, 184], [1, 9, 262, 200, 336, 256], [2, 0, 0, 162, 599, 399], [3, 0, 0, 0, 599, 293]]], "distance_down_track": [674.4945068359375, 759.5961303710938, 663.5162353515625, 794.2658081054688, 722.6019897460938, 791.8961791992188, 783.7982177734375, 855.9938354492188, 773.4782104492188, 765.3999633789062], "velocity": [[-7.9394025802612305, 1.5612350702285767, 21.52971076965332], [23.482004165649414, 2.785475254058838, -7.401749610900879], [-14.302095413208008, 1.1817885637283325, 19.42359161376953], [5.958352088928223, 1.1744333505630493, -20.245777130126953], [17.609832763671875, 3.4556400775909424, 14.015181541442871], [8.087454795837402, 1.490768551826477, -22.489587783813477], [10.983853340148926, 1.5502634048461914, -16.99961280822754], [-10.923184394836426, -0.46170446276664734, -18.785127639770508], [15.746380805969238, 1.929093360900879, -13.045329093933105], [19.48908042907715, 2.2244129180908203, -9.520620346069336]]}