{"track": "tutorial", "karts": ["puffy", "hexley", "tux", "suzanne", "pidgin", "nolok", "beastie", "gavroche", "amanda", "adiumy"], "detections": [[[1, 0, 217, 203, 402, 330], [1, 6, 313, 199, 322, 205], [1, 8, 323, 200, 331, 206], [2, 0, 0, 172, 599, 399], [3, 0, 0, 0, 599, 344], [3, 8, 57, 33, 70, 46]], [[1, 1, 241, 193, 349, 349], [1, 6, 243, 151, 264, 166], [1, 8, 266, 151, 285, 166], [2, 0, 170, 124, 297, 155], [3, 0, 0, 36, 599, 399]], [[1, 2, 266, 198, 337, 259], [1, 7, 192, 151, 206, 158], [1, 9, 139, 145, 149, 152], [2, 0, 102, 147, 599, 399], [3, 0, 0, 101, 599, 399], [5, 20, 282, 155, 287, 163], [5, 21, 253, 154, 259, 163]], [[1, 2, 235, 157, 251, 169], [1, 3, 260, 201, 347, 269], [1, 7, 129, 147, 142, 152], [1, 9, 61, 142, 72, 146], [2, 0, 89, 148, 599, 399], [3, 0, 0, 109, 599, 399], [5, 17, 251, 171, 260, 179], [5, 18, 311, 161, 319, 174], [5, 19, 355, 160, 364, 172], [5, 20, 203, 149, 206, 153], [5, 21, 184, 148, 188, 154]], [[1, 2, 198, 151, 209, 158], [1, 3, 245, 157, 263, 169], [1, 4, 247, 214, 359, 294], [1, 7, 84, 144, 94, 147], [1, 9, 4, 139, 10, 142], [2, 0, 0, 148, 599, 399], [3, 0, 0, 105, 599, 320], [5, 8, 0, 373, 16, 399], [5, 17, 219, 157, 223, 161], [5, 18, 249, 152, 253, 159], [5, 19, 272, 152, 275, 157], [5, 20, 152, 146, 154, 149], [5, 21, 137, 146, 140, 150]], [[1, 5, 265, 203, 331, 265], [2, 0, 0, 167, 599, 399], [3, 0, 0, 0, 599, 261], [3, 6, 260, 128, 264, 136], [3, 7, 214, 122, 215, 127]], [[1, 6, 210, 180, 382, 335], [1, 8, 346, 173, 460, 274], [2, 0, 0, 50, 321, 187], [3, 0, 0, 0, 599, 399]], [[1, 5, 217, 151, 220, 153], [1, 7, 263, 204, 335, 274], [1, 9, 258, 159, 276, 175], [2, 0, 0, 151, 599, 399], [3, 0, 0, 110, 599, 310], [3, 6, 116, 121, 125, 130], [3, 7, 42, 104, 55, 115]], [[1, 6, 0, 208, 196, 399], [1, 8, 212, 183, 371, 335], [2, 0, 0, 65, 267, 207], [3, 0, 0, 27, 599, 399]], [[1, 5, 236, 158, 240, 161], [1, 9, 273, 195, 329, 248], [2, 0, 0, 160, 599, 399], [3, 0, 0, 123, 599, 399], [3, 6, 151, 134, 158, 140], [3, 7, 86, 121, 97, 130]]], "distance_down_track": [712.6583862304688, 712.6583862304688, 409.40948486328125, 409.40948486328125, 409.40948486328125, 491.73480224609375, 400.4352722167969, 455.9293518066406, 383.7624206542969, 365.0060729980469], "velocity": [[-0.25986042618751526, 0.09306562691926956, -0.06017085909843445], [-4.8780317306518555, 0.11110501736402512, -1.340199589729309], [-19.879573822021484, 0.9637981653213501, -4.46809196472168], [-17.361858367919922, 0.22374027967453003, 4.306110382080078], [-10.788905143737793, 0.1512805074453354, 6.820999622344971], [-1.5142319202423096, 0.877440333366394, -19.195453643798828], [-3.307760000228882, 0.41572490334510803, 0.38113293051719666], [-8.882222175598145, 1.1728129386901855, -13.369524955749512], [-0.35107365250587463, 0.12052484601736069, 0.26748183369636536], [-10.343948364257812, 1.6108959913253784, -20.479446411132812]]}