{"track": "xr591", "karts": ["sara_the_racer", "tux", "gavroche", "konqi", "beastie", "kiki", "gnu", "hexley", "nolok", "pidgin"], "detections": [[[1, 0, 276, 176, 320, 258], [1, 1, 212, 153, 215, 154], [2, 0, 0, 53, 599, 399], [3, 0, 0, 0, 599, 225], [3, 1, 286, 131, 317, 136], [3, 2, 497, 120, 510, 123], [3, 9, 168, 52, 173, 57], [3, 15, 254, 162, 276, 171], [5, 46, 303, 168, 307, 171], [5, 47, 194, 153, 195, 153], [6, 1, 582, 145, 589, 151]], [[1, 1, 264, 198, 333, 257], [1, 2, 138, 156, 142, 158], [1, 5, 188, 162, 194, 168], [2, 0, 0, 145, 599, 399], [3, 0, 0, 0, 599, 222], [4, 24, 114, 153, 118, 156], [4, 25, 127, 153, 132, 156], [4, 26, 153, 153, 157, 156], [5, 27, 141, 154, 143, 156], [5, 47, 376, 170, 394, 189], [6, 48, 259, 154, 279, 167]], [[1, 2, 273, 203, 330, 260], [2, 0, 0, 139, 599, 399], [3, 0, 0, 0, 599, 226], [4, 24, 194, 157, 224, 182], [4, 25, 248, 159, 280, 187], [4, 26, 407, 160, 443, 195], [5, 27, 328, 167, 345, 186], [6, 4, 213, 132, 223, 140]], [[1, 3, 255, 190, 329, 263], [2, 0, 0, 156, 599, 399], [3, 0, 0, 0, 599, 344], [4, 30, 328, 194, 353, 215], [4, 32, 273, 170, 291, 187], [4, 33, 247, 157, 264, 173], [5, 31, 304, 188, 313, 196]], [[1, 4, 262, 189, 348, 266], [2, 0, 123, 171, 599, 399], [3, 0, 0, 0, 599, 399], [5, 28, 144, 169, 151, 177], [5, 29, 308, 168, 312, 177], [6, 4, 425, 147, 524, 209]], [[1, 2, 301, 144, 305, 148], [1, 5, 269, 182, 335, 257], [2, 0, 0, 131, 599, 399], [3, 0, 0, 0, 599, 266], [4, 24, 279, 141, 285, 145], [4, 25, 293, 141, 299, 145], [4, 26, 325, 139, 331, 145], [5, 27, 310, 141, 313, 145]], [[1, 6, 240, 122, 361, 258], [2, 0, 82, 183, 599, 399], [3, 0, 0, 0, 599, 399]], [[1, 1, 435, 166, 440, 169], [1, 5, 412, 155, 414, 157], [1, 7, 263, 197, 321, 273], [2, 0, 0, 0, 599, 399], [3, 0, 0, 0, 599, 360], [3, 15, 333, 161, 351, 165], [5, 47, 459, 166, 462, 169], [6, 1, 162, 131, 167, 132], [6, 48, 447, 158, 451, 162]], [[1, 8, 250, 201, 317, 266], [1, 9, 416, 160, 443, 197], [2, 0, 0, 0, 599, 399], [3, 0, 0, 0, 599, 214], [3, 1, 0, 0, 599, 190], [4, 34, 297, 12, 299, 13]], [[1, 7, 463, 268, 479, 283], [1, 9, 273, 211, 321, 288], [2, 0, 0, 0, 599, 399], [3, 0, 0, 0, 599, 320], [3, 1, 0, 76, 333, 258], [3, 15, 455, 260, 476, 265]]], "distance_down_track": [1013.8239135742188, 866.479248046875, 937.7879638671875, 741.4193725585938, 971.737548828125, 905.3245849609375, 633.0701904296875, 809.627685546875, 788.885498046875, 794.6107788085938], "velocity": [[-4.745097637176514, 0.6917630434036255, 19.07138442993164], [-8.720388412475586, -1.3356990814208984, -18.725936889648438], [6.665358066558838, -1.0314042568206787, -19.570363998413086], [-11.284653663635254, -3.7558786869049072, 18.082294464111328], [19.65242576599121, 3.188380241394043, -7.279336452484131], [6.7370452880859375, -1.934321641921997, -18.373428344726562], [-14.69585132598877, 0.13669714331626892, 7.710930824279785], [4.045814514160156, -1.4809942245483398, -19.187240600585938], [19.239133834838867, -1.103656530380249, -7.338474273681641], [10.596719741821289, -2.7947397232055664, -18.769899368286133]]}