{"track": "overworld", "karts": ["beastie", "kiki", "hexley", "emule", "amanda", "wilber", "adiumy", "xue", "suzanne", "nolok"], "detections": [[[1, 0, 240, 186, 351, 287], [3, 0, 173, 156, 468, 182]], [[1, 1, 260, 180, 336, 265], [1, 2, 432, 130, 438, 133], [3, 0, 0, 0, 599, 131], [3, 5, 455, 138, 479, 144], [3, 6, 546, 122, 550, 123]], [[1, 2, 271, 196, 322, 264], [1, 3, 344, 161, 348, 163], [3, 0, 0, 2, 543, 170], [3, 6, 318, 160, 323, 162]], [[1, 3, 269, 199, 326, 257], [3, 0, 0, 55, 372, 182], [3, 4, 369, 147, 369, 148], [3, 6, 187, 156, 201, 162], [3, 7, 343, 147, 349, 150], [3, 24, 350, 147, 355, 150], [255, 16777215, 207, 159, 482, 188]], [[1, 4, 258, 192, 339, 260], [3, 0, 0, 0, 599, 173]], [[1, 5, 263, 189, 338, 260], [2, 0, 413, 137, 416, 141], [3, 0, 0, 2, 599, 187]], [[1, 6, 253, 193, 356, 303], [2, 7, 0, 235, 249, 301], [2, 24, 246, 236, 599, 303], [3, 0, 0, 311, 599, 391], [3, 7, 0, 0, 265, 236], [3, 24, 250, 0, 599, 265], [255, 16777215, 0, 311, 560, 351]], [[1, 7, 263, 187, 331, 265], [1, 9, 435, 190, 439, 191], [3, 0, 251, 112, 565, 185]], [[1, 7, 277, 163, 278, 163], [1, 8, 258, 200, 334, 260], [1, 9, 485, 158, 489, 160], [3, 0, 461, 78, 599, 155]], [[1, 9, 272, 204, 332, 261], [3, 0, 192, 42, 599, 158]]], "distance_down_track": [510.4149475097656, 195.050048828125, 195.050048828125, 195.050048828125, 1268.54931640625, 1420.070068359375, 621.8426513671875, 1094.9794921875, 159.77503967285156, 221.2646484375], "velocity": [[11.56362247467041, 2.617046356201172, -10.052380561828613], [-14.898420333862305, -1.5470294952392578, 8.973092079162598], [-3.4198203086853027, 0.8611903786659241, 21.563528060913086], [5.539630889892578, -0.2887224853038788, 22.321048736572266], [-0.1216588243842125, 2.466374397277832, -21.594266891479492], [-15.062983512878418, -4.017699718475342, 11.986526489257812], [-0.01249793078750372, 0.16529598832130432, -0.04177230969071388], [3.1613543033599854, 2.8210511207580566, -20.2617244720459], [18.856714248657227, 0.20851433277130127, 8.536441802978516], [19.343996047973633, 0.5239114761352539, -7.350189685821533]]}