{"track": "overworld", "karts": ["beastie", "kiki", "hexley", "emule", "amanda", "wilber", "adiumy", "xue", "suzanne", "nolok"], "detections": [[[1, 0, 255, 189, 341, 264], [3, 0, 50, 0, 599, 169]], [[1, 1, 270, 183, 331, 252], [1, 2, 136, 159, 142, 162], [3, 0, 0, 111, 589, 167], [3, 24, 0, 158, 0, 158]], [[1, 2, 275, 196, 326, 265], [1, 3, 271, 164, 274, 165], [3, 0, 0, 96, 599, 170], [3, 1, 155, 155, 191, 176], [3, 2, 193, 134, 208, 150], [3, 3, 191, 122, 203, 133], [3, 4, 188, 103, 203, 119], [3, 7, 234, 118, 257, 162], [3, 8, 234, 120, 245, 133], [3, 24, 254, 118, 279, 161], [3, 25, 262, 119, 279, 148], [255, 16777215, 0, 147, 516, 194]], [[1, 3, 273, 200, 329, 257], [1, 6, 292, 164, 295, 167], [2, 24, 292, 163, 312, 164], [3, 0, 0, 41, 599, 189], [3, 7, 247, 84, 286, 163], [3, 8, 250, 91, 263, 104], [3, 24, 283, 84, 323, 165], [3, 25, 302, 89, 324, 165]], [[1, 4, 258, 191, 339, 259], [1, 9, 391, 155, 400, 161], [2, 0, 372, 149, 381, 157], [3, 0, 0, 23, 575, 148], [3, 7, 407, 120, 410, 122], [3, 24, 411, 120, 414, 122]], [[1, 5, 259, 190, 335, 259], [1, 7, 439, 115, 439, 115], [1, 8, 594, 113, 599, 114], [3, 0, 0, 0, 599, 172]], [[1, 6, 250, 190, 353, 305], [2, 7, 215, 153, 290, 170], [2, 24, 291, 154, 388, 171], [3, 0, 0, 0, 599, 181], [3, 7, 130, 0, 290, 167], [3, 24, 290, 0, 464, 170]], [[1, 4, 368, 171, 373, 173], [1, 7, 267, 187, 335, 264], [1, 8, 332, 175, 338, 178], [1, 9, 426, 168, 426, 169], [3, 0, 0, 79, 599, 216]], [[1, 4, 323, 146, 331, 152], [1, 8, 264, 200, 341, 261], [1, 9, 397, 142, 402, 144], [2, 0, 395, 138, 399, 142], [3, 0, 0, 0, 599, 227], [3, 5, 416, 108, 418, 108], [3, 6, 430, 101, 430, 101]], [[1, 9, 268, 203, 328, 260], [2, 0, 175, 163, 214, 202], [3, 0, 0, 0, 599, 169], [3, 7, 253, 132, 253, 132], [3, 24, 254, 132, 255, 132], [3, 25, 257, 133, 257, 133]]], "distance_down_track": [1135.68115234375, 270.4015197753906, 270.4015197753906, 270.4015197753906, 1464.583251953125, 1259.809814453125, 607.8685302734375, 1395.072265625, 1432.8416748046875, 28.115055084228516], "velocity": [[-4.430756568908691, 0.023043541237711906, -21.278581619262695], [19.304555892944336, -1.721489429473877, 10.08926010131836], [3.572559118270874, -1.8262925148010254, 21.47845458984375], [0.2642442584037781, -2.5367655754089355, 22.8581485748291], [-5.795501232147217, -3.2290539741516113, 20.69771957397461], [-0.7805944085121155, 2.104318857192993, -19.536497116088867], [-0.11519066244363785, -0.23994070291519165, 1.0151898860931396], [-18.299970626831055, -1.1696064472198486, 9.603803634643555], [-14.069272994995117, -4.736474990844727, 14.426063537597656], [5.06033992767334, -0.941470742225647, 20.049850463867188]]}