{"track": "volcano_island", "karts": ["gavroche", "adiumy", "amanda", "nolok", "tux", "konqi", "kiki", "pidgin", "sara_the_racer", "suzanne"], "detections": [[[1, 0, 272, 203, 325, 254], [2, 0, 0, 161, 599, 399], [3, 0, 0, 0, 599, 266], [3, 180, 6, 184, 23, 207], [3, 195, 215, 174, 216, 175]], [[1, 1, 273, 195, 330, 244], [1, 5, 382, 157, 389, 163], [1, 6, 388, 156, 394, 163], [1, 8, 403, 155, 408, 162], [1, 9, 201, 222, 313, 311], [2, 0, 0, 159, 599, 399], [3, 0, 0, 0, 599, 259]], [[1, 0, 341, 170, 356, 183], [1, 2, 262, 192, 337, 254], [2, 0, 0, 166, 599, 399], [3, 0, 0, 20, 599, 242], [3, 180, 188, 174, 193, 182]], [[1, 3, 269, 203, 323, 254], [1, 5, 0, 200, 112, 260], [1, 6, 0, 202, 94, 307], [1, 8, 195, 172, 233, 221], [2, 0, 0, 158, 445, 399], [3, 0, 0, 0, 599, 399]], [[1, 1, 353, 151, 360, 158], [1, 4, 249, 197, 350, 284], [1, 9, 343, 152, 354, 158], [2, 0, 0, 154, 599, 399], [3, 0, 0, 0, 599, 248], [3, 21, 173, 167, 176, 168], [3, 65, 54, 169, 84, 194], [3, 163, 114, 179, 117, 181], [3, 169, 112, 166, 169, 182], [3, 254, 100, 184, 101, 185], [3, 300, 78, 172, 114, 189], [3, 350, 180, 160, 198, 172], [3, 367, 167, 170, 174, 174], [3, 372, 97, 186, 100, 186]], [[1, 3, 459, 194, 545, 236], [1, 5, 262, 192, 331, 258], [1, 6, 335, 191, 415, 276], [1, 8, 358, 169, 384, 213], [2, 0, 0, 156, 599, 399], [3, 0, 0, 0, 599, 243], [3, 177, 372, 157, 372, 157]], [[1, 3, 417, 188, 483, 227], [1, 5, 214, 185, 284, 241], [1, 6, 265, 182, 329, 256], [1, 8, 327, 166, 349, 207], [2, 0, 0, 156, 599, 399], [3, 0, 0, 0, 599, 260]], [[1, 7, 260, 210, 334, 260], [2, 0, 0, 138, 599, 399], [3, 0, 0, 0, 599, 288]], [[1, 3, 437, 233, 599, 335], [1, 5, 0, 250, 175, 399], [1, 6, 0, 289, 177, 399], [1, 8, 278, 179, 317, 252], [2, 0, 0, 157, 599, 399], [3, 0, 0, 0, 599, 290], [3, 177, 374, 157, 374, 157]], [[1, 1, 306, 185, 341, 220], [1, 5, 387, 157, 393, 162], [1, 6, 393, 156, 399, 163], [1, 8, 408, 155, 412, 162], [1, 9, 262, 200, 334, 256], [2, 0, 0, 159, 599, 399], [3, 0, 0, 0, 599, 250]]], "distance_down_track": [483.2061767578125, 567.0696411132812, 473.5749816894531, 601.14404296875, 541.2929077148438, 599.94287109375, 599.0460205078125, 670.7349243164062, 602.337158203125, 566.1182250976562], "velocity": [[18.675065994262695, 0.5978867411613464, -13.412100791931152], [-11.776863098144531, 0.35445383191108704, -18.53838348388672], [22.560718536376953, 1.173692226409912, -8.535738945007324], [-22.252182006835938, 0.16156959533691406, -7.598018169403076], [-0.5996164083480835, 0.2640637755393982, -12.728665351867676], [-22.54970932006836, 0.14472271502017975, -7.809044361114502], [-19.004108428955078, 0.136777862906456, -6.478246212005615], [-9.672178268432617, 1.5142635107040405, 19.40531349182129], [-21.548646926879883, 0.1945568472146988, -7.7088212966918945], [-11.559962272644043, 0.3624502420425415, -19.396484375]]}