{"track": "fortmagma", "karts": ["nolok", "beastie", "sara_the_wizard", "adiumy", "puffy", "konqi", "pidgin", "emule", "xue", "gnu"], "detections": [[[1, 0, 265, 204, 370, 310], [2, 0, 84, 118, 599, 399], [2, 1, 152, 120, 190, 124], [3, 0, 0, 0, 599, 399], [3, 1, 133, 123, 189, 143], [3, 13, 93, 26, 211, 158], [4, 35, 207, 163, 220, 173], [6, 29, 141, 173, 154, 184], [6, 34, 235, 156, 247, 166]], [[1, 1, 253, 188, 335, 261], [1, 2, 337, 164, 348, 176], [1, 5, 350, 168, 364, 179], [2, 0, 0, 101, 599, 399], [3, 0, 0, 0, 599, 193], [3, 15, 364, 72, 431, 112], [4, 36, 393, 161, 401, 167], [8, 21, 403, 142, 414, 152]], [[1, 0, 408, 173, 426, 182], [1, 2, 277, 188, 319, 261], [1, 3, 344, 95, 347, 98], [1, 5, 332, 193, 391, 247], [2, 0, 0, 91, 599, 399], [3, 0, 0, 0, 599, 273], [3, 15, 272, 61, 356, 100], [4, 36, 336, 158, 348, 169], [8, 21, 338, 132, 352, 146]], [[1, 2, 174, 128, 176, 132], [1, 3, 271, 196, 332, 252], [1, 5, 171, 132, 172, 135], [2, 0, 162, 99, 599, 399], [3, 0, 0, 0, 599, 399], [3, 15, 368, 0, 599, 150], [8, 21, 179, 159, 189, 172]], [[1, 4, 252, 200, 332, 259], [2, 0, 0, 130, 599, 399], [3, 0, 0, 0, 599, 199], [3, 15, 430, 0, 465, 61], [5, 30, 377, 174, 382, 180], [8, 20, 323, 158, 329, 163]], [[1, 0, 392, 166, 411, 175], [1, 2, 133, 184, 245, 302], [1, 3, 330, 85, 333, 88], [1, 5, 254, 189, 331, 263], [2, 0, 0, 81, 599, 399], [3, 0, 0, 0, 599, 296], [3, 15, 254, 46, 341, 90], [4, 36, 316, 149, 329, 161], [8, 21, 321, 122, 335, 137]], [[1, 6, 268, 210, 354, 271], [2, 0, 0, 164, 599, 399], [3, 0, 0, 0, 599, 371], [3, 15, 208, 94, 412, 177], [4, 38, 242, 176, 242, 176], [4, 41, 255, 162, 257, 162], [4, 42, 253, 162, 257, 165], [4, 43, 255, 161, 258, 164], [5, 6, 371, 163, 373, 164]], [[1, 1, 361, 187, 387, 208], [1, 2, 407, 187, 417, 196], [1, 5, 419, 191, 431, 200], [1, 7, 269, 197, 328, 255], [2, 0, 0, 132, 599, 399], [3, 0, 0, 0, 599, 278], [3, 15, 449, 114, 461, 141]], [[1, 8, 259, 202, 325, 277], [2, 0, 0, 189, 599, 399], [3, 0, 0, 0, 599, 229], [3, 15, 407, 0, 422, 41], [4, 31, 321, 224, 328, 232]], [[1, 9, 253, 151, 330, 236], [2, 0, 0, 124, 357, 399], [3, 0, 0, 0, 599, 399], [3, 15, 361, 124, 599, 156], [5, 28, 285, 164, 289, 167]]], "distance_down_track": [940.25146484375, 889.8844604492188, 906.7310791015625, 887.7217407226562, 818.9934692382812, 908.0632934570312, 786.771728515625, 880.1378784179688, 848.7832641601562, 778.208740234375], "velocity": [[-9.45155143737793, -2.261543035507202, 4.146258354187012], [7.848053455352783, -5.563510417938232, -20.508541107177734], [-0.41542965173721313, -6.337928295135498, -20.208354949951172], [8.96163558959961, -5.474457263946533, 18.898250579833984], [14.984448432922363, -4.003081321716309, 18.51119041442871], [-1.2494454383850098, -6.176088809967041, -20.20001220703125], [-5.844188213348389, 0.0772564709186554, -19.76268196105957], [14.486298561096191, -6.843501567840576, -14.789459228515625], [15.864130973815918, -1.082679033279419, -1.1415038108825684], [-10.90786075592041, 0.06878691911697388, 15.378673553466797]]}