{"track": "volcano_island", "karts": ["gavroche", "adiumy", "amanda", "nolok", "tux", "konqi", "kiki", "pidgin", "sara_the_racer", "suzanne"], "detections": [[[1, 0, 274, 203, 327, 255], [2, 0, 0, 157, 599, 399], [3, 0, 0, 0, 599, 247], [4, 31, 233, 154, 235, 156]], [[1, 1, 272, 195, 329, 251], [1, 3, 317, 160, 325, 166], [1, 6, 179, 240, 342, 399], [1, 8, 297, 161, 309, 184], [2, 0, 0, 130, 599, 399], [3, 0, 0, 0, 599, 231]], [[1, 1, 287, 159, 295, 167], [1, 2, 261, 192, 339, 256], [1, 3, 299, 157, 303, 159], [1, 4, 309, 162, 321, 171], [1, 5, 113, 254, 331, 399], [1, 6, 285, 158, 294, 169], [1, 8, 291, 155, 293, 162], [2, 0, 0, 138, 599, 399], [3, 0, 0, 0, 599, 239]], [[1, 3, 268, 203, 327, 259], [2, 0, 0, 109, 599, 399], [3, 0, 0, 0, 599, 255]], [[1, 1, 242, 172, 267, 195], [1, 3, 302, 160, 309, 164], [1, 4, 268, 198, 330, 249], [1, 6, 204, 172, 241, 211], [1, 8, 273, 159, 282, 175], [2, 0, 0, 134, 599, 399], [3, 0, 0, 0, 599, 256]], [[1, 1, 283, 159, 291, 165], [1, 2, 287, 177, 335, 216], [1, 3, 292, 156, 296, 159], [1, 4, 304, 160, 315, 168], [1, 5, 264, 193, 337, 261], [1, 6, 282, 157, 290, 167], [1, 8, 284, 155, 287, 160], [2, 0, 0, 138, 599, 399], [3, 0, 0, 0, 599, 246]], [[1, 1, 289, 179, 322, 206], [1, 3, 314, 160, 321, 165], [1, 4, 467, 262, 599, 399], [1, 6, 271, 184, 329, 249], [1, 8, 298, 160, 307, 179], [2, 0, 0, 132, 599, 399], [3, 0, 0, 0, 599, 239]], [[1, 7, 258, 210, 332, 262], [2, 0, 0, 160, 599, 399], [3, 0, 0, 0, 599, 338], [3, 85, 428, 165, 444, 192], [5, 24, 436, 157, 439, 161], [5, 32, 414, 156, 416, 160]], [[1, 3, 315, 163, 327, 172], [1, 8, 277, 177, 319, 257], [2, 0, 0, 125, 599, 399], [3, 0, 0, 0, 599, 230]], [[1, 1, 278, 158, 283, 160], [1, 2, 284, 163, 304, 179], [1, 3, 284, 156, 287, 158], [1, 4, 294, 158, 301, 164], [1, 5, 279, 166, 300, 185], [1, 6, 277, 156, 283, 163], [1, 8, 278, 154, 279, 158], [1, 9, 265, 201, 336, 254], [2, 0, 0, 140, 599, 399], [3, 0, 0, 0, 599, 244], [4, 21, 136, 172, 196, 224], [4, 22, 321, 182, 360, 222], [4, 31, 472, 171, 549, 221]]], "distance_down_track": [1801.9051513671875, 1906.495361328125, 1886.865966796875, 1928.544189453125, 1901.8155517578125, 1884.7567138671875, 1904.2474365234375, 1967.1859130859375, 1914.4005126953125, 1877.3287353515625], "velocity": [[2.614978551864624, 0.08218123763799667, -22.85071563720703], [15.707230567932129, 0.08590149134397507, -15.665245056152344], [16.06431770324707, 0.09873800724744797, -16.883106231689453], [10.575641632080078, 0.08170206099748611, -18.407052993774414], [17.46332359313965, 0.09433243423700333, -17.467493057250977], [14.83647632598877, 0.10810688138008118, -16.568927764892578], [16.496227264404297, 0.08192512392997742, -16.331775665283203], [-11.610957145690918, 0.08174184709787369, -18.373598098754883], [13.744653701782227, 0.058375462889671326, -15.1737699508667], [14.351102828979492, 0.11353274434804916, -17.264610290527344]]}