{"track": "overworld", "karts": ["beastie", "kiki", "hexley", "emule", "amanda", "wilber", "adiumy", "xue", "suzanne", "nolok"], "detections": [[[1, 0, 246, 187, 355, 280], [3, 0, 0, 92, 400, 157], [3, 4, 266, 150, 267, 150], [3, 7, 274, 150, 276, 151], [3, 24, 277, 150, 281, 151]], [[1, 1, 271, 183, 332, 253], [1, 2, 287, 152, 290, 156], [2, 24, 288, 149, 295, 149], [3, 0, 0, 58, 599, 162], [3, 1, 105, 141, 166, 174], [3, 2, 178, 112, 201, 135], [3, 3, 173, 94, 192, 111], [3, 4, 168, 67, 190, 93], [3, 7, 251, 98, 278, 150], [3, 8, 251, 100, 263, 116], [3, 24, 274, 97, 303, 149], [3, 25, 285, 99, 302, 125]], [[1, 2, 275, 196, 326, 264], [1, 3, 286, 164, 287, 167], [1, 6, 292, 165, 293, 167], [2, 24, 291, 163, 314, 164], [3, 0, 0, 38, 599, 192], [3, 7, 248, 83, 288, 163], [3, 8, 251, 89, 265, 103], [3, 24, 285, 82, 326, 165], [3, 25, 303, 87, 326, 133]], [[1, 3, 246, 200, 363, 328], [1, 6, 456, 163, 599, 298], [3, 0, 0, 31, 599, 270], [3, 7, 0, 181, 331, 399], [3, 24, 302, 175, 599, 399]], [[1, 4, 263, 191, 344, 263], [1, 7, 277, 164, 280, 167], [3, 0, 0, 98, 559, 241]], [[1, 0, 290, 164, 293, 166], [1, 5, 258, 189, 333, 260], [3, 0, 0, 87, 463, 170], [3, 7, 285, 161, 286, 162], [3, 24, 287, 161, 290, 162]], [[1, 3, 151, 144, 225, 239], [1, 6, 264, 194, 338, 270], [2, 7, 30, 147, 262, 198], [2, 24, 260, 147, 578, 201], [3, 7, 0, 0, 259, 189], [3, 24, 252, 0, 599, 198]], [[1, 7, 264, 187, 332, 264], [1, 8, 431, 170, 434, 171], [3, 0, 282, 104, 521, 164]], [[1, 8, 264, 200, 341, 261], [3, 0, 178, 34, 599, 161]], [[1, 9, 271, 203, 332, 259], [3, 0, 0, 0, 599, 164]]], "distance_down_track": [156.43919372558594, 434.1119689941406, 434.1119689941406, 434.1119689941406, 1021.4937133789062, 83.5343246459961, 621.5650024414062, 1084.2427978515625, 225.62149047851562, 1209.6912841796875], "velocity": [[1.123412847518921, 0.2652224898338318, 15.371461868286133], [1.1568657159805298, -2.927530288696289, 21.622066497802734], [0.06810887902975082, -2.38022518157959, 21.71986198425293], [0.09506011754274368, 0.3298501968383789, -0.20912295579910278], [4.115305423736572, 0.317575603723526, -21.3394832611084], [1.197792649269104, 0.5833156704902649, 19.61981773376465], [-0.3671206831932068, -2.1513919830322266, 15.633064270019531], [4.9583258628845215, 1.1020162105560303, -20.067150115966797], [19.42487335205078, -1.4953951835632324, -6.994858741760254], [-3.4343581199645996, -0.6402846574783325, -20.403066635131836]]}