{"track": "tutorial", "karts": ["puffy", "hexley", "tux", "suzanne", "pidgin", "nolok", "beastie", "gavroche", "amanda", "adiumy"], "detections": [[[1, 0, 204, 201, 389, 328], [1, 1, 299, 155, 323, 178], [2, 0, 3, 111, 236, 158], [3, 0, 0, 33, 599, 399]], [[1, 1, 247, 196, 348, 344], [2, 0, 0, 120, 66, 147], [3, 0, 0, 57, 599, 399]], [[1, 2, 269, 198, 333, 253], [2, 0, 0, 149, 599, 399], [3, 0, 0, 58, 599, 314], [3, 6, 437, 49, 454, 68], [3, 7, 363, 60, 374, 74], [3, 8, 477, 78, 477, 78]], [[1, 2, 259, 151, 267, 157], [1, 3, 265, 201, 336, 254], [1, 5, 278, 158, 288, 166], [1, 9, 284, 171, 309, 194], [2, 0, 0, 135, 599, 399], [3, 0, 0, 39, 599, 286], [3, 6, 340, 49, 352, 64], [3, 7, 282, 48, 292, 60]], [[1, 2, 252, 153, 257, 157], [1, 3, 280, 164, 293, 174], [1, 4, 265, 209, 334, 256], [1, 5, 267, 157, 274, 162], [1, 9, 277, 161, 284, 169], [2, 0, 0, 139, 599, 399], [3, 0, 0, 0, 599, 273], [3, 6, 311, 59, 321, 73], [3, 7, 256, 55, 266, 67]], [[1, 2, 270, 162, 290, 178], [1, 5, 271, 204, 330, 259], [2, 0, 0, 140, 599, 399], [3, 0, 0, 53, 599, 276], [3, 6, 413, 44, 428, 62], [3, 7, 345, 52, 356, 65]], [[1, 6, 215, 181, 386, 323], [1, 8, 228, 153, 255, 173], [2, 0, 0, 141, 599, 399], [3, 0, 0, 101, 599, 257], [5, 18, 301, 157, 318, 174], [5, 19, 364, 156, 382, 173], [5, 20, 237, 143, 240, 148], [5, 21, 218, 143, 222, 147], [5, 22, 193, 142, 198, 147]], [[1, 7, 210, 204, 325, 328], [2, 0, 312, 94, 445, 133], [3, 0, 0, 0, 599, 399]], [[1, 8, 256, 190, 349, 269], [2, 0, 50, 153, 599, 399], [3, 0, 0, 101, 599, 399], [5, 18, 579, 240, 599, 281], [5, 20, 225, 152, 230, 158], [5, 21, 200, 152, 205, 159], [5, 22, 164, 153, 171, 161]], [[1, 2, 263, 153, 273, 161], [1, 5, 283, 162, 296, 173], [1, 9, 274, 196, 326, 246], [2, 0, 0, 136, 599, 399], [3, 0, 0, 44, 599, 286], [3, 6, 356, 47, 368, 63], [3, 7, 296, 49, 306, 61]]], "distance_down_track": [712.6583862304688, 712.6583862304688, 455.9293518066406, 455.9293518066406, 455.9293518066406, 532.0, 433.4427490234375, 491.73480224609375, 409.40948486328125, 400.4352722167969], "velocity": [[-4.948784351348877, 0.09783278405666351, -0.48524272441864014], [-0.5695379376411438, 0.48693040013313293, 0.1973545402288437], [12.282120704650879, -1.6314687728881836, -19.2135066986084], [6.11653470993042, -3.7107653617858887, -21.713802337646484], [3.7149107456207275, -4.027214527130127, -23.37147331237793], [10.40306568145752, -2.4730722904205322, -18.206073760986328], [-7.129152774810791, 0.13575148582458496, 0.4952699542045593], [4.891637325286865, -0.4564945697784424, -0.869646430015564], [-18.447053909301758, 0.6496959924697876, 1.0175105333328247], [7.987653732299805, -3.880096435546875, -23.610227584838867]]}