{"track": "minigolf", "karts": ["nolok", "sara_the_racer", "emule", "adiumy", "gavroche", "konqi", "amanda", "xue", "sara_the_wizard", "puffy"], "detections": [[[1, 0, 264, 202, 324, 259], [1, 1, 595, 152, 599, 157], [1, 5, 580, 154, 588, 158], [2, 0, 0, 155, 599, 399], [3, 0, 0, 0, 599, 399], [3, 3, 380, 147, 396, 167], [3, 5, 359, 146, 383, 170], [3, 6, 577, 149, 584, 154], [4, 15, 1, 168, 70, 206], [255, 16777215, 491, 120, 491, 120]], [[1, 1, 278, 176, 322, 258], [1, 3, 338, 153, 339, 154], [1, 4, 344, 154, 344, 154], [2, 0, 0, 147, 599, 399], [3, 0, 0, 0, 599, 249], [3, 4, 313, 150, 321, 158], [3, 6, 255, 149, 264, 159], [4, 3, 287, 149, 289, 151], [4, 4, 318, 147, 320, 149], [4, 5, 298, 147, 298, 148], [4, 6, 311, 149, 313, 151], [5, 1, 405, 156, 406, 156], [5, 2, 378, 155, 379, 156], [6, 30, 405, 152, 407, 156], [255, 16777215, 149, 60, 155, 85]], [[1, 2, 266, 165, 335, 214], [1, 7, 134, 156, 177, 210], [2, 0, 135, 210, 599, 303], [3, 0, 0, 0, 599, 399]], [[1, 3, 257, 147, 329, 234], [1, 4, 256, 110, 333, 169], [2, 0, 0, 0, 599, 399], [3, 0, 0, 0, 282, 342]], [[1, 3, 266, 207, 326, 279], [1, 4, 266, 177, 329, 225], [2, 0, 0, 0, 599, 399], [3, 0, 0, 0, 599, 275], [3, 13, 0, 0, 7, 11]], [[1, 1, 286, 158, 295, 175], [1, 3, 315, 153, 315, 153], [1, 5, 262, 193, 338, 264], [2, 0, 0, 147, 599, 399], [3, 0, 0, 0, 599, 281], [3, 4, 294, 150, 300, 156], [3, 6, 247, 150, 254, 157], [4, 3, 270, 149, 272, 151], [4, 4, 298, 148, 299, 149], [4, 6, 292, 150, 293, 151], [5, 1, 363, 155, 363, 155], [5, 2, 345, 154, 345, 155], [6, 30, 368, 154, 369, 155], [255, 16777215, 145, 69, 151, 96]], [[1, 6, 256, 191, 334, 261], [2, 0, 0, 165, 599, 399], [3, 0, 0, 0, 599, 291], [3, 2, 228, 0, 492, 137], [3, 3, 444, 157, 452, 160], [3, 5, 433, 157, 438, 160], [3, 7, 334, 157, 340, 162], [4, 14, 341, 160, 345, 163], [4, 33, 333, 162, 340, 167], [5, 10, 412, 169, 422, 179], [5, 11, 368, 166, 374, 172], [5, 12, 223, 168, 229, 176], [5, 13, 279, 166, 284, 172]], [[2, 0, 0, 199, 224, 245], [3, 0, 0, 0, 599, 399]], [[1, 8, 266, 168, 328, 219], [2, 0, 0, 100, 599, 354], [3, 0, 0, 0, 599, 399], [3, 13, 0, 20, 22, 69], [4, 7, 267, 131, 314, 185], [4, 8, 158, 147, 206, 208]], [[1, 6, 337, 146, 345, 152], [1, 9, 207, 201, 389, 324], [2, 0, 0, 149, 599, 399], [3, 0, 0, 0, 599, 361], [3, 2, 316, 0, 459, 132], [4, 33, 385, 147, 385, 149], [5, 12, 326, 147, 327, 149], [5, 13, 349, 147, 350, 149]]], "distance_down_track": [650.1768188476562, 741.5651245117188, 126.37020874023438, 70.01842498779297, 68.63414001464844, 730.0447387695312, 587.2029418945312, 120.40149688720703, 213.12417602539062, 553.9215698242188], "velocity": [[-16.628883361816406, 0.09078431129455566, -12.58497428894043], [-19.569795608520508, 0.08172266185283661, 1.9309635162353516], [-20.118213653564453, -0.6444008946418762, 4.830338478088379], [-17.411394119262695, 0.14134740829467773, -7.999598979949951], [-16.8310604095459, 0.13794240355491638, -8.275711059570312], [-20.29668426513672, 0.08447714149951935, 4.065380096435547], [5.723426342010498, -2.930488109588623, -22.833385467529297], [-20.648571014404297, -0.04634130373597145, 1.4575064182281494], [20.627670288085938, -0.22084596753120422, 1.4225934743881226], [3.8273766040802, 0.016883976757526398, -5.77361536026001]]}