{"track": "volcano_island", "karts": ["gavroche", "adiumy", "amanda", "nolok", "tux", "konqi", "kiki", "pidgin", "sara_the_racer", "suzanne"], "detections": [[[1, 0, 277, 202, 328, 252], [1, 1, 218, 180, 251, 211], [1, 2, 186, 174, 225, 203], [1, 3, 332, 204, 400, 256], [1, 4, 163, 217, 261, 296], [1, 6, 226, 158, 233, 167], [1, 8, 192, 158, 199, 166], [2, 0, 0, 162, 599, 399], [3, 0, 0, 0, 599, 233]], [[1, 0, 464, 309, 599, 399], [1, 1, 271, 195, 330, 253], [1, 2, 213, 181, 272, 229], [1, 6, 236, 157, 246, 168], [1, 8, 198, 157, 206, 166], [2, 0, 0, 162, 599, 399], [3, 0, 0, 0, 599, 267]], [[1, 1, 350, 215, 455, 302], [1, 2, 263, 191, 340, 257], [1, 6, 240, 158, 250, 169], [1, 8, 197, 157, 206, 167], [2, 0, 0, 162, 599, 399], [3, 0, 0, 0, 599, 319]], [[1, 0, 214, 202, 266, 250], [1, 1, 176, 180, 213, 212], [1, 2, 147, 174, 185, 204], [1, 3, 277, 203, 330, 253], [1, 4, 66, 217, 195, 295], [1, 6, 206, 158, 215, 167], [1, 8, 173, 158, 180, 166], [2, 0, 0, 163, 599, 399], [3, 0, 0, 0, 599, 249]], [[1, 0, 321, 190, 371, 229], [1, 1, 257, 174, 286, 202], [1, 2, 225, 169, 258, 195], [1, 3, 368, 191, 430, 231], [1, 4, 268, 198, 334, 254], [1, 6, 235, 157, 243, 165], [1, 8, 201, 156, 208, 164], [2, 0, 0, 161, 599, 399], [3, 0, 0, 0, 599, 242]], [[1, 5, 267, 192, 342, 264], [2, 0, 0, 162, 599, 399], [3, 0, 0, 0, 599, 340]], [[1, 5, 231, 160, 246, 172], [1, 6, 265, 180, 341, 265], [1, 8, 261, 159, 276, 186], [2, 0, 0, 160, 599, 399], [3, 0, 0, 0, 599, 254]], [[1, 0, 291, 160, 296, 165], [1, 1, 268, 158, 276, 165], [1, 2, 257, 158, 266, 165], [1, 3, 297, 160, 306, 165], [1, 4, 281, 160, 291, 166], [1, 7, 266, 209, 335, 257], [2, 0, 0, 159, 599, 399], [3, 0, 0, 0, 599, 236], [4, 10, 290, 168, 326, 205]], [[1, 5, 246, 167, 267, 186], [1, 8, 284, 179, 322, 252], [2, 0, 0, 163, 599, 399], [3, 0, 0, 0, 599, 292]], [[1, 0, 301, 158, 301, 158], [1, 1, 293, 157, 295, 158], [1, 2, 289, 157, 291, 158], [1, 3, 302, 158, 303, 158], [1, 4, 298, 157, 300, 158], [1, 7, 303, 158, 306, 160], [1, 9, 272, 200, 328, 242], [2, 0, 0, 158, 599, 399], [3, 0, 0, 95, 599, 240], [3, 183, 498, 180, 499, 180], [4, 10, 303, 156, 306, 158], [6, 33, 161, 164, 231, 207], [6, 34, 319, 156, 341, 170], [6, 35, 289, 156, 302, 165]]], "distance_down_track": [940.4376831054688, 942.552978515625, 944.543212890625, 940.4561767578125, 939.2435302734375, 981.32568359375, 964.5359497070312, 918.0697021484375, 971.6178588867188, 859.6701049804688], "velocity": [[-3.4371206760406494, -0.47262313961982727, -24.95396614074707], [-3.5054187774658203, -0.5073751211166382, -21.957157135009766], [-4.234181880950928, -0.47007983922958374, -22.912050247192383], [-3.7414398193359375, -0.44383594393730164, -24.212360382080078], [-4.01375150680542, -0.4039957523345947, -21.942258834838867], [16.475847244262695, -0.4530279338359833, -13.561250686645508], [7.844985485076904, -0.2719724774360657, -13.496939659118652], [-10.916748046875, -0.5269718766212463, -21.29128074645996], [14.543567657470703, -0.4513508975505829, -18.210010528564453], [-14.882124900817871, -0.6897916793823242, -27.17353057861328]]}