{"track": "fortmagma", "karts": ["nolok", "beastie", "sara_the_wizard", "adiumy", "puffy", "konqi", "pidgin", "emule", "xue", "gnu"], "detections": [[[1, 0, 248, 202, 358, 312], [2, 0, 185, 73, 599, 399], [3, 0, 0, 0, 599, 399], [3, 15, 469, 0, 599, 136], [6, 36, 229, 135, 240, 144], [6, 37, 216, 87, 219, 91]], [[1, 1, 260, 190, 340, 258], [1, 2, 383, 130, 393, 134], [1, 3, 254, 170, 277, 191], [1, 7, 236, 187, 278, 225], [1, 8, 309, 154, 318, 163], [2, 0, 0, 117, 599, 399], [3, 0, 0, 0, 599, 265], [3, 15, 0, 88, 599, 176], [4, 26, 350, 156, 359, 165], [4, 27, 216, 157, 227, 166], [6, 28, 420, 131, 428, 132]], [[1, 2, 278, 188, 321, 264], [1, 5, 325, 172, 344, 186], [2, 0, 0, 122, 402, 399], [3, 0, 0, 0, 599, 399], [3, 15, 408, 116, 599, 158], [6, 28, 275, 176, 308, 181]], [[1, 2, 398, 128, 409, 133], [1, 3, 275, 195, 326, 246], [1, 7, 338, 353, 451, 399], [1, 8, 323, 155, 334, 166], [2, 0, 0, 115, 599, 399], [3, 0, 0, 0, 599, 259], [3, 15, 0, 111, 599, 172], [4, 26, 376, 158, 389, 170], [4, 27, 207, 159, 222, 171], [6, 28, 437, 130, 447, 132]], [[1, 4, 213, 201, 386, 318], [2, 0, 0, 161, 599, 399], [3, 0, 0, 0, 599, 226], [3, 15, 207, 130, 375, 160], [6, 7, 316, 154, 319, 160], [6, 8, 265, 154, 268, 160]], [[1, 5, 242, 187, 336, 282], [2, 0, 0, 108, 599, 399], [3, 0, 0, 0, 599, 176], [3, 15, 516, 18, 599, 110], [6, 28, 0, 220, 158, 316]], [[1, 4, 331, 164, 344, 171], [1, 6, 271, 207, 326, 244], [2, 0, 9, 164, 599, 399], [3, 0, 0, 0, 599, 399], [3, 15, 363, 153, 363, 160], [6, 7, 334, 161, 334, 163], [6, 8, 306, 161, 306, 163]], [[1, 1, 338, 216, 500, 345], [1, 2, 395, 129, 405, 133], [1, 3, 274, 173, 301, 199], [1, 7, 271, 200, 328, 257], [1, 8, 321, 154, 331, 163], [2, 0, 0, 116, 599, 399], [3, 0, 0, 0, 599, 247], [3, 15, 0, 100, 599, 173], [4, 26, 366, 156, 376, 166], [4, 27, 223, 157, 235, 166], [6, 28, 433, 130, 442, 132]], [[1, 2, 368, 143, 382, 151], [1, 5, 425, 149, 432, 153], [1, 8, 236, 179, 354, 323], [2, 0, 0, 132, 599, 399], [3, 0, 0, 0, 599, 343], [3, 15, 442, 123, 599, 139], [6, 28, 410, 151, 410, 151]], [[1, 4, 287, 160, 294, 166], [1, 6, 203, 178, 238, 197], [1, 9, 272, 160, 328, 228], [2, 0, 0, 161, 599, 399], [3, 0, 0, 0, 599, 258], [3, 15, 324, 160, 324, 160], [6, 7, 300, 160, 300, 160], [6, 8, 274, 158, 274, 160]]], "distance_down_track": [890.59033203125, 730.24755859375, 783.8327026367188, 735.79541015625, 688.0433349609375, 801.99462890625, 670.6204223632812, 731.6204833984375, 754.9091186523438, 666.0614624023438], "velocity": [[1.745983362197876, -1.5358846187591553, 6.285651683807373], [-23.192123413085938, -5.283355236053467, 0.26202845573425293], [-6.726436614990234, 0.08141916245222092, 20.3531436920166], [-24.821517944335938, -5.661740779876709, 1.03311026096344], [-9.144290924072266, -0.07726962864398956, 0.1690913289785385], [0.9600024223327637, -2.4354255199432373, 16.47825813293457], [-29.046485900878906, -0.36841610074043274, 0.5562391877174377], [-22.06485939025879, -5.0225725173950195, 0.3510252833366394], [-7.828185558319092, 0.09115216881036758, 2.966191053390503], [-22.970813751220703, -0.2913441061973572, 1.1210805177688599]]}