{"track": "tutorial", "karts": ["puffy", "hexley", "tux", "suzanne", "pidgin", "nolok", "beastie", "gavroche", "amanda", "adiumy"], "detections": [[[1, 0, 204, 203, 394, 327], [2, 0, 0, 100, 79, 136], [3, 0, 0, 47, 599, 399]], [[1, 0, 324, 159, 352, 179], [1, 1, 243, 193, 350, 349], [1, 7, 166, 158, 203, 180], [2, 0, 2, 108, 242, 157], [3, 0, 0, 32, 599, 399]], [[1, 2, 267, 198, 332, 251], [1, 9, 277, 158, 285, 164], [2, 0, 0, 163, 599, 399], [3, 0, 0, 102, 599, 295], [3, 7, 182, 125, 185, 132]], [[1, 3, 261, 200, 332, 256], [2, 0, 0, 168, 599, 399], [3, 0, 0, 46, 599, 399], [3, 6, 347, 35, 363, 57], [3, 7, 258, 44, 272, 59]], [[1, 3, 230, 142, 232, 143], [1, 4, 264, 210, 333, 256], [2, 0, 0, 143, 599, 399], [3, 0, 0, 70, 599, 269], [3, 6, 286, 69, 295, 81], [3, 7, 234, 63, 243, 73]], [[1, 5, 239, 206, 363, 321], [1, 8, 30, 188, 156, 253], [2, 0, 0, 168, 599, 399], [3, 0, 0, 127, 599, 266], [5, 6, 348, 167, 358, 179], [5, 7, 299, 169, 310, 181], [5, 8, 241, 171, 254, 183], [5, 17, 197, 167, 202, 171], [5, 18, 217, 166, 222, 170], [5, 19, 233, 166, 236, 170], [5, 20, 119, 163, 123, 166], [5, 21, 108, 163, 112, 166], [5, 22, 95, 165, 97, 165]], [[1, 2, 254, 160, 262, 166], [1, 6, 262, 189, 341, 255], [1, 9, 229, 157, 233, 160], [2, 0, 0, 160, 599, 399], [3, 0, 0, 123, 599, 370], [3, 6, 150, 133, 158, 141], [3, 7, 86, 121, 97, 131]], [[1, 0, 559, 190, 599, 214], [1, 7, 241, 205, 351, 320], [2, 0, 0, 56, 295, 174], [3, 0, 0, 0, 599, 399]], [[1, 5, 499, 216, 599, 297], [1, 8, 263, 191, 338, 254], [2, 0, 63, 150, 599, 399], [3, 0, 0, 114, 599, 399], [5, 6, 361, 167, 369, 178], [5, 7, 320, 166, 329, 178], [5, 8, 267, 166, 278, 179], [5, 17, 165, 155, 170, 160], [5, 18, 186, 155, 191, 160], [5, 19, 202, 156, 206, 160], [5, 20, 48, 144, 54, 148], [5, 21, 34, 143, 41, 147], [5, 22, 17, 145, 20, 146]], [[1, 9, 273, 195, 328, 250], [2, 0, 0, 181, 599, 399], [3, 0, 0, 0, 599, 265], [3, 6, 262, 140, 266, 144], [3, 7, 216, 135, 222, 140]]], "distance_down_track": [712.6583862304688, 712.6583862304688, 343.6702575683594, 343.6702575683594, 343.6702575683594, 420.1153259277344, 326.0697937011719, 383.7624206542969, 310.5081787109375, 307.6783447265625], "velocity": [[-0.0696321353316307, 0.08185520023107529, 0.0017706922953948379], [-4.7739129066467285, 0.08439768105745316, -0.4319460988044739], [-4.473886013031006, 1.366404414176941, -22.51926612854004], [1.2906945943832397, -2.24929141998291, -22.85333251953125], [1.2480413913726807, -2.7663817405700684, -23.95854949951172], [-0.32410386204719543, 0.09467627108097076, 1.7453094720840454], [-10.551430702209473, 1.6806904077529907, -21.657909393310547], [-8.179852485656738, 0.13242115080356598, 0.49784693121910095], [-13.746259689331055, 0.6378151178359985, 19.845806121826172], [-1.3036972284317017, 0.445930153131485, -22.958690643310547]]}