{"track": "tutorial", "karts": ["puffy", "hexley", "tux", "suzanne", "pidgin", "nolok", "beastie", "gavroche", "amanda", "adiumy"], "detections": [[[1, 0, 205, 201, 390, 324], [1, 6, 280, 128, 280, 128], [2, 0, 136, 126, 276, 157], [3, 0, 0, 44, 599, 399]], [[1, 0, 357, 162, 387, 179], [1, 1, 251, 194, 335, 310], [1, 6, 391, 135, 395, 136], [2, 0, 303, 136, 390, 156], [3, 0, 0, 8, 599, 399], [3, 8, 56, 42, 69, 55]], [[1, 2, 267, 198, 331, 253], [2, 0, 0, 164, 596, 399], [3, 0, 0, 0, 599, 399]], [[1, 3, 262, 200, 333, 256], [2, 0, 0, 166, 599, 399], [3, 0, 0, 33, 599, 295]], [[1, 4, 227, 217, 377, 323], [2, 0, 0, 163, 599, 399], [3, 0, 0, 9, 599, 255]], [[1, 5, 266, 204, 346, 280], [1, 7, 230, 152, 233, 155], [1, 8, 232, 152, 238, 158], [1, 9, 208, 146, 212, 149], [2, 0, 123, 119, 599, 392], [3, 0, 0, 0, 599, 399]], [[1, 5, 292, 156, 296, 157], [1, 6, 219, 182, 376, 316], [2, 0, 0, 158, 599, 399], [3, 0, 0, 29, 599, 245]], [[1, 7, 255, 204, 341, 289], [1, 9, 283, 155, 297, 168], [2, 0, 0, 103, 599, 399], [3, 0, 0, 0, 599, 194]], [[1, 7, 314, 166, 343, 189], [1, 8, 237, 188, 356, 291], [1, 9, 284, 150, 294, 160], [2, 0, 0, 108, 599, 399], [3, 0, 0, 0, 599, 216]], [[1, 9, 260, 192, 341, 280], [2, 0, 0, 104, 599, 399], [3, 0, 0, 0, 599, 192]]], "distance_down_track": [712.6583862304688, 712.4588012695312, 753.8200073242188, 753.8200073242188, 753.8200073242188, 753.8200073242188, 741.5721435546875, 753.8200073242188, 741.5721435546875, 741.5721435546875], "velocity": [[-4.820445537567139, 0.11483898013830185, -1.0443413257598877], [-4.287455081939697, 0.19148042798042297, -2.8265717029571533], [-18.5352725982666, 2.77215838432312, 13.332619667053223], [-20.848569869995117, 3.5668787956237793, 9.034073829650879], [-0.01292159128934145, 0.08172028511762619, 0.08291583508253098], [-10.472179412841797, -2.2368247509002686, -3.7794883251190186], [-9.084471702575684, -0.3942030072212219, 3.1180098056793213], [-5.486869812011719, -0.19184210896492004, -10.10482406616211], [-6.677844524383545, -0.6940568685531616, -10.03644847869873], [-5.583444118499756, -0.2791150212287903, -10.049738883972168]]}