{"track": "overworld", "karts": ["beastie", "kiki", "hexley", "emule", "amanda", "wilber", "adiumy", "xue", "suzanne", "nolok"], "detections": [[[1, 0, 254, 189, 339, 264], [3, 0, 0, 0, 599, 179]], [[1, 0, 567, 147, 571, 149], [1, 1, 272, 184, 332, 251], [1, 2, 363, 153, 373, 157], [1, 7, 423, 150, 428, 153], [1, 8, 277, 168, 297, 183], [1, 9, 308, 157, 315, 161], [3, 0, 195, 59, 599, 153]], [[1, 0, 326, 159, 329, 162], [1, 2, 265, 196, 322, 273], [1, 7, 336, 162, 352, 177], [3, 0, 0, 0, 599, 163]], [[1, 3, 258, 200, 343, 287], [2, 7, 113, 146, 274, 182], [2, 24, 274, 146, 491, 183], [3, 0, 586, 148, 599, 179], [3, 7, 0, 0, 273, 176], [3, 24, 269, 0, 599, 182]], [[1, 4, 259, 191, 334, 256], [3, 0, 0, 87, 411, 159], [3, 7, 320, 141, 322, 142], [3, 24, 323, 141, 326, 142], [3, 25, 325, 141, 325, 141]], [[1, 5, 259, 190, 335, 258], [3, 0, 0, 59, 599, 198]], [[1, 3, 282, 158, 309, 185], [1, 6, 258, 192, 347, 287], [2, 7, 175, 136, 282, 161], [2, 24, 282, 137, 423, 162], [3, 0, 0, 0, 599, 173], [3, 7, 49, 0, 281, 156], [3, 24, 279, 0, 535, 161]], [[1, 0, 289, 161, 293, 164], [1, 7, 267, 187, 335, 264], [3, 0, 33, 0, 599, 168]], [[1, 2, 411, 150, 423, 156], [1, 7, 490, 147, 502, 153], [1, 8, 264, 201, 337, 257], [1, 9, 337, 156, 348, 162], [3, 0, 198, 38, 599, 150]], [[1, 0, 432, 153, 436, 156], [1, 2, 376, 158, 394, 174], [1, 7, 422, 153, 434, 163], [1, 9, 258, 203, 327, 272], [3, 0, 0, 0, 599, 155]]], "distance_down_track": [1251.509033203125, 208.9169921875, 1186.1881103515625, 618.5240478515625, 130.93321228027344, 1373.986572265625, 613.4688720703125, 1197.998779296875, 216.4359588623047, 1175.01025390625], "velocity": [[-1.133023738861084, 1.5721347332000732, -21.6484375], [19.91257667541504, -0.0612504705786705, -9.892348289489746], [-1.2696349620819092, 0.8375977873802185, -19.60608673095703], [-0.7419295907020569, -1.9199423789978027, 13.93539047241211], [1.1301777362823486, -1.0107641220092773, 24.102354049682617], [-19.208105087280273, 1.045390248298645, 4.082649230957031], [-0.713004469871521, -1.474530816078186, 11.13723087310791], [-2.7001171112060547, 0.9351022839546204, -20.501827239990234], [20.637828826904297, 0.23845013976097107, -8.100658416748047], [4.352751731872559, 0.8852760791778564, -16.629899978637695]]}