{"track": "overworld", "karts": ["beastie", "kiki", "hexley", "emule", "amanda", "wilber", "adiumy", "xue", "suzanne", "nolok"], "detections": [[[1, 0, 251, 188, 337, 265], [3, 0, 0, 0, 599, 201], [3, 4, 319, 158, 319, 159], [3, 7, 324, 157, 330, 160], [3, 8, 323, 159, 324, 160], [3, 24, 331, 157, 337, 160], [3, 25, 334, 157, 334, 157]], [[1, 1, 270, 182, 336, 258], [1, 2, 303, 142, 312, 150], [1, 7, 449, 128, 454, 132], [1, 8, 266, 170, 293, 190], [1, 9, 357, 138, 363, 141], [2, 0, 393, 132, 398, 136], [3, 0, 0, 0, 599, 225], [3, 6, 426, 95, 426, 95]], [[1, 2, 273, 195, 334, 279], [1, 7, 446, 141, 452, 146], [1, 9, 354, 155, 365, 162], [2, 0, 386, 145, 393, 152], [3, 0, 0, 31, 599, 151], [3, 4, 448, 114, 448, 114], [3, 7, 451, 113, 456, 115], [3, 24, 457, 113, 462, 116], [3, 25, 461, 114, 461, 114]], [[1, 3, 241, 199, 360, 321], [1, 6, 250, 268, 372, 395], [2, 7, 212, 152, 289, 169], [2, 24, 289, 152, 389, 169], [3, 0, 0, 0, 599, 180], [3, 7, 119, 0, 288, 167], [3, 24, 286, 0, 466, 168]], [[1, 4, 256, 191, 337, 261], [3, 0, 155, 80, 599, 197]], [[1, 4, 338, 158, 341, 158], [1, 5, 258, 190, 332, 258], [3, 0, 477, 82, 599, 156]], [[1, 3, 243, 142, 343, 234], [1, 6, 250, 190, 353, 284], [2, 7, 215, 151, 287, 168], [2, 24, 301, 152, 387, 169], [3, 0, 0, 0, 599, 177], [3, 7, 129, 0, 289, 165], [3, 24, 289, 0, 463, 168]], [[1, 7, 267, 188, 330, 259], [3, 0, 0, 68, 599, 173], [3, 7, 234, 148, 234, 148], [3, 24, 235, 148, 238, 149]], [[1, 2, 301, 145, 311, 156], [1, 7, 445, 133, 450, 136], [1, 8, 268, 200, 339, 256], [1, 9, 354, 142, 361, 146], [2, 0, 389, 136, 394, 141], [3, 0, 0, 0, 599, 260], [3, 4, 497, 102, 499, 103], [3, 6, 405, 102, 405, 102], [3, 7, 502, 104, 502, 104], [3, 8, 502, 103, 502, 103]], [[1, 7, 349, 150, 355, 156], [1, 9, 265, 202, 324, 259], [2, 0, 289, 154, 302, 168], [3, 0, 0, 0, 599, 166], [3, 7, 305, 128, 306, 128], [3, 24, 307, 128, 309, 129]]], "distance_down_track": [222.14901733398438, 1434.7540283203125, 1455.9090576171875, 608.384033203125, 1118.364501953125, 157.9834747314453, 607.8270263671875, 46.850616455078125, 1440.624267578125, 15.353769302368164], "velocity": [[-1.903878092765808, 0.528041660785675, 21.64501190185547], [-13.270581245422363, -4.223817348480225, 13.883918762207031], [-9.8221435546875, -3.09367036819458, 15.95205307006836], [-0.7506938576698303, 0.868008017539978, 2.93788480758667], [-1.9102832078933716, 2.1341893672943115, -21.54544448852539], [17.622440338134766, 0.2012534886598587, 9.064229965209961], [1.267169713973999, 1.4068341255187988, 0.5873794555664062], [6.053028583526611, -0.49253585934638977, 22.183738708496094], [-14.624774932861328, -4.839688301086426, 17.614009857177734], [2.204172372817993, -2.106879711151123, 22.063138961791992]]}