{"track": "snowtuxpeak", "karts": ["pidgin", "amanda", "xue", "tux", "gavroche", "emule", "puffy", "sara_the_wizard", "beastie", "gnu"], "detections": [[[1, 0, 268, 209, 337, 257], [2, 0, 0, 155, 599, 399], [3, 0, 0, 0, 599, 256]], [[1, 1, 262, 193, 337, 254], [1, 6, 268, 163, 289, 176], [1, 9, 295, 151, 313, 171], [2, 0, 0, 158, 599, 399], [3, 0, 0, 0, 599, 268]], [[1, 2, 267, 188, 330, 258], [1, 5, 343, 216, 440, 296], [1, 7, 301, 158, 309, 171], [2, 0, 0, 138, 599, 399], [3, 0, 0, 0, 599, 318], [4, 4, 461, 179, 531, 233], [4, 5, 236, 173, 293, 224]], [[1, 1, 274, 152, 280, 156], [1, 3, 266, 198, 333, 254], [1, 6, 270, 149, 275, 152], [1, 8, 279, 160, 296, 173], [1, 9, 278, 146, 280, 150], [2, 0, 0, 146, 599, 399], [3, 0, 0, 0, 599, 376]], [[1, 0, 289, 156, 294, 158], [1, 4, 271, 203, 327, 257], [2, 0, 0, 156, 599, 399], [3, 0, 0, 0, 599, 254], [6, 23, 290, 160, 302, 161]], [[1, 2, 214, 179, 273, 236], [1, 5, 268, 200, 329, 261], [1, 7, 298, 157, 306, 169], [2, 0, 0, 138, 599, 399], [3, 0, 0, 0, 599, 267], [4, 4, 408, 173, 457, 221], [4, 5, 202, 167, 255, 208]], [[1, 6, 259, 201, 339, 255], [1, 9, 374, 166, 569, 321], [2, 0, 0, 167, 599, 399], [3, 0, 0, 0, 599, 336]], [[1, 7, 279, 187, 319, 266], [2, 0, 0, 144, 599, 399], [3, 0, 0, 0, 599, 274]], [[1, 1, 288, 152, 298, 159], [1, 6, 285, 148, 292, 152], [1, 8, 258, 189, 341, 260], [1, 9, 295, 144, 299, 150], [2, 0, 0, 146, 599, 399], [3, 0, 0, 0, 599, 311]], [[1, 6, 212, 186, 274, 221], [1, 9, 270, 158, 330, 231], [2, 0, 0, 167, 599, 399], [3, 0, 0, 0, 599, 269]]], "distance_down_track": [12.739921569824219, 98.4344253540039, 226.96726989746094, 62.32989501953125, 960.1797485351562, 225.81814575195312, 107.69751739501953, 241.1476593017578, 75.02689361572266, 105.74105834960938], "velocity": [[-10.905835151672363, 0.08171355724334717, 21.547122955322266], [-21.954410552978516, 2.815152883529663, 1.6265830993652344], [-1.4151643514633179, 0.17949187755584717, -23.35647964477539], [-21.747222900390625, 1.2840522527694702, 2.805488109588623], [-0.5029793977737427, 0.07550913095474243, 22.409046173095703], [-0.11735320836305618, 0.18426105380058289, -20.6988468170166], [-24.408649444580078, 2.9964101314544678, 2.075974225997925], [-0.5417418479919434, 0.972636342048645, -20.6700382232666], [-22.676910400390625, 1.4324145317077637, 1.1119623184204102], [-20.77143669128418, 2.66615891456604, 0.6835821270942688]]}