{"track": "minigolf", "karts": ["nolok", "sara_the_racer", "emule", "adiumy", "gavroche", "konqi", "amanda", "xue", "sara_the_wizard", "puffy"], "detections": [[[1, 0, 273, 203, 332, 259], [1, 1, 311, 173, 335, 204], [1, 4, 148, 161, 152, 164], [2, 0, 0, 125, 599, 399], [3, 0, 0, 0, 599, 330], [3, 2, 402, 0, 497, 120]], [[1, 1, 275, 172, 326, 269], [1, 4, 225, 138, 231, 141], [2, 0, 0, 100, 599, 399], [3, 0, 0, 0, 599, 270], [3, 2, 569, 24, 599, 75]], [[1, 2, 268, 199, 329, 260], [1, 8, 359, 160, 361, 163], [2, 0, 0, 163, 599, 399], [3, 0, 0, 0, 599, 349], [3, 2, 292, 0, 452, 146], [3, 5, 464, 157, 467, 159], [4, 33, 369, 159, 372, 162], [5, 10, 385, 162, 388, 165], [5, 11, 378, 161, 380, 164], [5, 12, 307, 161, 309, 163], [5, 13, 332, 161, 334, 163]], [[1, 3, 265, 197, 330, 254], [2, 0, 78, 168, 599, 399], [3, 0, 0, 0, 599, 399]], [[1, 4, 273, 203, 331, 260], [2, 0, 0, 137, 599, 399], [3, 0, 0, 0, 599, 379], [5, 25, 192, 132, 196, 138]], [[1, 5, 264, 190, 343, 268], [2, 0, 0, 124, 599, 399], [3, 0, 0, 0, 599, 372], [3, 2, 327, 16, 354, 112], [3, 11, 482, 114, 599, 185], [3, 12, 360, 126, 388, 157], [5, 22, 446, 218, 548, 279], [5, 23, 267, 175, 274, 185], [255, 16777215, 553, 0, 584, 98]], [[1, 6, 233, 187, 344, 292], [2, 0, 556, 97, 599, 113], [3, 0, 0, 0, 599, 399], [3, 11, 574, 79, 599, 90], [4, 21, 563, 125, 584, 136]], [[1, 2, 97, 163, 105, 167], [1, 7, 262, 184, 339, 264], [1, 8, 158, 165, 158, 165], [2, 0, 27, 165, 599, 399], [3, 0, 0, 0, 599, 399], [3, 2, 92, 49, 207, 155], [5, 12, 112, 164, 114, 165], [5, 13, 135, 165, 137, 166]], [[1, 8, 280, 188, 320, 266], [2, 0, 0, 161, 599, 399], [3, 0, 0, 0, 599, 339], [3, 7, 299, 149, 310, 160], [4, 14, 311, 154, 316, 159], [4, 15, 346, 154, 352, 158], [4, 33, 309, 159, 328, 176]], [[1, 5, 197, 315, 198, 315], [1, 9, 254, 204, 344, 268], [2, 0, 9, 314, 402, 399], [3, 0, 0, 14, 599, 399], [3, 1, 436, 257, 583, 372], [3, 2, 189, 244, 214, 305], [3, 11, 270, 309, 279, 311], [4, 20, 360, 331, 387, 362], [5, 22, 210, 314, 212, 315], [255, 16777215, 310, 266, 312, 302]]], "distance_down_track": [406.5928649902344, 411.44415283203125, 561.761474609375, 492.4238586425781, 453.351806640625, 356.5774841308594, 279.9109191894531, 524.3048095703125, 613.4182739257812, 314.4373779296875], "velocity": [[21.08220672607422, -1.8425931930541992, -1.6780658960342407], [16.096023559570312, -0.9074679613113403, 4.419384002685547], [9.85966968536377, -0.7024703025817871, -18.18745231628418], [-19.299819946289062, 2.4748454093933105, 7.0627217292785645], [14.71688461303711, 0.3727659583091736, 14.552122116088867], [20.17877960205078, -1.9592303037643433, -2.0086870193481445], [8.00253963470459, -1.5729503631591797, -3.543365955352783], [1.3072935342788696, 0.8407186269760132, -18.899303436279297], [1.208979845046997, 0.08173280954360962, -20.664501190185547], [8.230939865112305, 0.03324007987976074, -6.204131603240967]]}