{"track": "overworld", "karts": ["beastie", "kiki", "hexley", "emule", "amanda", "wilber", "adiumy", "xue", "suzanne", "nolok"], "detections": [[[1, 0, 256, 190, 337, 260], [3, 0, 0, 84, 476, 170], [3, 7, 288, 159, 291, 160], [3, 24, 292, 159, 294, 160]], [[1, 1, 273, 183, 334, 254], [1, 2, 389, 150, 400, 155], [1, 7, 575, 129, 589, 133], [1, 8, 340, 207, 455, 287], [1, 9, 400, 150, 408, 153], [3, 0, 0, 0, 599, 180]], [[1, 2, 263, 195, 332, 292], [1, 7, 393, 156, 403, 164], [1, 9, 257, 184, 282, 209], [3, 0, 0, 0, 599, 399]], [[1, 3, 241, 199, 360, 321], [1, 6, 282, 169, 320, 202], [2, 7, 212, 148, 289, 164], [2, 24, 289, 147, 390, 165], [3, 0, 0, 0, 599, 174], [3, 7, 120, 0, 288, 162], [3, 24, 287, 0, 467, 163]], [[1, 4, 258, 191, 336, 257], [3, 0, 0, 106, 538, 191]], [[1, 0, 309, 138, 312, 140], [1, 5, 261, 190, 331, 254], [2, 0, 236, 155, 257, 178], [3, 0, 0, 0, 599, 169], [3, 7, 269, 127, 270, 127], [3, 24, 272, 128, 273, 128]], [[1, 6, 255, 191, 352, 295], [2, 7, 189, 135, 285, 157], [2, 24, 286, 136, 412, 158], [3, 0, 0, 0, 599, 172], [3, 7, 75, 0, 285, 153], [3, 24, 284, 0, 512, 157]], [[1, 5, 457, 187, 461, 188], [1, 7, 263, 186, 333, 265], [3, 0, 0, 65, 599, 204], [3, 5, 589, 154, 592, 154]], [[1, 1, 220, 181, 272, 239], [1, 2, 390, 149, 402, 154], [1, 7, 584, 128, 598, 132], [1, 8, 266, 201, 343, 263], [1, 9, 403, 149, 408, 152], [3, 0, 0, 0, 599, 178]], [[1, 2, 373, 327, 550, 399], [1, 7, 394, 157, 406, 165], [1, 9, 260, 204, 335, 274], [3, 0, 0, 12, 599, 205]]], "distance_down_track": [87.4013442993164, 1312.525390625, 1351.846923828125, 608.3760986328125, 984.0341186523438, 24.00459098815918, 611.8048095703125, 1377.4447021484375, 1311.5250244140625, 1354.0595703125], "velocity": [[1.0395420789718628, 0.8718652129173279, 23.77321434020996], [1.33534574508667, 3.0418548583984375, -21.943696975708008], [-14.355036735534668, 2.114675283432007, -4.6925272941589355], [-0.2561880350112915, -0.6090338230133057, 3.7176873683929443], [11.923113822937012, -1.1959819793701172, -18.61688804626465], [4.243390083312988, -1.6559772491455078, 21.36992835998535], [-0.6123093366622925, -1.6729369163513184, 9.715058326721191], [-19.851560592651367, 0.902729868888855, 5.795741081237793], [2.0951690673828125, 2.7103638648986816, -20.164775848388672], [-15.63372802734375, 2.2434191703796387, -4.400803565979004]]}