{"track": "tutorial", "karts": ["puffy", "hexley", "tux", "suzanne", "pidgin", "nolok", "beastie", "gavroche", "amanda", "adiumy"], "detections": [[[1, 0, 215, 198, 380, 327], [1, 5, 0, 216, 35, 249], [2, 0, 0, 77, 77, 119], [3, 0, 0, 17, 599, 399]], [[1, 0, 359, 156, 378, 169], [1, 1, 241, 193, 349, 349], [1, 3, 183, 158, 224, 182], [1, 5, 307, 155, 324, 164], [1, 6, 268, 151, 286, 164], [1, 9, 34, 157, 145, 237], [2, 0, 203, 127, 314, 155], [3, 0, 0, 34, 599, 399]], [[1, 0, 387, 163, 404, 173], [1, 1, 285, 160, 319, 190], [1, 2, 225, 196, 355, 311], [1, 3, 261, 153, 283, 167], [1, 5, 347, 159, 360, 166], [1, 6, 315, 154, 330, 164], [1, 9, 226, 147, 255, 173], [2, 0, 270, 133, 358, 158], [3, 0, 0, 0, 599, 399], [3, 8, 0, 2, 6, 16]], [[1, 0, 457, 165, 492, 186], [1, 3, 219, 201, 367, 321], [1, 5, 364, 160, 390, 174], [1, 6, 311, 154, 335, 175], [2, 0, 209, 119, 360, 160], [3, 0, 0, 21, 599, 399]], [[1, 4, 195, 215, 348, 341], [2, 0, 0, 151, 599, 399], [3, 0, 0, 77, 599, 320], [3, 6, 483, 72, 500, 88], [3, 7, 416, 68, 429, 79], [3, 8, 532, 99, 532, 99]], [[1, 0, 347, 155, 419, 195], [1, 5, 231, 206, 354, 323], [3, 0, 0, 3, 599, 399]], [[1, 5, 396, 179, 485, 234], [1, 6, 210, 180, 379, 332], [2, 0, 0, 45, 320, 181], [3, 0, 0, 0, 599, 399]], [[1, 7, 247, 205, 361, 320], [2, 0, 237, 19, 397, 87], [3, 0, 0, 0, 599, 399]], [[1, 8, 216, 181, 390, 319], [2, 0, 0, 208, 599, 399], [3, 0, 0, 148, 599, 305]], [[1, 0, 352, 165, 366, 176], [1, 1, 420, 229, 541, 306], [1, 3, 245, 173, 273, 195], [1, 5, 302, 161, 317, 170], [1, 6, 267, 157, 282, 169], [1, 9, 274, 196, 330, 255], [2, 0, 195, 128, 301, 160], [3, 0, 0, 19, 599, 399]]], "distance_down_track": [712.6583862304688, 712.6583862304688, 590.8922729492188, 576.2125244140625, 590.8922729492188, 619.34228515625, 576.2125244140625, 605.3455200195312, 576.2125244140625, 561.7310180664062], "velocity": [[0.8412706851959229, 0.2531178891658783, -0.048095036298036575], [-4.751651763916016, 0.10939038544893265, -1.6621731519699097], [-4.125615119934082, 0.1214606836438179, -2.5501976013183594], [-4.589501857757568, 0.08902131021022797, -1.4033169746398926], [0.7811857461929321, 0.2483637034893036, 1.5182918310165405], [-0.2229316681623459, 0.04578717425465584, 1.324585199356079], [-7.505443096160889, 0.42291194200515747, 0.6083894968032837], [4.3867034912109375, 0.09576533734798431, -1.1915324926376343], [0.06874995678663254, 0.031221924349665642, 1.1472108364105225], [-9.083169937133789, -3.275439739227295, -8.41246223449707]]}