{"track": "overworld", "karts": ["beastie", "kiki", "hexley", "emule", "amanda", "wilber", "adiumy", "xue", "suzanne", "nolok"], "detections": [[[1, 0, 258, 189, 344, 263], [1, 2, 77, 170, 79, 171], [1, 3, 291, 166, 293, 167], [3, 0, 232, 132, 553, 158], [3, 4, 294, 153, 296, 156], [3, 7, 301, 152, 308, 156], [3, 8, 300, 155, 301, 156], [3, 24, 309, 151, 318, 156], [3, 25, 314, 152, 314, 152]], [[1, 1, 234, 167, 369, 311], [2, 7, 0, 149, 247, 209], [2, 24, 244, 146, 588, 208], [3, 7, 0, 0, 243, 151], [3, 24, 233, 0, 599, 200]], [[1, 2, 243, 192, 354, 350], [1, 3, 252, 173, 256, 175], [3, 0, 0, 118, 595, 180], [3, 2, 21, 154, 30, 157], [3, 3, 21, 145, 27, 152], [3, 4, 19, 136, 28, 144], [3, 24, 0, 142, 6, 156]], [[1, 3, 274, 199, 331, 257], [3, 0, 0, 103, 417, 167], [3, 1, 118, 158, 142, 170], [3, 2, 133, 142, 144, 153], [3, 3, 130, 135, 138, 141], [3, 4, 127, 120, 138, 131], [3, 7, 140, 122, 167, 162], [3, 8, 140, 126, 147, 134], [3, 24, 159, 122, 188, 160], [3, 25, 167, 123, 183, 136], [255, 16777215, 0, 138, 363, 198]], [[1, 4, 255, 191, 337, 262], [1, 7, 290, 151, 292, 153], [3, 0, 0, 0, 599, 155]], [[1, 4, 148, 159, 162, 167], [1, 5, 262, 190, 338, 259], [1, 7, 506, 147, 509, 150], [3, 0, 205, 52, 599, 152]], [[1, 1, 326, 156, 351, 188], [1, 6, 259, 192, 344, 281], [2, 7, 201, 143, 316, 173], [2, 24, 316, 146, 493, 180], [3, 0, 0, 0, 599, 183], [3, 7, 86, 0, 322, 164], [3, 24, 317, 0, 599, 180]], [[1, 7, 265, 188, 333, 263], [1, 8, 283, 150, 286, 151], [3, 0, 25, 0, 599, 169]], [[1, 8, 264, 201, 341, 263], [1, 9, 295, 143, 298, 145], [3, 0, 0, 0, 599, 210]], [[1, 9, 273, 203, 334, 260], [3, 0, 0, 0, 599, 248]]], "distance_down_track": [285.19158935546875, 434.1119689941406, 434.1119689941406, 391.29315185546875, 1153.5506591796875, 211.50033569335938, 615.437744140625, 1209.6282958984375, 1278.619873046875, 1334.8436279296875], "velocity": [[-0.007662650663405657, 0.04852188378572464, 21.734943389892578], [-0.002057385863736272, 0.08648442476987839, 0.1705048680305481], [-0.2803783416748047, 0.05531592294573784, 0.35034096240997314], [11.533673286437988, -2.908977746963501, 19.68532943725586], [-4.484495162963867, 0.441812127828598, -21.262744903564453], [18.049257278442383, -0.060115713626146317, -7.805947303771973], [-1.8629281520843506, -1.6790348291397095, 12.380213737487793], [-2.4779272079467773, -0.7554410696029663, -20.537263870239258], [0.9119787216186523, 3.2542564868927, -20.422245025634766], [-5.53938102722168, 2.2706334590911865, -19.815383911132812]]}