{"track": "overworld", "karts": ["beastie", "kiki", "hexley", "emule", "amanda", "wilber", "adiumy", "xue", "suzanne", "nolok"], "detections": [[[1, 0, 253, 188, 339, 264], [3, 0, 0, 0, 599, 155]], [[1, 1, 228, 167, 362, 312], [1, 2, 348, 151, 358, 159], [3, 0, 0, 136, 392, 156], [3, 4, 290, 153, 291, 155], [3, 7, 261, 152, 265, 154], [3, 24, 266, 152, 272, 154], [255, 16777215, 69, 168, 379, 191]], [[1, 2, 269, 196, 329, 280], [1, 3, 300, 181, 302, 182], [3, 0, 0, 144, 418, 176], [3, 3, 176, 168, 177, 171], [3, 4, 176, 160, 179, 167], [3, 7, 133, 158, 146, 169], [3, 24, 146, 158, 161, 170]], [[1, 3, 271, 200, 327, 257], [3, 0, 0, 97, 492, 159], [3, 1, 158, 148, 182, 162], [3, 2, 179, 132, 189, 144], [3, 3, 177, 124, 184, 131], [3, 4, 175, 109, 186, 121], [3, 7, 197, 116, 219, 155], [3, 8, 197, 117, 207, 127], [3, 24, 215, 116, 239, 154], [3, 25, 223, 117, 238, 139], [255, 16777215, 0, 141, 429, 183]], [[1, 4, 258, 192, 339, 260], [1, 7, 284, 146, 288, 150], [3, 0, 0, 0, 599, 174], [3, 24, 241, 135, 241, 135]], [[1, 4, 423, 150, 434, 156], [1, 5, 259, 190, 334, 258], [1, 7, 469, 136, 473, 139], [2, 0, 389, 148, 398, 156], [3, 0, 0, 25, 495, 147], [3, 7, 439, 118, 443, 120], [3, 24, 443, 118, 448, 121]], [[1, 6, 263, 194, 339, 270], [2, 7, 46, 145, 264, 195], [2, 24, 263, 147, 562, 199], [3, 7, 0, 0, 262, 186], [3, 24, 256, 0, 599, 197]], [[1, 7, 261, 187, 329, 265], [1, 8, 351, 167, 355, 169], [1, 9, 528, 175, 532, 176], [3, 0, 0, 86, 373, 169], [3, 7, 280, 161, 282, 161], [3, 24, 283, 161, 284, 161], [3, 25, 285, 161, 285, 161]], [[1, 0, 546, 156, 554, 159], [1, 8, 258, 200, 334, 260], [1, 9, 530, 157, 537, 160], [3, 0, 0, 107, 599, 154]], [[1, 0, 231, 158, 243, 165], [1, 9, 270, 204, 331, 259], [3, 0, 202, 48, 599, 152]]], "distance_down_track": [1163.184326171875, 351.8743896484375, 351.8743896484375, 351.8743896484375, 35.275123596191406, 1462.13427734375, 621.18115234375, 79.17694854736328, 151.58084106445312, 213.59544372558594], "velocity": [[-4.201247692108154, 0.1586141437292099, -21.324504852294922], [2.406275749206543, 0.011014424264431, 3.6161296367645264], [14.845253944396973, 1.2908034324645996, 10.0159330368042], [7.8111748695373535, -2.562401294708252, 21.48067855834961], [6.274961471557617, -0.9269877076148987, 20.788835525512695], [-7.0713372230529785, -2.91581130027771, 18.11646842956543], [-0.4920444190502167, -2.1285886764526367, 15.452540397644043], [1.660664439201355, 0.8429878950119019, 20.616050720214844], [16.44207000732422, 0.1970224827528, 12.574161529541016], [19.061723709106445, -0.21971864998340607, -8.067989349365234]]}