{"track": "snowtuxpeak", "karts": ["pidgin", "amanda", "xue", "tux", "gavroche", "emule", "puffy", "sara_the_wizard", "beastie", "gnu"], "detections": [[[1, 0, 265, 209, 335, 258], [1, 9, 259, 147, 271, 159], [2, 0, 0, 152, 599, 399], [3, 0, 0, 0, 599, 312], [3, 1, 355, 152, 360, 161], [4, 6, 222, 147, 232, 154], [4, 7, 235, 146, 242, 153], [4, 8, 279, 150, 287, 157]], [[1, 0, 204, 140, 207, 142], [1, 1, 253, 190, 346, 269], [1, 4, 224, 144, 229, 147], [1, 6, 245, 153, 260, 162], [1, 8, 259, 172, 314, 220], [2, 0, 97, 139, 599, 399], [3, 0, 0, 0, 599, 399], [6, 21, 212, 140, 231, 151]], [[1, 2, 263, 187, 331, 264], [1, 7, 304, 163, 313, 175], [2, 0, 0, 170, 599, 399], [3, 0, 0, 0, 599, 324], [4, 10, 528, 170, 536, 171], [4, 11, 518, 170, 525, 171], [5, 9, 544, 171, 546, 171]], [[1, 3, 268, 198, 335, 255], [1, 5, 281, 170, 308, 188], [2, 0, 113, 146, 599, 399], [3, 0, 0, 0, 599, 399], [6, 20, 135, 137, 155, 149]], [[1, 0, 278, 159, 286, 164], [1, 4, 272, 203, 325, 255], [1, 9, 252, 149, 256, 153], [2, 0, 0, 153, 599, 399], [3, 0, 0, 0, 599, 270], [3, 1, 297, 151, 302, 155], [4, 8, 253, 150, 257, 152]], [[1, 5, 268, 198, 334, 266], [2, 0, 0, 135, 599, 399], [3, 0, 0, 23, 599, 278], [6, 20, 203, 138, 223, 151]], [[1, 0, 262, 154, 266, 156], [1, 4, 278, 157, 284, 162], [1, 6, 258, 201, 340, 256], [1, 9, 241, 147, 243, 149], [2, 0, 0, 151, 599, 399], [3, 0, 0, 0, 599, 327], [6, 21, 240, 152, 275, 173]], [[1, 7, 279, 187, 318, 266], [2, 0, 0, 165, 599, 399], [3, 0, 0, 0, 599, 306], [4, 10, 582, 162, 593, 165], [4, 11, 564, 161, 575, 166]], [[1, 0, 223, 142, 226, 143], [1, 1, 199, 269, 451, 399], [1, 4, 242, 145, 246, 148], [1, 6, 259, 155, 275, 165], [1, 8, 252, 188, 348, 270], [2, 0, 63, 140, 599, 399], [3, 0, 0, 0, 599, 399], [6, 21, 230, 141, 246, 152]], [[1, 3, 207, 156, 212, 161], [1, 9, 269, 158, 329, 231], [2, 0, 5, 164, 599, 399], [3, 0, 0, 0, 599, 399], [4, 6, 232, 156, 254, 174], [4, 7, 273, 158, 286, 168], [4, 8, 348, 162, 365, 178]]], "distance_down_track": [396.1697998046875, 325.48492431640625, 499.9832458496094, 440.090576171875, 367.9433288574219, 447.9073791503906, 342.12060546875, 513.8582153320312, 327.5881042480469, 412.13836669921875], "velocity": [[23.31809425354004, 1.978727102279663, 3.3668222427368164], [16.07500457763672, 0.8831198811531067, -8.250506401062012], [-20.50499153137207, 2.1459121704101562, 1.8521264791488647], [3.6862480640411377, 1.1278090476989746, 21.156665802001953], [22.72748374938965, 1.9437531232833862, -2.9467411041259766], [-4.3098368644714355, 1.0753613710403442, 19.2163143157959], [23.39718246459961, 1.894132137298584, -5.67508602142334], [-20.377901077270508, 0.9198420643806458, 3.5192387104034424], [17.8977108001709, 0.8153676390647888, -7.745287895202637], [20.1787166595459, 2.745689630508423, 8.709691047668457]]}