{"track": "overworld", "karts": ["beastie", "kiki", "hexley", "emule", "amanda", "wilber", "adiumy", "xue", "suzanne", "nolok"], "detections": [[[1, 0, 245, 187, 348, 276], [3, 0, 0, 0, 599, 276]], [[1, 1, 264, 182, 330, 256], [1, 2, 445, 140, 448, 142], [2, 0, 374, 149, 382, 158], [3, 0, 0, 25, 581, 148], [3, 7, 411, 121, 414, 122], [3, 24, 415, 121, 418, 123], [3, 25, 417, 121, 419, 123]], [[1, 2, 270, 196, 321, 265], [1, 5, 401, 169, 404, 170], [1, 8, 366, 169, 369, 170], [1, 9, 383, 169, 386, 169], [3, 0, 0, 83, 360, 170], [3, 7, 274, 161, 275, 161], [3, 24, 276, 161, 278, 162]], [[1, 3, 240, 199, 359, 322], [1, 6, 263, 261, 371, 365], [2, 7, 215, 157, 290, 174], [2, 24, 290, 157, 388, 174], [3, 0, 0, 0, 599, 186], [3, 7, 126, 0, 289, 171], [3, 24, 288, 0, 464, 173]], [[1, 4, 258, 191, 340, 259], [3, 0, 0, 0, 599, 174], [3, 4, 307, 135, 310, 137], [3, 7, 314, 132, 322, 138], [3, 8, 313, 134, 316, 138], [3, 24, 323, 132, 332, 137], [3, 25, 327, 132, 332, 136]], [[1, 5, 256, 189, 329, 258], [3, 0, 346, 63, 599, 163]], [[1, 3, 225, 133, 341, 240], [1, 6, 249, 201, 355, 287], [2, 7, 215, 149, 279, 166], [2, 24, 296, 151, 388, 169], [3, 0, 0, 0, 599, 180], [3, 7, 132, 0, 291, 163], [3, 24, 291, 0, 467, 168]], [[1, 7, 263, 187, 331, 264], [3, 0, 0, 0, 585, 168], [3, 6, 313, 156, 318, 158]], [[1, 5, 346, 158, 363, 171], [1, 8, 260, 201, 333, 258], [1, 9, 300, 164, 321, 180], [3, 0, 429, 72, 599, 161]], [[1, 5, 325, 172, 350, 195], [1, 9, 268, 202, 322, 253], [3, 0, 366, 77, 599, 167]]], "distance_down_track": [1352.9290771484375, 1463.9920654296875, 74.215576171875, 608.1629638671875, 266.4122009277344, 180.3818817138672, 607.8473510742188, 292.72650146484375, 166.01766967773438, 173.39788818359375], "velocity": [[-15.895371437072754, 2.342233657836914, -5.163372039794922], [-5.666262149810791, -2.9474663734436035, 18.598875045776367], [2.3017327785491943, 0.8800249695777893, 21.710599899291992], [-0.9785294532775879, 0.9227831959724426, 1.4321321249008179], [-1.3569926023483276, -2.370734691619873, 21.56266212463379], [20.5192813873291, 0.4816826581954956, -1.8095890283584595], [1.762990951538086, 1.135666012763977, 0.6935204267501831], [-2.826981782913208, 0.7843751311302185, 20.491044998168945], [20.925479888916016, 1.5895425081253052, 6.715270042419434], [24.18398666381836, 0.9953202605247498, 0.9973838925361633]]}