{"track": "overworld", "karts": ["beastie", "kiki", "hexley", "emule", "amanda", "wilber", "adiumy", "xue", "suzanne", "nolok"], "detections": [[[1, 0, 254, 188, 339, 263], [3, 0, 243, 111, 599, 188]], [[1, 1, 265, 182, 332, 257], [1, 2, 287, 153, 292, 159], [1, 8, 283, 151, 288, 155], [1, 9, 273, 146, 276, 148], [3, 0, 0, 0, 599, 169]], [[1, 2, 275, 197, 330, 272], [1, 5, 585, 108, 595, 110], [1, 8, 277, 164, 306, 186], [1, 9, 279, 150, 284, 154], [3, 0, 0, 0, 599, 209]], [[1, 3, 246, 200, 354, 313], [2, 7, 187, 135, 285, 158], [2, 24, 286, 136, 415, 158], [3, 0, 0, 0, 599, 170], [3, 7, 68, 0, 285, 154], [3, 24, 283, 0, 518, 157]], [[1, 4, 257, 191, 338, 260], [2, 0, 429, 145, 438, 153], [3, 0, 0, 18, 573, 145], [3, 7, 500, 111, 507, 113], [3, 8, 499, 112, 501, 113], [3, 24, 507, 111, 513, 113], [3, 25, 511, 111, 511, 111]], [[1, 4, 346, 154, 352, 157], [1, 5, 265, 188, 341, 261], [3, 0, 0, 41, 599, 178]], [[1, 3, 272, 170, 312, 208], [1, 6, 252, 190, 354, 303], [2, 7, 207, 142, 287, 160], [2, 24, 288, 142, 393, 161], [3, 0, 0, 0, 599, 173], [3, 7, 111, 0, 287, 157], [3, 24, 286, 0, 477, 160]], [[1, 7, 271, 188, 335, 261], [3, 0, 0, 114, 585, 163]], [[1, 8, 268, 201, 342, 260], [1, 9, 278, 164, 285, 170], [3, 0, 0, 0, 599, 189]], [[1, 9, 273, 203, 335, 261], [3, 0, 0, 18, 599, 216]]], "distance_down_track": [1098.70263671875, 1250.6363525390625, 1278.5345458984375, 612.2938842773438, 1458.803466796875, 1409.78466796875, 609.0082397460938, 426.2798767089844, 1283.6885986328125, 1306.8734130859375], "velocity": [[2.6239397525787354, 2.8388257026672363, -21.388460159301758], [-1.2427905797958374, 1.4046950340270996, -19.575353622436523], [0.9575916528701782, 3.029888391494751, -19.406570434570312], [-0.5994426012039185, -1.5074689388275146, 9.581201553344727], [-10.94368839263916, -3.512507915496826, 18.44744110107422], [-16.47692108154297, -3.4488613605499268, 10.165069580078125], [-0.40801605582237244, -0.9723238348960876, 5.755484580993652], [22.151742935180664, -2.0256195068359375, 5.847830295562744], [0.9566162824630737, 3.3426127433776855, -21.181550979614258], [2.8200080394744873, 2.791717529296875, -20.316097259521484]]}