{"track": "tutorial", "karts": ["puffy", "hexley", "tux", "suzanne", "pidgin", "nolok", "beastie", "gavroche", "amanda", "adiumy"], "detections": [[[1, 0, 204, 203, 394, 327], [2, 0, 0, 101, 80, 136], [3, 0, 0, 46, 599, 399]], [[1, 0, 385, 157, 401, 167], [1, 1, 240, 193, 348, 346], [1, 3, 297, 155, 315, 166], [1, 4, 281, 156, 296, 164], [1, 5, 495, 163, 525, 176], [1, 7, 311, 155, 321, 164], [2, 0, 256, 132, 348, 155], [3, 0, 0, 26, 599, 399]], [[1, 2, 227, 196, 360, 314], [1, 6, 285, 151, 301, 164], [1, 8, 266, 143, 276, 151], [2, 0, 0, 138, 599, 399], [3, 0, 0, 65, 599, 259], [3, 6, 398, 57, 412, 74], [3, 7, 335, 58, 345, 70]], [[1, 0, 436, 166, 492, 193], [1, 3, 221, 201, 369, 321], [1, 4, 73, 194, 208, 265], [1, 7, 246, 169, 291, 208], [2, 0, 38, 98, 303, 161], [3, 0, 0, 20, 599, 399]], [[1, 0, 505, 171, 585, 201], [1, 3, 451, 242, 599, 399], [1, 4, 222, 217, 367, 325], [1, 7, 335, 176, 383, 222], [2, 0, 77, 97, 341, 164], [3, 0, 0, 14, 599, 399]], [[1, 5, 233, 206, 352, 321], [2, 0, 505, 6, 599, 66], [3, 0, 0, 0, 599, 399]], [[1, 6, 240, 186, 358, 285], [1, 8, 278, 151, 301, 171], [2, 0, 0, 148, 599, 399], [3, 0, 0, 52, 599, 256], [3, 6, 483, 41, 504, 63], [3, 7, 398, 57, 411, 71], [3, 8, 528, 73, 537, 79]], [[1, 0, 508, 173, 599, 216], [1, 7, 240, 205, 353, 322], [2, 0, 0, 70, 301, 166], [3, 0, 0, 0, 599, 399]], [[1, 8, 250, 190, 349, 272], [2, 0, 0, 164, 599, 399], [3, 0, 0, 72, 599, 254], [3, 6, 462, 62, 481, 82], [3, 7, 379, 76, 391, 89]], [[1, 2, 287, 162, 301, 174], [1, 6, 271, 150, 280, 157], [1, 8, 254, 143, 260, 148], [1, 9, 239, 191, 348, 305], [2, 0, 0, 135, 599, 399], [3, 0, 0, 63, 599, 291], [3, 6, 352, 63, 364, 78], [3, 7, 296, 57, 306, 68]]], "distance_down_track": [712.6583862304688, 712.6583862304688, 605.3455200195312, 619.34228515625, 619.34228515625, 656.4569091796875, 605.3455200195312, 633.04345703125, 605.3455200195312, 605.3455200195312], "velocity": [[-0.07041916251182556, 0.08178532123565674, 0.0018498385325074196], [-4.22590970993042, 0.12504087388515472, -2.237550735473633], [1.4879451990127563, -0.4610340893268585, -3.2421345710754395], [-4.859449863433838, 0.09222223609685898, -0.37705495953559875], [-4.99055814743042, 0.09650272130966187, -0.46642473340034485], [1.5625725984573364, 0.07548005878925323, 2.962491273880005], [9.225738525390625, -0.9404520988464355, -11.928892135620117], [-6.752181529998779, 0.12205293774604797, 0.08375807851552963], [9.667974472045898, -0.24908898770809174, -14.425689697265625], [-0.11553944647312164, 0.08388811349868774, -0.016394931823015213]]}