{"track": "tutorial", "karts": ["puffy", "hexley", "tux", "suzanne", "pidgin", "nolok", "beastie", "gavroche", "amanda", "adiumy"], "detections": [[[1, 0, 205, 201, 389, 328], [1, 2, 132, 155, 179, 174], [1, 3, 135, 162, 185, 188], [1, 4, 184, 164, 223, 185], [1, 5, 359, 162, 399, 185], [1, 7, 176, 160, 212, 182], [1, 9, 226, 156, 252, 180], [2, 0, 0, 103, 212, 160], [3, 0, 0, 35, 599, 399]], [[1, 0, 379, 190, 393, 199], [1, 1, 248, 194, 340, 325], [1, 2, 368, 168, 378, 174], [1, 3, 369, 172, 379, 179], [1, 4, 379, 175, 389, 180], [1, 5, 430, 184, 443, 192], [1, 7, 378, 171, 387, 176], [1, 9, 391, 173, 399, 179], [2, 0, 0, 137, 536, 399], [3, 0, 0, 0, 599, 399], [3, 8, 100, 3, 111, 17]], [[1, 2, 229, 196, 362, 318], [1, 3, 375, 203, 552, 316], [1, 4, 350, 193, 431, 235], [1, 5, 382, 164, 406, 186], [1, 7, 277, 193, 378, 261], [1, 9, 310, 173, 364, 218], [2, 0, 0, 55, 121, 249], [3, 0, 0, 40, 599, 399]], [[1, 2, 136, 172, 265, 254], [1, 3, 220, 201, 374, 317], [1, 4, 328, 198, 433, 261], [1, 5, 586, 189, 599, 212], [1, 7, 269, 184, 331, 236], [1, 9, 349, 173, 410, 218], [2, 0, 0, 63, 238, 183], [3, 0, 0, 23, 599, 399]], [[1, 2, 0, 176, 173, 293], [1, 3, 0, 235, 228, 399], [1, 4, 224, 217, 373, 322], [1, 7, 159, 192, 271, 279], [1, 9, 311, 177, 385, 249], [2, 0, 0, 59, 217, 183], [3, 0, 0, 13, 599, 399]], [[1, 5, 232, 206, 352, 322], [3, 0, 0, 1, 599, 399]], [[1, 1, 408, 173, 416, 177], [1, 6, 257, 189, 335, 260], [2, 0, 0, 173, 599, 399], [3, 0, 0, 55, 599, 399], [3, 6, 363, 43, 378, 66], [3, 7, 276, 54, 289, 68], [3, 8, 387, 90, 387, 90]], [[1, 2, 0, 185, 234, 366], [1, 3, 152, 229, 451, 399], [1, 4, 356, 222, 599, 374], [1, 7, 241, 205, 355, 304], [1, 9, 366, 187, 468, 251], [2, 0, 0, 80, 221, 214], [3, 0, 0, 51, 599, 399]], [[1, 1, 431, 181, 439, 184], [1, 6, 315, 169, 331, 183], [1, 8, 261, 191, 336, 255], [2, 0, 0, 177, 599, 399], [3, 0, 0, 73, 599, 324], [3, 6, 412, 62, 428, 83], [3, 7, 329, 76, 341, 88]], [[1, 2, 0, 262, 17, 282], [1, 4, 0, 228, 265, 399], [1, 7, 0, 210, 191, 379], [1, 9, 252, 190, 356, 305], [2, 0, 0, 109, 189, 226], [3, 0, 0, 82, 599, 399]]], "distance_down_track": [712.6583862304688, 704.6765747070312, 400.4352722167969, 400.4352722167969, 400.4352722167969, 491.73480224609375, 383.7624206542969, 455.9293518066406, 365.0060729980469, 365.0060729980469], "velocity": [[-4.854735374450684, 0.0877142995595932, -0.24266551434993744], [-6.3163981437683105, -3.832166910171509, -6.721167087554932], [-0.6544491052627563, -0.10065020620822906, 1.3128232955932617], [1.617097020149231, 0.015428404323756695, 1.2170970439910889], [-0.5988351702690125, 0.07404644787311554, -0.6707298755645752], [0.26749154925346375, 0.11211608350276947, 1.635823130607605], [2.3644137382507324, -2.336658477783203, -23.92011833190918], [1.7472399473190308, -0.1901427060365677, 2.02558970451355], [10.25133228302002, -1.1050519943237305, -21.83830451965332], [0.2790164649486542, 0.0070198941975831985, 2.086199998855591]]}