{"track": "snowtuxpeak", "karts": ["pidgin", "amanda", "xue", "tux", "gavroche", "emule", "puffy", "sara_the_wizard", "beastie", "gnu"], "detections": [[[1, 0, 263, 209, 333, 258], [1, 3, 275, 153, 279, 156], [1, 5, 263, 151, 266, 153], [1, 9, 280, 151, 286, 158], [2, 0, 0, 150, 599, 399], [3, 0, 0, 0, 599, 303], [3, 1, 310, 143, 322, 156], [4, 8, 250, 147, 252, 149], [6, 21, 217, 154, 265, 190]], [[1, 1, 262, 193, 337, 253], [1, 6, 277, 161, 293, 171], [1, 8, 269, 153, 279, 160], [2, 0, 0, 159, 599, 399], [3, 0, 0, 0, 599, 295]], [[1, 2, 265, 185, 335, 265], [1, 7, 211, 145, 224, 157], [2, 0, 3, 142, 599, 399], [3, 0, 0, 0, 599, 399], [6, 20, 280, 145, 299, 161]], [[1, 3, 266, 198, 334, 255], [1, 5, 272, 159, 288, 172], [2, 0, 0, 150, 599, 399], [3, 0, 0, 0, 599, 304], [3, 1, 385, 144, 402, 160], [4, 6, 221, 144, 231, 152], [4, 7, 232, 146, 239, 151], [4, 8, 275, 150, 283, 155]], [[1, 0, 230, 154, 238, 158], [1, 4, 273, 203, 327, 255], [1, 9, 203, 142, 206, 146], [2, 0, 199, 145, 599, 399], [3, 0, 0, 0, 599, 399], [3, 1, 203, 133, 216, 144], [6, 21, 210, 145, 219, 154]], [[1, 5, 271, 199, 331, 260], [2, 0, 0, 162, 599, 399], [3, 0, 0, 0, 599, 338], [3, 1, 448, 154, 461, 178], [4, 6, 232, 156, 247, 165], [4, 7, 256, 157, 266, 163], [4, 8, 310, 159, 322, 169]], [[1, 6, 260, 201, 341, 257], [1, 8, 280, 159, 296, 172], [2, 0, 0, 167, 599, 399], [3, 0, 0, 0, 599, 329]], [[1, 7, 276, 187, 319, 254], [2, 0, 229, 163, 599, 399], [3, 0, 0, 0, 599, 399], [6, 20, 540, 208, 599, 234]], [[1, 4, 194, 158, 210, 168], [1, 8, 223, 182, 381, 314], [2, 0, 0, 160, 599, 399], [3, 0, 0, 0, 599, 337]], [[1, 3, 272, 156, 282, 163], [1, 5, 253, 151, 260, 156], [1, 9, 260, 146, 338, 244], [2, 0, 0, 149, 599, 399], [3, 0, 0, 0, 599, 279], [3, 1, 317, 142, 330, 155], [4, 8, 239, 146, 244, 150]]], "distance_down_track": [348.62603759765625, 275.88629150390625, 453.9770202636719, 394.0326843261719, 321.5365295410156, 404.6289978027344, 289.57275390625, 470.6379089355469, 304.3962097167969, 372.82513427734375], "velocity": [[23.115829467773438, 1.9003510475158691, -4.330106735229492], [0.10442841798067093, 2.8745810985565186, -23.97808265686035], [-7.876902103424072, 1.1090456247329712, 19.110584259033203], [21.178312301635742, 1.8500725030899048, 2.563763380050659], [19.595853805541992, 1.1982697248458862, -11.981931686401367], [20.061355590820312, 2.4572906494140625, 6.342174530029297], [3.304331064224243, 2.8528809547424316, -23.75215721130371], [-17.233421325683594, 3.4009623527526855, 10.951375007629395], [3.177739143371582, 0.8317095041275024, -6.263070583343506], [15.030823707580566, 1.3091752529144287, -2.561460256576538]]}