{"track": "snowmountain", "karts": ["adiumy", "beastie", "sara_the_racer", "wilber", "nolok", "gavroche", "konqi", "sara_the_wizard", "tux", "xue"], "detections": [[[1, 0, 272, 195, 331, 254], [2, 0, 0, 166, 599, 399], [3, 0, 0, 0, 599, 267], [3, 86, 0, 124, 108, 196], [4, 21, 389, 165, 391, 166], [5, 31, 368, 167, 368, 167]], [[1, 1, 257, 190, 338, 259], [1, 6, 397, 141, 409, 146], [2, 0, 0, 146, 599, 399], [3, 0, 0, 0, 599, 233], [4, 19, 311, 163, 351, 201]], [[1, 0, 433, 145, 444, 152], [1, 2, 276, 177, 320, 258], [2, 0, 0, 149, 599, 399], [3, 0, 0, 0, 599, 270], [3, 58, 257, 159, 257, 159], [3, 68, 225, 112, 249, 154], [3, 78, 130, 151, 173, 168], [3, 86, 351, 136, 395, 157], [3, 94, 290, 140, 347, 164]], [[1, 3, 260, 190, 335, 258], [1, 4, 349, 158, 364, 168], [1, 7, 365, 153, 376, 165], [1, 8, 412, 147, 424, 154], [1, 9, 424, 144, 440, 154], [2, 0, 0, 148, 599, 399], [3, 0, 0, 13, 599, 298], [3, 78, 459, 137, 469, 145]], [[1, 2, 391, 150, 401, 161], [1, 4, 268, 203, 328, 259], [1, 7, 296, 174, 323, 210], [1, 8, 346, 160, 365, 172], [1, 9, 368, 156, 386, 172], [2, 0, 0, 151, 599, 399], [3, 0, 0, 0, 599, 276], [3, 68, 404, 114, 410, 127], [3, 78, 344, 146, 371, 159], [3, 94, 457, 141, 467, 148]], [[1, 5, 224, 204, 343, 325], [3, 0, 0, 0, 599, 399]], [[1, 6, 237, 189, 359, 304], [2, 0, 0, 151, 599, 399], [3, 0, 0, 0, 599, 309], [3, 98, 230, 115, 247, 127], [3, 102, 291, 104, 303, 112], [5, 30, 395, 151, 406, 161], [5, 35, 277, 149, 293, 165], [5, 36, 338, 154, 347, 163]], [[1, 2, 380, 150, 390, 163], [1, 4, 245, 249, 372, 399], [1, 7, 282, 187, 324, 265], [1, 8, 337, 161, 357, 176], [1, 9, 362, 157, 383, 176], [2, 0, 0, 149, 599, 399], [3, 0, 0, 0, 599, 271], [3, 78, 325, 146, 352, 159], [3, 94, 438, 129, 482, 149], [3, 128, 353, 154, 353, 154]], [[1, 2, 330, 156, 342, 178], [1, 8, 264, 198, 335, 257], [1, 9, 356, 183, 442, 268], [2, 0, 0, 148, 599, 399], [3, 0, 0, 0, 599, 338], [3, 58, 330, 153, 334, 155], [3, 68, 309, 122, 318, 140], [3, 78, 238, 149, 272, 163], [3, 86, 428, 128, 472, 148], [3, 94, 359, 135, 409, 156]], [[1, 2, 308, 157, 322, 179], [1, 8, 172, 199, 259, 254], [1, 9, 265, 186, 334, 265], [2, 0, 0, 151, 599, 399], [3, 0, 0, 0, 599, 398], [3, 68, 307, 119, 328, 152], [3, 78, 240, 149, 271, 163], [3, 86, 428, 129, 459, 149], [3, 94, 359, 136, 410, 156], [3, 125, 403, 147, 403, 147]]], "distance_down_track": [586.8824462890625, 439.52337646484375, 556.152099609375, 519.0942993164062, 533.35107421875, 351.0862121582031, 478.6170654296875, 535.9751586914062, 546.3529052734375, 546.1978759765625], "velocity": [[19.92865753173828, 2.423638105392456, 5.046241283416748], [-0.7602419853210449, 1.1120957136154175, -23.162254333496094], [6.691205024719238, 2.300598621368408, 18.34794807434082], [-14.721576690673828, 1.887060523033142, 12.900635719299316], [-7.842037677764893, 2.388760805130005, 19.007530212402344], [-0.15506191551685333, 0.09507350623607635, -3.5955312252044678], [-10.012757301330566, 1.3201700448989868, -6.582212448120117], [-6.234314918518066, 1.8954540491104126, 19.647659301757812], [0.7773757576942444, 1.79280686378479, 20.552963256835938], [-0.40793436765670776, 1.9517529010772705, 20.58609390258789]]}