{"track": "tutorial", "karts": ["puffy", "hexley", "tux", "suzanne", "pidgin", "nolok", "beastie", "gavroche", "amanda", "adiumy"], "detections": [[[1, 0, 200, 202, 389, 332], [1, 1, 394, 186, 403, 192], [1, 7, 390, 160, 396, 163], [1, 8, 308, 148, 321, 160], [1, 9, 309, 160, 320, 170], [2, 0, 0, 156, 599, 399], [3, 0, 0, 0, 599, 257], [3, 8, 125, 38, 135, 49]], [[1, 1, 244, 192, 354, 350], [2, 0, 0, 121, 127, 238], [3, 0, 0, 60, 599, 399]], [[1, 2, 246, 197, 346, 285], [1, 3, 292, 137, 297, 140], [2, 0, 0, 106, 599, 399], [3, 0, 0, 0, 599, 225]], [[1, 3, 264, 201, 350, 271], [2, 0, 0, 121, 599, 399], [3, 0, 0, 0, 599, 237]], [[1, 4, 268, 209, 337, 258], [2, 0, 0, 130, 599, 399], [3, 0, 0, 0, 599, 297]], [[1, 5, 263, 204, 340, 277], [2, 0, 0, 165, 599, 399], [3, 0, 0, 9, 599, 267]], [[1, 5, 291, 169, 307, 184], [1, 6, 259, 189, 338, 258], [2, 0, 0, 157, 599, 399], [3, 0, 0, 15, 599, 324]], [[1, 7, 246, 205, 350, 309], [2, 0, 0, 152, 599, 399], [3, 0, 0, 22, 599, 228]], [[1, 7, 266, 197, 274, 202], [1, 8, 235, 182, 391, 328], [1, 9, 244, 296, 356, 399], [2, 0, 175, 195, 393, 245], [3, 0, 0, 93, 599, 399]], [[1, 1, 412, 201, 426, 214], [1, 8, 210, 55, 389, 196], [1, 9, 250, 190, 356, 312], [2, 0, 281, 155, 519, 193], [3, 0, 0, 31, 599, 399]]], "distance_down_track": [699.7885131835938, 712.6583862304688, 741.5721435546875, 741.5721435546875, 741.5721435546875, 753.8200073242188, 741.5721435546875, 741.5721435546875, 729.2155151367188, 729.2155151367188], "velocity": [[-0.7189401984214783, -0.14539197087287903, -0.8225917220115662], [-0.14374826848506927, 0.08179128915071487, 0.011386211030185223], [-6.428096294403076, -0.704652726650238, -9.509628295898438], [-13.78996753692627, 1.546485185623169, -12.30101490020752], [-13.426966667175293, 0.7424002885818481, 20.059608459472656], [0.04809999838471413, 0.19508378207683563, 1.1897952556610107], [0.9951834678649902, 0.3793237805366516, 24.126502990722656], [-9.118563652038574, -0.43975669145584106, 3.1996209621429443], [0.7276750206947327, 0.5917678475379944, 1.6552666425704956], [2.2869749069213867, 0.6536211967468262, 2.2216920852661133]]}