{"track": "overworld", "karts": ["beastie", "kiki", "hexley", "emule", "amanda", "wilber", "adiumy", "xue", "suzanne", "nolok"], "detections": [[[1, 0, 259, 190, 340, 258], [3, 0, 0, 103, 342, 157], [3, 7, 243, 153, 245, 153], [3, 24, 246, 153, 248, 153], [3, 25, 249, 153, 249, 153]], [[1, 1, 271, 182, 335, 255], [1, 2, 459, 148, 464, 151], [1, 7, 464, 142, 468, 144], [1, 8, 294, 170, 318, 187], [1, 9, 454, 147, 458, 150], [2, 0, 384, 151, 391, 158], [3, 0, 0, 33, 599, 160], [3, 4, 443, 121, 444, 122], [3, 7, 448, 120, 452, 123], [3, 8, 447, 122, 447, 122], [3, 24, 452, 121, 457, 123], [3, 25, 456, 121, 458, 123]], [[1, 0, 261, 143, 262, 144], [1, 2, 274, 196, 320, 257], [1, 7, 276, 153, 285, 162], [1, 9, 239, 177, 267, 201], [3, 0, 0, 53, 599, 160], [3, 7, 255, 138, 256, 139], [3, 24, 257, 139, 258, 139]], [[1, 3, 239, 199, 359, 321], [1, 6, 253, 301, 350, 394], [2, 7, 217, 168, 290, 184], [2, 24, 291, 168, 387, 185], [3, 0, 0, 0, 599, 200], [3, 7, 131, 0, 290, 181], [3, 24, 289, 0, 463, 184]], [[1, 4, 264, 191, 344, 263], [3, 0, 0, 103, 519, 234]], [[1, 5, 255, 188, 332, 263], [3, 0, 8, 0, 599, 163]], [[1, 3, 234, 91, 367, 217], [1, 6, 250, 199, 354, 306], [2, 7, 215, 154, 273, 170], [2, 24, 328, 154, 388, 171], [3, 0, 0, 0, 599, 181], [3, 7, 129, 0, 289, 167], [3, 24, 289, 0, 464, 170]], [[1, 0, 275, 161, 276, 163], [1, 7, 264, 188, 327, 260], [3, 0, 0, 80, 357, 167], [3, 7, 272, 159, 274, 159], [3, 24, 275, 159, 276, 159]], [[1, 2, 469, 145, 474, 149], [1, 7, 468, 138, 472, 142], [1, 8, 259, 200, 335, 259], [1, 9, 462, 144, 466, 147], [2, 0, 391, 148, 399, 156], [3, 0, 0, 25, 487, 147], [3, 4, 432, 119, 432, 119], [3, 7, 436, 119, 440, 120], [3, 24, 440, 119, 445, 121]], [[1, 0, 259, 141, 260, 142], [1, 2, 480, 382, 599, 399], [1, 7, 285, 151, 296, 163], [1, 9, 269, 203, 325, 256], [3, 0, 0, 54, 599, 149], [3, 7, 250, 137, 251, 137], [3, 24, 252, 137, 255, 138]]], "distance_down_track": [142.64236450195312, 1455.2784423828125, 52.861087799072266, 621.7838745117188, 1011.521728515625, 1187.689453125, 607.8634643554688, 73.39479064941406, 1462.109130859375, 57.444847106933594], "velocity": [[4.986008167266846, 0.0808367058634758, 22.641357421875], [-11.89724349975586, -3.6113121509552, 18.022539138793945], [4.723437309265137, -1.1128183603286743, 24.371566772460938], [-0.11524289101362228, 0.6135372519493103, 0.3056122362613678], [5.275166034698486, -0.01751542277634144, -21.085124969482422], [-1.6807317733764648, 1.1226071119308472, -19.56085777282715], [-0.10626751184463501, -0.23665070533752441, 0.8831546902656555], [2.4966378211975098, 0.9271730184555054, 22.845287322998047], [-7.213297367095947, -3.051128625869751, 19.161130905151367], [4.713465690612793, -1.0223883390426636, 22.488618850708008]]}