{"track": "sandtrack", "karts": ["wilber", "tux", "beastie", "hexley", "adiumy", "gnu", "gavroche", "sara_the_wizard", "puffy", "emule"], "detections": [[[1, 0, 263, 190, 337, 258], [1, 5, 299, 157, 301, 159], [2, 0, 0, 155, 599, 399], [3, 0, 50, 0, 599, 215], [3, 151, 0, 0, 124, 186], [3, 167, 219, 0, 485, 184], [3, 169, 0, 0, 168, 228], [3, 171, 68, 0, 253, 189], [3, 173, 269, 0, 528, 171]], [[1, 1, 237, 196, 365, 307], [1, 6, 505, 181, 508, 183], [2, 0, 0, 171, 599, 399], [3, 0, 0, 0, 599, 271], [3, 133, 95, 145, 117, 165], [3, 157, 316, 171, 332, 174], [3, 163, 230, 163, 248, 166], [3, 183, 55, 0, 88, 31], [3, 197, 62, 129, 110, 165], [3, 199, 20, 130, 74, 166], [5, 28, 389, 177, 392, 177], [5, 29, 363, 174, 369, 180]], [[1, 2, 258, 188, 344, 256], [2, 0, 0, 172, 599, 399], [3, 0, 0, 0, 599, 317], [5, 34, 283, 179, 288, 185], [5, 35, 371, 188, 375, 193], [5, 36, 346, 179, 348, 182], [5, 37, 358, 180, 360, 182]], [[1, 3, 276, 196, 328, 266], [1, 4, 247, 115, 256, 122], [2, 0, 0, 48, 599, 399], [3, 0, 0, 0, 599, 380], [5, 27, 241, 102, 245, 106]], [[1, 4, 274, 195, 332, 249], [2, 0, 0, 115, 599, 399], [3, 0, 0, 0, 599, 364], [5, 27, 294, 163, 309, 178]], [[1, 5, 273, 160, 328, 227], [1, 7, 290, 228, 312, 260], [2, 0, 0, 237, 599, 399], [3, 0, 0, 0, 599, 387], [5, 31, 343, 290, 357, 306], [5, 32, 261, 270, 268, 279], [5, 33, 292, 256, 296, 262], [5, 34, 229, 244, 231, 247], [5, 35, 232, 238, 233, 240]], [[1, 0, 434, 123, 439, 126], [1, 6, 270, 203, 326, 255], [2, 0, 0, 115, 599, 399], [3, 0, 0, 6, 599, 369], [3, 147, 512, 0, 599, 156], [3, 149, 528, 53, 599, 156], [3, 151, 359, 106, 393, 137], [3, 153, 321, 79, 364, 145], [3, 167, 425, 13, 529, 150], [3, 169, 365, 36, 440, 134], [3, 171, 392, 72, 432, 131], [3, 173, 440, 46, 537, 99], [3, 175, 430, 12, 537, 151], [3, 177, 345, 73, 404, 140], [3, 179, 287, 0, 391, 150], [3, 181, 395, 0, 587, 153]], [[1, 5, 140, 0, 505, 108], [1, 7, 280, 188, 321, 266], [2, 0, 0, 233, 599, 399], [3, 0, 0, 0, 599, 372], [5, 31, 361, 301, 383, 325], [5, 32, 248, 269, 257, 280], [5, 33, 287, 251, 292, 257], [5, 34, 219, 239, 221, 242], [5, 35, 223, 232, 224, 234]], [[1, 2, 298, 190, 317, 202], [1, 8, 254, 202, 343, 262], [2, 0, 0, 203, 599, 399], [3, 0, 0, 0, 599, 290]], [[1, 9, 272, 199, 328, 255], [2, 0, 246, 206, 321, 225], [2, 1, 0, 200, 599, 399], [3, 0, 0, 0, 599, 399], [3, 1, 0, 198, 599, 305]]], "distance_down_track": [913.4013671875, 812.6884155273438, 948.15673828125, 850.7020874023438, 873.8347778320312, 959.07080078125, 845.9574584960938, 961.982421875, 937.889404296875, 779.0557250976562], "velocity": [[7.989035606384277, 3.3621909618377686, -18.016132354736328], [4.148891925811768, 1.5952056646347046, 4.590205669403076], [19.394227981567383, -0.7970196008682251, 9.779513359069824], [20.866535186767578, -4.598893642425537, 0.29134494066238403], [20.11913299560547, 4.539539813995361, 7.554755687713623], [9.579914093017578, -2.2851109504699707, -21.161378860473633], [18.663795471191406, 2.245631217956543, -12.561318397521973], [8.283206939697266, -6.116813659667969, -19.325822830200195], [19.377796173095703, 3.472170352935791, 9.211691856384277], [12.13217544555664, 2.7307956218719482, -19.348207473754883]]}