{"track": "overworld", "karts": ["beastie", "kiki", "hexley", "emule", "amanda", "wilber", "adiumy", "xue", "suzanne", "nolok"], "detections": [[[1, 0, 252, 189, 338, 264], [3, 0, 191, 93, 599, 194]], [[1, 1, 267, 182, 333, 257], [1, 2, 358, 177, 362, 179], [1, 4, 340, 182, 345, 185], [3, 0, 0, 87, 599, 222]], [[1, 2, 269, 196, 326, 271], [1, 8, 481, 143, 488, 147], [1, 9, 493, 141, 497, 143], [2, 0, 406, 147, 415, 155], [3, 0, 0, 20, 524, 146], [3, 7, 466, 115, 472, 117], [3, 24, 472, 115, 478, 118]], [[1, 3, 241, 200, 359, 321], [1, 6, 276, 150, 290, 165], [2, 7, 209, 142, 288, 160], [2, 24, 289, 143, 393, 161], [3, 0, 0, 0, 599, 172], [3, 7, 112, 0, 288, 157], [3, 24, 287, 0, 475, 160]], [[1, 2, 305, 144, 316, 154], [1, 4, 263, 192, 344, 263], [1, 8, 467, 133, 473, 135], [1, 9, 486, 130, 490, 132], [2, 0, 395, 136, 401, 141], [3, 0, 0, 0, 599, 146], [3, 4, 502, 103, 504, 104], [3, 6, 409, 103, 409, 103], [3, 7, 507, 102, 515, 105], [3, 24, 515, 102, 521, 106], [3, 25, 520, 103, 520, 103]], [[1, 5, 260, 190, 330, 255], [1, 7, 185, 149, 190, 153], [3, 0, 0, 92, 469, 163], [3, 4, 257, 142, 258, 142], [3, 5, 77, 148, 81, 148], [3, 7, 263, 142, 266, 143], [3, 24, 267, 142, 270, 143]], [[1, 6, 249, 189, 353, 302], [2, 7, 13, 232, 299, 297], [2, 24, 302, 230, 599, 297], [3, 0, 0, 322, 599, 369], [3, 7, 0, 0, 299, 291], [3, 24, 301, 0, 599, 231], [255, 16777215, 24, 322, 584, 340]], [[1, 7, 268, 187, 334, 262], [3, 0, 0, 61, 599, 155]], [[1, 5, 267, 141, 270, 144], [1, 8, 263, 200, 333, 256], [1, 9, 286, 163, 297, 173], [3, 0, 0, 56, 599, 152], [3, 7, 245, 138, 245, 138], [3, 24, 246, 138, 249, 139]], [[1, 5, 275, 146, 279, 149], [1, 7, 226, 144, 227, 145], [1, 9, 270, 203, 326, 255], [3, 0, 0, 62, 572, 154], [3, 7, 259, 145, 260, 145], [3, 24, 261, 145, 263, 145]]], "distance_down_track": [1110.040283203125, 1399.11328125, 1460.17919921875, 608.9505615234375, 1444.3248291015625, 110.97937774658203, 621.942138671875, 159.25869750976562, 52.453208923339844, 67.03844451904297], "velocity": [[-0.42429500818252563, 2.4968862533569336, -21.586933135986328], [-17.19503402709961, -1.083867073059082, 9.479884147644043], [-8.409187316894531, -3.0403733253479004, 17.51439094543457], [-0.3689572215080261, -0.9119603037834167, 5.417966842651367], [-13.883421897888184, -3.316777229309082, 16.390844345092773], [4.724426746368408, -0.9538517594337463, 21.11012840270996], [-0.00905215460807085, -0.13522279262542725, -0.08420129865407944], [-11.562743186950684, -0.22585174441337585, 18.348424911499023], [5.133573055267334, -0.9700948596000671, 22.398778915405273], [3.595140218734741, -0.28209376335144043, 22.715532302856445]]}