{"track": "tutorial", "karts": ["puffy", "hexley", "tux", "suzanne", "pidgin", "nolok", "beastie", "gavroche", "amanda", "adiumy"], "detections": [[[1, 0, 213, 200, 376, 311], [1, 1, 367, 152, 382, 164], [1, 4, 316, 152, 330, 159], [1, 5, 396, 153, 407, 160], [1, 6, 359, 143, 373, 152], [1, 7, 285, 159, 310, 180], [2, 0, 290, 131, 372, 151], [3, 0, 0, 9, 599, 399], [3, 8, 27, 27, 42, 42]], [[1, 1, 243, 193, 350, 349], [1, 5, 299, 160, 331, 183], [1, 6, 195, 136, 236, 164], [2, 0, 0, 101, 227, 159], [3, 0, 0, 34, 599, 399]], [[1, 2, 227, 196, 360, 315], [1, 3, 353, 178, 363, 184], [2, 0, 0, 177, 599, 399], [3, 0, 0, 64, 599, 297], [3, 6, 338, 54, 352, 75], [3, 7, 251, 55, 264, 71]], [[1, 3, 252, 201, 337, 269], [1, 6, 421, 175, 424, 176], [2, 0, 0, 154, 599, 399], [3, 0, 0, 0, 599, 369], [3, 6, 205, 0, 224, 12], [3, 8, 236, 50, 237, 55]], [[1, 4, 222, 217, 367, 324], [1, 5, 436, 167, 489, 193], [1, 6, 333, 139, 367, 170], [2, 0, 63, 99, 320, 162], [3, 0, 0, 17, 599, 399]], [[1, 5, 240, 204, 363, 321], [1, 6, 61, 139, 174, 204], [2, 0, 0, 127, 258, 195], [3, 0, 0, 55, 599, 399]], [[1, 5, 518, 248, 599, 304], [1, 6, 212, 180, 389, 326], [2, 0, 0, 116, 214, 272], [3, 0, 0, 53, 599, 399]], [[1, 1, 437, 163, 462, 182], [1, 4, 361, 159, 381, 170], [1, 5, 479, 161, 498, 173], [1, 6, 422, 147, 442, 159], [1, 7, 269, 203, 324, 259], [2, 0, 331, 129, 441, 156], [3, 0, 0, 0, 599, 399], [3, 8, 114, 39, 125, 51]], [[1, 2, 310, 155, 336, 175], [1, 3, 433, 173, 444, 178], [1, 8, 236, 187, 353, 290], [2, 0, 0, 169, 599, 399], [3, 0, 0, 53, 599, 285], [3, 6, 459, 41, 479, 64], [3, 7, 363, 58, 375, 74], [3, 8, 488, 84, 488, 84]], [[1, 2, 324, 156, 333, 162], [1, 8, 309, 156, 321, 166], [1, 9, 260, 193, 339, 274], [2, 0, 0, 162, 599, 399], [3, 0, 0, 77, 599, 278], [3, 6, 481, 66, 501, 87], [3, 7, 394, 78, 406, 92], [3, 8, 521, 102, 521, 102]]], "distance_down_track": [711.0858154296875, 712.6583862304688, 675.6192626953125, 656.4569091796875, 656.4569091796875, 694.2288208007812, 656.4569091796875, 675.6192626953125, 633.04345703125, 619.34228515625], "velocity": [[-4.038705348968506, 0.22566896677017212, -2.7966244220733643], [-4.8763251304626465, 0.09446126967668533, -0.263482928276062], [-0.10290002077817917, 0.08160541951656342, 0.01239205151796341], [-8.094654083251953, -2.253126382827759, -16.753284454345703], [-4.8973388671875, 0.09129008650779724, -0.44422876834869385], [-0.2165914624929428, 0.11210621148347855, -0.18479909002780914], [-0.07382233440876007, 0.06480320543050766, 0.06604601442813873], [-6.927487373352051, -0.26088619232177734, -6.710597038269043], [5.266606330871582, -0.7299243211746216, -12.541751861572266], [8.185688972473145, -0.17512843012809753, -11.498159408569336]]}