{"track": "overworld", "karts": ["beastie", "kiki", "hexley", "emule", "amanda", "wilber", "adiumy", "xue", "suzanne", "nolok"], "detections": [[[1, 0, 252, 188, 337, 264], [2, 0, 289, 154, 302, 167], [3, 0, 0, 0, 599, 164], [3, 7, 305, 128, 306, 128], [3, 24, 307, 128, 309, 129]], [[1, 1, 267, 183, 328, 252], [1, 2, 395, 143, 400, 145], [1, 3, 466, 140, 469, 142], [3, 0, 0, 34, 467, 180], [3, 6, 258, 156, 266, 159], [3, 7, 377, 145, 382, 148], [3, 24, 383, 145, 388, 147]], [[1, 2, 277, 195, 328, 262], [1, 3, 341, 179, 346, 183], [1, 4, 415, 181, 419, 182], [3, 0, 0, 155, 429, 185], [3, 2, 184, 182, 184, 182], [3, 3, 183, 177, 184, 180], [3, 4, 183, 170, 186, 176], [3, 7, 144, 168, 157, 181], [3, 24, 157, 168, 172, 182]], [[1, 3, 274, 199, 331, 257], [1, 4, 352, 150, 358, 153], [3, 0, 0, 122, 535, 163]], [[1, 4, 263, 191, 344, 262], [3, 0, 0, 100, 585, 164], [3, 7, 0, 126, 13, 167], [3, 24, 0, 121, 46, 166], [3, 25, 16, 124, 47, 164], [255, 16777215, 0, 147, 272, 182]], [[1, 5, 258, 190, 333, 259], [3, 0, 0, 99, 486, 165], [3, 4, 195, 142, 196, 143], [3, 7, 202, 142, 205, 143], [3, 8, 203, 142, 203, 142], [3, 24, 206, 142, 210, 143]], [[1, 6, 248, 190, 353, 305], [2, 7, 216, 170, 290, 189], [2, 24, 290, 173, 386, 192], [3, 0, 0, 0, 599, 214], [3, 7, 139, 0, 293, 184], [3, 24, 291, 0, 466, 191]], [[1, 1, 336, 148, 340, 152], [1, 7, 262, 187, 330, 265], [3, 0, 0, 0, 504, 157], [3, 6, 333, 150, 336, 151]], [[1, 8, 261, 201, 337, 259], [1, 9, 274, 147, 276, 149], [3, 0, 0, 0, 599, 162]], [[1, 9, 274, 203, 335, 262], [3, 0, 0, 16, 599, 195]]], "distance_down_track": [15.30902099609375, 233.90414428710938, 233.90414428710938, 233.90414428710938, 344.944580078125, 120.69316101074219, 621.7353515625, 282.0379333496094, 1244.01904296875, 1299.80126953125], "velocity": [[2.184882164001465, -2.04360294342041, 21.528125762939453], [1.6763511896133423, -0.034304987639188766, 21.785573959350586], [17.643274307250977, 0.1358911246061325, 12.888711929321289], [21.812788009643555, -2.385037422180176, 6.89302921295166], [16.184167861938477, -1.580540657043457, 13.898000717163086], [8.146480560302734, -0.5495240092277527, 17.889802932739258], [-0.007113893982023001, -0.03817998245358467, 0.11060113459825516], [-4.159646511077881, 1.1200746297836304, 20.246795654296875], [-1.7781291007995605, 1.6757594347000122, -20.5552921295166], [2.874666213989258, 3.2223410606384277, -20.244571685791016]]}