{"track": "overworld", "karts": ["beastie", "kiki", "hexley", "emule", "amanda", "wilber", "adiumy", "xue", "suzanne", "nolok"], "detections": [[[1, 0, 246, 187, 350, 276], [3, 0, 0, 7, 599, 207]], [[1, 1, 267, 184, 329, 253], [1, 2, 302, 145, 305, 149], [1, 8, 296, 143, 300, 145], [1, 9, 286, 138, 288, 139], [2, 0, 192, 162, 226, 197], [3, 0, 0, 0, 599, 169], [3, 7, 255, 131, 255, 131], [3, 24, 256, 131, 258, 132]], [[1, 2, 270, 196, 321, 265], [1, 5, 497, 175, 503, 177], [1, 8, 281, 169, 302, 185], [1, 9, 281, 160, 287, 165], [3, 0, 0, 84, 364, 170], [3, 7, 276, 161, 277, 162], [3, 24, 278, 162, 280, 162]], [[1, 3, 251, 199, 347, 300], [1, 6, 319, 153, 342, 176], [2, 7, 205, 141, 311, 167], [2, 24, 312, 142, 471, 170], [3, 0, 0, 0, 599, 174], [3, 7, 93, 0, 313, 161], [3, 24, 312, 0, 599, 169]], [[1, 4, 260, 194, 341, 261], [3, 0, 0, 0, 599, 159], [3, 4, 301, 131, 304, 131], [3, 7, 309, 126, 316, 131], [3, 8, 308, 128, 311, 131], [3, 24, 317, 126, 326, 131], [3, 25, 322, 127, 326, 130]], [[1, 5, 262, 190, 338, 258], [3, 0, 206, 52, 599, 152]], [[1, 6, 252, 192, 355, 304], [2, 0, 284, 350, 292, 352], [2, 7, 0, 261, 247, 333], [2, 24, 241, 262, 599, 339], [3, 0, 0, 0, 599, 399], [3, 7, 0, 0, 275, 263], [3, 24, 248, 0, 599, 270], [255, 16777215, 0, 334, 590, 399]], [[1, 5, 470, 192, 479, 195], [1, 7, 261, 187, 329, 265], [3, 0, 189, 92, 599, 194]], [[1, 5, 531, 176, 537, 178], [1, 8, 264, 200, 329, 251], [1, 9, 284, 164, 292, 170], [3, 0, 0, 85, 458, 173], [3, 7, 281, 162, 283, 163], [3, 24, 284, 162, 286, 163]], [[1, 9, 268, 202, 325, 256], [3, 0, 0, 87, 516, 177], [3, 4, 295, 159, 296, 160], [3, 7, 300, 159, 303, 160], [3, 24, 304, 159, 307, 160]]], "distance_down_track": [1356.13818359375, 27.431360244750977, 75.96686553955078, 614.3598022460938, 272.76776123046875, 211.3052520751953, 621.8040771484375, 1110.4228515625, 83.87248229980469, 102.78336334228516], "velocity": [[-16.50275993347168, 2.265327215194702, -3.3016774654388428], [5.269943714141846, -1.000157117843628, 21.18135643005371], [2.164076328277588, 0.8744797110557556, 21.7249755859375], [-1.9586716890335083, -1.570374608039856, 11.569343566894531], [-0.6142505407333374, 0.3373996317386627, 21.723695755004883], [18.036296844482422, -0.05955227091908455, -7.835855484008789], [-0.009810516610741615, 0.0905732661485672, 0.00307448860257864], [-0.46668002009391785, 2.3849239349365234, -20.556854248046875], [1.83916175365448, 0.7295657396316528, 25.55533218383789], [0.09611004590988159, -0.6783652305603027, 22.391521453857422]]}