{"track": "overworld", "karts": ["beastie", "kiki", "hexley", "emule", "amanda", "wilber", "adiumy", "xue", "suzanne", "nolok"], "detections": [[[1, 0, 257, 189, 343, 263], [3, 0, 0, 0, 599, 192]], [[1, 1, 257, 179, 338, 269], [1, 2, 294, 160, 298, 164], [3, 0, 61, 104, 580, 165], [3, 1, 202, 153, 227, 166], [3, 2, 229, 137, 240, 150], [3, 3, 228, 128, 237, 136], [3, 4, 226, 113, 237, 126], [3, 7, 262, 123, 282, 161], [3, 8, 263, 124, 272, 134], [3, 24, 281, 122, 302, 161], [3, 25, 291, 125, 302, 150], [255, 16777215, 63, 147, 546, 184]], [[1, 2, 275, 196, 326, 265], [1, 3, 289, 151, 290, 151], [2, 24, 298, 148, 304, 148], [3, 0, 0, 37, 599, 164], [3, 1, 83, 132, 155, 171], [3, 2, 173, 105, 200, 129], [3, 3, 169, 82, 190, 101], [3, 4, 164, 53, 193, 82], [3, 7, 259, 94, 286, 148], [3, 8, 260, 96, 273, 111], [3, 24, 284, 94, 312, 149], [3, 25, 295, 96, 312, 137]], [[1, 3, 273, 200, 330, 257], [2, 7, 201, 148, 287, 167], [2, 24, 287, 144, 396, 166], [3, 0, 0, 0, 599, 188], [3, 7, 88, 0, 286, 167], [3, 24, 279, 0, 476, 161]], [[1, 4, 258, 191, 343, 262], [3, 0, 0, 57, 500, 160], [3, 7, 313, 152, 316, 153], [3, 24, 317, 152, 320, 153], [3, 25, 320, 152, 320, 152]], [[1, 0, 273, 141, 276, 144], [1, 5, 260, 191, 335, 260], [1, 8, 397, 120, 398, 120], [3, 0, 0, 0, 599, 176]], [[1, 1, 291, 159, 293, 161], [1, 2, 288, 158, 288, 158], [1, 6, 273, 194, 332, 254], [3, 0, 0, 116, 599, 191], [3, 1, 244, 156, 254, 161], [3, 2, 252, 148, 257, 153], [3, 3, 252, 143, 254, 146], [3, 4, 251, 136, 256, 141], [3, 7, 262, 133, 275, 159], [3, 8, 262, 135, 267, 140], [3, 24, 274, 133, 289, 159], [3, 25, 281, 135, 289, 157]], [[1, 7, 268, 187, 336, 264], [3, 0, 0, 142, 386, 173], [3, 4, 337, 152, 337, 154], [3, 6, 79, 164, 101, 174], [3, 7, 311, 152, 316, 155], [3, 24, 317, 152, 324, 155], [255, 16777215, 162, 164, 442, 197]], [[1, 8, 260, 201, 337, 259], [1, 9, 366, 182, 369, 184], [3, 0, 0, 67, 599, 200], [3, 6, 592, 133, 593, 133]], [[1, 9, 273, 203, 334, 261], [2, 0, 393, 135, 398, 140], [3, 0, 0, 0, 599, 244], [3, 7, 518, 101, 519, 101], [3, 8, 519, 100, 519, 100]]], "distance_down_track": [1321.73583984375, 474.86053466796875, 481.57122802734375, 481.57122802734375, 190.63478088378906, 1260.78369140625, 324.49822998046875, 354.768798828125, 1382.6551513671875, 1439.4805908203125], "velocity": [[-2.85345196723938, 3.5693981647491455, -21.249174118041992], [1.1946791410446167, -1.0506312847137451, 16.263105392456055], [0.5559175610542297, -2.9241483211517334, 21.646312713623047], [-0.9609438180923462, -3.947922945022583, 22.63825225830078], [-1.6455143690109253, 0.046974629163742065, 21.21908950805664], [-0.7270328998565674, 2.2351770401000977, -19.52402687072754], [2.583543062210083, -1.5533983707427979, 20.479312896728516], [6.975929260253906, 0.12140045315027237, 19.48875617980957], [-19.427648544311523, -0.11350870877504349, 7.14447546005249], [-13.499534606933594, -4.365577697753906, 15.07296371459961]]}