{"track": "overworld", "karts": ["beastie", "kiki", "hexley", "emule", "amanda", "wilber", "adiumy", "xue", "suzanne", "nolok"], "detections": [[[1, 0, 262, 188, 348, 265], [3, 0, 0, 58, 500, 240]], [[1, 1, 264, 182, 329, 258], [1, 2, 386, 137, 389, 139], [2, 0, 333, 151, 343, 162], [3, 0, 0, 0, 599, 164], [3, 7, 353, 125, 355, 126], [3, 24, 356, 126, 358, 127]], [[1, 2, 271, 196, 323, 266], [1, 5, 595, 173, 599, 176], [3, 0, 0, 89, 493, 171], [3, 7, 298, 160, 301, 161], [3, 24, 302, 160, 304, 161]], [[1, 3, 256, 198, 343, 290], [1, 6, 279, 162, 310, 191], [2, 7, 135, 146, 274, 178], [2, 24, 274, 146, 460, 179], [3, 0, 0, 23, 599, 181], [3, 7, 0, 0, 273, 172], [3, 24, 269, 0, 599, 178]], [[1, 4, 251, 190, 347, 271], [3, 0, 0, 12, 599, 206]], [[1, 5, 264, 190, 336, 256], [1, 8, 285, 168, 307, 185], [1, 9, 337, 171, 363, 190], [3, 0, 202, 52, 599, 153]], [[1, 6, 264, 194, 339, 266], [2, 7, 24, 150, 262, 203], [2, 24, 261, 151, 577, 206], [3, 7, 0, 0, 260, 193], [3, 24, 254, 0, 599, 203]], [[1, 4, 339, 141, 343, 142], [1, 7, 266, 187, 334, 262], [3, 0, 0, 0, 599, 180]], [[1, 8, 263, 201, 339, 261], [1, 9, 465, 252, 599, 399], [3, 0, 196, 38, 599, 153]], [[1, 8, 177, 187, 230, 224], [1, 9, 276, 203, 331, 256], [3, 0, 153, 45, 599, 152]]], "distance_down_track": [1003.7489013671875, 9.277669906616211, 88.31137084960938, 617.1100463867188, 1357.548095703125, 212.16705322265625, 621.8676147460938, 1272.4901123046875, 218.52972412109375, 217.80335998535156], "velocity": [[6.40092658996582, -0.25451138615608215, -20.769535064697266], [-1.5045735836029053, -2.205826759338379, 20.089632034301758], [-0.09764663130044937, 0.900973379611969, 21.17511749267578], [-0.3732096254825592, -1.8434669971466064, 13.45024585723877], [-17.255874633789062, 2.0719072818756104, -2.5212433338165283], [18.400033950805664, -0.05878937989473343, -8.210205078125], [-0.19009672105312347, -0.5255362391471863, -4.1352105140686035], [0.3446958065032959, 0.38345688581466675, -20.69357681274414], [19.315580368041992, 0.5652545094490051, -7.421510219573975], [21.562883377075195, 0.668688952922821, -9.063932418823242]]}