{"track": "snowtuxpeak", "karts": ["pidgin", "amanda", "xue", "tux", "gavroche", "emule", "puffy", "sara_the_wizard", "beastie", "gnu"], "detections": [[[1, 0, 263, 209, 336, 259], [1, 1, 209, 144, 210, 144], [1, 8, 269, 162, 289, 179], [2, 0, 0, 150, 599, 399], [3, 0, 0, 0, 599, 305], [4, 6, 206, 145, 214, 150], [4, 7, 213, 144, 217, 149], [4, 8, 248, 147, 254, 153]], [[1, 1, 221, 185, 375, 312], [1, 2, 257, 162, 278, 178], [1, 5, 276, 171, 283, 178], [2, 0, 104, 170, 599, 399], [3, 0, 0, 0, 599, 399], [3, 1, 325, 160, 345, 175], [4, 7, 379, 164, 426, 200]], [[1, 2, 263, 184, 335, 261], [1, 3, 58, 146, 82, 156], [1, 4, 145, 162, 166, 167], [1, 5, 319, 191, 360, 236], [1, 6, 158, 154, 177, 161], [1, 7, 144, 152, 160, 162], [2, 0, 0, 141, 599, 399], [3, 0, 0, 0, 599, 337], [3, 1, 420, 163, 437, 172], [6, 20, 64, 132, 84, 145]], [[1, 3, 269, 198, 332, 251], [2, 0, 224, 137, 599, 399], [3, 0, 0, 0, 599, 399], [6, 20, 381, 144, 422, 174]], [[1, 3, 238, 158, 263, 177], [1, 4, 261, 232, 339, 283], [1, 6, 411, 169, 463, 189], [1, 7, 376, 164, 410, 193], [2, 0, 0, 131, 599, 399], [3, 0, 0, 0, 599, 269], [6, 20, 305, 137, 331, 155]], [[1, 2, 188, 190, 290, 317], [1, 3, 11, 141, 41, 153], [1, 4, 109, 159, 134, 165], [1, 5, 269, 198, 332, 262], [1, 6, 132, 151, 154, 158], [1, 7, 116, 148, 134, 159], [2, 0, 0, 135, 599, 399], [3, 0, 0, 0, 599, 284], [3, 1, 411, 160, 428, 169], [6, 20, 25, 126, 52, 141]], [[1, 3, 0, 175, 6, 182], [1, 6, 256, 199, 355, 273], [1, 7, 75, 184, 169, 291], [2, 0, 0, 113, 568, 399], [3, 0, 0, 0, 599, 399], [6, 20, 237, 130, 282, 158]], [[1, 3, 61, 167, 135, 200], [1, 6, 382, 198, 510, 259], [1, 7, 273, 187, 318, 271], [2, 0, 0, 128, 599, 399], [3, 0, 0, 0, 599, 323], [6, 20, 294, 137, 335, 163]], [[1, 1, 228, 145, 233, 151], [1, 8, 251, 188, 351, 273], [2, 0, 0, 150, 599, 399], [3, 0, 0, 0, 599, 304], [3, 1, 175, 108, 201, 116], [4, 6, 222, 144, 232, 152], [4, 7, 233, 145, 241, 151], [4, 8, 276, 149, 285, 154]], [[1, 9, 273, 160, 328, 233], [2, 0, 0, 159, 599, 399], [3, 0, 0, 0, 599, 299]]], "distance_down_track": [384.5030517578125, 425.9105224609375, 439.65057373046875, 465.1270751953125, 456.31439208984375, 440.3526306152344, 462.3070373535156, 462.10028076171875, 394.3243408203125, 274.0547180175781], "velocity": [[22.606477737426758, 1.5683258771896362, -0.8526207804679871], [3.314579486846924, 0.586607813835144, 3.1213934421539307], [7.865972995758057, 0.978994607925415, 20.43404197692871], [-17.56989097595215, 2.8309926986694336, 15.193565368652344], [-7.827462196350098, 0.590019166469574, 10.36256217956543], [8.940314292907715, 0.7177999019622803, 17.81768226623535], [-15.011439323425293, 2.0230443477630615, 10.396020889282227], [-16.524412155151367, 1.8220391273498535, 11.089841842651367], [18.026744842529297, 1.5186553001403809, 2.2071480751037598], [-0.7215206623077393, 2.668156623840332, -22.83331871032715]]}