{"track": "tutorial", "karts": ["puffy", "hexley", "tux", "suzanne", "pidgin", "nolok", "beastie", "gavroche", "amanda", "adiumy"], "detections": [[[1, 0, 202, 202, 390, 328], [1, 1, 344, 216, 349, 218], [1, 2, 369, 189, 376, 195], [1, 5, 360, 188, 368, 193], [1, 6, 349, 187, 359, 194], [1, 8, 376, 190, 386, 196], [1, 9, 364, 189, 370, 194], [2, 0, 0, 161, 599, 399], [3, 0, 0, 0, 599, 256], [3, 8, 125, 45, 135, 56]], [[1, 1, 242, 193, 349, 349], [1, 2, 269, 154, 285, 167], [1, 5, 246, 154, 259, 166], [1, 6, 221, 151, 245, 168], [1, 8, 285, 153, 304, 167], [1, 9, 256, 154, 272, 167], [2, 0, 151, 123, 289, 155], [3, 0, 0, 35, 599, 399]], [[1, 2, 229, 196, 356, 322], [1, 5, 0, 217, 134, 399], [1, 8, 344, 183, 492, 291], [1, 9, 70, 229, 300, 399], [2, 0, 0, 73, 252, 209], [3, 0, 0, 38, 599, 399]], [[1, 3, 220, 201, 372, 320], [1, 4, 339, 172, 351, 178], [1, 7, 330, 171, 339, 177], [2, 0, 0, 174, 599, 399], [3, 0, 0, 84, 599, 257], [3, 6, 461, 74, 479, 94], [3, 7, 375, 87, 387, 100]], [[1, 0, 341, 166, 349, 171], [1, 4, 249, 212, 343, 280], [1, 7, 154, 195, 239, 258], [2, 0, 0, 168, 599, 399], [3, 0, 0, 50, 599, 320], [3, 6, 304, 41, 319, 62], [3, 7, 214, 42, 228, 58]], [[1, 2, 326, 190, 388, 263], [1, 5, 230, 205, 348, 330], [1, 6, 83, 273, 344, 399], [1, 8, 385, 181, 481, 245], [1, 9, 337, 201, 504, 342], [2, 0, 0, 59, 248, 216], [3, 0, 0, 13, 599, 399]], [[1, 2, 382, 174, 463, 220], [1, 5, 312, 179, 374, 247], [1, 6, 210, 180, 379, 331], [1, 8, 436, 169, 526, 227], [1, 9, 371, 184, 463, 262], [2, 0, 0, 52, 335, 175], [3, 0, 0, 0, 599, 399]], [[1, 0, 371, 164, 381, 169], [1, 4, 396, 253, 599, 399], [1, 7, 235, 205, 349, 321], [2, 0, 0, 163, 599, 399], [3, 0, 0, 43, 599, 278], [3, 6, 334, 32, 349, 56], [3, 7, 242, 33, 257, 50]], [[1, 2, 0, 198, 223, 361], [1, 5, 0, 245, 10, 313], [1, 8, 220, 185, 381, 318], [1, 9, 0, 370, 27, 399], [2, 0, 0, 81, 215, 210], [3, 0, 0, 51, 599, 399]], [[1, 2, 314, 178, 376, 253], [1, 5, 156, 187, 277, 282], [1, 6, 0, 190, 167, 399], [1, 8, 364, 171, 462, 242], [1, 9, 251, 190, 355, 305], [2, 0, 0, 63, 282, 185], [3, 0, 0, 7, 599, 399]]], "distance_down_track": [700.0640869140625, 712.6583862304688, 656.4569091796875, 633.04345703125, 633.04345703125, 675.6192626953125, 633.04345703125, 656.4569091796875, 633.04345703125, 619.34228515625], "velocity": [[-1.8487335443496704, -0.20771077275276184, -2.088148832321167], [-4.859987258911133, 0.11264565587043762, -1.1676907539367676], [-0.40393856167793274, 0.1752234399318695, 0.1433194875717163], [1.421445369720459, 0.005673307925462723, -2.353426933288574], [-1.5301270484924316, -1.550925374031067, -16.544586181640625], [0.549084484577179, 0.015359065495431423, 0.22158998250961304], [-7.364151477813721, 0.13050013780593872, 0.27299994230270386], [-0.044356800615787506, -0.6340652704238892, -7.2877888679504395], [0.13899582624435425, 0.01169600524008274, 1.4859074354171753], [-0.33623114228248596, 0.05237298086285591, -1.1299363374710083]]}