{"track": "tutorial", "karts": ["puffy", "hexley", "tux", "suzanne", "pidgin", "nolok", "beastie", "gavroche", "amanda", "adiumy"], "detections": [[[1, 0, 204, 201, 384, 321], [1, 1, 386, 154, 400, 165], [1, 3, 417, 158, 432, 167], [1, 7, 405, 157, 417, 166], [1, 8, 246, 152, 267, 170], [2, 0, 274, 134, 359, 155], [3, 0, 0, 19, 599, 399], [3, 8, 0, 28, 6, 38]], [[1, 1, 246, 195, 351, 348], [1, 3, 478, 217, 599, 309], [1, 7, 380, 220, 528, 303], [2, 0, 0, 132, 66, 158], [3, 0, 0, 71, 599, 399]], [[1, 2, 263, 198, 328, 256], [1, 6, 377, 174, 378, 174], [2, 0, 0, 163, 599, 399], [3, 0, 0, 21, 599, 399], [3, 6, 260, 10, 277, 37], [3, 7, 149, 10, 169, 32]], [[1, 1, 0, 181, 94, 263], [1, 3, 223, 201, 376, 322], [1, 7, 85, 202, 253, 302], [3, 0, 0, 23, 599, 399]], [[1, 2, 320, 146, 320, 146], [1, 4, 215, 217, 365, 328], [1, 9, 281, 139, 285, 143], [2, 0, 0, 141, 599, 399], [3, 0, 0, 71, 599, 289], [3, 6, 399, 63, 413, 80], [3, 7, 336, 63, 347, 74]], [[1, 5, 223, 205, 339, 333], [2, 0, 385, 57, 557, 110], [3, 0, 0, 0, 599, 399]], [[1, 1, 458, 200, 477, 213], [1, 3, 497, 212, 519, 225], [1, 6, 259, 188, 336, 259], [1, 7, 481, 207, 503, 219], [1, 8, 306, 236, 315, 243], [2, 0, 337, 152, 551, 187], [3, 0, 0, 0, 599, 399], [3, 8, 128, 39, 137, 51]], [[1, 1, 45, 275, 546, 399], [1, 3, 267, 181, 374, 253], [1, 5, 490, 123, 515, 138], [1, 7, 235, 205, 350, 322], [3, 0, 0, 15, 599, 399]], [[1, 1, 588, 167, 599, 188], [1, 8, 240, 188, 346, 285], [2, 0, 336, 123, 488, 159], [3, 0, 0, 0, 599, 399], [3, 8, 88, 32, 97, 37]], [[1, 2, 362, 172, 373, 180], [1, 9, 271, 195, 328, 251], [2, 0, 0, 174, 599, 399], [3, 0, 0, 60, 599, 385], [3, 6, 393, 49, 409, 71], [3, 7, 306, 60, 319, 74]]], "distance_down_track": [712.174560546875, 712.6583862304688, 605.3455200195312, 619.34228515625, 619.34228515625, 656.4569091796875, 605.3455200195312, 633.04345703125, 605.3455200195312, 590.8922729492188], "velocity": [[-4.275878429412842, 0.12086336314678192, -2.6975810527801514], [-0.3193008005619049, 0.2921968996524811, 0.14363235235214233], [-6.630306720733643, -3.0327072143554688, -21.81379508972168], [0.25583603978157043, -0.27334412932395935, 2.0640313625335693], [0.22344940900802612, -0.05605851113796234, 1.4307721853256226], [4.899584770202637, 0.6089043617248535, 0.4645587205886841], [-15.344303131103516, -10.879851341247559, -17.949434280395508], [0.26966604590415955, 0.019847583025693893, 0.6838660836219788], [-6.171972751617432, 0.14194755256175995, -4.432374000549316], [5.107558250427246, -1.594731330871582, -22.36894416809082]]}