{"track": "overworld", "karts": ["beastie", "kiki", "hexley", "emule", "amanda", "wilber", "adiumy", "xue", "suzanne", "nolok"], "detections": [[[1, 0, 256, 189, 342, 262], [3, 0, 0, 0, 599, 165]], [[1, 1, 266, 181, 336, 257], [1, 2, 336, 184, 340, 188], [3, 0, 0, 147, 458, 185], [3, 2, 152, 179, 152, 179], [3, 3, 151, 173, 152, 177], [3, 4, 151, 166, 154, 172], [3, 7, 104, 162, 119, 176], [3, 24, 119, 162, 137, 178]], [[1, 2, 273, 196, 324, 265], [1, 3, 33, 156, 38, 158], [3, 0, 0, 106, 599, 171]], [[1, 3, 274, 200, 330, 257], [1, 6, 283, 149, 284, 150], [2, 24, 286, 149, 297, 149], [3, 0, 0, 13, 599, 165], [3, 1, 27, 131, 124, 179], [3, 2, 150, 100, 182, 128], [3, 3, 143, 74, 170, 97], [3, 4, 136, 39, 172, 74], [3, 7, 249, 93, 278, 149], [3, 8, 250, 95, 263, 111], [3, 24, 275, 92, 305, 149], [3, 25, 286, 94, 305, 133]], [[1, 4, 256, 191, 337, 262], [1, 7, 277, 162, 280, 165], [1, 8, 475, 171, 477, 172], [3, 0, 0, 86, 374, 170], [3, 7, 281, 161, 283, 161], [3, 24, 284, 161, 285, 161]], [[1, 4, 271, 144, 277, 149], [1, 5, 261, 190, 336, 258], [1, 7, 246, 138, 247, 139], [3, 0, 0, 54, 599, 177], [3, 24, 231, 134, 231, 134]], [[1, 6, 249, 190, 352, 305], [2, 7, 217, 155, 290, 174], [2, 24, 291, 157, 388, 176], [3, 0, 0, 0, 599, 193], [3, 7, 134, 0, 292, 169], [3, 24, 291, 0, 469, 176]], [[1, 7, 264, 188, 332, 265], [3, 0, 0, 70, 407, 158], [3, 5, 167, 152, 171, 152], [3, 7, 332, 144, 335, 145], [3, 8, 331, 145, 331, 145], [3, 24, 336, 144, 339, 145]], [[1, 0, 463, 140, 469, 143], [1, 8, 259, 201, 335, 260], [1, 9, 368, 145, 374, 148], [3, 0, 235, 53, 599, 145]], [[1, 0, 339, 160, 350, 168], [1, 9, 260, 203, 326, 267], [3, 0, 0, 0, 599, 163]]], "distance_down_track": [1206.6455078125, 351.8743896484375, 351.8743896484375, 351.8743896484375, 79.73149871826172, 42.543338775634766, 621.7353515625, 120.30606842041016, 199.0459442138672, 1184.9078369140625], "velocity": [[-2.7666335105895996, 0.5210790634155273, -21.551898956298828], [16.392179489135742, 0.193648099899292, 9.557282447814941], [20.956546783447266, -1.579476237297058, 5.979212284088135], [1.2745048999786377, -3.0665624141693115, 22.758995056152344], [1.6745857000350952, 0.8842563033103943, 21.65234375], [5.647467136383057, -0.3321920335292816, 18.833690643310547], [-0.007113893982023001, -0.03817998245358467, 0.11060113459825516], [-2.9396207332611084, -0.1621849536895752, 20.489564895629883], [18.659942626953125, -0.4770857095718384, -8.948124885559082], [-1.4816473722457886, 0.8108217120170593, -19.298688888549805]]}