{"track": "snowtuxpeak", "karts": ["pidgin", "amanda", "xue", "tux", "gavroche", "emule", "puffy", "sara_the_wizard", "beastie", "gnu"], "detections": [[[1, 0, 265, 209, 335, 260], [1, 2, 256, 159, 258, 162], [1, 5, 255, 166, 258, 169], [1, 7, 274, 156, 275, 157], [1, 9, 240, 160, 262, 187], [2, 0, 0, 153, 599, 399], [3, 0, 0, 112, 599, 258], [5, 12, 283, 153, 283, 154]], [[1, 1, 251, 191, 334, 265], [1, 4, 201, 161, 209, 167], [2, 0, 0, 149, 575, 399], [3, 0, 0, 44, 599, 399], [6, 18, 238, 159, 253, 168]], [[1, 2, 263, 186, 331, 264], [1, 7, 364, 145, 381, 161], [2, 0, 0, 139, 599, 399], [3, 0, 0, 0, 599, 345], [5, 12, 384, 138, 391, 146], [5, 13, 449, 138, 456, 146]], [[1, 3, 237, 197, 336, 289], [1, 6, 334, 209, 480, 310], [2, 0, 0, 208, 599, 399], [3, 0, 0, 0, 599, 396]], [[1, 4, 268, 202, 323, 256], [1, 9, 84, 147, 88, 149], [2, 0, 0, 154, 599, 399], [3, 0, 0, 0, 599, 263], [6, 18, 492, 181, 599, 261]], [[1, 2, 302, 155, 307, 159], [1, 5, 271, 200, 329, 259], [1, 7, 329, 149, 332, 153], [2, 0, 0, 146, 599, 399], [3, 0, 0, 97, 599, 238], [5, 12, 341, 147, 342, 148]], [[1, 3, 126, 184, 255, 275], [1, 6, 221, 199, 351, 300], [2, 0, 0, 205, 599, 399], [3, 0, 0, 0, 599, 287]], [[1, 7, 274, 188, 323, 265], [2, 0, 0, 167, 599, 399], [3, 0, 0, 0, 599, 399], [5, 12, 276, 164, 290, 182], [5, 13, 359, 166, 370, 179]], [[1, 1, 425, 190, 480, 226], [1, 4, 404, 185, 411, 190], [1, 8, 241, 186, 335, 274], [2, 0, 0, 173, 599, 399], [3, 0, 0, 36, 599, 289], [6, 18, 447, 185, 451, 192]], [[1, 2, 283, 153, 286, 156], [1, 5, 281, 159, 288, 166], [1, 7, 301, 150, 303, 152], [1, 9, 274, 160, 330, 229], [2, 0, 0, 146, 599, 399], [3, 0, 0, 105, 599, 269], [3, 1, 0, 0, 39, 57]]], "distance_down_track": [746.380859375, 689.8983764648438, 811.3607177734375, 681.3811645507812, 717.983642578125, 772.1758422851562, 681.38134765625, 825.7651977539062, 685.5582275390625, 751.3274536132812], "velocity": [[22.47480010986328, -3.524686813354492, -6.951048374176025], [1.3666845560073853, -1.272007942199707, -22.045761108398438], [20.039981842041016, -2.831390857696533, -6.174781322479248], [10.077722549438477, 0.7184416055679321, -6.382399559020996], [6.3472771644592285, 0.04894654080271721, -22.106779098510742], [21.731706619262695, -3.3046069145202637, -1.8230905532836914], [10.401864051818848, 0.4823697805404663, -6.278054714202881], [10.916289329528809, 0.061903055757284164, -17.72272491455078], [6.8924126625061035, -1.0554614067077637, -18.972755432128906], [22.071861267089844, -3.4000163078308105, -3.053610324859619]]}