{"track": "overworld", "karts": ["beastie", "kiki", "hexley", "emule", "amanda", "wilber", "adiumy", "xue", "suzanne", "nolok"], "detections": [[[1, 0, 257, 189, 342, 262], [3, 0, 0, 147, 599, 197], [3, 1, 261, 185, 269, 188], [3, 2, 268, 180, 272, 183], [3, 3, 268, 174, 270, 176], [3, 4, 267, 170, 271, 171], [3, 7, 275, 166, 287, 187], [3, 8, 276, 168, 279, 171], [3, 24, 286, 165, 299, 187], [3, 25, 296, 169, 299, 175]], [[1, 1, 267, 183, 329, 253], [1, 2, 279, 142, 284, 148], [1, 7, 246, 139, 246, 140], [1, 8, 285, 153, 298, 163], [1, 9, 272, 140, 274, 142], [3, 0, 0, 54, 599, 147], [3, 7, 252, 137, 253, 137], [3, 24, 254, 137, 257, 138]], [[1, 2, 271, 196, 322, 265], [1, 7, 265, 164, 269, 168], [1, 9, 296, 166, 304, 171], [3, 0, 0, 87, 480, 171], [3, 7, 291, 160, 292, 160], [3, 8, 290, 160, 290, 160], [3, 24, 293, 160, 296, 161]], [[1, 3, 242, 200, 357, 320], [1, 6, 589, 364, 599, 399], [2, 7, 211, 134, 305, 155], [2, 24, 305, 134, 431, 156], [3, 0, 0, 0, 599, 165], [3, 7, 103, 0, 306, 152], [3, 24, 306, 0, 534, 155]], [[1, 4, 259, 192, 341, 260], [3, 0, 0, 0, 599, 164]], [[1, 4, 417, 151, 426, 158], [1, 5, 252, 189, 335, 267], [3, 0, 0, 0, 599, 152]], [[1, 3, 128, 175, 218, 236], [1, 6, 251, 190, 353, 302], [2, 7, 196, 136, 280, 157], [2, 24, 281, 138, 393, 160], [3, 0, 0, 0, 599, 179], [3, 7, 97, 0, 280, 152], [3, 24, 279, 0, 484, 159]], [[1, 7, 267, 188, 332, 261], [3, 0, 0, 62, 525, 165], [3, 7, 384, 144, 385, 144], [3, 8, 383, 144, 383, 144], [3, 24, 386, 144, 390, 145]], [[1, 2, 287, 162, 296, 172], [1, 7, 258, 162, 258, 163], [1, 8, 260, 201, 331, 257], [1, 9, 285, 161, 288, 164], [3, 0, 0, 83, 360, 169], [3, 7, 274, 160, 275, 161], [3, 24, 276, 161, 278, 161]], [[1, 7, 225, 153, 233, 160], [1, 9, 267, 202, 323, 256], [3, 0, 0, 89, 479, 163], [3, 4, 269, 142, 269, 142], [3, 5, 96, 148, 102, 148], [3, 7, 273, 142, 277, 143], [3, 24, 278, 142, 281, 143], [3, 25, 280, 142, 280, 142]]], "distance_down_track": [309.0494384765625, 59.17686080932617, 88.98826599121094, 611.5240478515625, 1205.3338623046875, 1174.910400390625, 609.9620361328125, 138.2847137451172, 74.11780548095703, 110.0272445678711], "velocity": [[1.9633708000183105, -1.8143665790557861, 21.56996726989746], [4.316965103149414, -0.9736076593399048, 21.397159576416016], [0.8169794082641602, 0.8733553290367126, 21.81724739074707], [-0.5853340029716492, -1.3786338567733765, 8.094066619873047], [-2.8109023571014404, 0.5147212147712708, -21.546321868896484], [4.771017074584961, 0.36148983240127563, -16.836002349853516], [-0.6167555451393127, -1.232578992843628, 7.227557182312012], [-7.650139331817627, 0.2785353660583496, 20.955522537231445], [2.3886568546295166, 0.9249492287635803, 22.85692024230957], [4.282571792602539, -0.9946339130401611, 22.552448272705078]]}