{"track": "snowmountain", "karts": ["adiumy", "beastie", "sara_the_racer", "wilber", "nolok", "gavroche", "konqi", "sara_the_wizard", "tux", "xue"], "detections": [[[1, 0, 271, 196, 332, 254], [2, 0, 0, 154, 599, 399], [3, 0, 0, 0, 599, 267], [3, 58, 62, 150, 69, 157], [3, 82, 101, 174, 107, 178], [3, 86, 216, 138, 274, 169], [3, 94, 87, 136, 210, 183], [3, 110, 213, 169, 218, 170]], [[1, 1, 240, 186, 352, 283], [1, 2, 364, 155, 381, 185], [1, 8, 428, 147, 440, 152], [1, 9, 417, 147, 428, 153], [2, 0, 0, 149, 599, 399], [3, 0, 0, 0, 599, 237], [3, 98, 95, 107, 127, 119], [3, 102, 183, 98, 202, 109], [5, 30, 422, 157, 431, 171], [5, 35, 232, 150, 257, 176], [5, 36, 337, 160, 346, 173]], [[1, 2, 276, 177, 320, 257], [1, 8, 402, 154, 415, 161], [1, 9, 389, 154, 402, 162], [2, 0, 0, 156, 599, 399], [3, 0, 0, 0, 599, 256], [3, 98, 25, 101, 69, 121], [3, 102, 145, 100, 162, 111], [5, 30, 406, 175, 424, 200], [5, 35, 49, 159, 118, 208], [5, 36, 255, 179, 275, 203]], [[1, 3, 261, 190, 336, 259], [1, 4, 354, 138, 362, 141], [1, 6, 299, 148, 311, 159], [1, 7, 525, 240, 599, 283], [2, 0, 0, 139, 599, 399], [3, 0, 0, 0, 599, 234]], [[1, 1, 303, 163, 327, 175], [1, 2, 373, 156, 384, 168], [1, 4, 267, 203, 327, 259], [2, 0, 0, 159, 599, 399], [3, 0, 0, 9, 599, 295], [3, 98, 284, 125, 302, 136], [3, 102, 346, 112, 355, 121], [5, 30, 422, 156, 428, 163], [5, 35, 333, 155, 344, 167], [5, 36, 381, 159, 384, 165]], [[1, 5, 273, 202, 331, 255], [2, 0, 0, 152, 599, 399], [3, 0, 0, 21, 599, 287], [4, 14, 353, 160, 368, 173], [4, 15, 21, 146, 22, 146], [5, 27, 228, 162, 236, 172], [5, 34, 303, 163, 311, 172], [6, 2, 113, 148, 114, 150]], [[1, 1, 402, 151, 416, 157], [1, 4, 366, 156, 377, 162], [1, 6, 258, 192, 335, 265], [2, 0, 0, 157, 599, 399], [3, 0, 0, 0, 599, 243], [3, 98, 433, 117, 453, 128]], [[1, 3, 148, 168, 224, 209], [1, 4, 375, 135, 384, 138], [1, 6, 298, 146, 311, 155], [1, 7, 276, 185, 323, 283], [2, 0, 0, 138, 599, 399], [3, 0, 0, 0, 599, 286], [5, 32, 12, 149, 14, 151], [6, 11, 31, 146, 33, 150]], [[1, 8, 259, 197, 340, 266], [1, 9, 102, 203, 262, 360], [2, 0, 0, 142, 599, 399], [3, 0, 0, 47, 599, 251], [3, 68, 526, 92, 533, 103], [3, 78, 449, 130, 490, 144], [3, 128, 486, 137, 488, 138]], [[1, 8, 331, 185, 391, 234], [1, 9, 258, 184, 339, 274], [2, 0, 0, 147, 599, 399], [3, 0, 0, 60, 599, 230], [3, 68, 534, 103, 540, 111], [3, 78, 455, 136, 496, 149], [3, 128, 493, 143, 493, 143]]], "distance_down_track": [572.512451171875, 485.6497497558594, 491.6707458496094, 430.96136474609375, 471.79632568359375, 54.369651794433594, 447.16571044921875, 428.4084777832031, 522.1294555664062, 520.9339599609375], "velocity": [[16.029409408569336, 2.0871496200561523, 12.930266380310059], [-14.040430068969727, 1.5094624757766724, -2.146488904953003], [-19.51298713684082, 1.800189733505249, -1.6476765871047974], [-0.2245413213968277, 0.39617863297462463, -19.659727096557617], [-14.769044876098633, 1.5650540590286255, -14.419288635253906], [-11.307867050170898, 1.5292565822601318, 19.969816207885742], [-2.9859542846679688, 2.0398595333099365, -20.381681442260742], [2.304419755935669, 0.08735406398773193, -14.311684608459473], [-11.868328094482422, 1.4339016675949097, 11.867541313171387], [-12.169675827026367, 1.4037384986877441, 12.26262378692627]]}