{"track": "overworld", "karts": ["beastie", "kiki", "hexley", "emule", "amanda", "wilber", "adiumy", "xue", "suzanne", "nolok"], "detections": [[[1, 0, 256, 189, 337, 260], [3, 0, 0, 0, 599, 196], [3, 4, 309, 142, 312, 144], [3, 7, 316, 139, 324, 146], [3, 24, 325, 139, 334, 145], [3, 25, 335, 145, 335, 145]], [[1, 1, 254, 182, 315, 254], [1, 2, 394, 161, 399, 163], [1, 4, 251, 164, 256, 166], [1, 8, 544, 159, 549, 161], [1, 9, 587, 161, 592, 162], [3, 0, 300, 78, 599, 159]], [[1, 2, 262, 196, 322, 276], [1, 5, 337, 153, 339, 154], [1, 8, 343, 161, 348, 165], [1, 9, 346, 163, 347, 165], [3, 0, 0, 0, 599, 161]], [[1, 3, 253, 199, 347, 297], [1, 6, 488, 272, 599, 399], [2, 7, 175, 146, 298, 173], [2, 24, 299, 145, 463, 174], [3, 0, 0, 0, 599, 174], [3, 7, 32, 0, 298, 169], [3, 24, 298, 0, 595, 172]], [[1, 2, 286, 151, 290, 156], [1, 4, 256, 191, 337, 261], [1, 8, 284, 150, 286, 151], [3, 0, 31, 0, 599, 158]], [[1, 5, 264, 189, 340, 263], [1, 7, 278, 149, 283, 154], [3, 0, 0, 0, 599, 216]], [[1, 3, 168, 176, 240, 231], [1, 6, 258, 192, 347, 286], [2, 7, 166, 140, 274, 165], [2, 24, 275, 140, 421, 167], [3, 0, 0, 0, 599, 179], [3, 7, 39, 0, 274, 160], [3, 24, 270, 0, 537, 166]], [[1, 7, 267, 186, 335, 264], [3, 0, 4, 0, 599, 184]], [[1, 5, 276, 136, 279, 139], [1, 7, 260, 127, 261, 129], [1, 8, 261, 200, 337, 259], [1, 9, 290, 163, 302, 174], [3, 0, 0, 0, 599, 158]], [[1, 5, 283, 132, 287, 136], [1, 7, 267, 124, 268, 126], [1, 9, 265, 203, 326, 261], [3, 0, 0, 0, 599, 164]]], "distance_down_track": [262.2291564941406, 179.84359741210938, 1182.635009765625, 615.623291015625, 1146.9029541015625, 1279.3065185546875, 613.9619750976562, 1316.64892578125, 1221.4541015625, 1233.120361328125], "velocity": [[-1.4594529867172241, -1.2668479681015015, 23.272945404052734], [24.14618492126465, 0.5360623598098755, -1.3780597448349], [-0.3981896638870239, 0.7954975366592407, -18.717529296875], [-0.6274418234825134, -1.6192463636398315, 11.935795783996582], [-4.771548271179199, 0.13640196621418, -21.204336166381836], [0.8997584581375122, 3.128850221633911, -19.393630981445312], [-0.972059965133667, -1.5077097415924072, 11.40808391571045], [1.1098830699920654, 2.8559679985046387, -20.47197151184082], [-3.1706621646881104, -0.6448129415512085, -20.44556427001953], [-2.2242162227630615, -0.49577853083610535, -20.574182510375977]]}