{"track": "overworld", "karts": ["beastie", "kiki", "hexley", "emule", "amanda", "wilber", "adiumy", "xue", "suzanne", "nolok"], "detections": [[[1, 0, 253, 189, 339, 265], [3, 0, 0, 0, 599, 156]], [[1, 1, 270, 183, 331, 252], [1, 2, 184, 162, 188, 164], [3, 0, 0, 105, 572, 182], [3, 1, 75, 159, 100, 166], [3, 2, 87, 144, 98, 155], [3, 3, 85, 136, 92, 144], [3, 4, 82, 123, 94, 134], [3, 7, 83, 126, 112, 165], [3, 8, 83, 134, 83, 134], [3, 24, 105, 126, 136, 165], [3, 25, 117, 128, 134, 150], [255, 16777215, 0, 151, 311, 189]], [[1, 2, 276, 196, 327, 265], [1, 3, 281, 147, 283, 149], [2, 24, 282, 149, 291, 149], [3, 0, 0, 53, 599, 161], [3, 1, 102, 139, 164, 172], [3, 2, 175, 110, 199, 134], [3, 3, 171, 91, 190, 108], [3, 4, 166, 64, 189, 91], [3, 7, 246, 97, 273, 149], [3, 8, 247, 99, 259, 114], [3, 24, 270, 97, 299, 149], [3, 25, 280, 98, 299, 147], [255, 16777215, 274, 148, 274, 148]], [[1, 3, 271, 199, 327, 256], [1, 6, 294, 172, 299, 175], [2, 7, 258, 171, 291, 179], [2, 24, 291, 169, 332, 178], [3, 0, 0, 0, 599, 183], [3, 7, 222, 34, 290, 179], [3, 24, 283, 32, 352, 175], [3, 25, 345, 70, 351, 87], [255, 16777215, 0, 153, 599, 203]], [[1, 4, 256, 191, 337, 261], [2, 0, 273, 154, 289, 169], [3, 0, 0, 17, 599, 164], [3, 7, 291, 127, 291, 127], [3, 24, 292, 128, 295, 129]], [[1, 0, 393, 165, 398, 168], [1, 5, 258, 190, 333, 260], [3, 0, 428, 74, 599, 163]], [[1, 6, 252, 191, 353, 292], [2, 7, 0, 169, 255, 229], [2, 24, 254, 173, 599, 235], [3, 7, 0, 0, 253, 217], [3, 24, 247, 0, 599, 233]], [[1, 7, 270, 187, 338, 264], [1, 8, 138, 224, 256, 308], [1, 9, 398, 153, 403, 156], [3, 0, 0, 0, 599, 210]], [[1, 7, 333, 173, 395, 234], [1, 8, 266, 201, 343, 262], [1, 9, 403, 148, 406, 151], [3, 0, 0, 0, 599, 212]], [[1, 9, 264, 203, 333, 269], [3, 0, 0, 20, 599, 204]]], "distance_down_track": [1151.5789794921875, 195.050048828125, 195.050048828125, 195.050048828125, 18.985855102539062, 166.62875366210938, 621.8235473632812, 1302.708740234375, 1301.9217529296875, 1355.3206787109375], "velocity": [[-4.566213607788086, 0.31796762347221375, -21.247560501098633], [14.576065063476562, -1.7540534734725952, 16.18283462524414], [1.7484773397445679, -2.9375078678131104, 21.5809268951416], [-0.5639356970787048, -3.2974166870117188, 22.755416870117188], [3.2243478298187256, -1.9837208986282349, 21.402772903442383], [18.754226684570312, 1.413633942604065, 5.7439351081848145], [-0.22826004028320312, -0.6428122520446777, -3.155820608139038], [2.778094530105591, 3.212172508239746, -20.259668350219727], [2.745582103729248, 3.222273588180542, -20.262495040893555], [-17.018619537353516, 2.259460926055908, -3.5778870582580566]]}