{"track": "tutorial", "karts": ["puffy", "hexley", "tux", "suzanne", "pidgin", "nolok", "beastie", "gavroche", "amanda", "adiumy"], "detections": [[[1, 0, 205, 203, 395, 327], [1, 1, 0, 214, 236, 399], [2, 0, 0, 102, 80, 138], [3, 0, 0, 45, 599, 399]], [[1, 0, 313, 180, 401, 244], [1, 1, 256, 194, 348, 328], [2, 0, 0, 77, 140, 175], [3, 0, 0, 18, 599, 399]], [[1, 2, 266, 198, 330, 255], [2, 0, 0, 170, 599, 399], [3, 0, 0, 0, 599, 309]], [[1, 3, 226, 201, 379, 321], [2, 0, 0, 163, 599, 399], [3, 0, 0, 12, 599, 249]], [[1, 4, 252, 199, 349, 272], [2, 0, 0, 174, 599, 399], [3, 0, 0, 47, 599, 399]], [[1, 5, 253, 204, 342, 290], [1, 7, 327, 118, 330, 120], [1, 8, 313, 125, 318, 129], [2, 0, 0, 101, 599, 399], [3, 0, 0, 0, 599, 228]], [[1, 5, 295, 157, 305, 165], [1, 6, 236, 182, 362, 294], [1, 7, 298, 128, 299, 128], [1, 8, 286, 133, 290, 135], [2, 0, 42, 123, 599, 399], [3, 0, 0, 0, 599, 399]], [[1, 7, 272, 203, 331, 260], [1, 9, 376, 145, 387, 153], [2, 0, 0, 148, 599, 399], [3, 0, 0, 0, 599, 337]], [[1, 7, 297, 162, 315, 177], [1, 8, 258, 191, 337, 258], [1, 9, 379, 133, 387, 139], [2, 0, 0, 139, 599, 399], [3, 0, 0, 0, 599, 274]], [[1, 9, 274, 195, 331, 252], [2, 0, 0, 165, 599, 399], [3, 0, 0, 0, 599, 318]]], "distance_down_track": [712.6583862304688, 712.6583862304688, 753.8200073242188, 753.8200073242188, 741.5721435546875, 753.8200073242188, 741.5721435546875, 753.8200073242188, 741.5721435546875, 741.5721435546875], "velocity": [[0.2333960086107254, 0.015429718419909477, 1.7805919647216797], [-5.201837062835693, -0.17467500269412994, -3.2672457695007324], [-17.95689582824707, 3.497593879699707, 13.915122985839844], [-0.004100327380001545, 0.08176027238368988, 0.11592177301645279], [-16.00681495666504, -1.4920933246612549, 1.4847067594528198], [-6.255799293518066, -0.5885133147239685, -9.631647109985352], [-8.873486518859863, -1.3762449026107788, -8.072968482971191], [-20.110431671142578, 3.553173303604126, -5.643664360046387], [-19.56058120727539, 3.188258647918701, -11.363710403442383], [-20.242578506469727, 3.2384352684020996, 8.887051582336426]]}