{"track": "overworld", "karts": ["beastie", "kiki", "hexley", "emule", "amanda", "wilber", "adiumy", "xue", "suzanne", "nolok"], "detections": [[[1, 0, 261, 188, 347, 265], [1, 2, 325, 156, 338, 168], [1, 8, 422, 149, 423, 152], [1, 9, 503, 139, 509, 143], [3, 0, 0, 0, 599, 176]], [[1, 0, 271, 151, 276, 155], [1, 1, 267, 182, 333, 257], [1, 2, 278, 149, 281, 151], [1, 8, 320, 142, 323, 143], [1, 9, 351, 136, 353, 137], [3, 0, 0, 0, 599, 164]], [[1, 2, 273, 196, 329, 270], [1, 8, 391, 160, 403, 167], [1, 9, 476, 153, 486, 157], [3, 0, 0, 0, 599, 231]], [[1, 3, 244, 198, 351, 308], [1, 6, 367, 185, 523, 321], [2, 7, 84, 164, 316, 220], [2, 24, 316, 165, 599, 229], [3, 7, 0, 0, 318, 207], [3, 24, 317, 0, 599, 165]], [[1, 4, 258, 192, 333, 258], [3, 0, 0, 0, 599, 198], [3, 4, 318, 158, 319, 159], [3, 7, 324, 157, 330, 160], [3, 8, 324, 157, 327, 159], [3, 24, 331, 157, 338, 160], [3, 25, 336, 158, 337, 159]], [[1, 5, 263, 189, 339, 260], [2, 0, 399, 144, 403, 148], [3, 0, 0, 0, 599, 226], [3, 5, 426, 113, 427, 113]], [[1, 3, 103, 239, 228, 349], [1, 6, 252, 190, 356, 305], [2, 7, 0, 343, 244, 399], [2, 24, 237, 344, 599, 399], [3, 0, 0, 0, 599, 189], [3, 7, 0, 50, 289, 346], [3, 24, 246, 50, 599, 347]], [[1, 7, 262, 187, 330, 266], [3, 0, 185, 155, 495, 186]], [[1, 5, 490, 186, 494, 188], [1, 8, 255, 201, 342, 268], [1, 9, 335, 164, 351, 175], [3, 0, 0, 20, 599, 204]], [[1, 5, 410, 186, 414, 189], [1, 9, 265, 203, 330, 265], [3, 0, 0, 40, 599, 201]]], "distance_down_track": [1312.519775390625, 1263.00830078125, 1324.09814453125, 621.84130859375, 221.33168029785156, 1431.064453125, 621.7353515625, 514.62060546875, 1354.933349609375, 1366.210205078125], "velocity": [[2.63038969039917, 2.8570616245269775, -21.385236740112305], [-0.5420768857002258, 2.2195184230804443, -19.53182029724121], [-4.22529935836792, 3.117415189743042, -18.95100975036621], [-1.1511530876159668, -0.6363886594772339, -2.6205713748931885], [-2.1309478282928467, 0.5840569138526917, 24.048707962036133], [-13.997018814086914, -4.11566162109375, 13.1854829788208], [-0.007113893982023001, -0.03817998245358467, 0.11060113459825516], [16.761428833007812, 2.919071674346924, -11.614108085632324], [-17.029935836791992, 2.360182523727417, -3.7370007038116455], [-19.10697364807129, 1.8489795923233032, 1.692820429801941]]}