{"track": "tutorial", "karts": ["puffy", "hexley", "tux", "suzanne", "pidgin", "nolok", "beastie", "gavroche", "amanda", "adiumy"], "detections": [[[1, 0, 201, 202, 390, 329], [1, 2, 382, 187, 390, 193], [1, 5, 398, 192, 406, 198], [1, 6, 371, 184, 381, 191], [2, 0, 0, 156, 599, 399], [3, 0, 0, 0, 599, 258], [3, 8, 125, 39, 134, 49]], [[1, 1, 240, 193, 348, 349], [1, 2, 325, 155, 338, 165], [1, 4, 27, 183, 144, 239], [1, 5, 360, 157, 372, 168], [1, 6, 303, 153, 320, 164], [2, 0, 210, 128, 318, 155], [3, 0, 0, 33, 599, 399]], [[1, 2, 231, 196, 364, 313], [1, 5, 523, 227, 599, 284], [1, 6, 0, 179, 204, 353], [2, 0, 0, 87, 205, 204], [3, 0, 0, 47, 599, 399]], [[1, 0, 372, 175, 381, 180], [1, 3, 216, 201, 368, 323], [1, 7, 340, 172, 349, 178], [2, 0, 0, 172, 599, 399], [3, 0, 0, 61, 599, 274], [3, 6, 340, 51, 354, 71], [3, 7, 252, 51, 265, 66]], [[1, 1, 583, 327, 599, 385], [1, 2, 489, 163, 511, 177], [1, 4, 251, 213, 338, 273], [1, 5, 554, 168, 578, 185], [1, 6, 455, 159, 482, 175], [2, 0, 346, 131, 479, 162], [3, 0, 0, 0, 599, 399], [3, 8, 113, 45, 125, 53]], [[1, 2, 0, 198, 111, 298], [1, 5, 250, 205, 352, 312], [2, 0, 0, 71, 84, 118], [3, 0, 0, 17, 599, 399]], [[1, 2, 377, 189, 544, 287], [1, 5, 549, 209, 599, 241], [1, 6, 199, 178, 374, 335], [2, 0, 0, 57, 215, 207], [3, 0, 0, 34, 599, 399]], [[1, 0, 303, 150, 323, 163], [1, 7, 246, 204, 348, 306], [2, 0, 0, 149, 599, 399], [3, 0, 0, 0, 599, 281], [3, 6, 206, 0, 207, 1], [3, 8, 223, 40, 227, 46]], [[1, 0, 445, 193, 446, 193], [1, 3, 322, 173, 334, 181], [1, 8, 215, 184, 375, 319], [2, 0, 0, 178, 599, 399], [3, 0, 0, 91, 599, 378], [3, 6, 462, 81, 481, 101], [3, 7, 377, 90, 389, 103]], [[1, 0, 333, 182, 337, 183], [1, 3, 242, 163, 250, 167], [1, 7, 303, 175, 303, 175], [1, 8, 211, 163, 226, 176], [1, 9, 232, 192, 347, 305], [2, 0, 0, 164, 599, 399], [3, 0, 0, 102, 599, 360], [3, 6, 370, 96, 382, 111], [3, 7, 307, 92, 317, 104]]], "distance_down_track": [712.6583862304688, 712.6583862304688, 675.6192626953125, 656.4569091796875, 656.4569091796875, 694.2288208007812, 656.4569091796875, 675.6192626953125, 656.4569091796875, 633.04345703125], "velocity": [[-0.07127120345830917, 0.08185010403394699, 0.001318922033533454], [-4.6865973472595215, 0.11393361538648605, -1.7342441082000732], [-0.14722269773483276, 0.08749884366989136, 0.0015357807278633118], [0.09580232948064804, -0.2531244158744812, -3.8029468059539795], [-6.775012016296387, 0.06088443100452423, -6.137666702270508], [2.277376174926758, 0.8434689044952393, 0.1863948106765747], [-0.19383643567562103, 0.4606142044067383, 0.18511046469211578], [-4.266317367553711, -1.3200229406356812, -9.449910163879395], [0.04617537930607796, 0.518696129322052, 0.026952415704727173], [-0.1386442631483078, 0.07944785058498383, -0.03137810528278351]]}