{"track": "minigolf", "karts": ["nolok", "sara_the_racer", "emule", "adiumy", "gavroche", "konqi", "amanda", "xue", "sara_the_wizard", "puffy"], "detections": [[[1, 0, 270, 204, 331, 260], [1, 4, 290, 178, 312, 198], [1, 7, 283, 168, 297, 181], [2, 0, 0, 87, 599, 399], [3, 0, 0, 0, 599, 356]], [[1, 0, 289, 159, 306, 174], [1, 1, 279, 178, 319, 253], [1, 4, 291, 154, 302, 164], [1, 7, 284, 150, 293, 158], [2, 0, 9, 96, 599, 399], [3, 0, 0, 0, 599, 399]], [[1, 2, 271, 198, 334, 262], [2, 0, 78, 165, 599, 399], [3, 0, 0, 0, 599, 399]], [[1, 1, 268, 187, 274, 193], [1, 3, 270, 195, 330, 252], [2, 0, 0, 190, 599, 399], [3, 0, 0, 0, 599, 399], [3, 2, 396, 25, 470, 155]], [[1, 4, 274, 203, 326, 253], [1, 7, 285, 167, 304, 187], [2, 0, 0, 42, 599, 399], [3, 0, 0, 0, 599, 323]], [[1, 5, 267, 191, 345, 268], [1, 9, 321, 191, 400, 233], [2, 0, 0, 177, 599, 399], [3, 0, 0, 0, 599, 324], [3, 2, 238, 115, 259, 177], [4, 26, 173, 175, 174, 180], [5, 22, 261, 181, 264, 183], [255, 16777215, 352, 108, 364, 168]], [[1, 6, 221, 185, 358, 323], [3, 0, 0, 0, 599, 399]], [[1, 7, 267, 187, 335, 264], [2, 0, 0, 0, 599, 399], [3, 0, 0, 0, 599, 343], [5, 25, 186, 136, 188, 140]], [[1, 8, 279, 187, 320, 266], [2, 0, 0, 156, 599, 399], [2, 7, 400, 155, 401, 155], [3, 0, 0, 0, 599, 387], [3, 2, 338, 0, 468, 144], [3, 7, 399, 155, 399, 155], [5, 10, 405, 155, 407, 156], [5, 11, 404, 154, 406, 156], [5, 12, 347, 154, 349, 156], [5, 13, 368, 154, 369, 156]], [[1, 5, 0, 232, 201, 399], [1, 9, 230, 202, 382, 304], [2, 0, 0, 161, 599, 399], [3, 0, 0, 0, 599, 246], [3, 2, 279, 98, 298, 162], [4, 26, 185, 158, 197, 166], [4, 27, 192, 155, 199, 161], [5, 22, 288, 167, 291, 169], [255, 16777215, 399, 85, 413, 154]]], "distance_down_track": [433.0864562988281, 424.6593933105469, 494.4741516113281, 392.7104797363281, 438.2373046875, 325.6940612792969, 276.009033203125, 446.2023010253906, 544.8075561523438, 327.1387939453125], "velocity": [[17.706806182861328, 0.6942296624183655, 10.69939136505127], [19.469289779663086, -0.03341732546687126, 11.056718826293945], [-19.857215881347656, 2.3868067264556885, 5.3370466232299805], [20.357267379760742, 2.1875128746032715, -6.425356864929199], [19.351537704467773, 0.08447575569152832, 13.155637741088867], [18.049663543701172, 3.37752103805542, -9.136016845703125], [3.267998695373535, -0.7089027762413025, -0.8799089789390564], [16.751888275146484, 0.08222973346710205, 12.159664154052734], [13.249200820922852, -0.011441702023148537, -15.904352188110352], [10.30810546875, 0.4034961760044098, -3.8754637241363525]]}