{"track": "tutorial", "karts": ["puffy", "hexley", "tux", "suzanne", "pidgin", "nolok", "beastie", "gavroche", "amanda", "adiumy"], "detections": [[[1, 0, 203, 201, 387, 324], [1, 1, 339, 145, 352, 158], [1, 5, 250, 156, 268, 168], [1, 7, 45, 167, 129, 207], [2, 0, 180, 127, 298, 155], [3, 0, 0, 39, 599, 399]], [[1, 1, 244, 192, 354, 350], [2, 0, 0, 128, 106, 198], [3, 0, 0, 57, 599, 399]], [[1, 2, 268, 198, 332, 250], [1, 4, 232, 158, 238, 161], [1, 9, 223, 157, 223, 158], [2, 0, 0, 159, 599, 399], [3, 0, 0, 122, 599, 367], [3, 6, 148, 132, 155, 138], [3, 7, 81, 118, 94, 127]], [[1, 3, 265, 200, 336, 254], [2, 0, 0, 170, 599, 399], [3, 0, 0, 73, 599, 269], [3, 6, 458, 63, 477, 83], [3, 7, 374, 79, 387, 91]], [[1, 4, 265, 209, 334, 256], [1, 9, 287, 166, 299, 177], [2, 0, 0, 168, 599, 399], [3, 0, 0, 10, 599, 275], [3, 6, 255, 133, 263, 137], [3, 7, 210, 128, 210, 128]], [[1, 1, 470, 136, 549, 180], [1, 5, 236, 205, 353, 322], [2, 0, 0, 74, 294, 165], [3, 0, 0, 2, 599, 399]], [[1, 2, 251, 164, 268, 176], [1, 4, 174, 155, 180, 157], [1, 6, 264, 189, 342, 255], [1, 9, 159, 154, 160, 155], [2, 0, 0, 156, 599, 399], [3, 0, 0, 121, 599, 399], [3, 6, 31, 121, 46, 132]], [[1, 1, 479, 152, 499, 169], [1, 5, 367, 164, 386, 180], [1, 7, 241, 204, 342, 309], [2, 0, 271, 127, 401, 162], [3, 0, 0, 16, 599, 399]], [[1, 2, 141, 147, 154, 154], [1, 6, 182, 152, 199, 164], [1, 8, 261, 181, 347, 247], [2, 0, 0, 145, 599, 399], [3, 0, 0, 101, 599, 289], [5, 20, 269, 158, 275, 165], [5, 21, 236, 157, 243, 165]], [[1, 9, 273, 195, 329, 252], [2, 0, 0, 157, 599, 399], [3, 0, 0, 97, 599, 284], [3, 6, 264, 100, 273, 109], [3, 7, 216, 93, 225, 99]]], "distance_down_track": [712.6583862304688, 712.6583862304688, 365.0060729980469, 365.0060729980469, 365.0060729980469, 455.9293518066406, 348.11846923828125, 400.4352722167969, 332.51373291015625, 321.3812561035156], "velocity": [[-4.655798435211182, 0.11565011739730835, -1.425618052482605], [-0.1431109607219696, 0.08169752359390259, 0.009695792570710182], [-10.296769142150879, 1.6097999811172485, -20.503293991088867], [12.447644233703613, -0.25566431879997253, -19.338844299316406], [-2.12090802192688, 1.0895920991897583, -24.032001495361328], [-6.542691230773926, 0.12037927657365799, 0.02577708289027214], [-15.684026718139648, 1.7806638479232788, -18.27739143371582], [-4.530698776245117, 0.119001105427742, -2.0925400257110596], [-23.26062774658203, 1.1871552467346191, -6.384064197540283], [-0.6560220122337341, -0.06202077865600586, -22.801000595092773]]}