{"track": "tutorial", "karts": ["puffy", "hexley", "tux", "suzanne", "pidgin", "nolok", "beastie", "gavroche", "amanda", "adiumy"], "detections": [[[1, 0, 202, 201, 386, 323], [1, 1, 375, 156, 388, 165], [1, 2, 338, 155, 352, 163], [1, 5, 303, 148, 316, 154], [1, 6, 319, 153, 334, 163], [1, 9, 272, 155, 289, 170], [2, 0, 257, 133, 345, 155], [3, 0, 0, 28, 599, 399]], [[1, 1, 243, 192, 354, 350], [1, 2, 0, 229, 37, 264], [2, 0, 0, 95, 100, 146], [3, 0, 0, 54, 599, 399]], [[1, 1, 405, 181, 527, 240], [1, 2, 221, 196, 353, 317], [1, 6, 0, 226, 189, 399], [2, 0, 0, 62, 54, 101], [3, 0, 0, 29, 599, 399]], [[1, 3, 260, 200, 331, 257], [1, 5, 401, 176, 407, 178], [1, 6, 413, 180, 414, 180], [1, 7, 282, 188, 319, 220], [2, 0, 0, 156, 599, 399], [3, 0, 0, 0, 599, 396], [3, 6, 198, 2, 218, 17], [3, 7, 64, 0, 81, 5], [3, 8, 232, 55, 233, 57]], [[1, 4, 255, 212, 345, 273], [2, 0, 0, 139, 599, 399], [3, 0, 0, 54, 599, 370], [3, 6, 417, 45, 433, 63], [3, 7, 347, 52, 358, 65]], [[1, 1, 344, 189, 394, 215], [1, 2, 304, 205, 346, 227], [1, 5, 228, 205, 347, 312], [1, 6, 306, 209, 384, 284], [2, 0, 0, 110, 192, 315], [3, 0, 0, 44, 599, 399]], [[1, 1, 543, 193, 599, 233], [1, 2, 347, 184, 433, 263], [1, 5, 0, 126, 147, 246], [1, 6, 207, 179, 380, 335], [2, 0, 0, 58, 260, 194], [3, 0, 0, 23, 599, 399]], [[1, 2, 418, 184, 418, 184], [1, 3, 224, 232, 356, 342], [1, 5, 395, 177, 402, 180], [1, 6, 403, 181, 410, 184], [1, 7, 268, 202, 322, 256], [2, 0, 0, 157, 599, 399], [3, 0, 0, 0, 599, 380], [3, 6, 186, 0, 208, 15], [3, 8, 222, 57, 229, 59]], [[1, 4, 261, 156, 267, 159], [1, 8, 218, 185, 376, 318], [2, 0, 0, 140, 599, 399], [3, 0, 0, 0, 599, 251], [3, 6, 311, 63, 321, 76], [3, 7, 257, 58, 267, 68]], [[1, 1, 442, 164, 462, 184], [1, 2, 362, 159, 389, 175], [1, 5, 299, 147, 323, 159], [1, 6, 330, 156, 355, 175], [1, 9, 250, 191, 351, 301], [2, 0, 213, 120, 361, 159], [3, 0, 0, 19, 599, 399]]], "distance_down_track": [712.6583862304688, 712.6583862304688, 590.8922729492188, 590.8922729492188, 590.8922729492188, 633.04345703125, 590.8922729492188, 605.3455200195312, 576.2125244140625, 576.2125244140625], "velocity": [[-4.4211015701293945, 0.10716612637042999, -2.4342432022094727], [-0.1426602154970169, 0.08158144354820251, 0.009190946817398071], [0.7702239751815796, -0.06553676724433899, 1.0774106979370117], [-10.328363418579102, -2.9908459186553955, -20.331743240356445], [8.62753677368164, -1.909521460533142, -15.457165718078613], [-0.6788103580474854, 0.12780961394309998, 5.513728618621826], [-2.135279417037964, 0.3160132169723511, 0.45149102807044983], [-10.830060958862305, -3.1662161350250244, -20.042076110839844], [0.6820468306541443, -0.7014241218566895, -4.776151657104492], [-4.500966548919678, 0.08954811841249466, -1.7309980392456055]]}