{"track": "overworld", "karts": ["beastie", "kiki", "hexley", "emule", "amanda", "wilber", "adiumy", "xue", "suzanne", "nolok"], "detections": [[[1, 0, 259, 189, 344, 264], [3, 0, 0, 91, 581, 166], [3, 2, 0, 150, 0, 151], [3, 7, 24, 122, 61, 163], [3, 8, 24, 122, 38, 134], [3, 24, 49, 122, 88, 161], [3, 25, 61, 123, 85, 147]], [[1, 1, 244, 171, 361, 297], [1, 2, 0, 208, 133, 339], [2, 7, 0, 153, 251, 215], [2, 24, 248, 147, 556, 210], [3, 7, 0, 0, 247, 158], [3, 24, 238, 0, 599, 195]], [[1, 1, 491, 164, 599, 290], [1, 2, 245, 192, 355, 350], [2, 7, 96, 148, 360, 207], [2, 24, 359, 141, 599, 205], [3, 7, 0, 0, 368, 206], [3, 24, 361, 0, 599, 147]], [[1, 3, 243, 199, 349, 310], [3, 0, 0, 8, 503, 156], [3, 6, 300, 150, 304, 152]], [[1, 4, 258, 191, 340, 258], [1, 9, 290, 163, 294, 167], [3, 0, 28, 0, 599, 169]], [[1, 5, 257, 189, 333, 260], [3, 0, 0, 87, 382, 170], [3, 7, 284, 161, 285, 162], [3, 24, 286, 161, 289, 162]], [[1, 1, 290, 148, 304, 165], [1, 2, 250, 150, 267, 165], [1, 6, 252, 190, 354, 303], [2, 7, 208, 141, 288, 159], [2, 24, 289, 142, 395, 160], [3, 0, 0, 0, 599, 173], [3, 7, 112, 0, 288, 156], [3, 24, 288, 0, 479, 160]], [[1, 4, 288, 150, 292, 152], [1, 7, 262, 187, 329, 265], [1, 8, 279, 151, 285, 156], [1, 9, 283, 152, 284, 152], [3, 0, 0, 0, 599, 156]], [[1, 4, 332, 161, 341, 168], [1, 8, 253, 201, 335, 268], [1, 9, 321, 162, 324, 164], [3, 0, 0, 0, 599, 163]], [[1, 9, 268, 203, 329, 259], [3, 0, 0, 0, 599, 160]]], "distance_down_track": [343.2713317871094, 310.2080383300781, 310.2080383300781, 270.4015197753906, 1211.160400390625, 82.88451385498047, 609.0296020507812, 1151.362060546875, 1186.8953857421875, 1242.1083984375], "velocity": [[15.603631019592285, -2.250030040740967, 14.96242618560791], [0.049806687980890274, 0.12873147428035736, 0.17370294034481049], [0.011133875697851181, 0.08155712485313416, 0.17159752547740936], [-0.6160179972648621, 0.3343254625797272, 9.926403999328613], [-2.5788915157318115, -0.6842949986457825, -21.570608139038086], [1.2601529359817505, 0.5613241791725159, 19.616552352905273], [-0.3955177366733551, -0.9843454360961914, 5.824443340301514], [-4.364108562469482, 0.3002925515174866, -20.232507705688477], [-2.0203018188476562, 1.1496020555496216, -19.4412784576416], [-1.8421781063079834, 1.3665001392364502, -20.572528839111328]]}