{"track": "tutorial", "karts": ["puffy", "hexley", "tux", "suzanne", "pidgin", "nolok", "beastie", "gavroche", "amanda", "adiumy"], "detections": [[[1, 0, 205, 201, 389, 328], [1, 2, 0, 218, 3, 234], [1, 4, 52, 164, 114, 191], [1, 9, 116, 157, 155, 186], [2, 0, 0, 100, 198, 161], [3, 0, 0, 30, 599, 399]], [[1, 0, 374, 160, 393, 171], [1, 1, 244, 193, 345, 337], [1, 2, 324, 156, 336, 166], [1, 4, 325, 158, 337, 162], [1, 6, 313, 153, 325, 165], [1, 8, 307, 154, 325, 167], [1, 9, 339, 154, 348, 163], [2, 0, 273, 134, 361, 156], [3, 0, 0, 18, 599, 399]], [[1, 2, 235, 196, 360, 314], [1, 4, 232, 165, 278, 194], [1, 6, 65, 176, 257, 331], [1, 9, 281, 159, 311, 189], [2, 0, 25, 96, 318, 163], [3, 0, 0, 18, 599, 399]], [[1, 3, 256, 201, 346, 271], [2, 0, 34, 163, 599, 399], [3, 0, 0, 135, 599, 399], [5, 5, 207, 155, 215, 163], [5, 6, 140, 155, 142, 156], [5, 7, 123, 154, 125, 155], [5, 8, 99, 153, 103, 154], [5, 12, 240, 157, 247, 164], [5, 13, 265, 158, 271, 164]], [[1, 4, 215, 217, 363, 335], [1, 9, 318, 185, 413, 267], [2, 0, 0, 79, 299, 219], [3, 0, 0, 37, 599, 399]], [[1, 5, 270, 203, 328, 257], [2, 0, 0, 137, 599, 399], [3, 0, 0, 27, 599, 278], [3, 6, 328, 52, 339, 67], [3, 7, 271, 50, 281, 62]], [[1, 2, 340, 198, 498, 307], [1, 4, 246, 166, 290, 195], [1, 6, 209, 180, 380, 330], [1, 9, 291, 160, 322, 188], [2, 0, 6, 91, 313, 164], [3, 0, 0, 12, 599, 399]], [[1, 7, 273, 203, 326, 254], [2, 0, 0, 163, 599, 399], [3, 0, 0, 103, 599, 291], [3, 7, 182, 125, 189, 129]], [[1, 0, 499, 191, 599, 248], [1, 2, 295, 172, 334, 222], [1, 4, 231, 161, 264, 178], [1, 6, 208, 161, 282, 225], [1, 8, 216, 184, 373, 321], [1, 9, 267, 156, 290, 179], [2, 0, 40, 97, 289, 159], [3, 0, 0, 18, 599, 399]], [[1, 4, 0, 218, 238, 399], [1, 9, 250, 190, 356, 306], [2, 0, 0, 115, 320, 222], [3, 0, 0, 80, 599, 399]]], "distance_down_track": [712.6583862304688, 712.6583862304688, 365.0060729980469, 354.56878662109375, 365.0060729980469, 420.1153259277344, 343.6702575683594, 383.7624206542969, 321.3812561035156, 321.3812561035156], "velocity": [[-4.936370372772217, 0.09443207830190659, -0.133351668715477], [-4.16467809677124, 0.13479983806610107, -2.5196640491485596], [-4.938230037689209, 0.10046262294054031, -0.8272404670715332], [7.4182562828063965, 1.323537826538086, 15.389811515808105], [-0.4062619209289551, 0.09385700523853302, 0.3003070652484894], [4.721334457397461, -3.7500250339508057, -21.02556610107422], [-4.895118236541748, 0.09090372174978256, -0.3092869222164154], [-4.454946041107178, 1.349082112312317, -22.218660354614258], [-5.340526103973389, 0.10584380477666855, -0.12182817608118057], [-0.16681595146656036, 0.07448127865791321, 0.047599535435438156]]}