{"track": "snowtuxpeak", "karts": ["pidgin", "amanda", "xue", "tux", "gavroche", "emule", "puffy", "sara_the_wizard", "beastie", "gnu"], "detections": [[[1, 0, 249, 213, 349, 282], [1, 1, 360, 143, 366, 147], [2, 0, 0, 72, 599, 399], [3, 0, 0, 0, 599, 257], [4, 14, 374, 153, 395, 169], [4, 15, 325, 162, 336, 169], [4, 16, 273, 153, 289, 169], [4, 17, 223, 154, 238, 169]], [[1, 1, 255, 190, 332, 259], [1, 3, 412, 164, 425, 174], [1, 6, 446, 161, 454, 165], [1, 8, 367, 167, 393, 189], [1, 9, 445, 157, 449, 162], [2, 0, 0, 0, 599, 399], [3, 0, 0, 0, 599, 399], [6, 23, 458, 161, 462, 161]], [[1, 2, 265, 188, 333, 265], [1, 5, 149, 204, 240, 276], [1, 7, 292, 150, 299, 159], [2, 0, 0, 153, 599, 399], [3, 0, 0, 0, 599, 264]], [[1, 3, 255, 197, 344, 273], [1, 6, 299, 156, 309, 162], [1, 9, 297, 149, 305, 158], [2, 0, 0, 152, 599, 399], [3, 0, 0, 0, 599, 245], [6, 23, 305, 154, 305, 154]], [[1, 4, 251, 205, 360, 313], [2, 0, 0, 124, 599, 399], [3, 0, 0, 0, 599, 251], [5, 12, 249, 184, 276, 224], [5, 13, 298, 156, 307, 172], [6, 22, 287, 166, 340, 179]], [[1, 2, 345, 185, 412, 249], [1, 5, 271, 199, 326, 257], [1, 7, 306, 151, 312, 159], [2, 0, 0, 153, 599, 399], [3, 0, 0, 0, 599, 304]], [[1, 6, 268, 201, 343, 261], [1, 9, 137, 173, 324, 399], [2, 0, 0, 156, 599, 399], [3, 0, 0, 0, 599, 253], [6, 23, 291, 161, 303, 162]], [[1, 7, 280, 188, 319, 266], [2, 0, 0, 164, 599, 399], [3, 0, 0, 0, 599, 276]], [[1, 3, 313, 163, 329, 177], [1, 6, 331, 156, 338, 160], [1, 8, 256, 189, 338, 259], [1, 9, 330, 152, 334, 158], [2, 0, 0, 154, 599, 399], [3, 0, 0, 0, 599, 284], [6, 23, 337, 156, 337, 156]], [[1, 6, 286, 182, 333, 212], [1, 9, 270, 158, 329, 232], [2, 0, 0, 156, 599, 399], [3, 0, 0, 0, 599, 299], [6, 23, 287, 160, 300, 161]]], "distance_down_track": [870.3760986328125, 919.8663330078125, 93.06796264648438, 939.269287109375, 831.294677734375, 92.6092529296875, 961.6592407226562, 112.79417419433594, 928.739990234375, 959.0298461914062], "velocity": [[-15.164929389953613, -0.6464662551879883, 1.2987149953842163], [-10.715052604675293, 0.05769779533147812, 20.58646583557129], [-20.555761337280273, 2.0718977451324463, 1.2875754833221436], [-0.5021706819534302, 0.08835014700889587, 13.72018814086914], [-0.45243436098098755, 0.026184529066085815, -9.100278854370117], [-23.201292037963867, 2.2159876823425293, 2.0855138301849365], [-0.6760319471359253, 0.0823117047548294, 22.183399200439453], [-20.567352294921875, 2.3376691341400146, -0.09641678631305695], [-2.809169054031372, 0.008346933871507645, 22.818531036376953], [-0.2660042345523834, 0.08228204399347305, 21.20417022705078]]}