{"track": "tutorial", "karts": ["puffy", "hexley", "tux", "suzanne", "pidgin", "nolok", "beastie", "gavroche", "amanda", "adiumy"], "detections": [[[1, 0, 203, 201, 387, 323], [1, 1, 282, 161, 315, 193], [1, 5, 491, 162, 525, 177], [1, 6, 285, 152, 302, 163], [2, 0, 218, 131, 320, 155], [3, 0, 0, 37, 599, 399]], [[1, 1, 242, 193, 349, 349], [1, 5, 524, 163, 571, 183], [1, 6, 245, 151, 270, 167], [2, 0, 150, 123, 289, 155], [3, 0, 0, 36, 599, 399]], [[1, 2, 270, 198, 329, 247], [1, 4, 282, 168, 297, 178], [1, 7, 241, 182, 274, 206], [2, 0, 0, 141, 599, 399], [3, 0, 0, 0, 599, 274], [3, 6, 311, 60, 321, 75], [3, 7, 257, 56, 266, 67], [3, 8, 344, 83, 344, 83]], [[1, 2, 284, 177, 289, 183], [1, 3, 264, 200, 335, 251], [1, 4, 278, 179, 281, 182], [1, 7, 274, 178, 279, 182], [1, 9, 288, 177, 296, 184], [2, 0, 0, 168, 599, 399], [3, 0, 0, 101, 599, 262], [3, 6, 280, 101, 288, 112], [3, 7, 231, 94, 239, 103]], [[1, 4, 265, 209, 334, 256], [2, 0, 0, 136, 599, 399], [3, 0, 0, 39, 599, 280], [3, 6, 333, 50, 343, 66], [3, 7, 275, 49, 285, 60]], [[1, 5, 235, 206, 355, 320], [2, 0, 518, 0, 599, 59], [3, 0, 0, 0, 599, 399]], [[1, 6, 200, 179, 373, 344], [2, 0, 0, 54, 238, 213], [3, 0, 0, 7, 599, 399]], [[1, 2, 451, 311, 599, 399], [1, 4, 283, 172, 303, 184], [1, 7, 276, 203, 326, 251], [2, 0, 0, 140, 599, 399], [3, 0, 0, 0, 599, 356], [3, 6, 283, 58, 294, 73], [3, 7, 226, 52, 236, 64]], [[1, 8, 220, 185, 378, 316], [2, 0, 0, 143, 599, 399], [3, 0, 0, 108, 599, 248], [5, 17, 228, 158, 242, 174], [5, 18, 295, 158, 308, 173], [5, 19, 350, 159, 363, 173], [5, 20, 234, 146, 237, 151], [5, 21, 216, 145, 220, 150], [5, 22, 193, 144, 197, 150]], [[1, 2, 283, 176, 309, 197], [1, 4, 284, 168, 295, 174], [1, 7, 262, 173, 281, 187], [1, 9, 274, 195, 326, 246], [2, 0, 0, 145, 599, 399], [3, 0, 0, 20, 599, 274], [3, 6, 310, 67, 319, 81], [3, 7, 257, 63, 266, 73]]], "distance_down_track": [712.6583862304688, 712.6583862304688, 473.2306823730469, 473.2306823730469, 473.2306823730469, 547.9110717773438, 473.2306823730469, 491.73480224609375, 433.4427490234375, 420.1153259277344], "velocity": [[-4.634895324707031, 0.11266245692968369, -1.9019289016723633], [-4.982069969177246, 0.1103411316871643, -1.189919114112854], [4.183908939361572, -4.193141937255859, -25.209428787231445], [0.5331555604934692, -2.5562195777893066, -22.75868797302246], [5.612804889678955, -3.9934558868408203, -23.045928955078125], [1.151672601699829, 0.09337106347084045, 2.342390537261963], [-0.3687874972820282, 0.09885852038860321, 0.291847825050354], [1.8051358461380005, -4.292331218719482, -24.998008728027344], [-5.1816887855529785, 0.10628688335418701, 0.507185697555542], [3.6869444847106934, -4.1706624031066895, -25.39708709716797]]}