{"track": "overworld", "karts": ["beastie", "kiki", "hexley", "emule", "amanda", "wilber", "adiumy", "xue", "suzanne", "nolok"], "detections": [[[1, 0, 257, 189, 342, 262], [3, 0, 0, 148, 599, 192], [3, 1, 265, 184, 273, 187], [3, 2, 275, 179, 276, 181], [3, 3, 272, 174, 275, 176], [3, 4, 271, 170, 275, 172], [3, 7, 279, 165, 291, 186], [3, 8, 279, 173, 279, 173], [3, 24, 290, 165, 303, 186], [3, 25, 297, 167, 303, 181]], [[1, 1, 269, 182, 336, 258], [3, 0, 0, 0, 599, 324]], [[1, 2, 272, 195, 327, 268], [1, 5, 470, 176, 474, 177], [1, 7, 421, 180, 421, 180], [1, 8, 296, 174, 312, 185], [1, 9, 319, 182, 324, 187], [3, 0, 0, 86, 599, 210]], [[1, 3, 243, 199, 360, 320], [1, 6, 499, 247, 599, 369], [2, 7, 219, 152, 300, 170], [2, 24, 301, 151, 408, 170], [3, 0, 0, 0, 599, 180], [3, 7, 123, 0, 300, 167], [3, 24, 300, 0, 492, 168]], [[1, 4, 257, 192, 338, 259], [3, 0, 0, 0, 599, 167]], [[1, 5, 263, 190, 333, 253], [3, 0, 0, 0, 599, 178], [3, 7, 229, 134, 230, 134], [3, 24, 231, 134, 233, 135]], [[1, 3, 120, 180, 220, 250], [1, 6, 251, 190, 354, 303], [2, 7, 207, 144, 283, 162], [2, 24, 284, 145, 385, 163], [3, 0, 0, 0, 599, 175], [3, 7, 116, 0, 283, 158], [3, 24, 281, 0, 466, 162]], [[1, 5, 320, 153, 330, 162], [1, 7, 264, 187, 329, 260], [2, 0, 248, 155, 267, 174], [3, 0, 0, 0, 599, 166], [3, 7, 273, 127, 274, 127], [3, 24, 275, 127, 277, 128]], [[1, 5, 456, 164, 461, 166], [1, 7, 404, 169, 409, 171], [1, 8, 263, 200, 340, 261], [1, 9, 305, 182, 316, 191], [3, 0, 0, 77, 599, 213]], [[1, 5, 455, 135, 459, 137], [1, 7, 397, 140, 402, 143], [1, 9, 271, 204, 332, 260], [3, 0, 0, 8, 599, 182], [3, 5, 458, 103, 458, 103]]], "distance_down_track": [305.79852294921875, 1339.1614990234375, 1391.9503173828125, 609.56103515625, 1192.526123046875, 41.46354675292969, 608.3740844726562, 22.3660945892334, 1404.533203125, 1417.743408203125], "velocity": [[1.9732635021209717, 1.0835368633270264, 21.618101119995117], [-5.156177520751953, 2.1446573734283447, -18.855409622192383], [-17.839475631713867, -1.270463228225708, 8.17625904083252], [-0.4008030295372009, -1.228281855583191, 4.380748271942139], [-2.9121711254119873, 0.6981264352798462, -21.5277042388916], [6.507297515869141, -0.9159837961196899, 20.83839225769043], [-0.35329705476760864, -0.5484460592269897, 3.6666252613067627], [4.304994583129883, -2.0466041564941406, 22.50063133239746], [-17.533823013305664, -4.029577255249023, 10.238039016723633], [-15.974421501159668, -4.2271599769592285, 12.467514991760254]]}