{"track": "minigolf", "karts": ["nolok", "sara_the_racer", "emule", "adiumy", "gavroche", "konqi", "amanda", "xue", "sara_the_wizard", "puffy"], "detections": [[[1, 0, 271, 203, 328, 256], [1, 1, 598, 155, 599, 155], [2, 0, 0, 160, 599, 399], [3, 0, 0, 0, 599, 238], [3, 2, 23, 0, 163, 96], [3, 3, 444, 149, 446, 150], [3, 7, 302, 150, 310, 159], [6, 11, 415, 189, 505, 209], [6, 13, 113, 189, 193, 207], [6, 14, 313, 152, 314, 157], [6, 33, 304, 153, 320, 166]], [[1, 1, 279, 176, 323, 258], [1, 2, 376, 150, 376, 150], [1, 3, 418, 153, 418, 153], [1, 4, 366, 154, 369, 156], [1, 7, 381, 152, 381, 152], [2, 0, 22, 148, 599, 399], [2, 6, 346, 153, 348, 154], [3, 0, 0, 0, 599, 399], [3, 4, 373, 150, 377, 155], [3, 6, 343, 150, 348, 155], [4, 30, 436, 153, 436, 153], [255, 16777215, 274, 0, 458, 182]], [[1, 2, 265, 177, 332, 234], [2, 0, 0, 0, 599, 399], [3, 0, 0, 0, 599, 308], [6, 4, 299, 53, 392, 129], [6, 6, 191, 185, 308, 289]], [[1, 3, 260, 139, 334, 226], [2, 0, 0, 128, 599, 399], [3, 0, 0, 0, 599, 399], [3, 11, 312, 1, 380, 15], [6, 1, 532, 79, 599, 109]], [[1, 4, 266, 176, 330, 221], [2, 0, 0, 0, 599, 399], [3, 0, 0, 0, 599, 291]], [[1, 1, 246, 158, 255, 173], [1, 2, 249, 151, 249, 151], [1, 3, 281, 153, 281, 154], [1, 4, 243, 156, 245, 156], [1, 5, 261, 192, 330, 259], [1, 7, 253, 152, 254, 153], [2, 0, 59, 149, 456, 399], [2, 6, 226, 154, 226, 155], [3, 0, 0, 29, 599, 399], [3, 4, 247, 152, 251, 155], [3, 6, 222, 151, 226, 156], [255, 16777215, 138, 0, 292, 165]], [[1, 6, 251, 190, 345, 269], [1, 9, 295, 116, 330, 157], [2, 0, 0, 155, 553, 399], [3, 0, 0, 0, 599, 399], [3, 2, 353, 0, 476, 140], [6, 11, 412, 156, 414, 156], [6, 12, 353, 155, 360, 155], [6, 13, 375, 155, 380, 155]], [[1, 2, 5, 81, 68, 120], [1, 7, 267, 162, 330, 225], [2, 0, 0, 0, 599, 399], [3, 0, 34, 0, 599, 126], [6, 4, 0, 0, 65, 42], [6, 6, 0, 107, 74, 178]], [[1, 8, 291, 169, 330, 215], [2, 0, 291, 197, 599, 399], [3, 0, 0, 0, 599, 399]], [[1, 0, 378, 293, 382, 296], [1, 9, 245, 200, 345, 313], [2, 0, 26, 295, 428, 399], [3, 0, 0, 72, 599, 399], [3, 2, 326, 153, 419, 277], [6, 12, 336, 294, 344, 295], [6, 13, 360, 294, 368, 295], [6, 33, 400, 294, 402, 294]]], "distance_down_track": [604.9591064453125, 691.6990966796875, 86.3174819946289, 46.4641227722168, 19.30057144165039, 676.1043701171875, 544.2874145507812, 78.72473907470703, 168.63002014160156, 550.9681396484375], "velocity": [[2.478447675704956, 0.08064565807580948, -22.61142921447754], [-19.39325523376465, 0.08193622529506683, -3.511101484298706], [-18.03486442565918, 3.0133750438690186, -2.989548444747925], [-6.686363697052002, 0.13333967328071594, 4.270619869232178], [-22.02037811279297, 0.08172991126775742, 12.253006935119629], [-21.322538375854492, 0.0744527205824852, 10.724982261657715], [12.306232452392578, 0.09929892420768738, -13.743093490600586], [-20.44601821899414, -0.2579006850719452, -3.2223944664001465], [2.6067616939544678, -2.2961292266845703, 20.406435012817383], [12.483541488647461, -0.10885366797447205, -17.215442657470703]]}