{"track": "overworld", "karts": ["beastie", "kiki", "hexley", "emule", "amanda", "wilber", "adiumy", "xue", "suzanne", "nolok"], "detections": [[[1, 0, 230, 184, 356, 295], [3, 0, 0, 29, 524, 200]], [[1, 1, 266, 182, 332, 256], [1, 2, 373, 183, 375, 184], [3, 0, 0, 83, 599, 206]], [[1, 2, 269, 196, 326, 271], [2, 0, 406, 147, 415, 155], [3, 0, 0, 20, 526, 146], [3, 7, 466, 115, 472, 117], [3, 24, 472, 115, 478, 118]], [[1, 3, 241, 200, 359, 321], [1, 6, 269, 171, 316, 218], [2, 7, 211, 145, 288, 162], [2, 24, 289, 145, 390, 163], [3, 0, 0, 0, 599, 173], [3, 7, 118, 0, 288, 159], [3, 24, 286, 0, 469, 162]], [[1, 1, 466, 113, 467, 113], [1, 4, 260, 191, 342, 261], [3, 0, 0, 0, 599, 178]], [[1, 5, 266, 191, 329, 248], [1, 8, 228, 162, 252, 176], [1, 9, 91, 185, 159, 220], [3, 0, 0, 104, 413, 161], [3, 4, 210, 142, 211, 142], [3, 7, 217, 142, 221, 143], [3, 24, 222, 142, 224, 143]], [[1, 6, 252, 190, 353, 301], [2, 7, 197, 137, 287, 157], [2, 24, 287, 137, 405, 158], [3, 0, 0, 0, 599, 172], [3, 7, 88, 0, 286, 153], [3, 24, 285, 0, 499, 156]], [[1, 4, 288, 154, 290, 155], [1, 7, 262, 187, 330, 266], [3, 0, 0, 0, 599, 164]], [[1, 8, 261, 191, 328, 244], [3, 0, 0, 98, 500, 173], [3, 4, 191, 143, 191, 143], [3, 7, 198, 143, 202, 144], [3, 24, 203, 143, 206, 144]], [[1, 5, 543, 250, 599, 279], [1, 8, 311, 164, 334, 181], [1, 9, 268, 203, 324, 256], [3, 0, 0, 100, 473, 163], [3, 5, 12, 149, 18, 149], [3, 7, 236, 141, 239, 142], [3, 24, 240, 141, 243, 142]]], "distance_down_track": [501.21832275390625, 1389.7296142578125, 1460.178955078125, 608.4462890625, 1274.546875, 113.24302673339844, 610.779296875, 1189.793212890625, 122.12615966796875, 115.4493408203125], "velocity": [[10.929035186767578, 1.8834145069122314, -7.023481845855713], [-17.938283920288086, -0.8160871863365173, 8.016493797302246], [-8.40921688079834, -3.040376901626587, 17.514375686645508], [-0.30060943961143494, -0.6717422008514404, 4.0691046714782715], [0.5298455357551575, 2.155484914779663, -21.518115997314453], [7.464601993560791, -1.1614676713943481, 23.673892974853516], [-0.4958952069282532, -1.339054822921753, 7.839474201202393], [-2.849607229232788, 0.7459971904754639, -20.489341735839844], [11.063993453979492, -0.7401790618896484, 21.846969604492188], [6.98037576675415, -1.0743200778961182, 21.88881492614746]]}