{"track": "scotland", "karts": ["konqi", "sara_the_racer", "wilber", "beastie", "gavroche", "pidgin", "tux", "gnu", "xue", "hexley"], "detections": [[[1, 0, 262, 190, 347, 273], [1, 5, 197, 204, 272, 254], [2, 0, 0, 174, 376, 399], [3, 0, 0, 0, 599, 399], [4, 6, 0, 161, 11, 180], [6, 1, 64, 174, 64, 174]], [[1, 1, 269, 215, 334, 288], [1, 7, 234, 146, 255, 164], [2, 0, 0, 155, 599, 399], [3, 0, 0, 0, 599, 201], [3, 4, 266, 68, 277, 76], [3, 113, 208, 152, 208, 154], [3, 115, 207, 154, 207, 154]], [[1, 2, 264, 191, 333, 253], [1, 4, 471, 225, 599, 311], [2, 0, 0, 156, 599, 399], [3, 0, 0, 0, 599, 236], [6, 1, 396, 157, 406, 166]], [[1, 2, 258, 166, 266, 173], [1, 3, 259, 189, 342, 259], [1, 4, 281, 168, 287, 173], [1, 8, 282, 169, 302, 189], [2, 0, 0, 165, 599, 399], [3, 0, 0, 0, 599, 258], [4, 19, 317, 250, 339, 275], [6, 1, 325, 165, 329, 169], [6, 40, 306, 246, 567, 390]], [[1, 2, 139, 178, 215, 224], [1, 4, 268, 202, 325, 259], [2, 0, 0, 156, 599, 399], [3, 0, 0, 0, 599, 207], [6, 1, 400, 156, 409, 166]], [[1, 0, 328, 196, 462, 301], [1, 5, 260, 212, 347, 273], [2, 0, 0, 174, 471, 399], [3, 0, 0, 0, 599, 399], [4, 6, 0, 160, 12, 181], [6, 1, 62, 172, 62, 174]], [[1, 1, 314, 158, 317, 160], [1, 6, 267, 186, 332, 240], [1, 7, 299, 153, 301, 156], [1, 9, 297, 162, 308, 173], [2, 0, 0, 155, 599, 399], [3, 0, 0, 14, 599, 219], [3, 4, 294, 106, 303, 114], [3, 8, 147, 0, 150, 15], [3, 66, 0, 0, 216, 174], [3, 74, 532, 0, 599, 135]], [[1, 7, 263, 159, 334, 231], [2, 0, 0, 164, 599, 399], [3, 0, 0, 0, 599, 280], [3, 13, 239, 158, 240, 162], [3, 15, 238, 150, 243, 162], [3, 113, 254, 150, 265, 162], [3, 115, 253, 141, 263, 162], [3, 118, 258, 156, 260, 158]], [[1, 2, 258, 161, 270, 170], [1, 4, 289, 163, 298, 171], [1, 8, 267, 188, 334, 262], [2, 0, 0, 157, 599, 399], [3, 0, 0, 0, 599, 232], [6, 1, 347, 157, 348, 162]], [[1, 1, 307, 160, 312, 165], [1, 7, 283, 153, 288, 158], [1, 9, 273, 196, 324, 265], [2, 0, 0, 156, 599, 399], [3, 0, 0, 0, 599, 220], [3, 4, 278, 98, 289, 107], [3, 66, 0, 97, 5, 99]]], "distance_down_track": [69.23094177246094, 23.338415145874023, 112.99068450927734, 86.1744155883789, 110.97907257080078, 69.94075775146484, 1314.5391845703125, 33.4152946472168, 93.9132308959961, 1328.4332275390625], "velocity": [[-15.093413352966309, 0.0249004103243351, 8.4519624710083], [0.8892911672592163, 0.08154687285423279, 10.88844108581543], [-19.910600662231445, -1.439484715461731, -2.710184335708618], [-22.67469024658203, -0.9869478940963745, -3.1835620403289795], [-20.903470993041992, -1.546483039855957, -3.507265329360962], [-14.187287330627441, 0.03551404923200607, 6.935647010803223], [1.9350237846374512, 0.0814959928393364, 22.918312072753906], [-7.096027851104736, 0.07930203527212143, 21.877843856811523], [-21.19049835205078, -1.4786332845687866, -4.146790981292725], [3.3910906314849854, 0.13018879294395447, 21.584857940673828]]}