{"track": "tutorial", "karts": ["puffy", "hexley", "tux", "suzanne", "pidgin", "nolok", "beastie", "gavroche", "amanda", "adiumy"], "detections": [[[1, 0, 203, 201, 388, 326], [1, 1, 324, 153, 339, 168], [1, 3, 391, 144, 412, 159], [1, 6, 132, 153, 178, 180], [1, 8, 180, 153, 213, 174], [2, 0, 127, 123, 274, 156], [3, 0, 0, 36, 599, 399]], [[1, 1, 243, 192, 354, 350], [2, 0, 0, 104, 99, 158], [3, 0, 0, 55, 599, 399]], [[1, 1, 543, 165, 568, 185], [1, 2, 238, 197, 342, 294], [1, 6, 358, 161, 389, 187], [1, 8, 385, 161, 407, 181], [2, 0, 311, 130, 449, 164], [3, 0, 0, 4, 599, 399], [3, 8, 29, 24, 34, 26]], [[1, 1, 0, 279, 29, 310], [1, 3, 224, 201, 377, 319], [3, 0, 0, 64, 599, 399]], [[1, 4, 248, 213, 350, 284], [1, 7, 385, 199, 599, 399], [1, 9, 490, 163, 491, 163], [2, 0, 0, 148, 532, 399], [3, 0, 0, 51, 599, 280], [3, 6, 513, 39, 536, 62], [3, 7, 420, 57, 434, 70], [3, 8, 562, 72, 572, 80]], [[1, 5, 236, 205, 354, 321], [2, 0, 99, 0, 334, 92], [3, 0, 0, 0, 599, 399]], [[1, 1, 483, 161, 533, 191], [1, 6, 208, 180, 379, 330], [1, 8, 281, 165, 344, 221], [2, 0, 119, 103, 347, 163], [3, 0, 0, 17, 599, 399]], [[1, 4, 186, 211, 259, 261], [1, 7, 230, 205, 347, 324], [1, 9, 455, 187, 456, 187], [2, 0, 0, 157, 599, 399], [3, 0, 0, 88, 599, 315], [3, 6, 484, 78, 503, 98], [3, 7, 403, 82, 416, 94], [3, 8, 527, 112, 527, 112]], [[1, 1, 505, 162, 584, 203], [1, 8, 217, 185, 374, 322], [2, 0, 0, 84, 329, 166], [3, 0, 0, 5, 599, 399]], [[1, 0, 351, 232, 370, 245], [1, 1, 416, 202, 429, 210], [1, 3, 452, 207, 466, 216], [1, 6, 336, 199, 348, 208], [1, 8, 350, 196, 361, 204], [1, 9, 270, 195, 327, 254], [2, 0, 330, 160, 566, 191], [3, 0, 0, 0, 599, 399], [3, 8, 133, 42, 142, 53]]], "distance_down_track": [712.6583862304688, 712.6583862304688, 605.3455200195312, 619.34228515625, 605.3455200195312, 656.4569091796875, 605.3455200195312, 633.04345703125, 605.3455200195312, 590.8922729492188], "velocity": [[-4.849850654602051, 0.10665281862020493, -1.022613286972046], [-0.14328165352344513, 0.07399637997150421, 0.01729322224855423], [-4.493652820587158, 0.13097882270812988, -2.023329496383667], [-0.10020212084054947, 0.0648961216211319, -0.013642523437738419], [10.027774810791016, -0.9853259325027466, -10.969598770141602], [4.176431655883789, 0.09298750758171082, -2.674880027770996], [-4.967936038970947, 0.09646903723478317, -0.6683216094970703], [0.11605184525251389, 0.055748119950294495, 0.9602388143539429], [-4.976315021514893, 0.09630408883094788, -0.20190928876399994], [-14.759401321411133, -5.489388465881348, -17.28052520751953]]}