{"track": "overworld", "karts": ["beastie", "kiki", "hexley", "emule", "amanda", "wilber", "adiumy", "xue", "suzanne", "nolok"], "detections": [[[1, 0, 245, 208, 348, 276], [3, 0, 0, 0, 599, 399]], [[1, 1, 232, 167, 367, 308], [2, 7, 18, 160, 290, 220], [2, 24, 291, 154, 599, 219], [3, 7, 0, 0, 290, 217], [3, 24, 287, 0, 599, 159]], [[1, 2, 260, 195, 331, 293], [1, 3, 328, 151, 338, 158], [3, 0, 0, 0, 464, 149], [3, 5, 491, 148, 544, 163], [3, 6, 366, 140, 370, 141]], [[1, 3, 265, 199, 330, 266], [3, 0, 0, 0, 441, 156], [3, 6, 294, 147, 296, 149]], [[1, 4, 255, 191, 336, 263], [3, 0, 0, 0, 599, 187], [3, 4, 317, 158, 319, 159], [3, 7, 324, 157, 330, 160], [3, 8, 323, 160, 323, 160], [3, 24, 331, 157, 337, 160], [3, 25, 335, 158, 335, 158]], [[1, 5, 259, 190, 333, 258], [2, 0, 396, 148, 404, 156], [3, 0, 0, 23, 507, 147], [3, 4, 445, 118, 445, 118], [3, 7, 448, 117, 453, 119], [3, 24, 454, 117, 458, 120], [3, 25, 457, 118, 459, 120]], [[1, 1, 281, 160, 293, 175], [1, 6, 249, 190, 355, 305], [2, 7, 216, 153, 290, 171], [2, 24, 291, 155, 388, 173], [3, 0, 0, 0, 599, 187], [3, 7, 134, 0, 292, 166], [3, 24, 291, 0, 468, 173]], [[1, 4, 420, 153, 424, 155], [1, 7, 267, 187, 335, 264], [3, 0, 0, 73, 599, 161], [3, 24, 410, 153, 410, 153]], [[1, 8, 256, 200, 332, 261], [1, 9, 378, 156, 384, 158], [3, 0, 295, 61, 599, 153]], [[1, 9, 257, 203, 326, 271], [3, 0, 0, 0, 599, 160]]], "distance_down_track": [1351.069580078125, 270.4015197753906, 233.90414428710938, 233.90414428710938, 218.76585388183594, 1461.5220947265625, 621.7353515625, 148.34713745117188, 187.20703125, 1176.8184814453125], "velocity": [[-15.014365196228027, 2.3478989601135254, -6.4702630043029785], [-0.0022198918741196394, -0.04626046493649483, -0.10256040096282959], [-5.281487464904785, 0.07542231678962708, 14.266127586364746], [-2.3729970455169678, 0.12773600220680237, 19.494033813476562], [-1.9637318849563599, 0.5320167541503906, 21.639568328857422], [-7.5254974365234375, -2.959012746810913, 17.925493240356445], [-0.007113893982023001, -0.03817998245358467, 0.11060113459825516], [-8.858388900756836, -0.13302963972091675, 18.70831871032715], [19.87797737121582, -0.29475873708724976, -5.767931938171387], [2.9978089332580566, 0.9862638711929321, -17.596960067749023]]}