{"track": "overworld", "karts": ["beastie", "kiki", "hexley", "emule", "amanda", "wilber", "adiumy", "xue", "suzanne", "nolok"], "detections": [[[1, 0, 259, 189, 345, 264], [3, 0, 0, 93, 490, 206]], [[1, 1, 268, 182, 335, 256], [1, 2, 288, 160, 293, 166], [1, 8, 274, 159, 281, 165], [1, 9, 280, 148, 283, 150], [3, 0, 3, 0, 599, 161]], [[1, 2, 269, 197, 324, 273], [1, 8, 64, 204, 208, 289], [1, 9, 290, 142, 296, 147], [3, 0, 0, 0, 599, 171]], [[1, 3, 249, 201, 325, 306], [1, 6, 268, 202, 522, 399], [2, 7, 57, 197, 272, 253], [2, 24, 273, 195, 599, 258], [3, 7, 0, 0, 272, 241], [3, 24, 271, 0, 599, 196]], [[1, 4, 262, 191, 343, 259], [3, 0, 0, 30, 599, 182]], [[1, 4, 368, 181, 373, 184], [1, 5, 259, 189, 335, 258], [3, 0, 0, 54, 599, 201]], [[1, 3, 248, 174, 292, 231], [1, 6, 263, 195, 343, 272], [2, 7, 43, 145, 249, 190], [2, 24, 248, 146, 500, 191], [3, 7, 0, 0, 247, 183], [3, 24, 239, 0, 599, 189]], [[1, 7, 270, 187, 334, 260], [3, 0, 0, 153, 385, 180], [3, 3, 246, 170, 246, 171], [3, 4, 245, 165, 247, 169], [3, 7, 212, 164, 221, 170], [3, 24, 222, 164, 232, 171]], [[1, 2, 352, 192, 410, 246], [1, 8, 260, 201, 330, 256], [1, 9, 298, 144, 304, 149], [3, 0, 0, 0, 599, 163]], [[1, 4, 533, 121, 533, 121], [1, 9, 270, 203, 330, 259], [3, 0, 0, 0, 599, 168]]], "distance_down_track": [1054.7540283203125, 1211.3548583984375, 1239.290771484375, 621.85693359375, 1413.9715576171875, 1369.8909912109375, 620.2767333984375, 377.7831726074219, 1238.36376953125, 1265.365478515625], "velocity": [[6.7176594734191895, -1.1305832862854004, -20.639888763427734], [-3.362131118774414, -0.2808544635772705, -19.37342071533203], [-1.9095942974090576, 1.3382657766342163, -19.526254653930664], [-0.11272916942834854, 0.5619365572929382, 0.6020792126655579], [-17.348323822021484, -4.22804069519043, 12.392314910888672], [-19.440587997436523, 1.1921318769454956, 2.7119343280792236], [2.608325719833374, -1.961069107055664, 14.743454933166504], [15.911405563354492, 1.1398917436599731, 16.568880081176758], [-3.2351067066192627, -0.010777520015835762, -23.1752872467041], [-0.3999263644218445, 2.3331613540649414, -20.56420135498047]]}