{"track": "xr591", "karts": ["sara_the_racer", "tux", "gavroche", "konqi", "beastie", "kiki", "gnu", "hexley", "nolok", "pidgin"], "detections": [[[1, 0, 268, 189, 329, 357], [1, 2, 309, 162, 314, 165], [1, 4, 321, 158, 322, 158], [2, 0, 0, 158, 599, 399], [3, 0, 0, 0, 599, 239], [6, 10, 337, 154, 338, 157], [6, 45, 282, 160, 294, 168]], [[1, 1, 239, 224, 365, 362], [1, 5, 455, 175, 457, 176], [2, 0, 0, 173, 599, 399], [3, 0, 0, 0, 599, 269], [3, 4, 315, 46, 319, 50], [3, 5, 560, 44, 566, 49], [4, 15, 441, 170, 448, 175], [4, 16, 423, 170, 429, 173], [5, 17, 468, 174, 472, 177], [5, 49, 458, 172, 459, 173]], [[1, 2, 237, 231, 363, 362], [2, 0, 0, 185, 599, 399], [3, 0, 0, 0, 599, 251], [3, 8, 383, 48, 390, 55], [6, 10, 293, 175, 297, 184]], [[1, 3, 231, 214, 369, 381], [1, 6, 345, 178, 356, 188], [1, 8, 305, 180, 315, 193], [2, 0, 0, 0, 599, 399], [3, 0, 0, 0, 599, 239], [5, 46, 502, 202, 503, 204], [6, 1, 310, 184, 310, 184], [6, 58, 314, 190, 340, 194]], [[1, 4, 243, 209, 361, 376], [2, 0, 0, 171, 599, 399], [3, 0, 0, 0, 599, 232], [4, 11, 345, 182, 363, 197], [4, 12, 278, 179, 296, 196], [4, 13, 196, 169, 215, 189]], [[1, 5, 227, 176, 341, 342], [1, 7, 348, 220, 599, 399], [1, 9, 387, 162, 395, 166], [2, 0, 0, 125, 599, 399], [3, 0, 0, 0, 599, 261], [4, 18, 531, 124, 537, 128], [5, 49, 256, 167, 262, 173]], [[1, 6, 227, 173, 366, 304], [1, 8, 0, 185, 72, 293], [2, 0, 0, 187, 599, 399], [3, 0, 0, 0, 599, 244], [3, 6, 271, 75, 276, 79], [5, 28, 355, 191, 355, 191], [5, 46, 469, 202, 471, 204], [6, 1, 232, 192, 234, 192], [6, 2, 210, 188, 212, 190], [6, 58, 0, 251, 235, 363]], [[1, 5, 137, 177, 265, 315], [1, 7, 233, 215, 376, 393], [1, 9, 376, 163, 384, 167], [2, 0, 0, 127, 599, 399], [3, 0, 0, 0, 599, 278], [4, 18, 519, 126, 525, 130], [5, 49, 244, 167, 250, 174]], [[1, 6, 588, 253, 599, 256], [1, 8, 251, 186, 354, 373], [2, 0, 0, 187, 599, 399], [3, 0, 0, 0, 599, 253], [3, 6, 288, 75, 292, 79], [4, 21, 256, 188, 258, 189], [5, 22, 262, 189, 262, 189], [5, 23, 252, 188, 253, 189], [5, 28, 377, 191, 377, 191], [5, 46, 505, 203, 507, 206], [6, 1, 270, 182, 285, 193], [6, 2, 233, 187, 235, 190], [6, 58, 337, 259, 599, 399]], [[1, 9, 241, 239, 364, 360], [2, 0, 0, 122, 599, 399], [3, 0, 0, 0, 599, 252], [4, 18, 352, 160, 357, 164], [5, 19, 378, 162, 380, 164]]], "distance_down_track": [344.390625, 218.8858642578125, 300.0146179199219, 16.666080474853516, 264.7128601074219, 143.84799194335938, 0.5662410855293274, 144.50982666015625, 0.20970159769058228, 106.26093292236328], "velocity": [[6.2116851806640625, 2.386007785797119, -18.504976272583008], [-20.423641204833984, 3.307589530944824, -0.6517120599746704], [-0.6344725489616394, -0.2513256371021271, -20.68874740600586], [-1.5877033472061157, 0.14784175157546997, 14.900729179382324], [10.778755187988281, 2.374861240386963, -18.72401237487793], [-15.487876892089844, 2.7327687740325928, 15.477973937988281], [2.261168956756592, 0.5461487770080566, 23.315441131591797], [-13.669011116027832, 2.400404453277588, 13.479991912841797], [0.7441588044166565, 0.4789595901966095, 20.734560012817383], [-0.04470248147845268, -1.3724772930145264, 21.716629028320312]]}