{"track": "tutorial", "karts": ["puffy", "hexley", "tux", "suzanne", "pidgin", "nolok", "beastie", "gavroche", "amanda", "adiumy"], "detections": [[[1, 0, 203, 201, 389, 327], [1, 1, 389, 197, 399, 203], [1, 2, 333, 194, 342, 200], [1, 5, 259, 186, 267, 191], [1, 6, 312, 195, 323, 202], [1, 8, 364, 186, 373, 193], [2, 0, 0, 158, 599, 399], [3, 0, 0, 0, 599, 263], [3, 8, 120, 41, 130, 53]], [[1, 1, 249, 194, 345, 334], [1, 8, 0, 168, 70, 232], [2, 0, 0, 83, 157, 170], [3, 0, 0, 17, 599, 399]], [[1, 1, 488, 171, 558, 209], [1, 2, 230, 196, 360, 314], [1, 8, 319, 156, 350, 186], [2, 0, 109, 103, 336, 162], [3, 0, 0, 16, 599, 399]], [[1, 0, 444, 180, 448, 180], [1, 3, 262, 200, 334, 254], [1, 7, 315, 184, 349, 215], [1, 9, 414, 176, 414, 176], [2, 0, 0, 173, 599, 399], [3, 0, 0, 75, 599, 263], [3, 6, 452, 64, 470, 84], [3, 7, 367, 79, 379, 93]], [[1, 0, 315, 142, 318, 143], [1, 3, 245, 137, 249, 141], [1, 4, 216, 217, 366, 326], [1, 7, 250, 137, 252, 140], [1, 9, 298, 139, 298, 139], [2, 0, 0, 135, 599, 399], [3, 0, 0, 62, 599, 266], [3, 6, 350, 59, 361, 73], [3, 7, 293, 54, 303, 66]], [[1, 1, 569, 165, 599, 178], [1, 2, 562, 170, 599, 197], [1, 5, 237, 205, 354, 318], [1, 8, 456, 157, 485, 174], [2, 0, 330, 121, 438, 160], [3, 0, 0, 0, 599, 399]], [[1, 1, 472, 167, 514, 193], [1, 2, 333, 171, 384, 215], [1, 6, 208, 180, 379, 329], [1, 8, 345, 156, 369, 178], [2, 0, 192, 114, 354, 161], [3, 0, 0, 17, 599, 399]], [[1, 0, 441, 183, 446, 184], [1, 3, 0, 278, 264, 399], [1, 7, 268, 203, 327, 260], [1, 9, 411, 178, 413, 179], [2, 0, 0, 173, 599, 399], [3, 0, 0, 76, 599, 301], [3, 6, 450, 65, 468, 86], [3, 7, 364, 79, 376, 92]], [[1, 8, 218, 185, 378, 326], [2, 0, 0, 84, 268, 218], [3, 0, 0, 40, 599, 399]], [[1, 0, 301, 161, 323, 173], [1, 8, 417, 179, 417, 179], [1, 9, 271, 195, 327, 250], [2, 0, 0, 156, 599, 399], [3, 0, 0, 0, 599, 386], [3, 6, 205, 0, 225, 15], [3, 8, 237, 54, 242, 55]]], "distance_down_track": [701.0411987304688, 712.6583862304688, 590.8922729492188, 590.8922729492188, 590.8922729492188, 633.04345703125, 590.8922729492188, 605.3455200195312, 590.8922729492188, 576.2125244140625], "velocity": [[-3.4894092082977295, -0.4334860146045685, -3.857713222503662], [-9.42241096496582, 0.14914807677268982, 0.40288370847702026], [-4.825063705444336, 0.08449696004390717, -0.565422534942627], [10.728057861328125, -0.3317028284072876, -20.342044830322266], [0.7762539386749268, -0.4566049873828888, -2.9618334770202637], [-4.816580772399902, 0.08880496025085449, -0.14060045778751373], [-4.998847961425781, 0.09705956280231476, -0.7753774523735046], [9.78243637084961, -0.3443756699562073, -18.367355346679688], [-0.2684171795845032, 0.09731794148683548, 0.2062150090932846], [-10.110809326171875, -2.8674678802490234, -20.45847511291504]]}