{"track": "xr591", "karts": ["sara_the_racer", "tux", "gavroche", "konqi", "beastie", "kiki", "gnu", "hexley", "nolok", "pidgin"], "detections": [[[1, 0, 275, 176, 319, 258], [2, 0, 0, 0, 599, 399], [3, 0, 0, 0, 599, 283], [3, 1, 205, 64, 264, 139], [3, 2, 342, 106, 367, 112], [3, 8, 370, 75, 373, 75], [3, 10, 218, 90, 218, 96], [3, 15, 0, 177, 30, 198], [4, 38, 474, 76, 474, 76], [6, 1, 351, 148, 370, 162]], [[1, 0, 436, 122, 436, 122], [1, 1, 262, 198, 327, 255], [2, 0, 0, 0, 599, 399], [3, 0, 0, 0, 599, 202], [3, 2, 198, 89, 216, 97], [3, 4, 288, 69, 291, 72], [6, 1, 310, 126, 310, 126]], [[1, 2, 272, 203, 337, 262], [2, 0, 0, 146, 599, 399], [3, 0, 0, 0, 599, 399], [4, 20, 222, 161, 261, 194], [4, 21, 306, 151, 327, 168], [5, 22, 287, 159, 300, 174], [5, 23, 323, 154, 333, 164], [6, 2, 80, 135, 120, 154]], [[1, 3, 263, 193, 339, 264], [2, 0, 0, 143, 599, 399], [3, 0, 0, 0, 599, 226], [4, 24, 271, 152, 279, 160], [4, 25, 294, 157, 297, 161], [4, 26, 338, 152, 348, 161], [5, 27, 316, 155, 320, 160], [6, 4, 260, 144, 260, 144]], [[1, 4, 222, 181, 382, 317], [2, 0, 0, 143, 599, 399], [3, 0, 0, 0, 599, 281], [5, 28, 521, 143, 526, 148], [5, 29, 489, 145, 492, 148], [6, 4, 585, 144, 587, 147]], [[1, 4, 207, 174, 236, 195], [1, 5, 266, 182, 332, 255], [2, 0, 0, 165, 599, 399], [3, 0, 0, 0, 599, 246], [3, 6, 314, 21, 321, 28], [5, 28, 468, 166, 471, 169], [5, 29, 467, 168, 468, 170], [6, 4, 558, 168, 559, 168]], [[1, 6, 250, 154, 344, 231], [2, 0, 0, 0, 599, 399], [3, 0, 0, 0, 599, 379], [3, 1, 0, 0, 397, 155]], [[1, 7, 270, 195, 339, 268], [2, 0, 0, 175, 599, 399], [3, 0, 0, 0, 599, 399], [4, 21, 198, 177, 198, 179], [5, 23, 202, 177, 203, 178], [5, 28, 99, 174, 108, 185], [5, 29, 302, 177, 312, 188], [6, 2, 141, 174, 141, 174], [6, 4, 582, 250, 599, 258]], [[1, 3, 207, 167, 214, 173], [1, 8, 263, 204, 343, 282], [1, 9, 188, 173, 196, 177], [2, 0, 59, 148, 599, 399], [3, 0, 0, 0, 599, 399], [4, 24, 178, 157, 182, 161], [4, 25, 192, 160, 194, 161], [4, 26, 216, 156, 220, 160], [5, 27, 204, 158, 206, 160], [6, 48, 349, 162, 409, 200]], [[1, 3, 367, 165, 415, 199], [1, 9, 267, 209, 334, 256], [2, 0, 0, 136, 599, 399], [3, 0, 0, 0, 599, 309], [4, 24, 292, 145, 300, 151], [4, 25, 314, 149, 317, 152], [4, 26, 354, 143, 363, 151], [5, 27, 334, 146, 338, 150]]], "distance_down_track": [1197.287109375, 1056.755126953125, 1125.8304443359375, 918.2838134765625, 1089.9393310546875, 1082.875732421875, 788.83154296875, 979.029296875, 883.451904296875, 915.2583618164062], "velocity": [[-4.480695724487305, 0.8164205551147461, 19.13031768798828], [20.204885482788086, 0.4005710482597351, 8.078451156616211], [20.69712257385254, 0.066721111536026, -0.3385695815086365], [6.62899112701416, -0.45613303780555725, -20.089649200439453], [0.5175573229789734, -0.009672626852989197, -9.347929954528809], [2.8110504150390625, -0.4210585653781891, -19.458492279052734], [14.676163673400879, -4.065563678741455, -11.239694595336914], [17.636850357055664, 0.9978026747703552, -2.2595105171203613], [-1.1672064065933228, -1.1081008911132812, -14.716009140014648], [6.684494495391846, -0.7915652990341187, -24.13849449157715]]}