{"track": "overworld", "karts": ["beastie", "kiki", "hexley", "emule", "amanda", "wilber", "adiumy", "xue", "suzanne", "nolok"], "detections": [[[1, 0, 257, 189, 343, 262], [3, 0, 0, 145, 597, 183], [3, 2, 276, 175, 279, 179], [3, 3, 276, 173, 277, 175], [3, 4, 275, 166, 279, 169], [3, 7, 282, 164, 293, 181], [3, 8, 283, 167, 285, 169], [3, 24, 293, 164, 305, 180], [3, 25, 302, 167, 305, 172]], [[1, 1, 268, 183, 330, 251], [1, 2, 279, 175, 283, 180], [1, 3, 289, 172, 293, 179], [1, 6, 295, 175, 301, 181], [2, 7, 257, 171, 291, 179], [2, 24, 292, 169, 334, 178], [3, 0, 0, 0, 599, 183], [3, 7, 221, 30, 290, 179], [3, 24, 283, 29, 354, 175], [3, 25, 346, 67, 353, 87]], [[1, 2, 278, 199, 328, 269], [1, 3, 360, 165, 415, 240], [2, 7, 159, 157, 354, 201], [2, 24, 353, 150, 599, 201], [3, 0, 0, 138, 24, 197], [3, 7, 0, 0, 360, 199], [3, 24, 355, 0, 599, 156]], [[1, 2, 0, 116, 162, 373], [1, 3, 241, 198, 360, 322], [3, 0, 0, 57, 599, 271], [3, 7, 0, 198, 295, 399], [3, 24, 296, 197, 599, 399]], [[1, 4, 256, 191, 337, 262], [1, 9, 278, 152, 283, 156], [3, 0, 0, 0, 599, 153]], [[1, 5, 261, 190, 336, 258], [3, 0, 0, 54, 599, 177], [3, 24, 231, 134, 231, 134]], [[1, 2, 204, 161, 236, 191], [1, 3, 256, 147, 280, 187], [1, 6, 260, 192, 344, 279], [2, 7, 150, 145, 279, 175], [2, 24, 279, 146, 450, 177], [3, 0, 0, 0, 599, 183], [3, 7, 1, 0, 278, 169], [3, 24, 277, 0, 586, 176]], [[1, 4, 340, 179, 344, 181], [1, 7, 261, 187, 329, 265], [1, 8, 445, 191, 451, 193], [1, 9, 336, 179, 337, 179], [3, 0, 196, 96, 599, 194]], [[1, 4, 272, 156, 284, 164], [1, 8, 262, 200, 339, 259], [1, 9, 485, 148, 495, 152], [3, 0, 200, 42, 599, 151]], [[1, 9, 263, 203, 324, 262], [3, 0, 34, 0, 599, 161]]], "distance_down_track": [301.0623474121094, 310.2080383300781, 310.2080383300781, 310.2080383300781, 1167.6998291015625, 42.2328987121582, 616.099853515625, 1108.8212890625, 215.60777282714844, 1200.751708984375], "velocity": [[1.724185824394226, 1.1108736991882324, 21.63800811767578], [-0.5855662822723389, -3.019531011581421, 21.632431030273438], [-0.20999875664710999, 0.9475306272506714, 2.131948947906494], [0.15778668224811554, -0.14965921640396118, -0.07679896801710129], [-4.057066440582275, 0.25886884331703186, -21.351425170898438], [5.731404781341553, -0.6362550258636475, 18.80048942565918], [-0.7042898535728455, -1.7633689641952515, 12.914721488952637], [-0.20414404571056366, 2.385152816772461, -20.561111450195312], [19.191194534301758, -0.40958884358406067, -7.7472686767578125], [-3.637263059616089, -0.029331687837839127, -20.377914428710938]]}