{"track": "snowtuxpeak", "karts": ["pidgin", "amanda", "xue", "tux", "gavroche", "emule", "puffy", "sara_the_wizard", "beastie", "gnu"], "detections": [[[1, 0, 267, 209, 335, 257], [1, 1, 295, 163, 322, 181], [1, 4, 300, 171, 326, 189], [1, 8, 332, 159, 355, 178], [2, 0, 0, 161, 470, 399], [3, 0, 0, 0, 599, 399]], [[1, 1, 260, 192, 334, 256], [1, 4, 327, 238, 439, 339], [1, 8, 344, 173, 404, 223], [2, 0, 0, 170, 599, 399], [3, 0, 0, 0, 599, 367]], [[1, 2, 263, 187, 333, 264], [1, 3, 314, 171, 320, 175], [1, 6, 261, 185, 291, 196], [1, 7, 305, 170, 310, 177], [2, 0, 0, 127, 599, 399], [3, 0, 0, 0, 599, 349], [4, 18, 540, 176, 548, 181]], [[1, 3, 264, 198, 333, 257], [2, 0, 0, 101, 599, 399], [3, 0, 0, 0, 599, 314], [3, 1, 526, 14, 555, 50]], [[1, 1, 240, 178, 297, 224], [1, 4, 267, 203, 325, 260], [1, 8, 315, 166, 360, 205], [2, 0, 0, 168, 589, 399], [3, 0, 0, 0, 599, 399]], [[1, 2, 304, 176, 334, 204], [1, 3, 339, 181, 344, 185], [1, 5, 273, 199, 328, 255], [1, 6, 299, 183, 315, 190], [1, 7, 331, 180, 335, 185], [2, 0, 0, 143, 599, 399], [3, 0, 0, 0, 599, 385], [4, 18, 571, 195, 580, 200]], [[1, 3, 318, 159, 326, 165], [1, 6, 236, 223, 365, 294], [1, 7, 310, 159, 317, 168], [2, 0, 0, 111, 599, 399], [3, 0, 0, 0, 599, 264], [4, 18, 571, 165, 581, 171]], [[1, 3, 303, 165, 324, 183], [1, 7, 281, 188, 319, 260], [2, 0, 0, 97, 599, 399], [3, 0, 0, 19, 599, 283], [3, 1, 570, 0, 599, 36]], [[1, 1, 51, 220, 223, 331], [1, 4, 18, 357, 226, 399], [1, 8, 257, 189, 340, 260], [2, 0, 0, 173, 345, 399], [3, 0, 0, 0, 599, 399]], [[1, 8, 378, 168, 378, 168], [1, 9, 275, 160, 331, 233], [2, 0, 266, 162, 599, 399], [3, 0, 0, 0, 599, 399]]], "distance_down_track": [582.4608154296875, 591.6349487304688, 625.9302978515625, 659.0057983398438, 588.6497802734375, 621.4041748046875, 632.27197265625, 652.3977661132812, 593.0590209960938, 443.5838623046875], "velocity": [[1.0084959268569946, 1.1458796262741089, 24.686500549316406], [11.843779563903809, 1.8600367307662964, 21.322805404663086], [19.581615447998047, -6.709219932556152, 0.19149118661880493], [19.25768280029297, -6.951830863952637, -3.0501842498779297], [8.346029281616211, 1.1801499128341675, 19.00679588317871], [21.73392105102539, -6.841311454772949, 5.32851505279541], [11.564038276672363, -4.428702354431152, 1.3482600450515747], [21.62082862854004, -8.948775291442871, -0.1385117918252945], [8.996397972106934, 2.309227466583252, 20.332788467407227], [-20.497159957885742, 3.5870704650878906, 9.797924041748047]]}