{"track": "overworld", "karts": ["beastie", "kiki", "hexley", "emule", "amanda", "wilber", "adiumy", "xue", "suzanne", "nolok"], "detections": [[[1, 0, 257, 189, 343, 263], [3, 0, 0, 77, 599, 215]], [[1, 1, 266, 183, 327, 254], [1, 2, 283, 159, 284, 161], [1, 8, 311, 163, 313, 164], [1, 9, 334, 164, 337, 165], [3, 0, 0, 78, 356, 165], [3, 7, 271, 157, 272, 157], [3, 24, 273, 157, 276, 158]], [[1, 2, 273, 196, 319, 258], [1, 8, 356, 168, 373, 180], [1, 9, 361, 157, 368, 162], [3, 0, 0, 101, 512, 170], [3, 7, 195, 144, 199, 145], [3, 24, 200, 144, 203, 145]], [[1, 3, 240, 200, 358, 322], [1, 6, 209, 216, 274, 282], [2, 7, 207, 160, 281, 176], [2, 24, 282, 160, 379, 176], [3, 0, 0, 0, 599, 188], [3, 7, 117, 0, 281, 174], [3, 24, 277, 0, 452, 175]], [[1, 4, 259, 192, 341, 259], [3, 0, 0, 120, 599, 189], [3, 1, 253, 160, 262, 164], [3, 2, 261, 153, 265, 157], [3, 3, 260, 148, 262, 150], [3, 4, 259, 141, 264, 146], [3, 7, 269, 139, 281, 163], [3, 8, 269, 141, 273, 145], [3, 24, 280, 139, 294, 163], [3, 25, 287, 140, 294, 153]], [[1, 5, 251, 188, 331, 265], [3, 0, 0, 0, 599, 161]], [[1, 3, 371, 115, 599, 399], [1, 6, 251, 190, 353, 298], [2, 7, 212, 147, 291, 166], [2, 24, 292, 148, 397, 167], [3, 0, 0, 0, 599, 172], [3, 7, 119, 0, 292, 162], [3, 24, 292, 0, 482, 167]], [[1, 5, 288, 153, 295, 160], [1, 7, 261, 187, 329, 265], [3, 0, 0, 0, 599, 155]], [[1, 7, 569, 150, 571, 151], [1, 8, 261, 201, 332, 256], [1, 9, 319, 157, 331, 166], [3, 0, 0, 84, 599, 186], [3, 4, 140, 144, 140, 144], [3, 7, 148, 143, 152, 144], [3, 8, 149, 143, 149, 143], [3, 24, 153, 143, 155, 144]], [[1, 7, 508, 158, 514, 159], [1, 9, 268, 203, 324, 257], [3, 0, 1, 110, 599, 155], [3, 4, 17, 151, 19, 152]]], "distance_down_track": [1394.0384521484375, 72.52314758300781, 121.8468017578125, 608.0903930664062, 316.3019104003906, 1182.0028076171875, 609.0463256835938, 1152.982421875, 137.190673828125, 149.76756286621094], "velocity": [[-19.114116668701172, -1.486834168434143, 10.239627838134766], [2.491769790649414, 0.8876500725746155, 21.68929672241211], [11.558932304382324, -0.7582287788391113, 21.984966278076172], [5.916435718536377, -1.0865771770477295, 0.7856301665306091], [2.4627270698547363, -1.1169841289520264, 21.566118240356445], [-0.04612753540277481, 0.8398600816726685, -19.072229385375977], [-2.3159055709838867, -0.24656644463539124, 3.512583017349243], [-4.293437480926514, 0.390331506729126, -20.24608612060547], [12.212529182434082, -0.6434091925621033, 19.07063865661621], [17.027759552001953, 0.12952113151550293, 14.485493659973145]]}