{"track": "volcano_island", "karts": ["gavroche", "adiumy", "amanda", "nolok", "tux", "konqi", "kiki", "pidgin", "sara_the_racer", "suzanne"], "detections": [[[1, 0, 267, 176, 329, 217], [1, 8, 355, 46, 363, 60], [2, 0, 0, 22, 599, 399], [3, 0, 0, 0, 599, 284], [3, 61, 151, 0, 198, 56], [3, 83, 478, 36, 511, 56], [3, 216, 222, 0, 245, 46], [3, 220, 476, 3, 478, 38], [3, 304, 67, 0, 107, 41]], [[1, 1, 266, 157, 338, 218], [1, 4, 406, 160, 484, 216], [2, 0, 0, 113, 599, 399], [3, 0, 0, 0, 599, 399], [3, 95, 542, 56, 599, 129], [3, 201, 584, 141, 597, 155], [3, 224, 522, 0, 582, 117]], [[2, 0, 557, 188, 599, 199], [3, 0, 0, 0, 599, 399], [3, 347, 229, 0, 599, 399]], [[1, 1, 66, 100, 91, 121], [1, 3, 278, 179, 319, 213], [1, 4, 116, 100, 143, 119], [1, 6, 541, 110, 576, 135], [1, 9, 186, 140, 231, 169], [2, 0, 0, 86, 599, 399], [3, 0, 0, 0, 599, 269], [3, 95, 165, 66, 205, 88], [3, 201, 179, 88, 193, 98], [3, 224, 156, 11, 183, 84]], [[1, 1, 180, 174, 228, 214], [1, 3, 578, 333, 599, 394], [1, 4, 273, 175, 324, 212], [1, 9, 404, 252, 491, 309], [2, 0, 0, 145, 599, 399], [3, 0, 0, 0, 599, 399], [3, 95, 362, 106, 442, 154], [3, 201, 391, 154, 418, 172], [3, 224, 352, 10, 401, 146]], [[1, 5, 267, 172, 336, 212], [2, 0, 11, 145, 599, 399], [2, 29, 455, 234, 475, 262], [3, 0, 0, 0, 599, 399], [3, 15, 382, 206, 388, 208], [3, 16, 372, 205, 379, 207], [3, 23, 388, 233, 441, 268], [3, 24, 312, 223, 363, 255], [3, 25, 307, 215, 447, 235], [3, 26, 393, 206, 435, 226], [3, 27, 325, 197, 363, 204], [3, 28, 315, 200, 397, 227], [3, 29, 448, 232, 463, 261], [3, 69, 0, 27, 31, 166], [3, 186, 291, 0, 304, 67]], [[1, 6, 261, 165, 330, 212], [2, 0, 0, 182, 586, 399], [3, 0, 0, 28, 599, 399]], [[1, 7, 274, 179, 327, 214], [2, 0, 0, 83, 599, 399], [3, 0, 0, 0, 599, 378], [3, 174, 229, 0, 237, 128], [5, 25, 595, 134, 599, 155], [5, 26, 294, 131, 313, 160]], [[1, 8, 280, 161, 314, 214], [2, 0, 0, 77, 599, 399], [3, 0, 0, 0, 599, 199]], [[1, 1, 117, 122, 150, 149], [1, 3, 390, 226, 444, 271], [1, 4, 181, 123, 216, 148], [1, 9, 271, 175, 330, 213], [2, 0, 0, 103, 599, 399], [3, 0, 0, 0, 599, 377], [3, 95, 242, 78, 297, 108], [3, 201, 262, 108, 280, 120], [3, 224, 233, 11, 268, 103]]], "distance_down_track": [46.24797821044922, 100.601806640625, 146.6587677001953, 132.01004028320312, 100.9168701171875, 201.15032958984375, 117.77230072021484, 277.1605224609375, 0.22200846672058105, 122.59028625488281], "velocity": [[-17.721267700195312, 0.12213745713233948, 10.751687049865723], [0.3103613555431366, 0.08870836347341537, 23.39777183532715], [-4.895759582519531, 0.08176626265048981, 21.176284790039062], [8.152172088623047, 0.08186767995357513, 19.026962280273438], [2.9397146701812744, 0.08820025622844696, 20.49000358581543], [5.141593933105469, 0.08034774661064148, 19.131549835205078], [-8.655842781066895, 0.08752885460853577, 19.728199005126953], [4.6333160400390625, 0.08761347830295563, 21.235227584838867], [-24.478607177734375, 0.08648975938558578, 1.1604505777359009], [5.190524101257324, 0.24163535237312317, 4.4768571853637695]]}