{"track": "fortmagma", "karts": ["nolok", "beastie", "sara_the_wizard", "adiumy", "puffy", "konqi", "pidgin", "emule", "xue", "gnu"], "detections": [[[1, 0, 268, 203, 329, 258], [2, 0, 0, 150, 599, 399], [3, 0, 0, 0, 599, 226], [3, 11, 254, 118, 266, 150], [3, 12, 338, 100, 359, 159], [6, 23, 252, 150, 259, 150], [6, 39, 239, 145, 245, 149], [6, 40, 263, 148, 264, 149]], [[1, 1, 267, 190, 346, 258], [2, 0, 0, 143, 599, 399], [3, 0, 0, 0, 599, 308], [3, 15, 441, 54, 599, 185], [6, 32, 364, 198, 406, 204]], [[1, 2, 278, 186, 323, 278], [1, 4, 0, 187, 9, 192], [1, 7, 6, 191, 18, 197], [1, 9, 13, 196, 22, 203], [2, 0, 0, 26, 599, 399], [3, 0, 0, 0, 599, 371], [6, 35, 8, 199, 33, 214], [6, 36, 305, 100, 337, 122], [6, 37, 327, 35, 337, 43], [8, 12, 270, 117, 284, 132], [8, 13, 9, 199, 11, 201]], [[1, 3, 263, 216, 337, 265], [1, 8, 453, 209, 516, 246], [2, 0, 0, 6, 599, 399], [3, 0, 0, 0, 599, 191]], [[1, 4, 199, 200, 383, 331], [1, 6, 127, 218, 255, 272], [2, 0, 0, 179, 599, 399], [3, 0, 0, 0, 599, 222]], [[1, 3, 427, 162, 451, 170], [1, 4, 330, 149, 349, 161], [1, 5, 261, 192, 325, 258], [1, 6, 318, 153, 331, 158], [1, 7, 368, 163, 398, 183], [1, 8, 501, 174, 549, 185], [2, 0, 0, 72, 599, 399], [2, 1, 113, 102, 170, 114], [3, 0, 0, 0, 599, 312], [3, 1, 66, 97, 143, 112], [3, 13, 0, 0, 209, 142], [6, 3, 132, 108, 143, 110]], [[1, 4, 347, 221, 599, 399], [1, 6, 219, 240, 363, 325], [2, 0, 0, 177, 599, 399], [3, 0, 0, 0, 599, 254]], [[1, 3, 333, 180, 360, 190], [1, 4, 169, 161, 215, 186], [1, 6, 144, 168, 173, 180], [1, 7, 258, 199, 326, 262], [1, 8, 424, 193, 471, 207], [2, 0, 0, 165, 599, 399], [3, 0, 0, 0, 599, 399]], [[1, 8, 238, 214, 343, 302], [2, 0, 0, 0, 599, 399], [3, 0, 0, 0, 599, 290], [6, 21, 540, 185, 570, 193]], [[1, 4, 331, 133, 345, 140], [1, 5, 260, 151, 284, 166], [1, 6, 326, 134, 332, 137], [1, 7, 330, 144, 349, 153], [1, 9, 274, 158, 332, 227], [2, 0, 0, 57, 599, 399], [2, 1, 213, 83, 226, 86], [3, 0, 0, 0, 599, 384], [3, 1, 189, 82, 235, 102], [3, 13, 98, 0, 272, 124], [6, 3, 228, 88, 235, 90], [6, 4, 229, 86, 232, 87], [8, 13, 299, 156, 311, 165]]], "distance_down_track": [1062.2510986328125, 876.0107421875, 918.35546875, 1007.3651123046875, 1000.6159057617188, 985.6162109375, 1000.2962646484375, 998.3374633789062, 1011.3572387695312, 971.4002685546875], "velocity": [[1.8198522329330444, 0.08159421384334564, 20.619688034057617], [15.843080520629883, -2.382535219192505, 22.20889663696289], [-3.5701422691345215, -4.424159049987793, 16.08099365234375], [4.5293731689453125, 0.13361036777496338, 11.36097526550293], [-0.23665323853492737, 0.10425953567028046, 0.6038163900375366], [-17.273874282836914, 0.26327335834503174, 17.267688751220703], [-2.108107328414917, 0.083985336124897, 4.40327262878418], [-5.038712978363037, 0.1127159595489502, 18.335466384887695], [7.2904534339904785, 0.0726955309510231, 8.89348030090332], [-20.908231735229492, -5.453590393066406, 3.815159797668457]]}