{"track": "tutorial", "karts": ["puffy", "hexley", "tux", "suzanne", "pidgin", "nolok", "beastie", "gavroche", "amanda", "adiumy"], "detections": [[[1, 0, 202, 201, 386, 323], [1, 1, 293, 160, 322, 188], [1, 2, 327, 154, 342, 163], [1, 3, 315, 155, 329, 164], [1, 4, 292, 155, 305, 163], [1, 5, 192, 158, 222, 178], [1, 7, 310, 154, 316, 162], [1, 9, 343, 155, 353, 164], [2, 0, 233, 132, 328, 155], [3, 0, 0, 35, 599, 399]], [[1, 1, 242, 193, 349, 349], [1, 2, 291, 154, 312, 166], [1, 3, 276, 155, 296, 168], [1, 4, 243, 155, 263, 166], [1, 5, 0, 196, 47, 228], [1, 7, 268, 154, 278, 165], [1, 9, 313, 154, 326, 167], [2, 0, 154, 123, 290, 155], [3, 0, 0, 36, 599, 399]], [[1, 2, 225, 196, 358, 313], [1, 3, 367, 218, 599, 399], [1, 7, 259, 321, 599, 399], [1, 9, 263, 181, 334, 238], [3, 0, 0, 31, 599, 399]], [[1, 2, 282, 176, 388, 243], [1, 3, 222, 201, 374, 318], [1, 4, 0, 232, 104, 343], [1, 7, 134, 182, 270, 273], [1, 9, 372, 176, 453, 242], [2, 0, 0, 55, 218, 185], [3, 0, 0, 20, 599, 399]], [[1, 2, 409, 192, 500, 239], [1, 3, 431, 205, 599, 295], [1, 4, 208, 216, 355, 333], [1, 7, 339, 195, 419, 269], [1, 9, 485, 191, 571, 236], [2, 0, 0, 73, 285, 209], [3, 0, 0, 47, 599, 399]], [[1, 2, 396, 160, 419, 174], [1, 3, 381, 162, 402, 176], [1, 4, 342, 161, 363, 172], [1, 5, 236, 204, 348, 316], [1, 7, 367, 159, 385, 171], [1, 9, 419, 161, 437, 176], [2, 0, 251, 124, 381, 160], [3, 0, 0, 17, 599, 399]], [[1, 6, 259, 189, 341, 255], [1, 8, 242, 180, 245, 182], [2, 0, 0, 173, 599, 399], [3, 0, 0, 108, 599, 266], [3, 6, 279, 109, 287, 119], [3, 7, 231, 103, 238, 110]], [[1, 2, 317, 192, 404, 256], [1, 3, 356, 212, 550, 341], [1, 4, 0, 315, 247, 399], [1, 7, 239, 205, 354, 327], [1, 9, 379, 189, 432, 240], [2, 0, 0, 53, 141, 232], [3, 0, 0, 35, 599, 399]], [[1, 8, 263, 193, 338, 255], [2, 0, 0, 155, 599, 399], [3, 0, 0, 61, 599, 317], [3, 6, 450, 51, 467, 71], [3, 7, 371, 65, 383, 78]], [[1, 2, 46, 193, 250, 308], [1, 3, 0, 270, 80, 357], [1, 7, 0, 247, 39, 272], [1, 9, 251, 190, 356, 305], [2, 0, 0, 106, 166, 220], [3, 0, 0, 82, 599, 399]]], "distance_down_track": [712.6583862304688, 712.6583862304688, 491.73480224609375, 491.73480224609375, 491.73480224609375, 547.9110717773438, 473.2306823730469, 512.133544921875, 455.9293518066406, 455.9293518066406], "velocity": [[-4.477261543273926, 0.1158953309059143, -2.0268843173980713], [-4.619175910949707, 0.11126000434160233, -1.142714262008667], [0.6700262427330017, 0.16610302031040192, 1.5802839994430542], [0.49499213695526123, -0.04111400991678238, 3.096259832382202], [-0.2964669167995453, 0.049638018012046814, 0.14867395162582397], [-4.704885005950928, 0.10142571479082108, -1.9254424571990967], [0.3920156955718994, -1.5867797136306763, -23.942224502563477], [-1.291844129562378, 0.014793656766414642, 1.3739948272705078], [13.174311637878418, -0.8523820638656616, -20.222103118896484], [-0.4856666326522827, 0.16409267485141754, 0.9989010095596313]]}