{"track": "tutorial", "karts": ["puffy", "hexley", "tux", "suzanne", "pidgin", "nolok", "beastie", "gavroche", "amanda", "adiumy"], "detections": [[[1, 0, 256, 201, 345, 261], [1, 1, 250, 159, 250, 160], [2, 0, 0, 161, 599, 399], [3, 0, 0, 116, 599, 319], [3, 6, 199, 134, 201, 135], [3, 7, 147, 125, 153, 132]], [[1, 1, 274, 195, 329, 269], [2, 0, 0, 184, 599, 399], [3, 0, 0, 121, 599, 274], [3, 6, 274, 123, 282, 132], [3, 7, 226, 116, 231, 123]], [[1, 2, 264, 198, 328, 254], [1, 4, 557, 173, 564, 176], [2, 0, 0, 162, 599, 399], [3, 0, 0, 26, 599, 399], [3, 6, 284, 12, 301, 39], [3, 7, 181, 17, 199, 37]], [[1, 3, 221, 201, 369, 322], [1, 5, 598, 188, 599, 192], [2, 0, 24, 92, 319, 163], [3, 0, 0, 12, 599, 399]], [[1, 4, 230, 218, 380, 326], [2, 0, 0, 171, 599, 399], [3, 0, 0, 0, 599, 217]], [[1, 5, 228, 206, 352, 322], [1, 7, 376, 161, 404, 182], [3, 0, 0, 20, 599, 399]], [[1, 6, 227, 184, 357, 308], [1, 8, 123, 84, 129, 88], [1, 9, 120, 65, 123, 66], [2, 0, 0, 51, 599, 399], [3, 0, 0, 0, 599, 213]], [[1, 7, 237, 205, 351, 318], [2, 0, 506, 28, 599, 87], [3, 0, 0, 0, 599, 399]], [[1, 8, 243, 189, 359, 290], [1, 9, 343, 119, 350, 124], [2, 0, 0, 97, 599, 399], [3, 0, 0, 0, 599, 201]], [[1, 9, 274, 195, 334, 255], [2, 0, 0, 131, 599, 399], [3, 0, 0, 0, 599, 254]]], "distance_down_track": [500.09539794921875, 553.0988159179688, 0.0, 0.0, 0.0, 0.0, 753.8200073242188, 0.0, 753.8200073242188, 753.8200073242188], "velocity": [[-6.508105754852295, 1.4253137111663818, -20.688722610473633], [0.07681978493928909, -0.17431434988975525, -19.66407585144043], [-4.603063106536865, -2.6599645614624023, -22.377140045166016], [-4.848703861236572, 0.08335467427968979, -0.29074734449386597], [-0.2692844569683075, 0.014054197818040848, 1.076273798942566], [0.26371192932128906, 0.2048267126083374, 1.375601887702942], [-8.117030143737793, -3.259996175765991, -2.5831210613250732], [1.323258399963379, 0.06201419606804848, 0.9885338544845581], [-6.7977142333984375, -0.28726425766944885, -11.481492042541504], [-17.509611129760742, 2.7791097164154053, -10.233713150024414]]}