{"track": "snowmountain", "karts": ["adiumy", "beastie", "sara_the_racer", "wilber", "nolok", "gavroche", "konqi", "sara_the_wizard", "tux", "xue"], "detections": [[[1, 0, 270, 195, 332, 253], [2, 0, 0, 154, 599, 399], [3, 0, 0, 0, 599, 269], [3, 28, 406, 118, 417, 129], [3, 29, 408, 122, 414, 128], [3, 116, 395, 114, 413, 154]], [[1, 1, 257, 189, 343, 262], [1, 6, 274, 159, 288, 169], [2, 0, 0, 161, 599, 399], [3, 0, 0, 0, 599, 251], [4, 21, 391, 158, 415, 177], [5, 31, 244, 165, 251, 178], [6, 6, 305, 153, 347, 179]], [[1, 0, 317, 157, 322, 160], [1, 2, 278, 176, 321, 258], [1, 7, 0, 201, 178, 326], [1, 8, 275, 171, 294, 193], [2, 0, 0, 154, 599, 399], [3, 0, 0, 0, 599, 229]], [[1, 0, 279, 155, 281, 156], [1, 2, 274, 155, 277, 161], [1, 3, 262, 190, 337, 258], [1, 7, 258, 156, 262, 161], [1, 8, 270, 156, 274, 160], [1, 9, 262, 157, 270, 164], [2, 0, 0, 154, 599, 399], [3, 0, 0, 0, 599, 265], [3, 16, 289, 50, 301, 68], [3, 17, 293, 56, 297, 65], [3, 20, 274, 113, 276, 117], [3, 21, 274, 114, 275, 117], [4, 22, 224, 157, 237, 170], [4, 23, 336, 157, 350, 169], [5, 38, 291, 161, 299, 169]], [[1, 2, 225, 163, 227, 168], [1, 3, 242, 165, 256, 177], [1, 4, 258, 203, 345, 287], [1, 7, 212, 165, 215, 168], [1, 8, 222, 165, 224, 168], [1, 9, 218, 165, 223, 169], [2, 0, 0, 164, 599, 399], [3, 0, 0, 0, 599, 273], [3, 12, 282, 42, 297, 62], [3, 13, 286, 49, 292, 59], [3, 16, 238, 108, 243, 114], [3, 17, 240, 110, 242, 113], [3, 20, 223, 132, 224, 135], [3, 21, 223, 133, 224, 135], [4, 22, 201, 164, 208, 171], [4, 23, 268, 163, 275, 169], [5, 38, 241, 165, 245, 170]], [[1, 5, 236, 204, 351, 319], [3, 0, 0, 0, 599, 399]], [[1, 4, 170, 163, 174, 169], [1, 6, 267, 191, 343, 266], [2, 0, 0, 164, 599, 399], [3, 0, 0, 0, 599, 296]], [[1, 0, 316, 157, 321, 160], [1, 2, 389, 172, 434, 228], [1, 7, 281, 188, 318, 260], [1, 8, 327, 170, 352, 189], [2, 0, 0, 155, 599, 399], [3, 0, 0, 0, 599, 328]], [[1, 0, 316, 158, 322, 162], [1, 8, 267, 198, 332, 253], [2, 0, 0, 155, 599, 399], [3, 0, 0, 0, 599, 235]], [[1, 0, 301, 157, 305, 159], [1, 2, 312, 161, 324, 185], [1, 7, 258, 167, 273, 190], [1, 8, 293, 163, 306, 174], [1, 9, 269, 188, 331, 258], [2, 0, 0, 155, 599, 399], [3, 0, 0, 0, 599, 270], [3, 20, 306, 35, 319, 56], [3, 21, 310, 43, 315, 53]]], "distance_down_track": [799.2769165039062, 669.6195068359375, 760.6674194335938, 727.9036254882812, 712.6266479492188, 351.0862121582031, 686.9293823242188, 759.6246948242188, 765.78564453125, 753.4297485351562], "velocity": [[8.013437271118164, -2.5605850219726562, 18.91343879699707], [21.732709884643555, 0.08176965266466141, -0.30477267503738403], [-1.193050503730774, -1.1657439470291138, 19.594127655029297], [1.1665326356887817, -1.16925048828125, 19.595516204833984], [3.500263214111328, 0.06862848997116089, 12.706764221191406], [-0.7707987427711487, 0.019957780838012695, -4.252671718597412], [19.600860595703125, 0.08176355063915253, 6.655034065246582], [0.6427350044250488, -1.410327434539795, 23.348615646362305], [-0.8138883113861084, -1.332317590713501, 22.231494903564453], [0.4584573805332184, -1.410130500793457, 23.35297393798828]]}