{"track": "overworld", "karts": ["beastie", "kiki", "hexley", "emule", "amanda", "wilber", "adiumy", "xue", "suzanne", "nolok"], "detections": [[[1, 0, 261, 189, 347, 266], [3, 0, 0, 103, 517, 233]], [[1, 1, 256, 180, 331, 266], [1, 2, 413, 152, 422, 159], [1, 8, 384, 151, 398, 160], [1, 9, 439, 155, 443, 157], [3, 0, 0, 0, 599, 151]], [[1, 2, 266, 196, 322, 270], [1, 9, 301, 163, 307, 168], [3, 0, 27, 0, 599, 160]], [[1, 3, 239, 216, 359, 322], [1, 6, 251, 120, 358, 229], [2, 7, 215, 157, 280, 173], [2, 24, 319, 157, 387, 174], [3, 0, 0, 0, 599, 184], [3, 7, 128, 0, 289, 171], [3, 24, 288, 0, 462, 173]], [[1, 4, 253, 191, 343, 266], [3, 0, 0, 43, 599, 199]], [[1, 4, 510, 153, 515, 157], [1, 5, 263, 188, 338, 259], [3, 0, 0, 0, 599, 219]], [[1, 3, 239, 276, 352, 393], [1, 6, 253, 192, 354, 298], [2, 7, 219, 163, 292, 180], [2, 24, 293, 164, 390, 182], [3, 0, 0, 0, 599, 201], [3, 7, 135, 0, 292, 176], [3, 24, 293, 0, 470, 181]], [[1, 7, 266, 188, 329, 259], [3, 0, 0, 66, 489, 180], [3, 6, 246, 155, 256, 158], [3, 7, 371, 146, 377, 149], [3, 24, 378, 146, 383, 148]], [[1, 2, 315, 172, 332, 192], [1, 8, 254, 200, 335, 264], [1, 9, 313, 167, 318, 171], [3, 0, 5, 0, 599, 166]], [[1, 9, 269, 203, 329, 260], [3, 0, 0, 0, 599, 156]]], "distance_down_track": [1011.2679443359375, 1173.81005859375, 1199.98583984375, 621.8597412109375, 1372.078857421875, 1332.321533203125, 621.7723388671875, 328.3874206542969, 1192.5360107421875, 1224.074951171875], "velocity": [[5.334812641143799, -0.02402029186487198, -21.070104598999023], [5.302549839019775, 0.3548511266708374, -15.426883697509766], [-3.03098726272583, 0.06775029748678207, -19.42989158630371], [-0.22127047181129456, -0.5701792240142822, -3.593869686126709], [-19.08131217956543, 1.0335321426391602, 4.072510242462158], [-5.433765888214111, 2.0401713848114014, -18.7889347076416], [-3.751016139984131, -0.7407798171043396, -1.5771560668945312], [2.3184680938720703, -0.10640351474285126, 22.882598876953125], [-1.4427807331085205, 0.5928059816360474, -20.148115158081055], [-3.309940814971924, -0.3076076805591583, -20.431339263916016]]}