{"track": "overworld", "karts": ["beastie", "kiki", "hexley", "emule", "amanda", "wilber", "adiumy", "xue", "suzanne", "nolok"], "detections": [[[1, 0, 232, 184, 356, 294], [3, 0, 0, 36, 528, 178]], [[1, 1, 264, 174, 325, 244], [1, 2, 511, 148, 522, 151], [3, 0, 0, 100, 498, 169], [3, 7, 196, 144, 200, 145], [3, 24, 201, 144, 203, 145], [3, 25, 203, 144, 203, 144]], [[1, 2, 271, 196, 322, 266], [1, 5, 510, 143, 517, 146], [1, 8, 416, 145, 422, 147], [1, 9, 457, 144, 463, 146], [3, 0, 243, 57, 599, 148]], [[1, 3, 251, 200, 349, 302], [2, 7, 170, 142, 283, 167], [2, 24, 283, 142, 432, 168], [3, 0, 0, 0, 599, 176], [3, 7, 37, 0, 282, 163], [3, 24, 280, 0, 548, 167]], [[1, 4, 262, 190, 343, 261], [1, 7, 281, 160, 289, 168], [3, 0, 0, 0, 599, 197]], [[1, 4, 274, 134, 277, 136], [1, 5, 260, 189, 335, 258], [1, 7, 263, 129, 264, 131], [3, 0, 0, 0, 599, 160]], [[1, 3, 276, 162, 311, 196], [1, 6, 252, 190, 353, 301], [2, 7, 199, 137, 286, 157], [2, 24, 287, 137, 401, 157], [3, 0, 0, 0, 599, 173], [3, 7, 94, 0, 286, 153], [3, 24, 284, 0, 492, 157]], [[1, 7, 267, 186, 335, 264], [3, 0, 0, 0, 599, 182]], [[1, 4, 290, 145, 292, 147], [1, 5, 308, 160, 316, 166], [1, 8, 254, 201, 332, 264], [1, 9, 302, 166, 316, 178], [3, 0, 0, 0, 599, 160]], [[1, 4, 272, 143, 274, 145], [1, 5, 293, 162, 306, 173], [1, 9, 268, 204, 329, 260], [3, 0, 0, 0, 599, 160]]], "distance_down_track": [501.6991882324219, 121.73014831542969, 197.969970703125, 614.3607788085938, 1289.9765625, 1220.8785400390625, 610.3311157226562, 1315.8486328125, 1195.4696044921875, 1205.9151611328125], "velocity": [[11.20292854309082, 1.6954728364944458, -7.152381896972656], [9.929474830627441, -0.6540390849113464, 19.452512741088867], [19.39112663269043, -0.5632803440093994, -8.698086738586426], [-0.672845184803009, -1.5088534355163574, 11.351609230041504], [1.9573538303375244, 2.404324531555176, -21.512744903564453], [-2.8572020530700684, -0.5907263159751892, -19.44735336303711], [-0.5419370532035828, -1.3516879081726074, 7.906886100769043], [1.6503568887710571, 2.804372549057007, -20.442646026611328], [-3.2842211723327637, 0.29912930727005005, -20.43561553955078], [-3.6003880500793457, 0.46783915162086487, -20.379114151000977]]}