{"track": "overworld", "karts": ["beastie", "kiki", "hexley", "emule", "amanda", "wilber", "adiumy", "xue", "suzanne", "nolok"], "detections": [[[1, 0, 261, 188, 347, 265], [1, 2, 305, 154, 316, 168], [1, 8, 364, 136, 371, 140], [1, 9, 410, 133, 415, 135], [2, 0, 391, 131, 395, 135], [3, 0, 0, 0, 599, 231], [3, 6, 420, 94, 420, 94]], [[1, 0, 371, 187, 374, 190], [1, 1, 265, 182, 331, 257], [1, 2, 388, 189, 388, 191], [1, 8, 443, 188, 447, 189], [3, 0, 0, 68, 599, 204], [3, 5, 588, 154, 593, 154]], [[1, 2, 276, 197, 330, 275], [1, 8, 373, 151, 383, 156], [1, 9, 426, 149, 432, 152], [2, 0, 402, 146, 408, 152], [3, 0, 0, 0, 599, 159], [3, 4, 506, 114, 507, 115], [3, 6, 411, 114, 411, 114], [3, 7, 510, 114, 517, 117], [3, 24, 517, 114, 524, 117], [3, 25, 523, 115, 524, 116]], [[1, 3, 260, 203, 351, 303], [1, 6, 391, 196, 517, 296], [2, 7, 147, 166, 351, 223], [2, 24, 350, 165, 599, 239], [3, 0, 0, 15, 45, 193], [3, 7, 0, 0, 355, 205], [3, 24, 352, 0, 599, 165]], [[1, 4, 261, 191, 347, 265], [3, 0, 0, 99, 454, 164], [3, 7, 0, 136, 9, 167], [3, 24, 0, 121, 44, 167], [3, 25, 12, 123, 44, 163], [255, 16777215, 0, 149, 279, 183]], [[1, 5, 260, 189, 332, 256], [3, 0, 0, 90, 502, 178], [3, 7, 298, 163, 300, 163], [3, 24, 301, 163, 304, 164]], [[1, 3, 13, 189, 186, 320], [1, 6, 252, 191, 356, 306], [2, 0, 283, 374, 291, 375], [2, 7, 0, 272, 246, 348], [2, 24, 238, 273, 599, 354], [3, 0, 0, 0, 599, 399], [3, 7, 0, 0, 279, 274], [3, 24, 247, 0, 599, 275], [255, 16777215, 0, 351, 596, 399]], [[1, 7, 266, 187, 334, 264], [3, 0, 0, 94, 522, 191]], [[1, 5, 322, 135, 324, 137], [1, 8, 259, 200, 332, 258], [1, 9, 322, 159, 333, 169], [2, 0, 271, 154, 287, 170], [3, 0, 0, 15, 599, 166], [3, 7, 290, 128, 290, 128], [3, 24, 291, 128, 293, 129]], [[1, 5, 275, 141, 278, 144], [1, 9, 270, 203, 326, 255], [2, 0, 0, 287, 12, 307], [3, 0, 0, 0, 599, 176], [3, 7, 241, 135, 242, 135], [3, 25, 245, 136, 245, 136]]], "distance_down_track": [1435.6336669921875, 1378.05126953125, 1447.1260986328125, 621.9144287109375, 485.9822692871094, 98.40924835205078, 621.7857055664062, 1066.772705078125, 19.452590942382812, 33.38780212402344], "velocity": [[-14.408305168151855, -4.601851463317871, 15.608777046203613], [-18.874216079711914, 0.8713981509208679, 5.451314449310303], [-12.61036491394043, -1.2953476905822754, 15.033727645874023], [-0.08939573913812637, 0.5812999606132507, 0.26522117853164673], [13.00951099395752, -1.302573561668396, 12.88209342956543], [0.18814150989055634, 0.8671455383300781, 21.19778823852539], [-0.009279475547373295, 0.06885108351707458, 0.020036503672599792], [6.89678955078125, -0.45309144258499146, -19.512020111083984], [3.514627695083618, -2.0822935104370117, 22.38887596130371], [6.476716995239258, -1.0001857280731201, 22.046581268310547]]}