{"track": "volcano_island", "karts": ["gavroche", "adiumy", "amanda", "nolok", "tux", "konqi", "kiki", "pidgin", "sara_the_racer", "suzanne"], "detections": [[[1, 0, 276, 203, 330, 256], [2, 0, 0, 164, 599, 399], [3, 0, 0, 0, 599, 328]], [[1, 1, 271, 195, 331, 254], [1, 3, 84, 263, 268, 399], [1, 5, 232, 160, 246, 170], [1, 8, 157, 175, 203, 240], [2, 0, 0, 160, 599, 399], [3, 0, 0, 0, 599, 291]], [[1, 2, 238, 188, 363, 292], [2, 0, 0, 159, 599, 399], [3, 0, 0, 6, 599, 221], [4, 10, 294, 156, 301, 163], [4, 13, 316, 156, 323, 162], [4, 14, 270, 156, 278, 163]], [[1, 1, 305, 179, 346, 216], [1, 3, 275, 203, 336, 261], [1, 5, 240, 159, 253, 168], [1, 8, 230, 168, 254, 211], [2, 0, 0, 161, 599, 399], [3, 0, 0, 0, 599, 326]], [[1, 4, 269, 198, 336, 256], [1, 6, 187, 161, 193, 168], [1, 9, 196, 163, 211, 171], [2, 0, 0, 159, 599, 399], [3, 0, 0, 0, 599, 339]], [[1, 5, 266, 191, 342, 266], [2, 0, 0, 159, 599, 399], [3, 0, 0, 0, 599, 303]], [[1, 1, 253, 159, 263, 170], [1, 3, 244, 163, 262, 175], [1, 5, 187, 155, 194, 161], [1, 6, 270, 182, 336, 257], [1, 8, 219, 156, 228, 172], [2, 0, 0, 157, 599, 399], [3, 0, 0, 0, 599, 347]], [[1, 7, 266, 210, 340, 263], [2, 0, 0, 154, 599, 399], [3, 0, 0, 0, 599, 308], [3, 183, 270, 144, 270, 147], [3, 189, 232, 143, 233, 146], [3, 192, 219, 153, 219, 156], [3, 347, 255, 153, 260, 157]], [[1, 1, 409, 205, 512, 279], [1, 3, 422, 305, 597, 399], [1, 5, 269, 159, 283, 170], [1, 8, 280, 178, 319, 252], [2, 0, 73, 160, 599, 399], [3, 0, 0, 0, 599, 399]], [[1, 1, 247, 159, 259, 166], [1, 3, 246, 162, 260, 171], [1, 6, 290, 166, 316, 197], [1, 8, 224, 157, 231, 169], [1, 9, 267, 200, 344, 262], [2, 0, 0, 158, 599, 399], [3, 0, 0, 0, 599, 367]]], "distance_down_track": [962.3194580078125, 1048.6685791015625, 891.1489868164062, 1046.5263671875, 1006.5498046875, 1067.5428466796875, 1035.0482177734375, 1130.9625244140625, 1049.8785400390625, 1029.9356689453125], "velocity": [[8.1038179397583, -0.3897358477115631, -20.979902267456055], [7.069911003112793, -0.6008961200714111, 19.445955276489258], [-1.1004873514175415, 0.07544064521789551, -1.923330545425415], [4.80635929107666, -0.6885075569152832, 20.26134490966797], [21.42894172668457, -1.0362337827682495, 1.0968457460403442], [-1.7857840061187744, -0.6951091885566711, 20.61110496520996], [12.854246139526367, -0.6802737712860107, 15.039653778076172], [-21.651775360107422, -1.7714887857437134, -0.6875336766242981], [8.02464771270752, -0.6260100603103638, 20.86639404296875], [12.727542877197266, -1.004432201385498, 16.61412239074707]]}