{"track": "tutorial", "karts": ["puffy", "hexley", "tux", "suzanne", "pidgin", "nolok", "beastie", "gavroche", "amanda", "adiumy"], "detections": [[[1, 0, 203, 201, 388, 325], [1, 1, 0, 187, 155, 322], [1, 4, 281, 157, 299, 168], [1, 8, 293, 159, 329, 190], [2, 0, 143, 124, 280, 156], [3, 0, 0, 38, 599, 399]], [[1, 0, 443, 219, 599, 355], [1, 1, 237, 193, 344, 348], [1, 4, 325, 159, 342, 170], [1, 8, 374, 165, 412, 197], [2, 0, 189, 119, 319, 156], [3, 0, 0, 18, 599, 399]], [[1, 2, 235, 196, 369, 313], [2, 0, 0, 166, 599, 399], [3, 0, 0, 1, 599, 259]], [[1, 0, 402, 281, 452, 329], [1, 1, 331, 285, 335, 307], [1, 3, 226, 201, 374, 320], [1, 4, 383, 183, 398, 192], [1, 8, 403, 215, 429, 238], [2, 0, 280, 141, 425, 175], [3, 0, 0, 22, 599, 399]], [[1, 4, 229, 218, 365, 326], [2, 0, 0, 48, 191, 197], [3, 0, 0, 9, 599, 399]], [[1, 5, 271, 203, 336, 266], [2, 0, 0, 131, 599, 399], [3, 0, 0, 0, 599, 247]], [[1, 1, 333, 210, 337, 212], [1, 3, 308, 185, 314, 190], [1, 4, 380, 188, 388, 193], [1, 6, 207, 180, 382, 331], [1, 8, 367, 202, 378, 210], [2, 0, 0, 157, 599, 399], [3, 0, 0, 0, 599, 258], [3, 8, 126, 38, 135, 49]], [[1, 7, 274, 203, 327, 254], [2, 0, 0, 158, 599, 399], [3, 0, 0, 0, 599, 386]], [[1, 4, 225, 160, 255, 178], [1, 8, 219, 185, 376, 319], [2, 0, 0, 107, 228, 159], [3, 0, 0, 37, 599, 399]], [[1, 6, 315, 167, 328, 178], [1, 9, 240, 190, 348, 303], [2, 0, 0, 167, 599, 399], [3, 0, 0, 0, 599, 321], [3, 6, 239, 0, 257, 27]]], "distance_down_track": [712.6583862304688, 712.6583862304688, 741.5721435546875, 712.6583862304688, 712.6583862304688, 741.5721435546875, 694.2288208007812, 741.5721435546875, 694.2288208007812, 694.2288208007812], "velocity": [[-4.884676456451416, 0.11398010700941086, -1.1907668113708496], [-4.879863739013672, 0.11140906810760498, -1.3456825017929077], [0.07514004409313202, 0.08191153407096863, 0.11557874083518982], [0.23859304189682007, -7.998266696929932, 0.21356424689292908], [5.023998260498047, 0.9181200265884399, -0.10795573890209198], [-16.67511749267578, 2.340928316116333, -10.45223617553711], [-1.094150424003601, -0.13456930220127106, -1.232387661933899], [-21.610816955566406, 3.423630475997925, 7.088815212249756], [-4.993762016296387, 0.09851089119911194, -0.3723543584346771], [-0.21387208998203278, 0.2209225296974182, -0.020222986117005348]]}