{"track": "tutorial", "karts": ["puffy", "hexley", "tux", "suzanne", "pidgin", "nolok", "beastie", "gavroche", "amanda", "adiumy"], "detections": [[[1, 0, 204, 201, 388, 327], [1, 2, 175, 155, 206, 174], [1, 3, 200, 153, 227, 170], [1, 5, 232, 163, 266, 187], [1, 6, 120, 152, 162, 175], [1, 7, 0, 201, 25, 217], [1, 9, 237, 153, 256, 168], [2, 0, 96, 119, 263, 156], [3, 0, 0, 34, 599, 399]], [[1, 0, 386, 151, 411, 165], [1, 1, 265, 197, 328, 288], [1, 2, 364, 142, 376, 150], [1, 3, 373, 141, 387, 149], [1, 5, 389, 146, 404, 154], [1, 6, 343, 139, 357, 149], [1, 7, 323, 144, 338, 154], [1, 9, 393, 141, 403, 150], [2, 0, 327, 120, 415, 143], [3, 0, 0, 0, 599, 399], [3, 8, 96, 24, 108, 37]], [[1, 2, 231, 196, 360, 314], [1, 3, 250, 167, 318, 209], [1, 6, 0, 226, 140, 399], [1, 9, 339, 164, 380, 205], [2, 0, 0, 68, 322, 168], [3, 0, 0, 0, 599, 399]], [[1, 3, 206, 201, 350, 338], [1, 9, 347, 194, 419, 264], [2, 0, 0, 76, 284, 212], [3, 0, 0, 52, 599, 399]], [[1, 4, 264, 200, 334, 246], [2, 0, 0, 170, 599, 399], [3, 0, 0, 72, 599, 269], [3, 6, 459, 61, 478, 81], [3, 7, 375, 78, 388, 91]], [[1, 2, 34, 163, 134, 212], [1, 3, 122, 155, 180, 189], [1, 5, 238, 205, 352, 319], [1, 6, 0, 196, 8, 211], [1, 9, 199, 153, 234, 181], [2, 0, 0, 89, 233, 158], [3, 0, 0, 16, 599, 399]], [[1, 2, 382, 187, 499, 266], [1, 3, 340, 167, 390, 213], [1, 6, 208, 180, 379, 331], [1, 9, 401, 165, 440, 201], [2, 0, 50, 84, 369, 169], [3, 0, 0, 0, 599, 399]], [[1, 2, 315, 160, 340, 182], [1, 3, 319, 157, 345, 173], [1, 5, 441, 175, 490, 210], [1, 6, 263, 155, 296, 182], [1, 7, 238, 205, 351, 320], [1, 9, 356, 157, 376, 174], [2, 0, 207, 117, 363, 160], [3, 0, 0, 20, 599, 399]], [[1, 4, 241, 142, 246, 145], [1, 8, 259, 192, 341, 260], [2, 0, 0, 136, 599, 399], [3, 0, 0, 33, 599, 279], [3, 6, 328, 51, 340, 65], [3, 7, 271, 50, 282, 61]], [[1, 3, 0, 241, 183, 399], [1, 9, 245, 189, 348, 307], [2, 0, 0, 59, 189, 220], [3, 0, 0, 26, 599, 399]]], "distance_down_track": [712.6583862304688, 711.3141479492188, 576.2125244140625, 561.7310180664062, 561.7310180664062, 619.34228515625, 561.7310180664062, 590.8922729492188, 547.9110717773438, 547.9110717773438], "velocity": [[-4.967684268951416, 0.09713632613420486, -0.8593905568122864], [-6.593508720397949, -0.6275506019592285, -5.684645652770996], [-6.330135345458984, 0.12692756950855255, -0.03672341629862785], [-0.657071590423584, -0.5165355801582336, 0.8722266554832458], [12.958158493041992, -0.2681424617767334, -20.377357482910156], [-8.29375171661377, 0.1269436925649643, 0.23476749658584595], [-4.992491245269775, 0.09549593180418015, -0.29668524861335754], [-4.848649024963379, 0.09619679301977158, -1.3708832263946533], [4.9325361251831055, -3.820929765701294, -21.44387435913086], [-0.5875553488731384, 0.2419966757297516, 0.5607107281684875]]}