{"track": "overworld", "karts": ["beastie", "kiki", "hexley", "emule", "amanda", "wilber", "adiumy", "xue", "suzanne", "nolok"], "detections": [[[1, 0, 222, 181, 370, 310], [3, 0, 251, 93, 549, 156], [255, 16777215, 0, 169, 20, 171]], [[1, 1, 266, 182, 332, 258], [1, 2, 594, 140, 599, 144], [1, 9, 379, 158, 389, 164], [3, 0, 0, 0, 599, 188]], [[1, 2, 270, 196, 325, 271], [3, 0, 0, 59, 599, 197]], [[1, 3, 242, 199, 360, 319], [1, 6, 556, 353, 599, 399], [2, 7, 215, 149, 300, 167], [2, 24, 301, 148, 413, 168], [3, 0, 0, 0, 599, 177], [3, 7, 116, 0, 300, 165], [3, 24, 300, 0, 502, 166]], [[1, 1, 275, 122, 276, 124], [1, 4, 256, 192, 337, 261], [1, 8, 275, 125, 278, 126], [3, 0, 0, 0, 599, 171]], [[1, 5, 259, 190, 329, 255], [3, 0, 0, 90, 489, 163], [3, 5, 107, 148, 112, 148], [3, 7, 278, 142, 281, 143], [3, 24, 282, 142, 285, 143]], [[1, 3, 146, 179, 230, 239], [1, 6, 252, 190, 354, 303], [2, 7, 204, 142, 282, 160], [2, 24, 282, 143, 385, 161], [3, 0, 0, 0, 599, 173], [3, 7, 111, 0, 281, 157], [3, 24, 279, 0, 466, 160]], [[1, 0, 343, 149, 347, 152], [1, 7, 262, 187, 330, 264], [3, 0, 0, 108, 554, 172]], [[1, 1, 301, 158, 316, 175], [1, 2, 560, 130, 578, 134], [1, 8, 266, 200, 343, 262], [1, 9, 383, 151, 392, 155], [3, 0, 0, 0, 599, 176]], [[1, 2, 433, 153, 445, 161], [1, 9, 261, 203, 333, 271], [3, 0, 0, 0, 599, 286]]], "distance_down_track": [493.1213684082031, 1320.7869873046875, 1373.2650146484375, 610.17578125, 1236.8641357421875, 108.43096923828125, 608.6177368164062, 431.08721923828125, 1310.3187255859375, 1349.580322265625], "velocity": [[9.608763694763184, 0.4081122577190399, -1.242489218711853], [-2.020988941192627, 3.199284791946411, -19.297470092773438], [-19.260629653930664, 1.0742292404174805, 3.819209098815918], [-0.44974613189697266, -1.013041377067566, 5.599410533905029], [-1.8469487428665161, 0.5240422487258911, -21.64983558654785], [3.750349998474121, -0.9309468269348145, 21.505598068237305], [-0.4232178330421448, -0.7223524451255798, 4.51602029800415], [19.858306884765625, -1.5996578931808472, 5.619492053985596], [2.611743688583374, 2.674565315246582, -20.359651565551758], [-14.655326843261719, 2.367382049560547, -7.281252384185791]]}