{"track": "tutorial", "karts": ["puffy", "hexley", "tux", "suzanne", "pidgin", "nolok", "beastie", "gavroche", "amanda", "adiumy"], "detections": [[[1, 0, 204, 203, 394, 327], [1, 4, 0, 234, 18, 261], [1, 7, 0, 203, 137, 307], [2, 0, 0, 101, 80, 136], [3, 0, 0, 46, 599, 399]], [[1, 0, 382, 157, 398, 167], [1, 1, 240, 193, 348, 347], [1, 3, 323, 154, 337, 163], [1, 4, 344, 157, 357, 164], [1, 5, 209, 159, 239, 180], [1, 7, 357, 156, 368, 165], [2, 0, 249, 131, 344, 155], [3, 0, 0, 28, 599, 399]], [[1, 2, 261, 198, 331, 261], [1, 6, 391, 171, 401, 178], [2, 0, 0, 171, 599, 399], [3, 0, 0, 53, 599, 399], [3, 6, 373, 41, 389, 64], [3, 7, 287, 53, 299, 68]], [[1, 0, 477, 181, 599, 230], [1, 3, 211, 201, 361, 336], [1, 4, 334, 195, 428, 259], [1, 7, 397, 187, 500, 247], [2, 0, 0, 48, 180, 219], [3, 0, 0, 0, 599, 399]], [[1, 0, 295, 174, 368, 211], [1, 3, 321, 379, 419, 399], [1, 4, 214, 217, 363, 327], [1, 7, 262, 189, 365, 258], [3, 0, 0, 37, 599, 399]], [[1, 0, 492, 165, 519, 181], [1, 3, 388, 159, 410, 172], [1, 4, 421, 162, 442, 174], [1, 5, 240, 204, 339, 303], [1, 7, 443, 162, 460, 176], [2, 0, 283, 128, 409, 160], [3, 0, 0, 17, 599, 399]], [[1, 0, 427, 186, 437, 189], [1, 3, 399, 178, 407, 183], [1, 4, 410, 181, 419, 185], [1, 6, 256, 189, 335, 261], [1, 7, 416, 183, 424, 187], [1, 8, 329, 175, 339, 184], [2, 0, 0, 151, 599, 399], [3, 0, 0, 0, 599, 382], [3, 6, 168, 0, 176, 2], [3, 8, 199, 50, 206, 54]], [[1, 0, 462, 209, 599, 338], [1, 3, 0, 242, 28, 296], [1, 4, 80, 209, 250, 309], [1, 7, 240, 205, 357, 320], [2, 0, 0, 90, 166, 208], [3, 0, 0, 60, 599, 399]], [[1, 0, 472, 202, 495, 215], [1, 1, 293, 348, 343, 399], [1, 3, 408, 189, 424, 198], [1, 4, 430, 193, 446, 202], [1, 5, 299, 244, 316, 252], [1, 7, 444, 196, 459, 206], [1, 8, 261, 191, 335, 257], [2, 0, 339, 150, 535, 186], [3, 0, 0, 0, 599, 399], [3, 8, 127, 40, 137, 52]], [[1, 2, 318, 171, 336, 186], [1, 6, 409, 178, 415, 181], [1, 9, 271, 195, 329, 254], [2, 0, 0, 173, 599, 399], [3, 0, 0, 69, 599, 360], [3, 6, 412, 58, 427, 79], [3, 7, 327, 69, 339, 83]]], "distance_down_track": [712.6583862304688, 712.6583862304688, 619.34228515625, 633.04345703125, 633.04345703125, 656.4569091796875, 619.34228515625, 656.4569091796875, 619.34228515625, 605.3455200195312], "velocity": [[-0.07046885043382645, 0.08181851357221603, 0.0018495942931622267], [-4.377902030944824, 0.12028681486845016, -2.2087788581848145], [3.0835232734680176, -1.964689016342163, -20.467164993286133], [-0.333851158618927, 0.09306259453296661, 0.5014861822128296], [-0.10388389974832535, 0.0967346802353859, 1.4536492824554443], [-4.544036388397217, 0.12062343955039978, -2.1876518726348877], [-12.5717191696167, -3.0297436714172363, -20.39595603942871], [-0.10071274638175964, 0.11331465095281601, 0.08600983768701553], [-15.233500480651855, -11.474437713623047, -18.055482864379883], [6.724856376647949, -1.256944179534912, -20.923683166503906]]}