{"track": "overworld", "karts": ["beastie", "kiki", "hexley", "emule", "amanda", "wilber", "adiumy", "xue", "suzanne", "nolok"], "detections": [[[1, 0, 254, 188, 339, 262], [3, 0, 0, 103, 534, 194]], [[1, 1, 271, 183, 332, 253], [1, 2, 284, 150, 288, 154], [1, 6, 279, 149, 280, 150], [2, 24, 280, 148, 291, 148], [3, 0, 0, 45, 599, 160], [3, 1, 88, 137, 157, 173], [3, 2, 170, 107, 195, 132], [3, 3, 165, 87, 185, 106], [3, 4, 159, 59, 184, 87], [3, 7, 246, 95, 274, 148], [3, 8, 246, 97, 259, 115], [3, 24, 270, 95, 299, 148], [3, 25, 280, 96, 299, 135], [255, 16777215, 274, 145, 274, 145]], [[1, 2, 275, 196, 326, 264], [1, 3, 288, 162, 289, 163], [1, 6, 293, 159, 296, 162], [2, 7, 266, 160, 287, 160], [2, 24, 288, 159, 313, 161], [3, 0, 0, 28, 599, 192], [3, 7, 245, 75, 287, 160], [3, 8, 249, 82, 263, 96], [3, 24, 284, 75, 326, 161], [3, 25, 303, 80, 326, 114]], [[1, 3, 241, 199, 361, 322], [2, 7, 6, 148, 287, 210], [2, 24, 286, 139, 599, 208], [3, 7, 0, 0, 285, 208], [3, 24, 280, 0, 599, 147]], [[1, 4, 261, 191, 342, 261], [1, 7, 511, 150, 519, 156], [3, 0, 0, 0, 599, 241]], [[1, 4, 310, 155, 319, 161], [1, 5, 266, 189, 342, 262], [1, 7, 471, 136, 474, 138], [3, 0, 0, 15, 599, 194]], [[1, 3, 282, 165, 295, 177], [1, 6, 249, 190, 354, 298], [2, 7, 215, 155, 290, 172], [2, 24, 290, 156, 387, 173], [3, 0, 0, 0, 599, 184], [3, 7, 130, 0, 289, 169], [3, 24, 289, 0, 464, 172]], [[1, 7, 262, 186, 334, 267], [1, 8, 405, 190, 408, 192], [3, 0, 0, 47, 599, 200]], [[1, 8, 265, 201, 342, 262], [1, 9, 427, 136, 433, 139], [2, 0, 394, 135, 399, 140], [3, 0, 0, 0, 599, 256], [3, 4, 508, 101, 509, 102], [3, 6, 413, 101, 413, 101], [3, 7, 513, 100, 519, 103], [3, 8, 513, 100, 517, 102]], [[1, 9, 268, 203, 328, 260], [3, 0, 0, 0, 599, 175], [3, 24, 235, 134, 236, 134]]], "distance_down_track": [985.3224487304688, 391.29315185546875, 391.29315185546875, 391.29315185546875, 1328.4366455078125, 1299.962646484375, 621.8195190429688, 1370.444580078125, 1441.918212890625, 37.72208786010742], "velocity": [[11.596064567565918, -0.6190519332885742, -18.309207916259766], [1.6629631519317627, -2.938779592514038, 21.58751106262207], [0.22170206904411316, -2.242553949356079, 21.733484268188477], [0.0008302314672619104, 0.08139573782682419, 0.132633775472641], [-4.806085586547852, 3.4588353633880615, -20.912870407104492], [2.700908899307251, 3.0701711177825928, -19.235157012939453], [0.04039161279797554, -0.6356382369995117, -3.1682510375976562], [-19.453205108642578, 1.1250836849212646, 3.406862735748291], [-13.40263557434082, -4.148768424987793, 15.219953536987305], [6.205533027648926, -0.8584969639778137, 19.729272842407227]]}