{"track": "tutorial", "karts": ["puffy", "hexley", "tux", "suzanne", "pidgin", "nolok", "beastie", "gavroche", "amanda", "adiumy"], "detections": [[[1, 0, 204, 203, 394, 327], [1, 3, 426, 202, 599, 325], [1, 8, 0, 189, 113, 312], [2, 0, 0, 93, 124, 188], [3, 0, 0, 57, 599, 399]], [[1, 0, 303, 157, 328, 174], [1, 1, 243, 193, 350, 349], [1, 3, 341, 157, 366, 176], [1, 8, 253, 152, 278, 172], [2, 0, 62, 114, 257, 156], [3, 0, 0, 31, 599, 399]], [[1, 2, 260, 198, 337, 263], [1, 7, 273, 160, 279, 164], [2, 0, 0, 142, 599, 399], [3, 0, 0, 41, 599, 258], [3, 6, 297, 66, 307, 79], [3, 7, 244, 60, 254, 70]], [[1, 0, 0, 206, 162, 373], [1, 3, 223, 201, 375, 320], [3, 0, 0, 14, 599, 399]], [[1, 4, 221, 218, 368, 324], [1, 9, 288, 147, 299, 156], [2, 0, 0, 155, 599, 399], [3, 0, 0, 100, 599, 252], [3, 6, 272, 107, 280, 117], [3, 7, 226, 99, 234, 106]], [[1, 5, 266, 202, 323, 259], [2, 0, 0, 164, 599, 399], [3, 0, 0, 17, 599, 399], [3, 6, 252, 8, 269, 35], [3, 7, 137, 6, 158, 28]], [[1, 2, 287, 168, 308, 185], [1, 6, 248, 188, 347, 271], [1, 7, 270, 163, 274, 167], [2, 0, 0, 148, 599, 399], [3, 0, 0, 76, 599, 262], [3, 6, 288, 77, 298, 89], [3, 7, 237, 69, 246, 79]], [[1, 5, 295, 134, 295, 134], [1, 7, 273, 203, 328, 257], [2, 0, 0, 134, 599, 399], [3, 0, 0, 41, 599, 289], [3, 6, 358, 44, 370, 61], [3, 7, 297, 47, 308, 58]], [[1, 0, 476, 209, 599, 326], [1, 8, 217, 184, 378, 319], [2, 0, 0, 76, 219, 204], [3, 0, 0, 41, 599, 399]], [[1, 2, 288, 182, 294, 182], [1, 6, 284, 178, 300, 192], [1, 7, 267, 184, 270, 186], [1, 9, 270, 194, 332, 253], [2, 0, 0, 173, 599, 399], [3, 0, 0, 108, 599, 262], [3, 6, 278, 111, 286, 121], [3, 7, 230, 103, 239, 111]]], "distance_down_track": [712.6583862304688, 712.6583862304688, 547.9110717773438, 561.7310180664062, 532.0, 590.8922729492188, 532.0, 561.7310180664062, 532.0, 512.133544921875], "velocity": [[-0.06944441795349121, 0.08189653605222702, 0.004476690199226141], [-4.8283371925354, 0.0971207469701767, -0.6329233050346375], [1.8455957174301147, -2.6243104934692383, -18.555274963378906], [-0.10479401797056198, 0.06714412569999695, 0.09761021286249161], [-0.13111160695552826, -0.010389644652605057, -5.128470420837402], [-6.835377216339111, -3.0364127159118652, -21.043306350708008], [0.9632587432861328, -2.1382570266723633, -18.798017501831055], [7.54165506362915, -3.441859722137451, -21.24728012084961], [-0.08702128380537033, 0.08235670626163483, 0.01367563009262085], [0.2418065220117569, -0.8090555667877197, -20.420835494995117]]}