{"track": "tutorial", "karts": ["puffy", "hexley", "tux", "suzanne", "pidgin", "nolok", "beastie", "gavroche", "amanda", "adiumy"], "detections": [[[1, 0, 204, 203, 394, 327], [2, 0, 0, 100, 79, 136], [3, 0, 0, 47, 599, 399]], [[1, 0, 313, 165, 364, 203], [1, 1, 245, 193, 349, 345], [1, 4, 78, 167, 142, 201], [2, 0, 0, 90, 184, 163], [3, 0, 0, 18, 599, 399]], [[1, 0, 470, 167, 500, 184], [1, 1, 480, 169, 528, 200], [1, 2, 229, 196, 359, 313], [1, 4, 348, 161, 374, 176], [1, 6, 0, 301, 250, 399], [1, 9, 372, 162, 402, 189], [2, 0, 210, 117, 365, 160], [3, 0, 0, 21, 599, 399]], [[1, 3, 246, 201, 352, 283], [2, 0, 0, 149, 599, 399], [3, 0, 0, 106, 599, 264], [3, 2, 412, 144, 429, 157], [5, 5, 164, 141, 167, 142], [5, 8, 51, 134, 53, 135], [5, 12, 176, 142, 179, 143], [5, 13, 185, 143, 187, 144], [5, 14, 284, 150, 288, 155], [5, 15, 264, 149, 269, 154], [5, 16, 241, 149, 245, 154]], [[1, 0, 417, 177, 500, 214], [1, 4, 213, 217, 362, 330], [2, 0, 0, 55, 138, 237], [3, 0, 0, 27, 599, 399]], [[1, 5, 272, 203, 329, 257], [1, 8, 276, 133, 280, 137], [2, 0, 0, 137, 599, 399], [3, 0, 0, 50, 599, 295], [3, 6, 377, 45, 390, 62], [3, 7, 314, 50, 324, 62]], [[1, 0, 510, 169, 548, 184], [1, 1, 511, 171, 554, 199], [1, 2, 319, 177, 377, 235], [1, 4, 387, 162, 412, 175], [1, 6, 211, 181, 370, 322], [1, 9, 407, 163, 433, 186], [2, 0, 267, 123, 406, 161], [3, 0, 0, 12, 599, 399]], [[1, 7, 273, 203, 327, 254], [2, 0, 0, 162, 599, 399], [3, 0, 0, 113, 599, 309], [3, 7, 162, 126, 169, 132]], [[1, 8, 259, 191, 334, 258], [2, 0, 0, 173, 599, 399], [3, 0, 0, 54, 599, 397], [3, 6, 363, 43, 379, 65], [3, 7, 276, 54, 289, 68]], [[1, 0, 430, 168, 506, 203], [1, 1, 508, 205, 599, 270], [1, 4, 227, 165, 279, 198], [1, 9, 251, 191, 352, 303], [2, 0, 0, 75, 266, 162], [3, 0, 0, 1, 599, 399]]], "distance_down_track": [712.6583862304688, 712.6583862304688, 343.6702575683594, 332.51373291015625, 343.6702575683594, 400.4352722167969, 321.3812561035156, 365.0060729980469, 310.5081787109375, 303.564208984375], "velocity": [[-0.07046443223953247, 0.0820491835474968, 0.0018340302631258965], [-8.04654312133789, 0.13373655080795288, 0.10813850164413452], [-4.689931869506836, 0.08777099847793579, -1.3171782493591309], [12.313566207885742, 0.747318685054779, 6.3361029624938965], [-0.7433792352676392, 0.08138938248157501, 0.9823334813117981], [8.463316917419434, -3.090644359588623, -19.9815616607666], [-4.610673904418945, 0.0960344597697258, -1.9403283596038818], [-5.911429405212402, 1.4134774208068848, -21.896053314208984], [2.332364082336426, -2.3344016075134277, -23.923484802246094], [-8.525928497314453, 0.1354864090681076, 0.29078245162963867]]}