{"track": "overworld", "karts": ["beastie", "kiki", "hexley", "emule", "amanda", "wilber", "adiumy", "xue", "suzanne", "nolok"], "detections": [[[1, 0, 228, 182, 366, 301], [3, 0, 269, 106, 589, 161], [255, 16777215, 0, 170, 63, 179]], [[1, 0, 327, 152, 331, 154], [1, 1, 263, 181, 333, 260], [1, 2, 189, 156, 197, 161], [3, 0, 0, 106, 599, 172]], [[1, 2, 275, 196, 326, 265], [1, 3, 201, 152, 203, 153], [3, 0, 0, 94, 432, 157], [3, 1, 128, 146, 151, 160], [3, 2, 144, 132, 154, 143], [3, 3, 141, 124, 148, 130], [3, 4, 139, 110, 150, 121], [3, 7, 153, 113, 177, 152], [3, 8, 154, 115, 162, 121], [3, 24, 172, 113, 198, 152], [3, 25, 183, 116, 197, 140], [255, 16777215, 0, 138, 375, 180]], [[1, 3, 272, 200, 329, 257], [1, 6, 291, 159, 293, 161], [2, 7, 266, 157, 287, 158], [2, 24, 288, 156, 315, 159], [3, 0, 0, 18, 599, 196], [3, 7, 244, 69, 287, 158], [3, 8, 247, 75, 263, 91], [3, 24, 283, 68, 327, 159], [3, 25, 304, 74, 328, 158]], [[1, 4, 257, 192, 338, 261], [1, 7, 280, 139, 284, 143], [3, 0, 2, 0, 599, 194]], [[1, 4, 293, 155, 304, 164], [1, 5, 260, 189, 335, 258], [1, 7, 273, 132, 275, 135], [3, 0, 0, 0, 599, 159]], [[1, 6, 252, 191, 355, 306], [2, 0, 283, 397, 292, 399], [2, 7, 0, 283, 245, 361], [2, 24, 237, 283, 599, 367], [3, 0, 0, 0, 599, 397], [3, 7, 0, 0, 283, 285], [3, 24, 247, 0, 599, 285], [255, 16777215, 0, 370, 599, 399]], [[1, 7, 271, 187, 339, 265], [1, 8, 382, 140, 386, 142], [3, 0, 0, 0, 599, 199]], [[1, 8, 255, 201, 340, 267], [1, 9, 426, 176, 428, 179], [3, 0, 0, 21, 599, 275]], [[1, 9, 273, 203, 333, 259], [3, 0, 0, 35, 599, 181], [3, 5, 472, 111, 473, 111]]], "distance_down_track": [492.1676025390625, 391.29315185546875, 391.29315185546875, 391.29315185546875, 1240.4764404296875, 1221.203125, 621.7642211914062, 1292.2894287109375, 1358.867919921875, 1412.5634765625], "velocity": [[9.384716033935547, 0.40118974447250366, -0.5283784866333008], [18.87445640563965, -1.4010112285614014, 4.3290019035339355], [10.383654594421387, -2.730860710144043, 19.03009796142578], [0.44096240401268005, -1.9786145687103271, 22.910491943359375], [-1.7237354516983032, 1.4696744680404663, -21.616636276245117], [-2.847073793411255, -0.5919870138168335, -19.448802947998047], [-0.008574523031711578, 0.03393801301717758, 0.050015080720186234], [2.231776475906372, 2.5263729095458984, -20.423677444458008], [-17.946107864379883, 2.0560905933380127, -1.7357964515686035], [-16.821414947509766, -4.091436386108398, 11.348573684692383]]}