{"track": "tutorial", "karts": ["puffy", "hexley", "tux", "suzanne", "pidgin", "nolok", "beastie", "gavroche", "amanda", "adiumy"], "detections": [[[1, 0, 204, 203, 394, 327], [2, 0, 0, 100, 80, 136], [3, 0, 0, 46, 599, 399]], [[1, 0, 363, 157, 381, 168], [1, 1, 241, 193, 348, 349], [1, 2, 302, 154, 314, 164], [1, 5, 13, 189, 185, 278], [1, 6, 285, 151, 302, 162], [1, 8, 313, 147, 328, 158], [1, 9, 293, 154, 304, 164], [2, 0, 210, 128, 318, 155], [3, 0, 0, 34, 599, 399]], [[1, 2, 232, 196, 364, 315], [1, 6, 0, 169, 246, 330], [1, 8, 342, 127, 514, 247], [1, 9, 0, 202, 264, 399], [2, 0, 0, 97, 300, 206], [3, 0, 0, 54, 599, 399]], [[1, 3, 260, 200, 333, 257], [1, 7, 365, 172, 374, 178], [2, 0, 0, 172, 599, 399], [3, 0, 0, 61, 599, 383], [3, 6, 401, 50, 417, 72], [3, 7, 315, 62, 327, 75]], [[1, 0, 457, 207, 477, 218], [1, 1, 336, 279, 364, 311], [1, 2, 406, 194, 416, 203], [1, 4, 264, 209, 331, 258], [1, 5, 298, 264, 324, 286], [1, 6, 391, 190, 406, 199], [1, 8, 415, 190, 429, 200], [1, 9, 396, 194, 406, 202], [2, 0, 337, 155, 551, 190], [3, 0, 0, 0, 599, 399], [3, 8, 127, 42, 137, 53]], [[1, 0, 371, 159, 387, 170], [1, 1, 424, 214, 599, 384], [1, 2, 308, 155, 319, 165], [1, 5, 234, 205, 351, 317], [1, 6, 290, 151, 307, 163], [1, 8, 319, 148, 334, 159], [1, 9, 299, 154, 310, 165], [2, 0, 210, 126, 319, 155], [3, 0, 0, 27, 599, 399]], [[1, 0, 366, 168, 402, 195], [1, 2, 264, 185, 372, 242], [1, 6, 216, 180, 391, 337], [1, 8, 286, 144, 370, 204], [1, 9, 350, 195, 460, 292], [2, 0, 0, 61, 128, 252], [3, 0, 0, 28, 599, 399]], [[1, 4, 374, 175, 374, 175], [1, 7, 268, 202, 322, 258], [2, 0, 0, 165, 599, 399], [3, 0, 0, 19, 599, 399], [3, 6, 259, 9, 276, 37], [3, 7, 147, 8, 167, 29]], [[1, 2, 67, 264, 248, 399], [1, 6, 0, 269, 129, 393], [1, 8, 222, 185, 382, 316], [1, 9, 0, 388, 48, 399], [2, 0, 0, 115, 229, 251], [3, 0, 0, 57, 599, 399]], [[1, 2, 317, 179, 405, 255], [1, 6, 191, 159, 311, 260], [1, 8, 382, 132, 499, 215], [1, 9, 250, 191, 354, 303], [2, 0, 0, 67, 319, 178], [3, 0, 0, 7, 599, 399]]], "distance_down_track": [712.6583862304688, 712.6583862304688, 605.3455200195312, 605.3455200195312, 605.3455200195312, 656.4569091796875, 605.3455200195312, 619.34228515625, 605.3455200195312, 590.8922729492188], "velocity": [[-0.06958186626434326, 0.08161719143390656, 0.00177843461278826], [-4.686599254608154, 0.11393379420042038, -1.734209418296814], [-0.8426163792610168, 0.05348062142729759, 1.8435630798339844], [5.961694240570068, -1.4152296781539917, -21.815916061401367], [-15.16133975982666, -10.307210922241211, -18.229312896728516], [-4.836058139801025, 0.10873693972826004, -1.3413172960281372], [-0.2564883828163147, -0.10020908713340759, 0.4729742109775543], [-6.771604537963867, -3.068629026412964, -21.76531410217285], [-0.04888861998915672, 0.4986270070075989, 0.025815898552536964], [0.19399653375148773, -0.05806902050971985, 4.0600666999816895]]}