{"track": "snowtuxpeak", "karts": ["pidgin", "amanda", "xue", "tux", "gavroche", "emule", "puffy", "sara_the_wizard", "beastie", "gnu"], "detections": [[[1, 0, 263, 209, 333, 257], [1, 3, 286, 154, 288, 154], [1, 5, 287, 149, 289, 150], [1, 9, 287, 152, 290, 155], [2, 0, 0, 143, 599, 399], [3, 0, 0, 0, 599, 306], [4, 4, 308, 158, 317, 165], [4, 5, 270, 156, 278, 163]], [[1, 1, 252, 190, 348, 270], [1, 6, 294, 168, 322, 184], [1, 8, 231, 159, 242, 165], [2, 0, 0, 166, 599, 399], [3, 0, 0, 0, 599, 305]], [[1, 2, 265, 187, 333, 265], [1, 7, 260, 154, 269, 166], [2, 0, 182, 140, 599, 399], [3, 0, 0, 0, 599, 399], [3, 1, 183, 107, 201, 119], [6, 21, 221, 142, 235, 152]], [[1, 3, 267, 198, 331, 250], [1, 5, 291, 161, 302, 171], [2, 0, 0, 154, 599, 399], [3, 0, 0, 0, 599, 274]], [[1, 0, 254, 157, 263, 162], [1, 3, 226, 147, 227, 148], [1, 4, 272, 203, 326, 254], [1, 5, 225, 144, 226, 145], [1, 9, 228, 147, 230, 149], [2, 0, 128, 139, 599, 399], [3, 0, 0, 0, 599, 399], [4, 4, 248, 151, 253, 155], [4, 5, 225, 150, 230, 154]], [[1, 5, 269, 200, 330, 261], [2, 0, 0, 156, 599, 399], [3, 0, 0, 0, 599, 267]], [[1, 6, 258, 201, 342, 257], [1, 8, 229, 161, 243, 170], [2, 0, 0, 171, 599, 399], [3, 0, 0, 0, 599, 290]], [[1, 7, 278, 187, 318, 264], [2, 0, 0, 149, 599, 399], [3, 0, 0, 0, 599, 318], [3, 1, 245, 121, 264, 134], [6, 21, 244, 150, 271, 168]], [[1, 4, 234, 166, 247, 175], [1, 8, 263, 190, 342, 256], [2, 0, 197, 161, 599, 399], [3, 0, 0, 0, 599, 399]], [[1, 3, 293, 160, 311, 173], [1, 5, 299, 149, 306, 155], [1, 9, 266, 157, 341, 227], [2, 0, 0, 143, 599, 399], [3, 0, 0, 0, 599, 285]]], "distance_down_track": [202.38507080078125, 133.17745971679688, 324.78662109375, 260.4317626953125, 179.26353454589844, 273.89996337890625, 140.69192504882812, 339.3324890136719, 164.17466735839844, 251.64625549316406], "velocity": [[-1.5619781017303467, 0.528691828250885, -23.609479904174805], [-17.525794982910156, 1.7692326307296753, -2.8984475135803223], [18.454397201538086, 1.0403037071228027, -9.318957328796387], [-1.3117575645446777, 2.2901978492736816, -23.002809524536133], [-7.471259593963623, 0.5072018504142761, -21.746793746948242], [-0.3341778814792633, 2.439242124557495, -20.76152801513672], [-22.883804321289062, 2.0632333755493164, -6.325973033905029], [19.93810272216797, 1.6514986753463745, -5.313618183135986], [-15.64317512512207, 0.6859198212623596, -18.385950088500977], [-2.839279890060425, 1.0316283702850342, -21.19883918762207]]}