{"track": "tutorial", "karts": ["puffy", "hexley", "tux", "suzanne", "pidgin", "nolok", "beastie", "gavroche", "amanda", "adiumy"], "detections": [[[1, 0, 203, 203, 394, 327], [1, 1, 0, 199, 179, 399], [1, 4, 497, 208, 599, 301], [2, 0, 0, 102, 72, 133], [3, 0, 0, 44, 599, 399]], [[1, 0, 364, 186, 512, 272], [1, 1, 251, 193, 349, 335], [1, 4, 559, 203, 599, 233], [2, 0, 0, 73, 151, 178], [3, 0, 0, 16, 599, 399]], [[1, 2, 229, 196, 360, 314], [2, 0, 526, 0, 599, 57], [3, 0, 0, 0, 599, 399]], [[1, 3, 264, 201, 337, 252], [2, 0, 0, 186, 599, 399], [3, 0, 0, 67, 599, 284], [3, 6, 271, 126, 278, 137], [3, 7, 224, 120, 231, 128]], [[1, 2, 390, 160, 427, 191], [1, 4, 220, 218, 367, 326], [1, 7, 353, 171, 407, 216], [3, 0, 0, 13, 599, 399]], [[1, 5, 272, 204, 332, 257], [2, 0, 0, 152, 599, 399], [3, 0, 0, 112, 599, 399], [5, 20, 414, 175, 436, 191], [5, 21, 351, 173, 371, 191], [5, 22, 270, 170, 290, 190]], [[1, 6, 211, 180, 381, 326], [1, 9, 273, 156, 296, 178], [2, 0, 0, 111, 599, 399], [2, 1, 284, 149, 288, 150], [2, 3, 315, 150, 319, 151], [3, 0, 0, 87, 599, 252], [3, 1, 283, 140, 294, 149], [3, 2, 288, 137, 290, 139], [3, 3, 309, 141, 320, 149], [3, 4, 290, 129, 303, 141], [3, 5, 303, 130, 314, 140], [4, 4, 307, 147, 315, 154], [4, 9, 325, 148, 333, 155], [4, 10, 289, 146, 296, 154], [4, 11, 271, 146, 278, 153]], [[1, 2, 278, 169, 330, 215], [1, 7, 238, 205, 352, 321], [2, 0, 491, 12, 599, 71], [3, 0, 0, 0, 599, 399]], [[1, 6, 444, 161, 451, 166], [1, 8, 203, 184, 371, 335], [1, 9, 442, 161, 445, 164], [2, 0, 260, 130, 599, 267], [2, 1, 439, 160, 443, 160], [2, 3, 458, 159, 463, 159], [3, 0, 0, 0, 599, 399], [3, 1, 438, 154, 446, 160], [3, 2, 440, 150, 443, 152], [3, 3, 457, 153, 466, 158], [3, 4, 444, 147, 453, 154], [3, 5, 453, 147, 461, 153], [4, 4, 454, 158, 457, 161], [4, 9, 464, 158, 468, 160], [4, 10, 444, 159, 447, 161], [4, 11, 434, 159, 437, 161]], [[1, 9, 272, 195, 329, 252], [2, 0, 0, 115, 599, 399], [2, 1, 272, 157, 282, 158], [2, 3, 299, 157, 311, 158], [3, 0, 0, 83, 599, 285], [3, 1, 271, 148, 283, 158], [3, 2, 275, 144, 278, 147], [3, 3, 299, 148, 312, 156], [3, 4, 278, 135, 292, 148], [3, 5, 292, 136, 305, 147], [4, 4, 302, 156, 311, 165], [4, 9, 323, 156, 333, 165], [4, 10, 280, 156, 289, 165], [4, 11, 258, 156, 267, 164]]], "distance_down_track": [712.6583862304688, 712.6583862304688, 303.1416015625, 268.0081787109375, 299.7139892578125, 372.3865051269531, 225.50819396972656, 343.6702575683594, 225.50819396972656, 183.00819396972656], "velocity": [[-0.36391690373420715, 0.14351151883602142, 0.40282782912254333], [-4.600991249084473, 0.0998990461230278, -1.1328299045562744], [1.071509599685669, 0.07970120012760162, 2.0976414680480957], [-0.15711937844753265, 0.87375807762146, -22.17723846435547], [0.5300249457359314, -0.048739008605480194, 1.0539480447769165], [-16.47207260131836, 1.464644193649292, -12.450525283813477], [7.9849700927734375, 0.043929606676101685, -0.0016762838931754231], [2.3196113109588623, 0.01688198745250702, 3.5317649841308594], [-0.08054891973733902, 0.0763859897851944, 0.06809106469154358], [22.343666076660156, -0.005234450101852417, -1.304199457168579]]}