{"track": "tutorial", "karts": ["puffy", "hexley", "tux", "suzanne", "pidgin", "nolok", "beastie", "gavroche", "amanda", "adiumy"], "detections": [[[1, 0, 222, 203, 405, 331], [1, 1, 257, 286, 323, 371], [1, 2, 248, 211, 258, 218], [1, 3, 359, 281, 487, 376], [1, 4, 283, 213, 287, 216], [1, 7, 273, 220, 273, 220], [1, 9, 263, 211, 266, 213], [2, 0, 0, 169, 599, 399], [3, 0, 0, 21, 599, 329], [3, 8, 46, 39, 59, 52]], [[1, 0, 50, 0, 565, 228], [1, 1, 239, 193, 348, 350], [1, 3, 403, 237, 599, 399], [1, 4, 320, 200, 330, 205], [1, 9, 310, 195, 311, 196], [2, 0, 0, 169, 599, 399], [3, 0, 0, 0, 599, 262], [3, 8, 131, 42, 140, 51]], [[1, 2, 232, 196, 355, 308], [1, 4, 452, 190, 522, 234], [1, 7, 531, 288, 599, 336], [1, 9, 373, 154, 485, 254], [2, 0, 291, 123, 422, 162], [3, 0, 0, 2, 599, 399]], [[1, 0, 125, 129, 252, 187], [1, 1, 192, 183, 259, 239], [1, 2, 305, 193, 314, 199], [1, 3, 261, 201, 331, 255], [1, 4, 334, 195, 343, 200], [1, 7, 318, 198, 327, 205], [1, 9, 319, 191, 326, 198], [2, 0, 0, 157, 599, 399], [3, 0, 0, 0, 599, 360], [3, 8, 171, 47, 179, 56]], [[1, 4, 224, 217, 362, 319], [1, 9, 0, 286, 52, 362], [2, 0, 223, 115, 385, 160], [3, 0, 0, 13, 599, 399]], [[1, 5, 237, 205, 355, 318], [2, 0, 96, 0, 297, 84], [3, 0, 0, 0, 599, 399], [3, 7, 465, 0, 467, 1]], [[1, 6, 250, 188, 349, 271], [1, 8, 246, 157, 249, 158], [2, 0, 0, 158, 599, 399], [3, 0, 0, 115, 599, 304], [3, 6, 197, 135, 202, 138], [3, 7, 143, 121, 150, 128]], [[1, 2, 86, 171, 201, 235], [1, 4, 338, 180, 391, 217], [1, 7, 235, 204, 339, 316], [1, 9, 233, 146, 301, 217], [2, 0, 300, 126, 445, 163], [3, 0, 0, 10, 599, 399]], [[1, 8, 263, 192, 338, 253], [2, 0, 0, 186, 599, 399], [3, 0, 0, 123, 599, 275], [3, 6, 274, 124, 282, 134], [3, 7, 228, 118, 235, 124]], [[1, 2, 46, 230, 205, 324], [1, 4, 392, 219, 489, 290], [1, 7, 228, 366, 341, 399], [1, 9, 234, 190, 326, 298], [2, 0, 363, 98, 578, 152], [3, 0, 0, 0, 599, 399], [3, 8, 106, 48, 106, 48]]], "distance_down_track": [712.6583862304688, 700.6007080078125, 473.2306823730469, 473.2306823730469, 473.2306823730469, 547.9110717773438, 455.9293518066406, 491.73480224609375, 420.1153259277344, 420.1153259277344], "velocity": [[-0.07065645605325699, 0.083122618496418, 0.0005963823641650379], [-3.667807102203369, -0.499275803565979, -4.175815105438232], [-4.80360221862793, 0.09250763058662415, -1.6234716176986694], [-13.583634376525879, -2.1293842792510986, -18.32285499572754], [-5.830790042877197, 0.09901348501443863, -1.9278103113174438], [3.815854549407959, -0.027374081313610077, -3.095109462738037], [-5.826547622680664, 1.21817147731781, -17.444568634033203], [-4.43253755569458, 0.09736607223749161, -1.921858310699463], [0.14215750992298126, -0.28887882828712463, -24.14785385131836], [-4.004834175109863, -2.453657388687134, -6.928892612457275]]}