{"track": "tutorial", "karts": ["puffy", "hexley", "tux", "suzanne", "pidgin", "nolok", "beastie", "gavroche", "amanda", "adiumy"], "detections": [[[1, 0, 204, 203, 394, 327], [2, 0, 0, 100, 79, 136], [3, 0, 0, 47, 599, 399]], [[1, 0, 321, 160, 352, 182], [1, 1, 243, 193, 350, 349], [1, 3, 197, 156, 233, 179], [2, 0, 0, 104, 232, 158], [3, 0, 0, 36, 599, 399]], [[1, 2, 267, 198, 332, 252], [2, 0, 0, 171, 599, 399], [3, 0, 0, 72, 599, 266], [3, 6, 459, 61, 479, 82], [3, 7, 375, 78, 387, 90]], [[1, 0, 532, 177, 599, 222], [1, 3, 215, 201, 365, 336], [2, 0, 0, 58, 197, 221], [3, 0, 0, 0, 599, 399]], [[1, 2, 237, 141, 241, 144], [1, 4, 265, 209, 334, 255], [1, 6, 247, 147, 253, 152], [1, 9, 254, 151, 260, 156], [2, 0, 0, 136, 599, 399], [3, 0, 0, 9, 599, 279], [3, 6, 319, 53, 330, 67], [3, 7, 263, 50, 273, 61]], [[1, 5, 270, 203, 328, 257], [2, 0, 0, 170, 599, 399], [3, 0, 0, 0, 599, 271], [3, 6, 258, 129, 263, 137], [3, 7, 213, 121, 213, 128]], [[1, 2, 290, 156, 306, 170], [1, 6, 261, 190, 340, 257], [2, 0, 0, 155, 599, 399], [3, 0, 0, 61, 599, 314], [3, 6, 449, 51, 467, 71], [3, 7, 371, 65, 382, 77]], [[1, 7, 236, 205, 350, 318], [2, 0, 433, 40, 583, 96], [3, 0, 0, 0, 599, 399]], [[1, 5, 287, 166, 299, 176], [1, 8, 262, 192, 337, 254], [2, 0, 0, 165, 599, 399], [3, 0, 0, 74, 599, 306], [3, 6, 238, 132, 244, 140], [3, 7, 191, 124, 194, 131]], [[1, 2, 283, 149, 295, 159], [1, 6, 276, 164, 305, 189], [1, 9, 273, 197, 327, 246], [2, 0, 0, 148, 599, 399], [3, 0, 0, 57, 599, 315], [3, 6, 433, 47, 450, 67], [3, 7, 359, 59, 371, 71]]], "distance_down_track": [712.6583862304688, 712.6583862304688, 321.3812561035156, 321.3812561035156, 321.3812561035156, 383.7624206542969, 310.5081787109375, 365.0060729980469, 268.0081787109375, 268.0081787109375], "velocity": [[-0.06957463920116425, 0.08199971914291382, 0.0017843893729150295], [-5.071800708770752, 0.105120949447155, -0.3357916474342346], [11.756467819213867, -0.24501563608646393, -19.659648895263672], [-0.45471659302711487, 0.1550011932849884, 0.3347173035144806], [4.656296253204346, -3.9494922161102295, -23.26556396484375], [-1.570635199546814, 2.180067539215088, -21.31329917907715], [13.172307014465332, -0.785815954208374, -20.226106643676758], [2.9220426082611084, 0.08472077548503876, 1.7928413152694702], [-3.797846794128418, 1.2816765308380127, -23.815040588378906], [13.852066040039062, -1.845452070236206, -20.940275192260742]]}