{"track": "fortmagma", "karts": ["nolok", "beastie", "sara_the_wizard", "adiumy", "puffy", "konqi", "pidgin", "emule", "xue", "gnu"], "detections": [[[1, 0, 265, 203, 341, 277], [2, 0, 0, 31, 599, 399], [3, 0, 0, 0, 599, 399], [4, 35, 0, 204, 10, 214], [4, 36, 304, 110, 318, 124], [4, 37, 308, 43, 313, 49], [6, 34, 2, 196, 19, 205]], [[1, 1, 253, 188, 334, 261], [1, 2, 385, 170, 398, 178], [1, 8, 93, 203, 267, 383], [2, 0, 0, 135, 599, 399], [3, 0, 0, 0, 599, 325], [3, 15, 430, 20, 430, 20], [4, 31, 394, 168, 403, 176], [5, 30, 285, 175, 304, 192]], [[1, 2, 275, 185, 326, 284], [1, 5, 410, 191, 541, 271], [2, 0, 0, 109, 599, 399], [3, 0, 0, 0, 599, 232], [4, 31, 247, 151, 292, 190], [4, 37, 404, 170, 416, 177]], [[1, 3, 271, 196, 331, 251], [2, 0, 194, 64, 599, 399], [3, 0, 0, 0, 599, 399], [3, 15, 186, 0, 599, 167], [5, 33, 573, 192, 599, 234], [8, 21, 245, 127, 263, 146]], [[1, 4, 250, 200, 333, 261], [2, 0, 0, 150, 599, 399], [3, 0, 0, 0, 599, 300], [3, 15, 517, 138, 599, 153]], [[1, 2, 0, 181, 183, 306], [1, 5, 243, 189, 345, 289], [2, 0, 0, 107, 599, 399], [3, 0, 0, 0, 599, 286], [4, 31, 150, 146, 201, 188], [4, 37, 382, 170, 394, 180]], [[1, 4, 300, 136, 319, 147], [1, 6, 251, 212, 348, 279], [1, 9, 285, 148, 308, 172], [2, 0, 0, 101, 599, 399], [3, 0, 0, 0, 599, 245], [3, 15, 490, 94, 599, 109], [5, 28, 464, 119, 464, 119], [6, 26, 423, 147, 485, 182], [6, 27, 31, 150, 119, 191]], [[1, 1, 346, 167, 369, 191], [1, 2, 407, 169, 408, 171], [1, 7, 268, 198, 324, 256], [1, 8, 322, 167, 351, 197], [2, 0, 0, 123, 599, 399], [3, 0, 0, 0, 599, 253], [3, 15, 438, 0, 475, 36], [5, 30, 339, 164, 348, 174]], [[1, 1, 316, 181, 363, 227], [1, 2, 390, 169, 403, 177], [1, 8, 262, 186, 330, 261], [2, 0, 0, 140, 599, 399], [3, 0, 0, 0, 599, 290], [3, 15, 439, 2, 441, 10], [4, 31, 400, 167, 407, 175], [5, 30, 310, 174, 325, 190]], [[1, 4, 292, 121, 324, 141], [1, 9, 242, 130, 349, 254], [2, 0, 0, 88, 599, 399], [3, 0, 0, 0, 599, 246], [3, 15, 15, 48, 599, 94]]], "distance_down_track": [916.3533325195312, 835.9240112304688, 864.0713500976562, 837.9759521484375, 760.152587890625, 864.723388671875, 745.1856079101562, 828.1697387695312, 834.0061645507812, 751.960693359375], "velocity": [[-1.6591655015945435, -4.642647743225098, 15.3959379196167], [21.363494873046875, -3.4676549434661865, 8.243484497070312], [14.084171295166016, -1.451372742652893, -8.139324188232422], [20.132766723632812, -3.2504591941833496, -8.281929016113281], [-21.302522659301758, 0.11214542388916016, 9.770058631896973], [13.446072578430176, -1.8425089120864868, -7.385872840881348], [-15.343685150146484, -3.4759252071380615, 1.643966794013977], [20.449359893798828, -3.140639543533325, 11.063003540039062], [20.172574996948242, -3.456813335418701, 8.346277236938477], [-6.6011271476745605, -1.431951642036438, 1.4087717533111572]]}