{"track": "snowtuxpeak", "karts": ["pidgin", "amanda", "xue", "tux", "gavroche", "emule", "puffy", "sara_the_wizard", "beastie", "gnu"], "detections": [[[1, 0, 251, 213, 339, 296], [2, 0, 295, 50, 599, 99], [3, 0, 0, 0, 599, 399], [4, 15, 371, 64, 379, 72], [4, 16, 353, 63, 360, 70]], [[1, 1, 267, 178, 414, 320], [1, 3, 265, 145, 281, 156], [1, 4, 227, 142, 236, 147], [1, 6, 297, 121, 316, 135], [1, 8, 341, 81, 350, 93], [1, 9, 297, 142, 341, 182], [2, 0, 86, 0, 599, 399], [3, 0, 0, 0, 599, 399], [5, 12, 250, 205, 273, 218], [5, 13, 257, 169, 270, 177]], [[1, 2, 269, 189, 330, 257], [1, 7, 297, 157, 301, 164], [2, 0, 0, 157, 599, 399], [3, 0, 0, 0, 599, 264]], [[1, 3, 233, 196, 365, 312], [1, 6, 381, 191, 472, 238], [1, 8, 262, 171, 279, 187], [2, 0, 0, 126, 599, 399], [3, 0, 0, 29, 599, 237], [4, 14, 526, 185, 539, 193], [4, 15, 489, 184, 501, 191], [4, 16, 459, 182, 469, 189], [4, 17, 431, 182, 441, 187]], [[1, 4, 249, 205, 363, 323], [3, 0, 0, 99, 599, 399]], [[1, 2, 284, 166, 308, 190], [1, 5, 270, 199, 329, 260], [1, 7, 299, 156, 303, 161], [2, 0, 0, 156, 599, 399], [3, 0, 0, 0, 599, 255]], [[1, 6, 200, 201, 384, 327], [1, 8, 201, 155, 225, 175], [2, 0, 0, 112, 599, 399], [3, 0, 0, 3, 599, 259], [4, 14, 497, 171, 511, 180], [4, 15, 462, 169, 474, 177], [4, 16, 432, 168, 442, 175], [4, 17, 404, 168, 414, 173]], [[1, 7, 280, 188, 319, 265], [2, 0, 0, 157, 599, 399], [3, 0, 0, 0, 599, 254]], [[1, 8, 252, 176, 423, 373], [2, 0, 410, 245, 599, 399], [3, 0, 0, 93, 599, 399], [4, 14, 530, 324, 544, 338], [4, 15, 487, 310, 500, 324], [4, 16, 449, 298, 461, 310], [4, 17, 413, 289, 425, 298]], [[1, 3, 410, 171, 434, 185], [1, 4, 402, 144, 412, 151], [1, 6, 465, 180, 503, 196], [1, 9, 261, 160, 341, 228], [2, 0, 0, 172, 599, 399], [3, 0, 0, 0, 599, 399], [5, 12, 219, 176, 249, 207], [5, 13, 348, 172, 361, 189]]], "distance_down_track": [835.4943237304688, 835.4943237304688, 949.821533203125, 846.6002807617188, 835.4943237304688, 943.5962524414062, 849.2119140625, 977.20849609375, 855.4740600585938, 831.9794921875], "velocity": [[-5.4336981773376465, -11.921141624450684, -4.8889570236206055], [-9.154353141784668, -3.5490376949310303, -3.8702704906463623], [-0.48763900995254517, 0.08131365478038788, 24.226957321166992], [-1.5134284496307373, -0.4075101912021637, -0.9083560109138489], [2.332012891769409, 1.8725601434707642, -2.7065722942352295], [-0.66030353307724, 0.08233349025249481, 21.563737869262695], [-4.928162574768066, 0.06188350170850754, -1.9902803897857666], [-0.6954187750816345, 0.08120092004537582, 20.78020668029785], [-0.08093495666980743, -0.4631246030330658, -0.43519267439842224], [8.88956069946289, 0.19665123522281647, -21.211719512939453]]}