{"track": "tutorial", "karts": ["puffy", "hexley", "tux", "suzanne", "pidgin", "nolok", "beastie", "gavroche", "amanda", "adiumy"], "detections": [[[1, 0, 199, 202, 389, 330], [1, 1, 414, 200, 424, 207], [1, 2, 406, 198, 416, 204], [1, 3, 398, 195, 408, 202], [1, 4, 376, 190, 384, 195], [1, 8, 317, 198, 327, 205], [2, 0, 0, 159, 599, 399], [3, 0, 0, 0, 599, 291], [3, 8, 127, 37, 136, 47]], [[1, 1, 244, 192, 356, 350], [1, 2, 55, 195, 251, 330], [1, 3, 0, 195, 147, 297], [2, 0, 0, 111, 5, 113], [3, 0, 0, 24, 599, 399]], [[1, 1, 320, 185, 484, 300], [1, 2, 230, 196, 362, 319], [1, 3, 0, 210, 240, 380], [3, 0, 0, 0, 599, 399]], [[1, 1, 261, 172, 348, 222], [1, 2, 261, 181, 370, 242], [1, 3, 224, 201, 376, 319], [3, 0, 0, 26, 599, 399]], [[1, 4, 219, 219, 358, 323], [2, 0, 0, 139, 269, 245], [3, 0, 0, 114, 599, 399]], [[1, 0, 421, 161, 425, 162], [1, 5, 262, 204, 334, 271], [2, 0, 0, 152, 599, 399], [3, 0, 0, 64, 599, 268], [3, 6, 463, 54, 482, 74], [3, 7, 381, 66, 394, 79]], [[1, 5, 266, 157, 270, 159], [1, 6, 243, 186, 353, 280], [1, 7, 320, 169, 337, 185], [2, 0, 0, 147, 599, 399], [3, 0, 0, 62, 599, 267], [3, 6, 314, 74, 325, 86], [3, 7, 263, 69, 273, 78]], [[1, 5, 249, 153, 253, 156], [1, 7, 238, 205, 354, 320], [2, 0, 0, 143, 599, 399], [3, 0, 0, 0, 599, 257], [3, 6, 311, 68, 322, 81], [3, 7, 258, 62, 268, 72]], [[1, 1, 542, 171, 585, 195], [1, 2, 512, 169, 543, 192], [1, 3, 475, 167, 513, 187], [1, 4, 390, 164, 411, 179], [1, 8, 216, 184, 371, 320], [2, 0, 223, 118, 378, 161], [3, 0, 0, 17, 599, 399]], [[1, 5, 245, 175, 248, 176], [1, 6, 279, 174, 294, 187], [1, 7, 292, 177, 296, 183], [1, 9, 266, 193, 334, 262], [2, 0, 0, 166, 599, 399], [3, 0, 0, 101, 599, 270], [3, 6, 283, 103, 293, 113], [3, 7, 235, 95, 243, 102]]], "distance_down_track": [712.6583862304688, 712.6583862304688, 576.2125244140625, 561.7310180664062, 561.7310180664062, 605.3455200195312, 547.9110717773438, 576.2125244140625, 547.9110717773438, 532.0], "velocity": [[-0.12100691348314285, 0.09154372662305832, 0.002186391968280077], [-0.14581815898418427, 0.09803655743598938, 0.10087180882692337], [0.9108927249908447, -0.08830555528402328, 1.4069797992706299], [0.1750594824552536, -0.008153398521244526, 0.8905165791511536], [-0.24552352726459503, 0.03661241754889488, 0.42431139945983887], [9.5977201461792, -0.5423728227615356, -14.268433570861816], [2.5670394897460938, -2.3185770511627197, -16.27483558654785], [0.42162585258483887, -0.450994610786438, -3.132141590118408], [-4.743599891662598, 0.09528637677431107, -1.5490612983703613], [0.4085861146450043, -1.3445310592651367, -17.52010726928711]]}