{"track": "overworld", "karts": ["beastie", "kiki", "hexley", "emule", "amanda", "wilber", "adiumy", "xue", "suzanne", "nolok"], "detections": [[[1, 0, 251, 188, 337, 266], [3, 0, 0, 0, 599, 156]], [[1, 1, 270, 184, 331, 252], [1, 2, 248, 157, 250, 159], [3, 0, 0, 97, 510, 161], [3, 1, 159, 149, 185, 165], [3, 2, 181, 133, 193, 146], [3, 3, 179, 124, 187, 132], [3, 4, 177, 110, 189, 121], [3, 7, 203, 117, 226, 156], [3, 8, 203, 119, 212, 131], [3, 24, 222, 117, 246, 155], [3, 25, 229, 117, 245, 137], [255, 16777215, 0, 141, 444, 188]], [[1, 2, 275, 196, 326, 265], [1, 3, 289, 164, 290, 165], [1, 6, 289, 166, 290, 166], [2, 24, 303, 163, 308, 163], [3, 0, 0, 0, 599, 188], [3, 2, 0, 37, 24, 91], [3, 7, 250, 93, 285, 162], [3, 8, 252, 98, 266, 114], [3, 24, 283, 93, 319, 163], [3, 25, 300, 98, 319, 139]], [[1, 3, 272, 190, 329, 247], [1, 6, 308, 156, 317, 165], [2, 7, 245, 150, 302, 163], [2, 24, 302, 147, 376, 162], [3, 0, 0, 0, 599, 173], [3, 7, 175, 0, 301, 163], [3, 24, 296, 0, 427, 159]], [[1, 4, 258, 191, 340, 259], [1, 9, 281, 167, 288, 174], [3, 0, 0, 71, 599, 173], [3, 7, 237, 150, 238, 150], [3, 24, 239, 150, 241, 151]], [[1, 5, 265, 189, 341, 262], [3, 0, 0, 19, 599, 191]], [[1, 6, 252, 192, 356, 304], [2, 0, 284, 330, 292, 331], [2, 7, 0, 251, 247, 321], [2, 24, 242, 252, 599, 327], [3, 0, 284, 0, 599, 399], [3, 7, 0, 0, 271, 253], [3, 24, 249, 0, 599, 269], [255, 16777215, 0, 319, 579, 388]], [[1, 4, 453, 131, 459, 134], [1, 7, 271, 187, 338, 265], [1, 8, 346, 141, 354, 145], [2, 0, 392, 134, 397, 139], [3, 0, 0, 0, 599, 240], [3, 4, 516, 98, 516, 98]], [[1, 4, 365, 149, 371, 154], [1, 8, 257, 200, 333, 261], [1, 9, 366, 146, 369, 148], [2, 0, 308, 153, 319, 165], [3, 0, 0, 0, 599, 165], [3, 7, 325, 128, 325, 128], [3, 24, 326, 128, 329, 129]], [[1, 9, 266, 203, 326, 262], [3, 0, 0, 70, 351, 159], [3, 7, 267, 150, 269, 150], [3, 24, 270, 150, 272, 151]]], "distance_down_track": [1179.1734619140625, 270.4015197753906, 270.4015197753906, 270.4015197753906, 48.66660690307617, 1299.317138671875, 621.8197021484375, 1438.5279541015625, 12.759482383728027, 70.92228698730469], "velocity": [[-3.3934357166290283, 0.41076669096946716, -21.46453094482422], [6.57843017578125, -2.022969961166382, 20.73775291442871], [0.5049368143081665, -1.7276740074157715, 21.775737762451172], [-1.6708992719650269, -3.95029354095459, 22.596532821655273], [5.387523174285889, -0.7910231947898865, 21.041841506958008], [2.6873726844787598, 3.062012195587158, -19.238353729248047], [-0.01055901125073433, 0.11240893602371216, -0.009499067440629005], [-13.565601348876953, -4.369255065917969, 15.01246452331543], [0.6867080330848694, -2.0114243030548096, 20.590593338012695], [2.6431174278259277, 0.8565766215324402, 20.512683868408203]]}