{"track": "overworld", "karts": ["beastie", "kiki", "hexley", "emule", "amanda", "wilber", "adiumy", "xue", "suzanne", "nolok"], "detections": [[[1, 0, 261, 189, 347, 266], [2, 0, 391, 131, 396, 135], [3, 0, 0, 0, 599, 231], [3, 6, 420, 94, 420, 94]], [[1, 1, 266, 183, 327, 253], [1, 2, 433, 172, 436, 174], [3, 0, 0, 95, 513, 176], [3, 7, 307, 163, 310, 164], [3, 24, 311, 164, 313, 164]], [[1, 2, 271, 197, 322, 268], [1, 5, 582, 159, 592, 162], [1, 8, 551, 161, 559, 163], [1, 9, 547, 157, 554, 159], [3, 0, 431, 68, 599, 158]], [[1, 3, 244, 199, 356, 316], [1, 6, 385, 174, 468, 241], [2, 7, 216, 136, 309, 157], [2, 24, 310, 136, 434, 157], [3, 0, 0, 0, 599, 167], [3, 7, 109, 0, 309, 154], [3, 24, 310, 0, 537, 156]], [[1, 4, 263, 190, 346, 264], [3, 0, 0, 109, 573, 167], [3, 24, 0, 132, 18, 169], [3, 25, 4, 135, 16, 159], [255, 16777215, 0, 150, 264, 184]], [[1, 5, 247, 187, 334, 271], [3, 0, 9, 0, 599, 170]], [[1, 3, 0, 276, 118, 368], [1, 6, 256, 191, 349, 293], [2, 7, 177, 135, 276, 158], [2, 24, 277, 136, 408, 159], [3, 0, 0, 0, 599, 174], [3, 7, 57, 0, 276, 154], [3, 24, 272, 0, 512, 158]], [[1, 4, 448, 172, 451, 173], [1, 7, 268, 187, 336, 265], [3, 0, 0, 154, 381, 179], [3, 4, 237, 166, 239, 170], [3, 7, 203, 165, 213, 172], [3, 24, 213, 165, 224, 172]], [[1, 5, 270, 159, 302, 187], [1, 8, 250, 201, 334, 269], [1, 9, 3, 143, 104, 187], [3, 0, 0, 0, 599, 162]], [[1, 5, 432, 184, 493, 224], [1, 9, 237, 203, 328, 297], [3, 0, 0, 0, 599, 169]]], "distance_down_track": [1435.8294677734375, 92.71733856201172, 165.86842346191406, 611.4359130859375, 344.944580078125, 1188.146240234375, 612.47998046875, 379.0169982910156, 1182.756103515625, 1178.0255126953125], "velocity": [[-14.415040969848633, -4.599360466003418, 15.603289604187012], [-0.39766061305999756, 0.9242633581161499, 21.82682228088379], [20.19820213317871, 1.4776004552841187, 6.680602073669434], [-0.7164181470870972, -1.5258876085281372, 8.959545135498047], [14.1947021484375, -1.335820198059082, 13.327216148376465], [-1.5868865251541138, 1.1107393503189087, -17.277408599853516], [-0.7424631118774414, -1.5740313529968262, 10.242321014404297], [14.67695426940918, 1.090576171875, 14.556360244750977], [-0.8263881206512451, 0.7596756219863892, -18.86655616760254], [-0.8587009310722351, 0.7990121841430664, -12.681413650512695]]}