{"track": "overworld", "karts": ["beastie", "kiki", "hexley", "emule", "amanda", "wilber", "adiumy", "xue", "suzanne", "nolok"], "detections": [[[1, 0, 261, 188, 347, 265], [2, 0, 391, 135, 396, 139], [3, 0, 0, 0, 599, 245], [3, 6, 414, 100, 414, 100], [3, 7, 514, 100, 515, 101], [3, 8, 514, 99, 516, 100]], [[1, 1, 266, 183, 327, 253], [1, 2, 441, 146, 449, 150], [1, 8, 474, 145, 482, 148], [1, 9, 556, 148, 564, 151], [3, 0, 0, 100, 477, 163], [3, 5, 6, 149, 13, 149], [3, 7, 235, 141, 238, 142], [3, 8, 234, 142, 234, 142], [3, 24, 239, 141, 242, 142], [3, 25, 241, 141, 241, 141]], [[1, 2, 272, 196, 319, 258], [1, 7, 546, 169, 549, 171], [1, 8, 314, 174, 337, 190], [1, 9, 373, 174, 382, 179], [3, 0, 370, 72, 599, 168]], [[1, 3, 246, 199, 358, 315], [2, 7, 29, 219, 222, 274], [2, 24, 223, 215, 583, 281], [3, 7, 0, 0, 223, 262], [3, 24, 223, 0, 599, 279]], [[1, 4, 254, 190, 344, 267], [3, 0, 0, 98, 475, 162], [3, 7, 0, 159, 2, 165], [3, 24, 0, 119, 37, 165], [3, 25, 7, 121, 37, 159], [255, 16777215, 0, 148, 278, 181]], [[1, 5, 260, 189, 335, 258], [3, 0, 0, 0, 599, 160]], [[1, 3, 316, 172, 330, 185], [1, 6, 248, 191, 355, 297], [2, 7, 216, 164, 289, 181], [2, 24, 290, 165, 386, 182], [3, 0, 0, 0, 599, 201], [3, 7, 130, 0, 289, 177], [3, 24, 290, 0, 465, 181]], [[1, 5, 286, 161, 294, 168], [1, 7, 266, 187, 334, 264], [3, 0, 0, 0, 599, 164]], [[1, 7, 495, 160, 497, 162], [1, 8, 258, 200, 329, 257], [1, 9, 346, 171, 358, 180], [3, 0, 325, 65, 599, 160]], [[1, 5, 501, 142, 508, 145], [1, 7, 413, 145, 417, 147], [1, 9, 269, 204, 327, 258], [3, 0, 228, 56, 599, 146]]], "distance_down_track": [1439.132080078125, 116.13368225097656, 175.08460998535156, 621.7838745117188, 486.9201354980469, 1221.1732177734375, 621.8544921875, 1194.4100341796875, 183.2078857421875, 200.31622314453125], "velocity": [[-14.051752090454102, -4.572244167327881, 15.939040184020996], [6.656466007232666, -1.0173234939575195, 20.786510467529297], [24.01125144958496, 0.7626821398735046, 1.48009192943573], [-0.11524289101362228, 0.6135372519493103, 0.3056122362613678], [13.222468376159668, -0.8255574703216553, 8.984908103942871], [-2.8396310806274414, -0.5926206111907959, -19.449871063232422], [-0.0972391664981842, -0.6003649234771729, -3.2822046279907227], [-2.745232582092285, 0.9562341570854187, -20.49485969543457], [22.241052627563477, -0.006719597615301609, -3.932297468185425], [19.83000373840332, -0.24806435406208038, -9.966315269470215]]}