{"track": "snowtuxpeak", "karts": ["pidgin", "amanda", "xue", "tux", "gavroche", "emule", "puffy", "sara_the_wizard", "beastie", "gnu"], "detections": [[[1, 0, 280, 211, 324, 240], [1, 1, 285, 265, 293, 272], [1, 3, 302, 286, 330, 309], [1, 4, 237, 279, 254, 293], [1, 6, 317, 277, 338, 290], [1, 7, 288, 269, 295, 280], [1, 8, 233, 310, 336, 399], [2, 0, 0, 266, 599, 399], [3, 0, 0, 0, 599, 390]], [[1, 1, 266, 192, 335, 249], [2, 0, 0, 167, 599, 399], [3, 0, 0, 0, 599, 304]], [[1, 0, 279, 117, 303, 132], [1, 1, 284, 144, 291, 149], [1, 2, 265, 187, 329, 256], [1, 3, 294, 158, 310, 171], [1, 4, 251, 154, 262, 163], [1, 5, 139, 212, 229, 287], [1, 6, 307, 154, 321, 162], [1, 7, 287, 148, 292, 155], [1, 8, 267, 165, 299, 191], [2, 0, 0, 144, 599, 399], [3, 0, 0, 0, 599, 311]], [[1, 0, 181, 0, 267, 13], [1, 1, 275, 156, 285, 163], [1, 3, 269, 198, 329, 246], [1, 4, 183, 177, 216, 199], [1, 6, 309, 173, 340, 191], [1, 7, 275, 161, 284, 174], [2, 0, 0, 157, 599, 399], [3, 0, 0, 0, 599, 291]], [[1, 1, 337, 158, 350, 167], [1, 4, 273, 202, 322, 250], [1, 6, 460, 191, 562, 229], [1, 7, 356, 165, 370, 184], [2, 0, 0, 158, 599, 399], [3, 0, 0, 0, 599, 390]], [[1, 0, 314, 123, 337, 137], [1, 1, 300, 146, 306, 150], [1, 2, 341, 181, 385, 230], [1, 3, 322, 159, 337, 171], [1, 4, 279, 156, 288, 165], [1, 5, 278, 198, 324, 245], [1, 6, 328, 155, 342, 162], [1, 7, 305, 149, 310, 157], [1, 8, 312, 165, 339, 187], [2, 0, 0, 146, 599, 399], [3, 0, 0, 0, 599, 295]], [[1, 1, 264, 157, 277, 167], [1, 6, 263, 201, 338, 253], [1, 7, 244, 166, 260, 188], [2, 0, 0, 158, 599, 399], [3, 0, 0, 0, 599, 347]], [[1, 1, 284, 163, 302, 177], [1, 7, 283, 190, 316, 249], [2, 0, 0, 161, 599, 399], [3, 0, 0, 0, 599, 288]], [[1, 0, 286, 99, 330, 129], [1, 1, 286, 151, 294, 157], [1, 3, 305, 170, 330, 190], [1, 4, 245, 164, 260, 176], [1, 6, 318, 163, 337, 174], [1, 7, 290, 155, 296, 164], [1, 8, 262, 191, 335, 250], [2, 0, 0, 151, 599, 399], [3, 0, 0, 0, 599, 276]], [[1, 9, 250, 142, 360, 263], [2, 0, 291, 0, 360, 19], [3, 0, 0, 0, 599, 399]]], "distance_down_track": [261.6370544433594, 286.85394287109375, 254.7449188232422, 264.60321044921875, 268.4334411621094, 253.5357666015625, 270.5801086425781, 276.6142272949219, 259.3114929199219, 188.56687927246094], "velocity": [[-2.8671188354492188, 2.276406764984131, -20.765880584716797], [3.1077847480773926, 3.0672295093536377, -25.520116806030273], [-5.585597515106201, 1.978759527206421, -24.861555099487305], [-1.2906842231750488, 2.5589330196380615, -25.1351318359375], [0.7033556699752808, 2.54252028465271, -25.081655502319336], [1.2397741079330444, 1.8206590414047241, -29.48013687133789], [0.23258142173290253, 2.6087160110473633, -26.123088836669922], [-0.7457103729248047, 3.281010150909424, -27.193145751953125], [-1.6855465173721313, 2.5623648166656494, -26.402301788330078], [-4.8949995040893555, -8.61345100402832, 5.611465930938721]]}