{"track": "tutorial", "karts": ["puffy", "hexley", "tux", "suzanne", "pidgin", "nolok", "beastie", "gavroche", "amanda", "adiumy"], "detections": [[[1, 0, 204, 201, 385, 321], [1, 1, 374, 155, 387, 166], [1, 2, 353, 155, 365, 163], [1, 5, 332, 155, 343, 162], [1, 6, 318, 152, 332, 161], [1, 9, 347, 154, 354, 162], [2, 0, 272, 134, 357, 155], [3, 0, 0, 21, 599, 399], [3, 8, 0, 32, 0, 32]], [[1, 1, 249, 194, 345, 334], [1, 2, 103, 168, 187, 215], [1, 5, 0, 172, 70, 227], [1, 9, 77, 164, 131, 211], [2, 0, 0, 83, 157, 170], [3, 0, 0, 17, 599, 399]], [[1, 2, 235, 196, 368, 313], [1, 5, 0, 222, 114, 326], [1, 9, 142, 191, 249, 302], [2, 0, 0, 90, 208, 215], [3, 0, 0, 58, 599, 399]], [[1, 3, 251, 200, 340, 272], [1, 4, 415, 172, 422, 175], [1, 7, 380, 169, 388, 174], [2, 0, 0, 168, 599, 399], [3, 0, 0, 49, 599, 376], [3, 6, 357, 37, 373, 60], [3, 7, 269, 46, 282, 62]], [[1, 0, 281, 297, 312, 324], [1, 1, 406, 202, 418, 211], [1, 2, 395, 193, 405, 200], [1, 4, 262, 209, 332, 261], [1, 5, 378, 191, 387, 197], [1, 6, 367, 188, 378, 195], [1, 9, 391, 191, 398, 197], [2, 0, 333, 157, 577, 188], [3, 0, 0, 0, 599, 399], [3, 8, 137, 41, 147, 52]], [[1, 2, 379, 178, 502, 252], [1, 5, 233, 205, 353, 333], [1, 6, 0, 206, 229, 399], [1, 9, 314, 179, 400, 254], [2, 0, 0, 76, 227, 232], [3, 0, 0, 0, 599, 399]], [[1, 2, 421, 177, 522, 234], [1, 5, 335, 191, 423, 273], [1, 6, 206, 179, 381, 339], [1, 9, 378, 177, 439, 235], [2, 0, 0, 77, 281, 223], [3, 0, 0, 12, 599, 399]], [[1, 1, 414, 187, 417, 188], [1, 2, 406, 180, 414, 185], [1, 4, 321, 164, 336, 174], [1, 5, 393, 178, 401, 182], [1, 6, 385, 176, 393, 181], [1, 7, 264, 203, 326, 266], [1, 9, 403, 179, 408, 183], [2, 0, 0, 152, 599, 399], [3, 0, 0, 0, 599, 358], [3, 8, 199, 41, 206, 49]], [[1, 3, 229, 160, 236, 165], [1, 4, 330, 176, 330, 176], [1, 8, 233, 184, 392, 331], [2, 0, 0, 162, 599, 399], [3, 0, 0, 91, 599, 336], [3, 6, 339, 85, 350, 100], [3, 7, 276, 83, 286, 95]], [[1, 2, 354, 199, 544, 331], [1, 5, 0, 215, 219, 399], [1, 9, 245, 191, 352, 308], [2, 0, 0, 82, 256, 211], [3, 0, 0, 43, 599, 399]]], "distance_down_track": [712.3744506835938, 712.6583862304688, 656.4569091796875, 633.04345703125, 633.04345703125, 675.6192626953125, 633.04345703125, 656.4569091796875, 633.04345703125, 619.34228515625], "velocity": [[-4.290998935699463, 0.11671090871095657, -2.657623291015625], [-9.42241096496582, 0.14914807677268982, 0.40288370847702026], [-0.10397656261920929, 0.08775504678487778, 0.01538549643009901], [1.6542993783950806, -1.6758606433868408, -17.543495178222656], [-14.678049087524414, -5.436454772949219, -17.996889114379883], [-0.43162861466407776, 0.07465508580207825, 0.30787450075149536], [-0.36924904584884644, 0.10255139321088791, 0.273964524269104], [-10.31255054473877, -2.8057045936584473, -17.044044494628906], [-0.06942520290613174, 0.08274092525243759, 0.008810610510408878], [-0.21071700751781464, 0.003130957018584013, 0.028654713183641434]]}