{"track": "scotland", "karts": ["konqi", "sara_the_racer", "wilber", "beastie", "gavroche", "pidgin", "tux", "gnu", "xue", "hexley"], "detections": [[[1, 0, 271, 191, 341, 260], [1, 1, 201, 152, 205, 156], [1, 5, 258, 181, 279, 186], [1, 6, 230, 166, 248, 178], [1, 7, 248, 157, 289, 207], [1, 9, 198, 162, 211, 173], [2, 0, 0, 156, 599, 399], [3, 0, 0, 5, 599, 250], [4, 11, 352, 163, 374, 185], [4, 12, 435, 163, 455, 181]], [[1, 1, 273, 179, 318, 259], [1, 2, 343, 165, 366, 173], [2, 0, 0, 160, 599, 399], [3, 0, 0, 66, 599, 278], [8, 6, 383, 127, 399, 143]], [[1, 2, 241, 222, 353, 299], [1, 3, 400, 162, 414, 170], [1, 4, 371, 163, 384, 171], [2, 0, 0, 171, 599, 399], [3, 0, 347, 62, 599, 269], [8, 6, 297, 124, 318, 147]], [[1, 3, 257, 189, 339, 259], [1, 8, 316, 162, 336, 180], [2, 0, 0, 152, 599, 399], [3, 0, 0, 44, 599, 256], [6, 5, 378, 150, 380, 153]], [[1, 3, 313, 169, 343, 194], [1, 4, 271, 203, 326, 257], [1, 8, 339, 163, 354, 175], [2, 0, 0, 158, 599, 399], [3, 0, 0, 56, 599, 250], [6, 5, 399, 154, 403, 159]], [[1, 1, 283, 150, 287, 155], [1, 5, 269, 209, 337, 257], [1, 6, 260, 176, 291, 202], [1, 9, 240, 165, 254, 182], [2, 0, 0, 154, 599, 399], [3, 0, 0, 14, 599, 269]], [[1, 1, 307, 152, 311, 157], [1, 6, 272, 198, 330, 248], [1, 9, 252, 172, 272, 196], [2, 0, 0, 156, 599, 399], [3, 0, 0, 18, 599, 278]], [[1, 0, 301, 296, 580, 399], [1, 1, 256, 147, 260, 152], [1, 5, 331, 177, 332, 186], [1, 7, 243, 127, 359, 265], [1, 9, 243, 156, 256, 168], [2, 0, 0, 151, 599, 399], [3, 0, 0, 4, 599, 254], [4, 11, 445, 156, 485, 191], [4, 12, 584, 158, 599, 187]], [[1, 8, 265, 187, 332, 261], [2, 0, 0, 149, 599, 399], [3, 0, 0, 29, 599, 233], [6, 5, 334, 150, 338, 155], [6, 32, 408, 148, 418, 157]], [[1, 1, 332, 151, 337, 157], [1, 9, 275, 196, 325, 265], [2, 0, 0, 156, 599, 399], [3, 0, 0, 18, 599, 261]]], "distance_down_track": [715.1325073242188, 771.7615356445312, 784.9033813476562, 813.7347412109375, 807.187744140625, 725.6072387695312, 730.3986206054688, 716.41064453125, 823.7527465820312, 736.0533447265625], "velocity": [[16.824573516845703, 1.2275382280349731, -15.634157180786133], [11.734004974365234, 1.5538227558135986, -18.07707405090332], [2.2366104125976562, 0.803482711315155, -10.663376808166504], [-12.673579216003418, -0.831358015537262, -19.13520622253418], [-9.9442720413208, -0.9878602027893066, -19.611722946166992], [21.882375717163086, 1.32085382938385, -10.131113052368164], [24.251144409179688, 1.2599608898162842, -9.289481163024902], [3.873788356781006, 0.292829304933548, -2.9982802867889404], [-15.363755226135254, -1.431772232055664, -15.176444053649902], [20.51087760925293, 1.359663963317871, -7.407951354980469]]}