{"track": "tutorial", "karts": ["puffy", "hexley", "tux", "suzanne", "pidgin", "nolok", "beastie", "gavroche", "amanda", "adiumy"], "detections": [[[1, 0, 203, 201, 387, 323], [1, 1, 0, 178, 167, 292], [1, 2, 297, 153, 310, 163], [1, 3, 260, 154, 277, 164], [1, 4, 180, 158, 210, 173], [1, 7, 286, 155, 300, 163], [1, 9, 313, 154, 323, 163], [2, 0, 219, 131, 317, 155], [3, 0, 0, 37, 599, 399]], [[1, 0, 474, 224, 599, 355], [1, 1, 241, 193, 348, 348], [1, 2, 328, 154, 341, 163], [1, 3, 295, 154, 311, 165], [1, 4, 234, 159, 261, 175], [1, 7, 319, 155, 331, 164], [1, 9, 344, 154, 354, 163], [2, 0, 247, 130, 345, 155], [3, 0, 0, 30, 599, 399]], [[1, 2, 221, 196, 353, 327], [1, 7, 158, 304, 344, 399], [1, 9, 318, 185, 407, 264], [2, 0, 0, 63, 235, 213], [3, 0, 0, 24, 599, 399]], [[1, 2, 334, 165, 375, 206], [1, 3, 221, 201, 369, 322], [1, 7, 329, 175, 377, 224], [1, 9, 370, 163, 411, 198], [2, 0, 0, 76, 325, 167], [3, 0, 0, 0, 599, 399]], [[1, 2, 383, 160, 400, 177], [1, 3, 338, 162, 366, 183], [1, 4, 220, 217, 364, 323], [1, 7, 370, 162, 389, 179], [1, 9, 401, 160, 421, 176], [2, 0, 243, 121, 389, 161], [3, 0, 0, 14, 599, 399]], [[1, 5, 270, 203, 327, 256], [1, 6, 341, 174, 387, 212], [1, 8, 330, 248, 586, 399], [2, 0, 0, 176, 599, 399], [3, 0, 0, 72, 599, 288], [3, 6, 434, 61, 452, 82], [3, 7, 349, 77, 361, 89]], [[1, 5, 0, 282, 135, 399], [1, 6, 260, 189, 332, 253], [2, 0, 0, 178, 511, 399], [3, 0, 0, 65, 599, 399], [3, 6, 460, 53, 481, 76], [3, 7, 369, 73, 382, 86]], [[1, 2, 282, 174, 351, 246], [1, 7, 241, 205, 351, 320], [1, 9, 343, 169, 405, 223], [2, 0, 0, 55, 289, 176], [3, 0, 0, 0, 599, 399]], [[1, 5, 245, 185, 283, 217], [1, 6, 307, 169, 339, 197], [1, 8, 258, 191, 342, 259], [2, 0, 0, 174, 599, 399], [3, 0, 0, 74, 599, 299], [3, 6, 423, 64, 440, 84], [3, 7, 342, 78, 353, 90]], [[1, 2, 0, 194, 238, 396], [1, 9, 254, 190, 357, 305], [2, 0, 0, 121, 254, 229], [3, 0, 0, 83, 599, 399]]], "distance_down_track": [712.6583862304688, 712.6583862304688, 512.133544921875, 512.133544921875, 512.133544921875, 561.7310180664062, 491.73480224609375, 532.0, 473.2306823730469, 473.2306823730469], "velocity": [[-4.579013824462891, 0.116084985435009, -1.8859667778015137], [-4.5762858390808105, 0.11206162720918655, -1.9569430351257324], [0.47495436668395996, -0.010915808379650116, 0.21327602863311768], [-5.769168376922607, 0.12469946593046188, -0.08644130080938339], [-4.618886470794678, 0.09320451319217682, -1.6956377029418945], [8.964180946350098, -0.6606146693229675, -20.192811965942383], [11.846705436706543, -1.3926559686660767, -24.389312744140625], [-8.219505310058594, 0.13336145877838135, 0.5229583978652954], [9.322239875793457, -0.35281240940093994, -19.598148345947266], [0.021330419927835464, 0.022986680269241333, 0.8641469478607178]]}