{"track": "minigolf", "karts": ["nolok", "sara_the_racer", "emule", "adiumy", "gavroche", "konqi", "amanda", "xue", "sara_the_wizard", "puffy"], "detections": [[[1, 0, 269, 205, 322, 257], [1, 1, 235, 192, 239, 198], [2, 0, 185, 153, 599, 399], [3, 0, 0, 0, 599, 399], [3, 2, 572, 2, 599, 109]], [[1, 1, 280, 176, 323, 258], [2, 0, 0, 137, 599, 399], [3, 0, 0, 0, 599, 349], [5, 25, 185, 133, 189, 138]], [[1, 2, 269, 200, 330, 261], [2, 0, 0, 159, 599, 399], [3, 0, 0, 0, 599, 235], [3, 2, 64, 0, 195, 105], [3, 3, 437, 149, 442, 152], [3, 7, 302, 150, 310, 158], [4, 14, 311, 154, 315, 157], [4, 33, 309, 162, 316, 165], [5, 11, 424, 170, 443, 190], [5, 13, 169, 171, 188, 189]], [[1, 2, 376, 169, 379, 171], [1, 3, 269, 194, 333, 257], [1, 7, 323, 170, 331, 176], [2, 0, 0, 170, 558, 399], [3, 0, 0, 0, 599, 399], [3, 2, 345, 34, 451, 140], [3, 12, 569, 210, 599, 217], [5, 12, 349, 169, 351, 170], [5, 13, 370, 169, 370, 169]], [[1, 4, 270, 203, 333, 259], [2, 0, 62, 167, 599, 399], [3, 0, 0, 0, 599, 399]], [[1, 0, 235, 170, 247, 185], [1, 5, 265, 191, 339, 263], [1, 7, 232, 128, 233, 129], [2, 0, 0, 133, 599, 399], [3, 0, 0, 0, 599, 336], [3, 2, 376, 0, 453, 128]], [[1, 6, 248, 188, 358, 283], [1, 9, 192, 148, 209, 157], [2, 0, 0, 130, 494, 399], [3, 0, 0, 0, 599, 399], [3, 1, 0, 98, 7, 134], [3, 2, 43, 31, 68, 101], [3, 9, 393, 91, 599, 263], [3, 11, 162, 128, 171, 129], [3, 12, 94, 129, 103, 130], [3, 13, 370, 110, 437, 166], [4, 20, 253, 149, 263, 160], [4, 21, 51, 146, 80, 162], [5, 22, 112, 129, 114, 131], [255, 16777215, 188, 62, 449, 122]], [[1, 2, 346, 159, 351, 161], [1, 7, 265, 187, 333, 263], [2, 0, 0, 159, 599, 399], [3, 0, 0, 0, 599, 338], [3, 2, 289, 0, 438, 141], [3, 5, 463, 153, 468, 155], [4, 33, 369, 158, 371, 159], [5, 10, 386, 158, 389, 162], [5, 11, 378, 158, 380, 160], [5, 12, 304, 157, 306, 160], [5, 13, 330, 157, 332, 159]], [[1, 8, 278, 187, 325, 267], [2, 0, 0, 148, 599, 399], [2, 6, 458, 152, 461, 154], [3, 0, 0, 0, 599, 392], [3, 3, 298, 146, 314, 171], [3, 5, 273, 145, 303, 175], [3, 6, 459, 150, 464, 155], [6, 34, 412, 159, 425, 160], [255, 16777215, 370, 0, 486, 160]], [[1, 9, 232, 199, 384, 311], [2, 0, 0, 169, 599, 399], [3, 0, 0, 0, 599, 243], [3, 2, 260, 110, 278, 169], [4, 26, 183, 166, 190, 172], [4, 27, 182, 165, 183, 165], [5, 22, 271, 173, 273, 174], [255, 16777215, 371, 101, 384, 163]]], "distance_down_track": [419.67315673828125, 450.5715637207031, 603.27783203125, 535.5076293945312, 498.262939453125, 402.9517517089844, 302.0703125, 563.7560424804688, 655.179443359375, 323.0642395019531], "velocity": [[14.363648414611816, -0.5671565532684326, 7.511876106262207], [14.951141357421875, 0.08213783800601959, 12.807371139526367], [2.213449478149414, 0.08226389437913895, -20.581151962280273], [14.307973861694336, 0.4512629210948944, -13.803818702697754], [-20.590085983276367, 2.040905237197876, 0.6107146739959717], [21.528268814086914, 0.4245273172855377, -3.573699951171875], [7.617580413818359, 0.09616221487522125, -12.235658645629883], [9.708322525024414, -0.5597852468490601, -18.27361488342285], [-19.791805267333984, 0.07602018117904663, -5.847456455230713], [9.709131240844727, 2.1101014614105225, -4.146451473236084]]}