{"track": "overworld", "karts": ["beastie", "kiki", "hexley", "emule", "amanda", "wilber", "adiumy", "xue", "suzanne", "nolok"], "detections": [[[1, 0, 246, 187, 355, 279], [3, 0, 0, 95, 421, 162], [3, 7, 282, 154, 284, 154], [3, 8, 281, 154, 281, 154], [3, 24, 285, 154, 286, 154], [3, 25, 288, 154, 288, 154]], [[1, 1, 270, 183, 331, 254], [1, 2, 332, 182, 332, 182], [3, 0, 0, 156, 427, 179], [3, 3, 212, 175, 214, 178], [3, 4, 212, 170, 214, 173], [3, 7, 175, 168, 186, 177], [3, 24, 186, 168, 199, 178]], [[1, 2, 274, 196, 325, 265], [1, 3, 226, 155, 228, 155], [3, 0, 0, 96, 463, 159], [3, 1, 147, 148, 170, 162], [3, 2, 165, 132, 176, 144], [3, 3, 163, 124, 170, 131], [3, 4, 161, 112, 172, 121], [3, 7, 179, 116, 202, 154], [3, 8, 179, 118, 187, 127], [3, 24, 197, 115, 222, 153], [3, 25, 208, 118, 221, 137], [255, 16777215, 0, 139, 405, 184]], [[1, 3, 273, 200, 329, 257], [1, 6, 292, 163, 294, 165], [2, 24, 289, 163, 311, 164], [3, 0, 0, 45, 599, 185], [3, 7, 248, 87, 286, 163], [3, 8, 251, 91, 266, 105], [3, 24, 283, 86, 322, 164], [3, 25, 303, 92, 322, 121]], [[1, 4, 263, 191, 344, 262], [3, 0, 0, 98, 558, 241]], [[1, 0, 290, 164, 292, 166], [1, 5, 257, 189, 333, 260], [3, 0, 0, 87, 380, 170], [3, 7, 283, 161, 285, 161], [3, 24, 286, 161, 288, 162]], [[1, 6, 250, 190, 354, 301], [2, 7, 216, 157, 290, 174], [2, 24, 290, 158, 387, 174], [3, 0, 0, 0, 599, 186], [3, 7, 129, 0, 289, 171], [3, 24, 289, 0, 463, 174]], [[1, 1, 381, 156, 384, 159], [1, 7, 262, 187, 330, 264], [3, 0, 0, 21, 429, 167], [3, 6, 285, 162, 292, 164]], [[1, 8, 261, 201, 337, 259], [1, 9, 279, 149, 283, 151], [3, 0, 0, 0, 599, 163]], [[1, 9, 274, 203, 335, 261], [3, 0, 0, 0, 599, 201]]], "distance_down_track": [158.64720153808594, 160.1875, 160.1875, 160.1875, 1022.3969116210938, 81.91040802001953, 621.855224609375, 309.8610534667969, 1244.8597412109375, 1290.67578125], "velocity": [[0.6804103255271912, 0.21839837729930878, 16.329097747802734], [16.689817428588867, 1.4597249031066895, 14.026467323303223], [8.63006591796875, -2.612135887145996, 19.902795791625977], [0.33474621176719666, -1.8395897150039673, 22.923871994018555], [3.883993625640869, 0.18293435871601105, -21.384368896484375], [1.3653312921524048, 0.6859776377677917, 19.605548858642578], [0.04917808994650841, 0.51286780834198, 0.4850460886955261], [-0.38894572854042053, 0.9657582640647888, 20.673799514770508], [-1.7335611581802368, 1.6369186639785767, -20.56222915649414], [1.9750170707702637, 2.353410005569458, -20.470727920532227]]}