{"track": "overworld", "karts": ["beastie", "kiki", "hexley", "emule", "amanda", "wilber", "adiumy", "xue", "suzanne", "nolok"], "detections": [[[1, 0, 259, 189, 345, 265], [3, 0, 0, 98, 599, 163], [3, 7, 0, 120, 30, 165], [3, 8, 1, 121, 3, 122], [3, 24, 17, 120, 61, 163], [3, 25, 31, 122, 58, 149]], [[1, 1, 258, 180, 336, 266], [1, 2, 495, 179, 496, 179], [3, 0, 0, 0, 599, 399]], [[1, 2, 274, 196, 329, 271], [2, 0, 413, 137, 416, 141], [3, 0, 0, 5, 599, 185], [3, 5, 454, 104, 455, 104]], [[1, 3, 254, 200, 346, 294], [1, 6, 276, 164, 306, 192], [2, 7, 155, 146, 277, 173], [2, 24, 277, 146, 437, 174], [3, 0, 0, 0, 599, 181], [3, 7, 12, 0, 276, 168], [3, 24, 273, 0, 562, 173]], [[1, 4, 254, 191, 335, 262], [3, 0, 2, 0, 599, 173]], [[1, 5, 262, 190, 332, 255], [1, 8, 306, 175, 343, 202], [1, 9, 219, 184, 266, 226], [3, 0, 0, 66, 573, 156], [3, 7, 257, 147, 258, 147], [3, 24, 259, 147, 261, 147]], [[1, 6, 262, 193, 340, 272], [2, 7, 75, 145, 271, 190], [2, 24, 271, 146, 538, 193], [3, 7, 0, 0, 270, 182], [3, 24, 266, 0, 599, 191]], [[1, 4, 285, 151, 287, 152], [1, 7, 262, 187, 330, 265], [3, 0, 14, 0, 599, 157]], [[1, 5, 11, 350, 210, 399], [1, 8, 265, 201, 330, 252], [1, 9, 0, 250, 137, 399], [3, 0, 0, 69, 357, 161], [3, 7, 274, 151, 275, 151], [3, 24, 276, 151, 279, 152]], [[1, 5, 333, 217, 447, 310], [1, 8, 340, 187, 388, 218], [1, 9, 268, 203, 324, 257], [3, 0, 0, 74, 567, 160], [3, 7, 253, 151, 254, 151], [3, 24, 255, 151, 257, 152]]], "distance_down_track": [344.944580078125, 1352.171875, 1419.1202392578125, 615.46142578125, 1231.1109619140625, 68.57485961914062, 620.3850708007812, 1148.380615234375, 71.8785400390625, 69.4873046875], "velocity": [[16.161121368408203, -1.71558678150177, 14.432086944580078], [-15.584729194641113, 2.2655086517333984, -4.717404842376709], [-15.074421882629395, -4.014334678649902, 11.973265647888184], [-0.7254540324211121, -1.6954877376556396, 12.492694854736328], [-1.7568517923355103, -0.3220783770084381, -21.66148567199707], [3.6872918605804443, 0.5490514039993286, 21.529630661010742], [-0.6744715571403503, -2.0420918464660645, 14.810491561889648], [-4.528850555419922, 0.20465432107448578, -20.197463989257812], [2.5662364959716797, 1.0964128971099854, 25.849803924560547], [4.254344463348389, 0.875199019908905, 22.586158752441406]]}