{"track": "tutorial", "karts": ["puffy", "hexley", "tux", "suzanne", "pidgin", "nolok", "beastie", "gavroche", "amanda", "adiumy"], "detections": [[[1, 0, 205, 201, 384, 320], [1, 1, 387, 155, 399, 165], [1, 3, 277, 154, 294, 165], [1, 4, 335, 155, 346, 161], [1, 5, 377, 156, 386, 164], [1, 7, 311, 154, 323, 162], [1, 9, 362, 154, 372, 162], [2, 0, 275, 134, 360, 155], [3, 0, 0, 18, 599, 399], [3, 8, 0, 24, 9, 38]], [[1, 1, 245, 190, 356, 342], [1, 5, 88, 204, 240, 313], [1, 9, 0, 191, 96, 272], [2, 0, 0, 112, 84, 148], [3, 0, 0, 63, 599, 399]], [[1, 2, 230, 196, 360, 310], [1, 8, 248, 134, 254, 139], [2, 0, 0, 127, 599, 399], [3, 0, 0, 45, 599, 254], [3, 6, 349, 45, 361, 61], [3, 7, 290, 42, 301, 55]], [[1, 1, 460, 164, 491, 187], [1, 3, 220, 201, 368, 322], [1, 4, 337, 161, 362, 178], [1, 5, 437, 165, 463, 184], [1, 7, 317, 166, 346, 195], [1, 9, 393, 160, 415, 179], [2, 0, 182, 113, 355, 160], [3, 0, 0, 19, 599, 399]], [[1, 1, 408, 173, 491, 214], [1, 4, 213, 217, 362, 329], [1, 5, 393, 181, 469, 221], [1, 9, 336, 179, 402, 232], [2, 0, 0, 55, 160, 235], [3, 0, 0, 27, 599, 399]], [[1, 1, 351, 192, 521, 357], [1, 5, 237, 205, 358, 318], [1, 9, 43, 188, 185, 290], [2, 0, 0, 104, 138, 210], [3, 0, 0, 72, 599, 399]], [[1, 2, 278, 176, 333, 223], [1, 6, 202, 179, 378, 331], [1, 8, 251, 143, 257, 147], [2, 0, 0, 136, 599, 399], [3, 0, 0, 63, 599, 269], [3, 6, 349, 62, 360, 76], [3, 7, 292, 56, 302, 67]], [[1, 1, 481, 167, 545, 206], [1, 4, 289, 168, 338, 199], [1, 5, 448, 170, 504, 201], [1, 7, 240, 205, 353, 321], [1, 9, 382, 162, 419, 194], [2, 0, 0, 84, 315, 165], [3, 0, 0, 7, 599, 399]], [[1, 8, 258, 192, 343, 262], [2, 0, 0, 167, 599, 399], [3, 0, 0, 72, 599, 266], [3, 6, 458, 62, 477, 82], [3, 7, 375, 77, 387, 89]], [[1, 1, 545, 217, 599, 262], [1, 4, 0, 266, 26, 304], [1, 5, 442, 206, 599, 335], [1, 9, 251, 190, 354, 305], [2, 0, 0, 100, 199, 220], [3, 0, 0, 76, 599, 399]]], "distance_down_track": [712.0943603515625, 712.6583862304688, 590.8922729492188, 605.3455200195312, 605.3455200195312, 656.4569091796875, 590.8922729492188, 619.34228515625, 590.8922729492188, 590.8922729492188], "velocity": [[-4.127087116241455, 0.13994824886322021, -2.622407913208008], [-0.10921436548233032, -0.04908238723874092, 0.021277274936437607], [1.814678430557251, -1.0729634761810303, -6.595491886138916], [-4.79764986038208, 0.09301576018333435, -1.0392205715179443], [-0.2969156801700592, 0.12204097211360931, 1.0936226844787598], [-0.08496672660112381, 0.061063867062330246, 0.0063780187629163265], [0.44223493337631226, -0.2377849519252777, -1.7468092441558838], [-5.066589832305908, 0.10393739491701126, -0.14221088588237762], [11.68223762512207, -0.27097463607788086, -17.67787742614746], [-0.10497740656137466, 0.08298905938863754, 0.011370956897735596]]}