{"track": "minigolf", "karts": ["nolok", "sara_the_racer", "emule", "adiumy", "gavroche", "konqi", "amanda", "xue", "sara_the_wizard", "puffy"], "detections": [[[1, 0, 268, 203, 328, 259], [1, 1, 318, 166, 342, 211], [1, 7, 341, 141, 351, 151], [2, 0, 0, 137, 599, 399], [3, 0, 0, 0, 599, 304], [4, 3, 261, 144, 270, 153], [4, 4, 374, 135, 384, 146], [4, 5, 304, 136, 312, 145], [255, 16777215, 40, 0, 43, 8]], [[1, 0, 135, 313, 267, 399], [1, 1, 278, 176, 321, 258], [1, 7, 318, 139, 329, 151], [2, 0, 0, 136, 599, 399], [3, 0, 0, 0, 599, 242], [4, 3, 227, 143, 238, 153], [4, 4, 353, 133, 364, 145], [4, 5, 277, 134, 285, 144]], [[1, 2, 268, 199, 329, 260], [2, 0, 0, 179, 478, 399], [3, 0, 0, 0, 599, 399]], [[1, 0, 59, 161, 71, 162], [1, 1, 33, 155, 46, 163], [1, 3, 269, 197, 331, 254], [1, 4, 234, 176, 260, 201], [2, 0, 0, 161, 599, 399], [3, 0, 0, 2, 599, 346], [5, 1, 432, 169, 452, 186], [5, 2, 235, 164, 245, 175], [6, 30, 247, 152, 263, 164]], [[1, 0, 107, 161, 117, 163], [1, 1, 87, 155, 98, 164], [1, 4, 272, 203, 329, 259], [1, 7, 0, 148, 1, 150], [2, 0, 0, 138, 599, 399], [3, 0, 0, 0, 599, 250], [4, 4, 22, 138, 35, 146], [5, 2, 281, 169, 295, 183], [6, 30, 296, 152, 318, 166]], [[1, 3, 325, 154, 325, 154], [1, 5, 261, 192, 338, 265], [2, 0, 0, 147, 599, 399], [2, 6, 303, 154, 308, 159], [3, 0, 0, 0, 599, 251], [3, 4, 296, 150, 302, 156], [3, 6, 304, 149, 313, 159], [5, 2, 344, 154, 344, 154], [6, 30, 365, 152, 366, 154], [255, 16777215, 158, 75, 163, 101]], [[1, 6, 259, 179, 338, 244], [2, 0, 0, 157, 599, 399], [3, 0, 0, 0, 599, 313], [3, 2, 316, 2, 437, 145], [5, 10, 379, 156, 382, 157], [5, 12, 325, 155, 327, 156], [5, 13, 345, 155, 346, 156]], [[1, 7, 266, 187, 334, 266], [2, 0, 0, 189, 599, 399], [3, 0, 0, 0, 599, 251], [4, 4, 426, 164, 508, 224], [4, 5, 91, 172, 149, 213]], [[1, 8, 278, 188, 322, 263], [2, 0, 0, 121, 458, 399], [3, 0, 0, 0, 599, 399], [4, 7, 447, 155, 453, 164], [4, 8, 423, 151, 432, 160], [4, 16, 386, 124, 389, 127], [4, 17, 364, 117, 366, 119], [4, 18, 416, 129, 417, 130], [4, 19, 414, 129, 415, 130]], [[1, 9, 253, 200, 337, 260], [2, 0, 0, 167, 524, 399], [3, 0, 0, 0, 599, 399], [3, 7, 218, 147, 243, 172], [4, 14, 248, 157, 258, 166], [4, 15, 309, 156, 319, 164]]], "distance_down_track": [66.60406494140625, 68.9406509399414, 135.09230041503906, 34.33281707763672, 38.30774688720703, 714.902587890625, 543.896240234375, 88.05766296386719, 183.6233367919922, 632.0857543945312], "velocity": [[-18.783287048339844, 0.15554358065128326, -8.697921752929688], [-18.242443084716797, 0.1558179408311844, -7.341740131378174], [-18.143596649169922, -1.9046710729599, 9.781213760375977], [-10.141791343688965, 0.08172716200351715, 18.045146942138672], [-13.483104705810547, 0.08172725886106491, 15.706341743469238], [-20.27948570251465, 0.08172100782394409, 4.150384426116943], [13.037789344787598, 0.10746544599533081, -19.239896774291992], [-19.6263427734375, 5.700394630432129, -2.6145248413085938], [14.241791725158691, -4.584371566772461, 14.305413246154785], [-4.98432731628418, 0.08173761516809464, -22.66645050048828]]}