{"track": "fortmagma", "karts": ["nolok", "beastie", "sara_the_wizard", "adiumy", "puffy", "konqi", "pidgin", "emule", "xue", "gnu"], "detections": [[[1, 0, 270, 203, 327, 253], [1, 3, 275, 156, 285, 164], [2, 0, 0, 150, 599, 399], [3, 0, 0, 0, 599, 264], [3, 11, 233, 119, 248, 149], [3, 12, 314, 106, 332, 158], [4, 39, 226, 146, 228, 148], [4, 40, 245, 147, 247, 149], [5, 23, 238, 147, 239, 149]], [[1, 1, 232, 184, 340, 286], [1, 7, 269, 177, 317, 212], [1, 8, 489, 181, 539, 203], [2, 0, 0, 169, 599, 399], [3, 0, 0, 0, 599, 399], [3, 13, 0, 0, 83, 156]], [[1, 0, 188, 154, 199, 160], [1, 2, 272, 186, 321, 279], [1, 3, 142, 147, 147, 152], [1, 5, 305, 178, 358, 234], [2, 0, 101, 0, 599, 399], [3, 0, 0, 0, 599, 399], [3, 12, 141, 101, 165, 147]], [[1, 3, 272, 195, 330, 253], [2, 0, 0, 162, 599, 399], [3, 0, 0, 0, 599, 350], [3, 10, 116, 92, 142, 168], [3, 11, 263, 128, 279, 162], [3, 12, 360, 103, 386, 170], [4, 17, 33, 153, 39, 156], [4, 19, 182, 157, 185, 160], [4, 39, 243, 157, 247, 161], [4, 40, 269, 158, 272, 162], [5, 23, 260, 159, 261, 162]], [[1, 1, 243, 166, 295, 207], [1, 4, 238, 199, 335, 274], [1, 7, 283, 167, 303, 190], [1, 8, 459, 176, 501, 193], [2, 0, 0, 104, 599, 399], [2, 1, 50, 115, 60, 117], [3, 0, 0, 0, 599, 399], [3, 1, 0, 110, 7, 111], [3, 13, 0, 0, 146, 156], [5, 3, 79, 119, 79, 119]], [[1, 0, 183, 152, 194, 158], [1, 2, 150, 215, 283, 399], [1, 3, 142, 145, 149, 150], [1, 5, 251, 189, 358, 292], [2, 0, 96, 142, 599, 399], [3, 0, 0, 0, 599, 399], [3, 12, 147, 98, 171, 145]], [[1, 1, 325, 148, 333, 153], [1, 4, 323, 153, 332, 158], [1, 6, 252, 212, 334, 270], [1, 7, 331, 147, 339, 151], [2, 0, 223, 96, 599, 399], [2, 1, 241, 101, 275, 109], [3, 0, 0, 0, 599, 399], [3, 1, 223, 101, 272, 122], [3, 13, 209, 0, 305, 136], [4, 35, 340, 159, 357, 173], [5, 3, 255, 104, 256, 105], [6, 29, 232, 154, 256, 168], [6, 34, 357, 154, 372, 166]], [[1, 1, 248, 253, 407, 399], [1, 7, 255, 199, 330, 271], [1, 8, 522, 185, 581, 212], [2, 0, 0, 171, 599, 399], [3, 0, 0, 0, 599, 399], [3, 13, 0, 0, 26, 161]], [[1, 2, 425, 179, 434, 186], [1, 5, 433, 175, 444, 187], [1, 8, 249, 185, 332, 272], [1, 9, 416, 167, 435, 183], [2, 0, 0, 12, 599, 399], [3, 0, 0, 0, 599, 217]], [[1, 2, 255, 199, 255, 202], [1, 5, 254, 163, 274, 182], [1, 9, 254, 145, 331, 247], [2, 0, 249, 0, 599, 399], [3, 0, 0, 0, 599, 399]]], "distance_down_track": [1056.2154541015625, 992.7485961914062, 1023.7625732421875, 1073.974609375, 986.7623901367188, 1031.6116943359375, 943.6419677734375, 996.9588623046875, 1010.9599609375, 1026.0555419921875], "velocity": [[3.8492794036865234, 0.08501238375902176, 22.227270126342773], [-7.9468817710876465, 0.09162783622741699, 12.518572807312012], [11.94260025024414, 0.07336276769638062, 12.414154052734375], [0.9705405831336975, 1.015642523765564, 21.090267181396484], [-12.350794792175293, 0.09765633940696716, 15.736374855041504], [9.479923248291016, 0.06926438212394714, 10.497042655944824], [-17.209341049194336, -4.159495830535889, 9.096907615661621], [-7.80896520614624, 0.10627928376197815, 13.669612884521484], [8.402791023254395, 0.10475271940231323, 14.565292358398438], [11.351799011230469, 0.12612532079219818, 3.7366528511047363]]}