{"track": "snowtuxpeak", "karts": ["pidgin", "amanda", "xue", "tux", "gavroche", "emule", "puffy", "sara_the_wizard", "beastie", "gnu"], "detections": [[[1, 0, 263, 209, 334, 258], [1, 2, 300, 154, 302, 157], [1, 4, 306, 156, 308, 158], [1, 9, 301, 153, 306, 159], [2, 0, 0, 156, 599, 399], [3, 0, 0, 0, 599, 258], [6, 23, 297, 158, 301, 158]], [[1, 1, 246, 189, 345, 275], [1, 8, 251, 166, 296, 205], [2, 0, 0, 83, 599, 399], [3, 0, 0, 0, 599, 314], [4, 14, 377, 158, 392, 169], [4, 15, 338, 156, 352, 167], [4, 16, 303, 154, 315, 165], [4, 17, 267, 153, 279, 163]], [[1, 0, 376, 182, 379, 183], [1, 2, 231, 195, 368, 389], [1, 4, 341, 188, 357, 199], [1, 9, 370, 178, 375, 184], [2, 0, 0, 135, 599, 399], [3, 0, 0, 0, 599, 266], [4, 14, 292, 179, 294, 181], [4, 15, 296, 180, 296, 180], [6, 23, 333, 204, 396, 217]], [[1, 1, 558, 186, 599, 216], [1, 3, 256, 197, 329, 263], [1, 8, 502, 175, 540, 199], [2, 0, 0, 100, 599, 399], [3, 0, 0, 0, 599, 234], [4, 14, 559, 170, 582, 182], [4, 15, 509, 167, 528, 178], [4, 16, 468, 165, 483, 175], [4, 17, 431, 162, 444, 172]], [[1, 2, 267, 158, 283, 174], [1, 4, 271, 203, 328, 259], [2, 0, 0, 157, 599, 399], [3, 0, 0, 0, 599, 271], [6, 23, 234, 184, 290, 197]], [[1, 5, 240, 224, 364, 362], [2, 0, 0, 181, 477, 399], [3, 0, 0, 0, 599, 399], [3, 1, 400, 125, 414, 146]], [[1, 3, 515, 196, 554, 216], [1, 6, 247, 200, 332, 263], [2, 0, 0, 188, 599, 399], [3, 0, 0, 0, 599, 241]], [[1, 5, 311, 174, 314, 175], [1, 7, 248, 225, 355, 356], [2, 0, 0, 172, 599, 399], [3, 0, 0, 0, 599, 263], [6, 22, 276, 181, 294, 184], [6, 24, 447, 376, 599, 399]], [[1, 8, 247, 187, 353, 276], [2, 0, 0, 79, 599, 399], [3, 0, 0, 0, 599, 229], [4, 14, 372, 152, 389, 165], [4, 15, 327, 153, 344, 167], [4, 16, 285, 154, 300, 168], [4, 17, 241, 156, 256, 169]], [[1, 9, 256, 142, 343, 249], [2, 0, 0, 153, 599, 399], [3, 0, 0, 0, 599, 242]]], "distance_down_track": [939.2625732421875, 864.7772827148438, 7.235208988189697, 856.583251953125, 987.4136962890625, 42.406707763671875, 846.465576171875, 92.63138580322266, 867.976806640625, 969.48388671875], "velocity": [[-0.7089448571205139, 0.0885753482580185, 23.100502014160156], [-17.135034561157227, -0.6867680549621582, 0.9063265323638916], [-2.7965641021728516, 0.06357365846633911, 7.248391151428223], [-19.149614334106445, -0.7331298589706421, -3.920156955718994], [0.39510127902030945, 0.08171020448207855, 20.903106689453125], [-19.1374568939209, 0.920368492603302, 7.835853099822998], [-8.589702606201172, 0.17596620321273804, -20.074188232421875], [-20.543107986450195, 2.0184576511383057, 1.5480555295944214], [-17.025938034057617, -0.7529256939888, 2.5345940589904785], [-0.38595831394195557, 0.068783700466156, 13.706985473632812]]}