{"track": "tutorial", "karts": ["puffy", "hexley", "tux", "suzanne", "pidgin", "nolok", "beastie", "gavroche", "amanda", "adiumy"], "detections": [[[1, 0, 203, 201, 387, 323], [2, 0, 199, 129, 309, 155], [3, 0, 0, 37, 599, 399]], [[1, 0, 327, 234, 334, 245], [1, 1, 239, 192, 350, 349], [2, 0, 0, 163, 599, 399], [3, 0, 0, 0, 599, 334], [3, 8, 116, 35, 126, 45]], [[1, 2, 268, 198, 332, 251], [1, 7, 241, 160, 242, 160], [1, 9, 268, 282, 479, 399], [2, 0, 0, 160, 599, 399], [3, 0, 0, 120, 599, 339], [3, 6, 179, 135, 185, 140], [3, 7, 123, 122, 133, 129]], [[1, 3, 261, 201, 345, 266], [1, 4, 243, 163, 261, 172], [2, 0, 66, 148, 599, 399], [3, 0, 0, 114, 599, 399], [5, 17, 213, 158, 216, 164], [5, 18, 242, 156, 247, 162], [5, 19, 264, 155, 269, 162], [5, 20, 134, 147, 136, 151], [5, 21, 119, 147, 121, 151]], [[1, 2, 20, 133, 28, 137], [1, 4, 262, 211, 343, 266], [1, 9, 41, 135, 50, 139], [2, 0, 84, 143, 599, 399], [3, 0, 0, 111, 599, 399], [5, 17, 248, 166, 257, 181], [5, 18, 311, 163, 321, 178], [5, 19, 357, 162, 367, 176], [5, 20, 201, 147, 203, 152], [5, 21, 182, 146, 185, 151]], [[1, 5, 269, 203, 328, 258], [2, 0, 0, 144, 599, 399], [3, 0, 0, 46, 599, 264], [3, 6, 297, 68, 307, 81], [3, 7, 244, 62, 253, 72]], [[1, 3, 84, 176, 91, 177], [1, 6, 217, 179, 393, 329], [2, 0, 0, 176, 599, 399], [3, 0, 0, 32, 599, 315], [5, 5, 194, 172, 201, 178], [5, 6, 135, 174, 138, 175], [5, 7, 120, 175, 122, 175], [5, 12, 223, 170, 229, 176], [5, 13, 245, 170, 250, 175]], [[1, 7, 272, 203, 327, 255], [2, 0, 0, 170, 599, 399], [3, 0, 0, 92, 599, 279], [3, 6, 269, 114, 277, 124], [3, 7, 221, 108, 228, 114]], [[1, 3, 82, 175, 84, 175], [1, 6, 294, 162, 308, 172], [1, 8, 221, 184, 381, 319], [2, 0, 0, 171, 599, 399], [3, 0, 0, 73, 599, 342], [3, 2, 533, 132, 566, 155], [5, 5, 197, 168, 200, 170], [5, 12, 212, 168, 215, 171], [5, 13, 223, 168, 226, 171], [5, 14, 325, 169, 330, 176], [5, 16, 261, 174, 268, 181]], [[1, 2, 269, 179, 305, 208], [1, 7, 244, 160, 244, 160], [1, 9, 269, 196, 329, 249], [2, 0, 0, 160, 599, 399], [3, 0, 0, 122, 599, 320], [3, 6, 181, 139, 187, 141], [3, 7, 126, 125, 135, 132]]], "distance_down_track": [712.6583862304688, 712.6583862304688, 383.7624206542969, 392.1418762207031, 392.1418762207031, 473.2306823730469, 383.7624206542969, 422.5950622558594, 365.0060729980469, 343.6702575683594], "velocity": [[-4.721602916717529, 0.11355775594711304, -1.6679801940917969], [-0.14328165352344513, 0.07399637997150421, 0.01729322224855423], [-8.192129135131836, 1.5374935865402222, -21.43653678894043], [-15.593488693237305, 0.20005005598068237, 10.739413261413574], [-19.405010223388672, 0.25818124413490295, 4.6859822273254395], [2.0193932056427, -2.965456485748291, -20.853626251220703], [-0.3822735548019409, 0.06722600758075714, 0.5903671383857727], [-0.39810776710510254, 0.8477994799613953, -22.313350677490234], [-0.06968583911657333, 0.09350346773862839, 0.012236416339874268], [-9.614389419555664, 1.5968884229660034, -20.832990646362305]]}