{"track": "tutorial", "karts": ["puffy", "hexley", "tux", "suzanne", "pidgin", "nolok", "beastie", "gavroche", "amanda", "adiumy"], "detections": [[[1, 0, 204, 201, 388, 327], [1, 1, 310, 154, 326, 174], [2, 0, 69, 117, 253, 156], [3, 0, 0, 33, 599, 399]], [[1, 1, 241, 192, 351, 346], [2, 0, 0, 142, 133, 223], [3, 0, 0, 97, 599, 399]], [[1, 2, 269, 198, 333, 253], [1, 5, 271, 142, 277, 147], [1, 7, 275, 160, 289, 174], [1, 9, 286, 160, 304, 175], [2, 0, 0, 140, 599, 399], [3, 0, 0, 55, 599, 307], [3, 6, 401, 46, 415, 64], [3, 7, 334, 53, 345, 65]], [[1, 3, 264, 201, 335, 253], [2, 0, 0, 171, 599, 399], [3, 0, 0, 92, 599, 282], [3, 6, 269, 115, 277, 124], [3, 7, 224, 109, 229, 115]], [[1, 2, 265, 156, 274, 162], [1, 4, 265, 209, 334, 256], [1, 5, 237, 140, 240, 143], [1, 7, 252, 151, 256, 155], [1, 9, 257, 150, 263, 155], [2, 0, 0, 136, 599, 399], [3, 0, 0, 37, 599, 280], [3, 6, 323, 53, 334, 67], [3, 7, 267, 51, 277, 62]], [[1, 5, 269, 203, 329, 257], [2, 0, 0, 172, 599, 399], [3, 0, 0, 73, 599, 274], [3, 6, 452, 62, 470, 83], [3, 7, 367, 79, 379, 91]], [[1, 6, 231, 182, 375, 307], [2, 0, 0, 151, 599, 399], [3, 0, 0, 103, 599, 301], [5, 6, 513, 168, 562, 209], [5, 7, 361, 173, 404, 214], [5, 8, 192, 178, 233, 218], [5, 17, 208, 153, 214, 159], [5, 18, 235, 152, 240, 157], [5, 19, 255, 151, 259, 156], [5, 20, 136, 147, 140, 151], [5, 21, 123, 147, 127, 151], [5, 22, 105, 147, 109, 150]], [[1, 5, 293, 151, 303, 160], [1, 7, 271, 203, 326, 257], [1, 9, 310, 211, 392, 288], [2, 0, 0, 151, 599, 399], [3, 0, 0, 59, 599, 312], [3, 6, 445, 49, 462, 69], [3, 7, 368, 63, 380, 75], [3, 8, 490, 83, 490, 83]], [[1, 6, 236, 157, 253, 170], [1, 8, 250, 187, 375, 300], [2, 0, 0, 161, 599, 399], [3, 0, 0, 119, 599, 268], [5, 6, 281, 158, 288, 165], [5, 7, 251, 159, 259, 166], [5, 8, 213, 160, 222, 168], [5, 17, 134, 159, 139, 162], [5, 18, 153, 158, 158, 162], [5, 19, 167, 158, 172, 162], [5, 20, 15, 154, 20, 157], [5, 21, 1, 153, 7, 156]], [[1, 5, 292, 151, 301, 159], [1, 7, 250, 193, 289, 230], [1, 9, 274, 196, 326, 246], [2, 0, 0, 151, 599, 399], [3, 0, 0, 57, 599, 291], [3, 6, 454, 46, 472, 67], [3, 7, 376, 61, 388, 74]]], "distance_down_track": [712.6583862304688, 712.6583862304688, 420.1153259277344, 422.4224853515625, 420.1153259277344, 512.133544921875, 409.40948486328125, 473.2306823730469, 392.1418762207031, 383.7624206542969], "velocity": [[-4.990776538848877, 0.09826049208641052, -0.726890504360199], [-0.14205676317214966, -0.0008409397560171783, -0.01253611221909523], [10.47445011138916, -2.718784809112549, -20.295175552368164], [-0.4014110267162323, 0.9184631705284119, -22.978147506713867], [4.978156089782715, -4.053246021270752, -23.281143188476562], [10.32308292388916, -0.2960056960582733, -18.495023727416992], [-8.659383773803711, 0.14518216252326965, 6.941767692565918], [13.322579383850098, -1.3696229457855225, -17.42326545715332], [-4.637767791748047, 0.5904430150985718, 11.162980079650879], [11.788644790649414, -1.5087963342666626, -20.669706344604492]]}