{"track": "tutorial", "karts": ["puffy", "hexley", "tux", "suzanne", "pidgin", "nolok", "beastie", "gavroche", "amanda", "adiumy"], "detections": [[[1, 0, 260, 201, 348, 261], [1, 1, 0, 135, 3, 136], [2, 0, 94, 145, 599, 399], [3, 0, 0, 110, 599, 399], [5, 20, 257, 153, 263, 160], [5, 21, 232, 152, 238, 160], [5, 22, 199, 151, 206, 159]], [[1, 1, 272, 196, 327, 271], [2, 0, 0, 163, 599, 399], [3, 0, 0, 97, 599, 291], [3, 6, 234, 133, 237, 140], [3, 7, 189, 126, 190, 132]], [[1, 2, 269, 198, 333, 251], [2, 0, 0, 158, 599, 399], [3, 0, 0, 64, 599, 302], [3, 6, 451, 53, 469, 73], [3, 7, 371, 68, 383, 80]], [[1, 3, 253, 201, 335, 269], [1, 4, 440, 158, 463, 169], [1, 5, 549, 165, 589, 182], [2, 0, 334, 124, 468, 157], [3, 0, 0, 0, 599, 399], [3, 8, 81, 27, 94, 36]], [[1, 4, 214, 217, 363, 329], [1, 5, 404, 175, 449, 211], [1, 7, 478, 167, 524, 189], [2, 0, 0, 59, 104, 243], [3, 0, 0, 29, 599, 399]], [[1, 5, 229, 206, 348, 324], [1, 7, 315, 166, 355, 195], [3, 0, 0, 22, 599, 399]], [[1, 6, 218, 180, 389, 327], [2, 0, 0, 155, 599, 399], [3, 0, 0, 0, 599, 210]], [[1, 7, 235, 205, 349, 319], [2, 0, 506, 21, 599, 77], [3, 0, 0, 8, 599, 399]], [[1, 8, 238, 189, 357, 289], [1, 9, 288, 149, 296, 157], [2, 0, 0, 100, 599, 399], [3, 0, 0, 0, 599, 194]], [[1, 9, 261, 193, 344, 280], [2, 0, 0, 99, 599, 399], [3, 0, 0, 0, 599, 198]]], "distance_down_track": [453.3009948730469, 513.8001708984375, 0.0, 0.0, 0.0, 0.0, 753.8200073242188, 0.0, 753.8200073242188, 753.8200073242188], "velocity": [[-21.62572479248047, 0.8099426031112671, -2.0204427242279053], [-3.5789732933044434, 1.1310408115386963, -19.303466796875], [12.573369979858398, -0.5764872431755066, -19.250404357910156], [-6.647698402404785, 0.027675718069076538, -4.862490177154541], [-0.42329949140548706, 0.060823045670986176, 1.2914950847625732], [0.07029333710670471, 0.060431595891714096, 2.327181577682495], [-5.594102382659912, -0.3661026954650879, 3.1104044914245605], [1.507368803024292, 0.1559193879365921, 2.7284250259399414], [-6.010324001312256, -0.4216924011707306, -10.46440601348877], [-5.666244029998779, -0.13602864742279053, -10.783349990844727]]}