{"track": "overworld", "karts": ["beastie", "kiki", "hexley", "emule", "amanda", "wilber", "adiumy", "xue", "suzanne", "nolok"], "detections": [[[1, 0, 255, 188, 340, 261], [3, 0, 0, 109, 526, 160], [3, 1, 173, 149, 186, 155], [3, 2, 184, 139, 191, 146], [3, 3, 183, 134, 187, 139], [3, 4, 182, 125, 188, 132], [3, 7, 197, 123, 214, 152], [3, 8, 197, 125, 203, 131], [3, 24, 210, 123, 230, 152], [3, 25, 217, 124, 229, 144]], [[1, 1, 271, 182, 336, 258], [1, 2, 300, 156, 304, 159], [1, 9, 279, 162, 285, 167], [3, 0, 0, 0, 599, 214]], [[1, 2, 275, 196, 331, 270], [3, 0, 0, 0, 599, 262]], [[1, 3, 257, 199, 338, 283], [2, 7, 73, 147, 302, 197], [2, 24, 303, 145, 599, 198], [3, 7, 0, 0, 302, 191], [3, 24, 302, 0, 599, 194]], [[1, 1, 284, 151, 286, 153], [1, 4, 257, 192, 339, 260], [1, 8, 288, 154, 290, 156], [3, 0, 0, 0, 599, 165]], [[1, 5, 262, 190, 332, 255], [3, 0, 0, 55, 591, 140], [3, 7, 257, 137, 258, 138], [3, 24, 259, 138, 261, 138]], [[1, 3, 191, 174, 245, 214], [1, 6, 263, 193, 341, 274], [2, 7, 95, 145, 256, 183], [2, 24, 255, 146, 479, 186], [3, 0, 581, 140, 599, 184], [3, 7, 0, 0, 254, 175], [3, 24, 247, 0, 599, 185]], [[1, 0, 458, 178, 464, 180], [1, 7, 270, 187, 338, 265], [3, 0, 0, 157, 426, 185], [3, 2, 187, 183, 187, 184], [3, 3, 186, 178, 188, 181], [3, 4, 185, 171, 188, 176], [3, 7, 146, 170, 158, 182], [3, 24, 158, 170, 174, 183], [3, 25, 172, 177, 172, 177]], [[1, 1, 286, 161, 299, 176], [1, 2, 291, 149, 293, 151], [1, 8, 262, 201, 338, 259], [1, 9, 275, 155, 279, 158], [3, 0, 0, 0, 599, 169]], [[1, 2, 340, 155, 348, 162], [1, 9, 274, 203, 335, 261], [3, 0, 0, 10, 599, 192]]], "distance_down_track": [332.15203857421875, 1281.6444091796875, 1335.27392578125, 621.5122680664062, 1193.429443359375, 64.57981872558594, 618.6563720703125, 387.1715393066406, 1268.822021484375, 1308.592529296875], "velocity": [[10.005233764648438, -3.0595498085021973, 19.051105499267578], [1.0104995965957642, 3.0770962238311768, -19.396455764770508], [-5.850229263305664, 2.2064361572265625, -18.644533157348633], [-0.10007242858409882, -2.058887243270874, 15.043471336364746], [-2.907932758331299, 0.789195716381073, -21.52513313293457], [3.860847234725952, -0.24136194586753845, 21.504838943481445], [-1.0733495950698853, -1.9734985828399658, 14.259256362915039], [16.683738708496094, 1.2698150873184204, 12.187305450439453], [-0.20089520514011383, 2.3440253734588623, -20.565874099731445], [2.701826333999634, 2.694701910018921, -20.345237731933594]]}