{"track": "tutorial", "karts": ["puffy", "hexley", "tux", "suzanne", "pidgin", "nolok", "beastie", "gavroche", "amanda", "adiumy"], "detections": [[[1, 0, 206, 203, 396, 328], [2, 0, 0, 104, 43, 122], [3, 0, 0, 37, 599, 399]], [[1, 0, 408, 193, 421, 200], [1, 1, 244, 193, 348, 344], [1, 6, 322, 190, 333, 198], [1, 8, 359, 182, 369, 189], [2, 0, 0, 154, 599, 399], [3, 0, 0, 0, 599, 304], [3, 8, 112, 35, 122, 46]], [[1, 2, 264, 198, 349, 269], [1, 5, 213, 149, 215, 150], [1, 7, 261, 152, 269, 157], [1, 9, 298, 156, 312, 167], [2, 0, 0, 152, 599, 399], [3, 0, 0, 120, 599, 399], [3, 6, 59, 117, 71, 128], [5, 20, 468, 169, 486, 189], [5, 21, 391, 167, 409, 187]], [[1, 2, 210, 156, 224, 163], [1, 3, 222, 201, 376, 317], [1, 4, 245, 163, 259, 170], [1, 7, 86, 144, 91, 147], [1, 9, 156, 149, 164, 154], [2, 0, 0, 151, 599, 399], [3, 0, 0, 116, 599, 264], [5, 17, 237, 178, 240, 182], [5, 19, 341, 167, 347, 180], [5, 20, 231, 154, 233, 158], [5, 21, 214, 154, 217, 158]], [[1, 2, 242, 159, 272, 177], [1, 4, 254, 213, 355, 284], [1, 5, 65, 143, 68, 144], [1, 7, 150, 146, 159, 151], [1, 9, 204, 149, 216, 157], [2, 0, 1, 149, 599, 399], [3, 0, 0, 91, 599, 399], [5, 20, 308, 153, 314, 162], [5, 21, 275, 153, 282, 162]], [[1, 5, 245, 204, 344, 301], [2, 0, 0, 160, 599, 399], [3, 0, 0, 38, 599, 259], [3, 6, 263, 127, 263, 129], [3, 7, 224, 118, 224, 118]], [[1, 0, 517, 171, 582, 196], [1, 6, 208, 180, 379, 330], [1, 8, 332, 156, 362, 185], [2, 0, 168, 109, 361, 162], [3, 0, 0, 17, 599, 399]], [[1, 5, 276, 156, 283, 161], [1, 7, 262, 203, 334, 274], [2, 0, 0, 156, 599, 399], [3, 0, 0, 112, 599, 263], [3, 6, 211, 131, 217, 133], [3, 7, 161, 118, 167, 125]], [[1, 8, 214, 188, 366, 341], [2, 0, 0, 50, 302, 193], [3, 0, 0, 0, 599, 399]], [[1, 5, 202, 155, 208, 159], [1, 7, 244, 162, 256, 171], [1, 9, 269, 196, 329, 249], [2, 0, 0, 156, 599, 399], [3, 0, 0, 111, 599, 348], [3, 6, 83, 123, 94, 133], [3, 7, 0, 105, 11, 116]]], "distance_down_track": [712.6583862304688, 702.2699584960938, 433.4427490234375, 455.9293518066406, 433.4427490234375, 512.133544921875, 420.1153259277344, 473.2306823730469, 400.4352722167969, 388.88299560546875], "velocity": [[-0.12019467353820801, 0.08811473101377487, 0.003456045873463154], [-5.866997241973877, -0.860484778881073, -6.222062587738037], [-14.43879222869873, 1.2345508337020874, -10.023086547851562], [-0.3394223153591156, 0.995085597038269, 0.038920942693948746], [-13.768417358398438, 0.8355947136878967, -5.231817245483398], [-0.8796342015266418, 0.5432690382003784, -10.931188583374023], [-4.810549259185791, 0.08732731640338898, -0.868347704410553], [-4.587685585021973, 1.0725878477096558, -15.581124305725098], [-0.6861889362335205, 0.7738815546035767, 0.72947758436203], [-12.796034812927246, 1.7066584825515747, -19.035463333129883]]}