{"track": "snowtuxpeak", "karts": ["pidgin", "amanda", "xue", "tux", "gavroche", "emule", "puffy", "sara_the_wizard", "beastie", "gnu"], "detections": [[[1, 0, 258, 210, 329, 259], [1, 9, 391, 150, 407, 167], [2, 0, 0, 169, 580, 399], [3, 0, 0, 0, 599, 399]], [[1, 0, 569, 158, 577, 160], [1, 1, 258, 191, 333, 254], [1, 3, 551, 158, 557, 161], [1, 4, 446, 163, 457, 169], [1, 6, 385, 167, 404, 176], [1, 8, 333, 164, 359, 184], [2, 0, 0, 157, 599, 399], [3, 0, 0, 0, 599, 399], [4, 10, 509, 158, 518, 163], [4, 11, 493, 158, 502, 163], [5, 9, 536, 159, 540, 162]], [[1, 2, 258, 185, 332, 266], [1, 7, 379, 184, 391, 198], [2, 0, 0, 151, 500, 399], [3, 0, 0, 0, 599, 399], [6, 18, 488, 203, 502, 213]], [[1, 0, 270, 166, 305, 186], [1, 3, 239, 196, 367, 309], [1, 9, 382, 143, 396, 156], [2, 0, 0, 157, 585, 399], [3, 0, 0, 0, 599, 399]], [[1, 0, 310, 155, 319, 158], [1, 3, 310, 155, 318, 162], [1, 4, 268, 203, 326, 256], [1, 9, 358, 146, 362, 149], [2, 0, 0, 153, 599, 399], [3, 0, 0, 18, 599, 281], [4, 10, 277, 155, 290, 166], [4, 11, 251, 155, 265, 166], [5, 9, 318, 157, 324, 165]], [[1, 2, 366, 153, 373, 158], [1, 5, 270, 199, 329, 259], [1, 7, 428, 151, 433, 155], [2, 0, 0, 117, 599, 399], [3, 0, 0, 0, 599, 310], [3, 1, 294, 30, 308, 55], [6, 18, 575, 171, 588, 178]], [[1, 0, 392, 152, 399, 155], [1, 3, 387, 153, 392, 157], [1, 4, 323, 162, 338, 171], [1, 6, 255, 201, 336, 258], [1, 9, 443, 145, 446, 148], [2, 0, 0, 151, 484, 399], [3, 0, 0, 65, 599, 399], [4, 10, 359, 154, 367, 159], [4, 11, 343, 152, 351, 158], [5, 9, 383, 154, 387, 158]], [[1, 7, 276, 188, 318, 265], [2, 0, 0, 153, 420, 399], [3, 0, 0, 0, 599, 399], [6, 18, 369, 168, 384, 180]], [[1, 0, 463, 153, 471, 155], [1, 3, 452, 153, 459, 157], [1, 4, 380, 160, 391, 166], [1, 6, 333, 168, 359, 183], [1, 8, 255, 177, 332, 244], [1, 9, 527, 146, 532, 149], [2, 0, 0, 152, 496, 399], [3, 0, 0, 5, 599, 399], [4, 10, 423, 153, 430, 158], [4, 11, 409, 153, 416, 157], [5, 9, 446, 154, 450, 158]], [[1, 9, 268, 158, 328, 226], [2, 0, 0, 193, 357, 399], [3, 0, 0, 78, 599, 399], [3, 1, 436, 134, 452, 155]]], "distance_down_track": [591.4718017578125, 527.0118408203125, 678.3280029296875, 584.4931640625, 561.3206176757812, 631.0648803710938, 545.9869384765625, 694.986572265625, 537.4362182617188, 605.9447631835938], "velocity": [[9.657048225402832, 1.8266326189041138, 21.38982582092285], [-19.828250885009766, 0.949074387550354, 13.753626823425293], [13.040078163146973, 1.0307772159576416, -16.04318618774414], [1.2460516691207886, 0.37713104486465454, 6.562732696533203], [-2.1623103618621826, 0.6164084672927856, 22.889833450317383], [20.063690185546875, -7.697758197784424, 2.9546334743499756], [-8.816459655761719, 0.5527613162994385, 22.47636604309082], [3.641914129257202, -1.5781757831573486, -20.315898895263672], [-14.156641006469727, 0.5982835292816162, 20.140064239501953], [18.23143196105957, -2.40939998626709, 12.58437442779541]]}