{"track": "snowtuxpeak", "karts": ["pidgin", "amanda", "xue", "tux", "gavroche", "emule", "puffy", "sara_the_wizard", "beastie", "gnu"], "detections": [[[1, 0, 239, 239, 363, 361], [1, 4, 222, 216, 267, 238], [2, 0, 0, 179, 599, 399], [3, 0, 0, 0, 599, 327], [3, 1, 308, 129, 318, 145], [6, 22, 232, 193, 268, 199]], [[1, 1, 230, 211, 374, 366], [1, 8, 281, 188, 317, 223], [2, 0, 0, 140, 599, 399], [3, 0, 0, 0, 599, 267], [6, 23, 348, 193, 381, 197]], [[1, 0, 321, 182, 326, 185], [1, 2, 232, 181, 368, 388], [1, 4, 317, 183, 320, 184], [1, 9, 304, 180, 317, 188], [2, 0, 0, 174, 599, 399], [3, 0, 0, 0, 599, 288], [3, 1, 348, 125, 356, 140], [6, 22, 314, 181, 316, 181], [6, 24, 318, 190, 333, 191]], [[1, 1, 332, 179, 348, 190], [1, 3, 237, 221, 364, 358], [1, 8, 348, 177, 359, 187], [2, 0, 0, 156, 502, 399], [3, 0, 0, 0, 599, 399], [3, 1, 165, 127, 181, 148], [6, 23, 394, 182, 412, 184]], [[1, 3, 332, 180, 333, 181], [1, 4, 238, 267, 363, 368], [2, 0, 0, 178, 599, 399], [3, 0, 0, 0, 599, 301], [3, 1, 322, 128, 333, 145], [6, 22, 249, 197, 294, 204]], [[1, 5, 248, 214, 373, 368], [2, 0, 0, 195, 477, 399], [3, 0, 0, 0, 599, 399]], [[1, 6, 249, 201, 347, 269], [2, 0, 0, 63, 599, 399], [3, 0, 0, 0, 599, 255], [4, 15, 585, 225, 599, 302]], [[1, 5, 332, 180, 336, 183], [1, 7, 250, 209, 357, 355], [2, 0, 0, 183, 599, 399], [3, 0, 0, 0, 599, 270]], [[1, 8, 244, 209, 362, 375], [2, 0, 0, 137, 599, 399], [3, 0, 0, 0, 599, 270], [4, 14, 302, 180, 303, 181], [6, 23, 347, 197, 393, 205]], [[1, 0, 314, 182, 317, 184], [1, 9, 202, 154, 389, 302], [2, 0, 0, 165, 599, 399], [3, 0, 0, 0, 599, 264], [3, 1, 324, 115, 334, 131], [6, 24, 320, 214, 391, 225]]], "distance_down_track": [81.7562026977539, 14.784830093383789, 122.17485046386719, 32.37101364135742, 78.61729431152344, 169.83197021484375, 883.9293823242188, 221.00624084472656, 10.209711074829102, 99.28504943847656], "velocity": [[-21.526899337768555, 1.483333945274353, 2.608149528503418], [-12.136773109436035, 0.0818653553724289, 22.017194747924805], [-20.562904357910156, 2.1840615272521973, -0.9416778683662415], [-28.475933074951172, 1.016215443611145, 21.3673152923584], [-11.444994926452637, 0.8247213363647461, 0.762835681438446], [-10.248321533203125, 0.26929181814193726, -17.983028411865234], [-19.46009063720703, -0.837730884552002, 3.821648597717285], [-0.22899886965751648, 0.34509676694869995, -20.69585609436035], [-8.762054443359375, 0.08171723037958145, 20.705900192260742], [-20.4919376373291, 2.697995901107788, 1.1363282203674316]]}