{"track": "overworld", "karts": ["beastie", "kiki", "hexley", "emule", "amanda", "wilber", "adiumy", "xue", "suzanne", "nolok"], "detections": [[[1, 0, 251, 188, 337, 266], [1, 2, 273, 156, 284, 168], [3, 0, 0, 0, 599, 156]], [[1, 0, 388, 154, 395, 157], [1, 1, 263, 182, 327, 255], [1, 2, 447, 151, 451, 153], [3, 0, 286, 62, 599, 153]], [[1, 2, 265, 196, 320, 270], [3, 0, 0, 0, 599, 162]], [[1, 3, 244, 200, 361, 321], [1, 6, 281, 164, 320, 202], [2, 7, 203, 140, 287, 159], [2, 24, 287, 139, 396, 159], [3, 0, 0, 0, 599, 172], [3, 7, 98, 0, 286, 157], [3, 24, 281, 0, 478, 156]], [[1, 1, 431, 169, 434, 171], [1, 4, 259, 192, 334, 257], [3, 0, 0, 84, 364, 170], [3, 7, 276, 161, 278, 161], [3, 24, 279, 161, 280, 161]], [[1, 5, 265, 190, 334, 255], [1, 8, 97, 231, 231, 314], [1, 9, 16, 289, 228, 399], [3, 0, 0, 0, 599, 191]], [[1, 6, 257, 192, 349, 290], [2, 7, 181, 136, 284, 159], [2, 24, 284, 136, 420, 160], [3, 0, 0, 0, 599, 171], [3, 7, 58, 0, 283, 155], [3, 24, 281, 0, 527, 159]], [[1, 4, 491, 120, 493, 121], [1, 7, 271, 187, 339, 265], [2, 0, 392, 131, 397, 136], [3, 0, 0, 0, 599, 227], [3, 6, 424, 94, 424, 94]], [[1, 5, 343, 172, 407, 224], [1, 8, 266, 200, 341, 261], [1, 9, 322, 224, 437, 325], [3, 0, 0, 0, 599, 189]], [[1, 5, 319, 170, 362, 210], [1, 8, 246, 190, 295, 233], [1, 9, 274, 203, 335, 261], [3, 0, 0, 0, 599, 183]]], "distance_down_track": [1180.6754150390625, 188.3182830810547, 1194.4241943359375, 609.6339721679688, 75.85543823242188, 1317.9256591796875, 612.8939208984375, 1434.8150634765625, 1316.9755859375, 1315.5943603515625], "velocity": [[-3.342414140701294, 0.4860784709453583, -21.47096061706543], [19.474666595458984, -0.3240956962108612, -6.30828857421875], [-2.5511293411254883, 0.3957938849925995, -19.494800567626953], [-0.4492385983467102, -1.142499566078186, 6.729814052581787], [2.2554407119750977, 0.9670178890228271, 24.024993896484375], [0.9066272377967834, 3.2852072715759277, -21.79642677307129], [-0.6634831428527832, -1.4545083045959473, 10.71683406829834], [-13.894890785217285, -4.452498912811279, 14.683229446411133], [2.250113010406494, 2.728466272354126, -20.196077346801758], [1.436835765838623, 2.7574522495269775, -19.91364860534668]]}