{"track": "tutorial", "karts": ["puffy", "hexley", "tux", "suzanne", "pidgin", "nolok", "beastie", "gavroche", "amanda", "adiumy"], "detections": [[[1, 0, 204, 203, 394, 327], [2, 0, 0, 100, 79, 136], [3, 0, 0, 46, 599, 399]], [[1, 0, 338, 157, 359, 172], [1, 1, 242, 193, 349, 349], [1, 2, 278, 154, 295, 169], [1, 6, 242, 151, 264, 169], [1, 8, 258, 153, 278, 170], [2, 0, 118, 119, 276, 155], [3, 0, 0, 33, 599, 399]], [[1, 2, 242, 196, 373, 327], [1, 6, 73, 170, 231, 256], [1, 8, 0, 196, 216, 399], [2, 0, 0, 104, 346, 191], [3, 0, 0, 39, 599, 399]], [[1, 3, 267, 200, 338, 254], [2, 0, 59, 144, 599, 399], [3, 0, 0, 115, 599, 399], [5, 17, 208, 156, 214, 164], [5, 18, 239, 156, 244, 164], [5, 19, 262, 157, 266, 163], [5, 20, 128, 145, 130, 149], [5, 21, 112, 144, 115, 148], [5, 22, 90, 143, 94, 147]], [[1, 3, 28, 146, 31, 147], [1, 4, 224, 217, 373, 322], [2, 0, 0, 159, 599, 399], [3, 0, 0, 86, 599, 245], [3, 2, 498, 147, 528, 166], [5, 12, 187, 153, 189, 154], [5, 13, 199, 154, 202, 156], [5, 14, 306, 160, 311, 167], [5, 15, 276, 159, 282, 166], [5, 16, 239, 158, 247, 166]], [[1, 5, 270, 203, 329, 256], [2, 0, 0, 171, 599, 399], [3, 0, 0, 71, 599, 263], [3, 6, 460, 61, 479, 82], [3, 7, 376, 78, 388, 90], [3, 8, 504, 98, 504, 98]], [[1, 0, 559, 194, 599, 221], [1, 2, 354, 184, 487, 250], [1, 6, 199, 178, 372, 346], [1, 8, 370, 195, 599, 399], [2, 0, 0, 66, 238, 216], [3, 0, 0, 17, 599, 399]], [[1, 5, 232, 180, 234, 181], [1, 7, 273, 203, 328, 251], [2, 0, 0, 176, 599, 399], [3, 0, 0, 112, 599, 271], [3, 6, 277, 113, 285, 122], [3, 7, 229, 105, 237, 113]], [[1, 2, 327, 179, 431, 258], [1, 6, 170, 165, 284, 263], [1, 8, 217, 184, 378, 320], [2, 0, 0, 84, 312, 180], [3, 0, 0, 25, 599, 399]], [[1, 4, 256, 153, 261, 155], [1, 9, 250, 190, 355, 305], [2, 0, 0, 148, 599, 399], [3, 0, 0, 23, 599, 392], [3, 2, 301, 146, 308, 153], [5, 12, 152, 141, 153, 141], [5, 13, 156, 141, 156, 141], [5, 14, 236, 149, 237, 150], [5, 15, 227, 148, 228, 150], [5, 16, 216, 147, 217, 149]]], "distance_down_track": [712.6583862304688, 712.6583862304688, 365.0060729980469, 354.56878662109375, 354.56878662109375, 420.1153259277344, 343.6702575683594, 383.7624206542969, 321.3812561035156, 310.5081787109375], "velocity": [[-0.06958844512701035, 0.08179914951324463, 0.0016986565897241235], [-4.8412346839904785, 0.09962248057126999, -0.9213085174560547], [-0.19304649531841278, 0.07388916611671448, -0.44832587242126465], [-18.959980010986328, 0.23300579190254211, 13.017865180969238], [2.0275626182556152, 0.20234517753124237, 1.470588207244873], [11.240572929382324, -0.2198943942785263, -18.46687889099121], [0.3803848624229431, 0.011991222389042377, -0.4948122203350067], [0.3412604033946991, -1.0566964149475098, -22.420516967773438], [-1.4574525356292725, 0.09373802691698074, 0.2141387015581131], [1.722922682762146, 0.042332813143730164, 0.1888710856437683]]}