{"track": "tutorial", "karts": ["puffy", "hexley", "tux", "suzanne", "pidgin", "nolok", "beastie", "gavroche", "amanda", "adiumy"], "detections": [[[1, 0, 202, 201, 386, 323], [1, 1, 348, 174, 407, 240], [1, 5, 356, 147, 370, 156], [1, 6, 328, 153, 344, 163], [1, 8, 344, 151, 356, 162], [2, 0, 239, 132, 333, 155], [3, 0, 0, 34, 599, 399]], [[1, 0, 0, 374, 160, 399], [1, 1, 241, 193, 349, 349], [1, 5, 323, 145, 338, 155], [1, 6, 295, 151, 310, 163], [1, 8, 311, 150, 324, 162], [2, 0, 195, 129, 301, 154], [3, 0, 0, 38, 599, 399]], [[1, 2, 267, 189, 332, 243], [1, 9, 281, 155, 293, 166], [2, 0, 0, 135, 599, 399], [3, 0, 0, 46, 599, 293], [3, 6, 369, 44, 381, 61], [3, 7, 307, 47, 318, 59], [3, 8, 405, 73, 405, 73]], [[1, 2, 272, 161, 279, 167], [1, 3, 264, 200, 335, 255], [1, 7, 285, 168, 297, 179], [1, 9, 257, 158, 261, 162], [2, 0, 0, 145, 599, 399], [3, 0, 0, 31, 599, 270], [3, 6, 299, 67, 309, 81], [3, 7, 246, 62, 255, 73]], [[1, 2, 268, 181, 272, 184], [1, 3, 285, 179, 294, 186], [1, 4, 263, 209, 338, 258], [1, 7, 280, 181, 284, 185], [1, 9, 253, 181, 256, 183], [2, 0, 0, 172, 599, 399], [3, 0, 0, 106, 599, 263], [3, 6, 278, 106, 287, 117], [3, 7, 230, 99, 238, 108]], [[1, 5, 237, 206, 357, 323], [1, 6, 0, 299, 101, 399], [1, 8, 40, 263, 249, 399], [2, 0, 0, 132, 35, 150], [3, 0, 0, 14, 599, 399]], [[1, 5, 278, 134, 355, 176], [1, 6, 207, 179, 382, 329], [1, 8, 270, 154, 381, 230], [3, 0, 0, 35, 599, 399]], [[1, 2, 276, 158, 288, 168], [1, 7, 272, 203, 326, 255], [1, 9, 261, 152, 267, 158], [2, 0, 0, 136, 599, 399], [3, 0, 0, 0, 599, 274], [3, 6, 319, 53, 330, 68], [3, 7, 263, 50, 273, 62]], [[1, 5, 376, 132, 570, 287], [1, 6, 125, 193, 263, 292], [1, 8, 224, 185, 384, 330], [2, 0, 0, 108, 244, 202], [3, 0, 0, 50, 599, 399]], [[1, 9, 273, 195, 329, 251], [2, 0, 0, 143, 599, 399], [3, 0, 0, 56, 599, 304], [3, 6, 416, 46, 431, 65], [3, 7, 346, 55, 357, 69]]], "distance_down_track": [712.6583862304688, 712.6583862304688, 491.73480224609375, 491.73480224609375, 491.73480224609375, 561.7310180664062, 491.73480224609375, 512.133544921875, 473.2306823730469, 455.9293518066406], "velocity": [[-4.501241207122803, 0.11328215897083282, -2.1171364784240723], [-4.789404392242432, 0.10571596771478653, -1.749096393585205], [7.985976696014404, -3.5018603801727295, -21.282882690429688], [2.5022666454315186, -3.5912814140319824, -22.579668045043945], [0.42443832755088806, -1.7517690658569336, -22.273378372192383], [-0.10876119136810303, 0.08123422414064407, 0.07763215899467468], [0.0023224232718348503, 0.17887845635414124, 1.9640130996704102], [4.235532760620117, -3.738621711730957, -22.129230499267578], [-0.7977592349052429, 0.2572639584541321, -0.47978782653808594], [11.454909324645996, -2.3420379161834717, -19.806562423706055]]}