{"track": "overworld", "karts": ["beastie", "kiki", "hexley", "emule", "amanda", "wilber", "adiumy", "xue", "suzanne", "nolok"], "detections": [[[1, 0, 257, 190, 336, 259], [3, 0, 10, 0, 599, 177], [3, 4, 315, 164, 315, 164], [3, 7, 321, 163, 326, 165], [3, 8, 322, 164, 322, 164], [3, 24, 327, 163, 332, 165], [3, 25, 331, 164, 331, 164]], [[1, 1, 263, 182, 329, 258], [1, 2, 275, 126, 278, 128], [3, 0, 0, 0, 599, 166]], [[1, 2, 277, 196, 332, 271], [3, 0, 0, 8, 599, 197]], [[1, 3, 251, 200, 349, 302], [1, 6, 197, 161, 236, 195], [2, 7, 133, 140, 245, 166], [2, 24, 244, 141, 388, 167], [3, 0, 0, 0, 599, 186], [3, 7, 0, 0, 243, 161], [3, 24, 234, 0, 493, 166]], [[1, 4, 256, 191, 337, 261], [3, 0, 241, 113, 599, 188]], [[1, 5, 265, 190, 333, 254], [1, 8, 0, 238, 115, 337], [3, 0, 0, 83, 599, 209]], [[1, 6, 261, 193, 341, 277], [2, 7, 128, 143, 281, 179], [2, 24, 282, 145, 485, 183], [3, 0, 0, 119, 599, 183], [3, 7, 0, 0, 281, 171], [3, 24, 281, 0, 599, 182]], [[1, 4, 281, 160, 284, 162], [1, 7, 270, 187, 338, 265], [3, 0, 0, 96, 562, 237]], [[1, 5, 392, 173, 465, 220], [1, 8, 262, 200, 338, 260], [1, 9, 0, 274, 72, 345], [3, 0, 0, 77, 599, 209]], [[1, 5, 444, 171, 503, 202], [1, 8, 382, 184, 439, 217], [1, 9, 271, 203, 327, 253], [3, 0, 0, 74, 599, 214]]], "distance_down_track": [209.24981689453125, 1235.482421875, 1300.4783935546875, 614.0570068359375, 1099.7491455078125, 1394.221923828125, 617.8751831054688, 1022.5003662109375, 1392.8975830078125, 1391.3167724609375], "velocity": [[-2.1992266178131104, 1.2925227880477905, 24.014896392822266], [-1.8402904272079468, -0.2051665484905243, -19.577625274658203], [2.726902723312378, 3.0609428882598877, -19.232961654663086], [-0.6511635184288025, -1.503401517868042, 11.405288696289062], [2.2629191875457764, 3.076526165008545, -21.39682960510254], [-20.325834274291992, -1.2768534421920776, 9.242474555969238], [-0.5899710059165955, -1.864037036895752, 13.562342643737793], [3.8017823696136475, 0.18023447692394257, -20.34708595275879], [-18.48172950744629, -1.373120665550232, 9.221183776855469], [-20.900531768798828, -1.5627849102020264, 10.406024932861328]]}