{"track": "minigolf", "karts": ["nolok", "sara_the_racer", "emule", "adiumy", "gavroche", "konqi", "amanda", "xue", "sara_the_wizard", "puffy"], "detections": [[[1, 0, 275, 203, 333, 256], [1, 1, 249, 166, 275, 198], [2, 0, 79, 162, 599, 399], [3, 0, 0, 0, 599, 399], [5, 24, 112, 157, 121, 168], [5, 25, 296, 171, 304, 181]], [[1, 1, 278, 181, 325, 250], [1, 6, 62, 150, 85, 161], [2, 0, 68, 160, 599, 399], [3, 0, 0, 0, 599, 399], [5, 24, 148, 162, 157, 175], [5, 25, 367, 178, 381, 193]], [[1, 2, 268, 198, 332, 261], [1, 3, 215, 155, 236, 169], [1, 7, 248, 153, 269, 168], [2, 0, 36, 147, 599, 399], [3, 0, 0, 0, 599, 399], [255, 16777215, 0, 87, 10, 125]], [[1, 3, 265, 196, 330, 253], [1, 7, 434, 184, 535, 254], [1, 8, 119, 162, 124, 167], [2, 0, 0, 165, 599, 399], [2, 3, 252, 169, 253, 169], [3, 0, 0, 0, 599, 339], [3, 2, 107, 53, 219, 160], [3, 3, 252, 168, 253, 168], [3, 7, 176, 165, 177, 165], [5, 12, 128, 165, 129, 165], [5, 13, 149, 166, 149, 166]], [[1, 0, 214, 142, 227, 149], [1, 1, 186, 133, 197, 144], [1, 4, 274, 203, 328, 256], [2, 0, 0, 140, 599, 399], [3, 0, 0, 0, 599, 356], [5, 25, 184, 136, 188, 140]], [[1, 4, 236, 157, 240, 160], [1, 5, 251, 190, 349, 282], [1, 8, 302, 119, 302, 120], [2, 0, 0, 127, 599, 399], [3, 0, 0, 0, 599, 386], [3, 2, 515, 0, 599, 117]], [[1, 2, 98, 170, 134, 195], [1, 3, 25, 152, 53, 166], [1, 6, 266, 191, 339, 252], [1, 7, 67, 152, 94, 166], [2, 0, 0, 161, 541, 399], [3, 0, 0, 0, 599, 399]], [[1, 3, 27, 200, 126, 265], [1, 7, 266, 185, 335, 256], [1, 8, 52, 159, 58, 166], [2, 0, 0, 163, 244, 399], [3, 0, 0, 0, 599, 399], [3, 2, 48, 41, 179, 158], [3, 3, 221, 165, 221, 165], [3, 4, 215, 165, 217, 166], [5, 12, 75, 163, 76, 164]], [[1, 8, 280, 187, 319, 265], [2, 0, 0, 163, 599, 399], [2, 7, 366, 159, 370, 162], [3, 0, 0, 0, 599, 358], [3, 2, 289, 0, 465, 152], [3, 4, 468, 158, 469, 159], [3, 5, 463, 158, 468, 159], [3, 6, 491, 158, 493, 158], [3, 7, 364, 156, 370, 162], [4, 33, 370, 160, 373, 162], [5, 10, 385, 162, 387, 165], [5, 11, 379, 161, 380, 164], [5, 12, 309, 161, 310, 163], [5, 13, 334, 161, 335, 163]], [[1, 8, 361, 140, 361, 141], [1, 9, 244, 198, 334, 270], [2, 0, 0, 152, 599, 399], [3, 0, 0, 0, 599, 399], [3, 2, 536, 0, 599, 136]]], "distance_down_track": [471.74853515625, 476.41375732421875, 509.06951904296875, 519.7783813476562, 450.10888671875, 405.3589172363281, 502.0732421875, 493.79364013671875, 561.1868896484375, 386.4537658691406], "velocity": [[1.8896924257278442, 2.875443696975708, 21.90338897705078], [-5.707528591156006, 3.005535125732422, 22.967357635498047], [-17.044057846069336, 1.1744370460510254, -12.755616188049316], [2.0142955780029297, 0.9835640788078308, -20.948408126831055], [17.42386817932129, 0.08185739070177078, 14.51529598236084], [13.135908126831055, -0.6229945421218872, 2.8477964401245117], [-25.31667137145996, 1.2342872619628906, -0.7588963508605957], [-0.32712849974632263, 1.3058055639266968, -24.454975128173828], [9.987876892089844, -0.0868404433131218, -18.130767822265625], [20.952899932861328, 2.797659397125244, 1.9793710708618164]]}