{"track": "overworld", "karts": ["beastie", "kiki", "hexley", "emule", "amanda", "wilber", "adiumy", "xue", "suzanne", "nolok"], "detections": [[[1, 0, 254, 189, 340, 264], [3, 0, 0, 0, 599, 164]], [[1, 1, 267, 183, 329, 253], [1, 2, 299, 149, 299, 150], [1, 4, 258, 144, 260, 146], [3, 0, 0, 60, 597, 152], [3, 7, 258, 143, 260, 143], [3, 24, 261, 143, 262, 143]], [[1, 2, 271, 196, 323, 266], [1, 8, 477, 146, 486, 150], [1, 9, 539, 148, 546, 151], [3, 0, 4, 88, 599, 182], [3, 7, 153, 144, 158, 145], [3, 24, 159, 144, 161, 145]], [[1, 3, 242, 200, 359, 321], [1, 6, 294, 151, 309, 164], [2, 7, 205, 140, 288, 159], [2, 24, 288, 140, 396, 159], [3, 0, 0, 0, 599, 172], [3, 7, 105, 0, 287, 156], [3, 24, 286, 0, 482, 158]], [[1, 4, 260, 191, 336, 254], [3, 0, 0, 72, 425, 162], [3, 7, 338, 147, 341, 148], [3, 24, 342, 147, 345, 148]], [[1, 0, 441, 153, 445, 156], [1, 5, 252, 189, 335, 267], [3, 0, 0, 0, 599, 150]], [[1, 6, 265, 194, 339, 268], [2, 7, 27, 147, 261, 199], [2, 24, 259, 148, 572, 201], [3, 7, 0, 0, 258, 190], [3, 24, 252, 0, 599, 199]], [[1, 7, 263, 187, 331, 264], [3, 0, 0, 0, 597, 168], [3, 6, 312, 156, 318, 158]], [[1, 0, 591, 146, 595, 148], [1, 5, 340, 155, 347, 158], [1, 8, 258, 200, 333, 259], [1, 9, 316, 166, 329, 177], [3, 0, 259, 61, 599, 151]], [[1, 0, 546, 148, 549, 151], [1, 5, 304, 156, 314, 161], [1, 9, 273, 203, 333, 259], [3, 0, 197, 59, 599, 152]]], "distance_down_track": [1241.5780029296875, 65.98004913330078, 137.190673828125, 609.5270385742188, 126.84872436523438, 1174.1434326171875, 621.7242431640625, 293.5028381347656, 192.1951904296875, 205.17173767089844], "velocity": [[-1.6006022691726685, 1.476048469543457, -21.625667572021484], [3.6439855098724365, -0.2527989447116852, 21.542516708374023], [11.225500106811523, -0.6918098330497742, 18.170209884643555], [-0.4620743989944458, -1.1106332540512085, 6.547148704528809], [-2.8784008026123047, -1.0344195365905762, 23.68769645690918], [5.389368057250977, 0.3345984220504761, -16.409767150878906], [-0.05262742191553116, 1.1506128311157227, 0.5652546882629395], [-2.7394378185272217, 0.7760642766952515, 20.503246307373047], [19.59442710876465, -0.6981499195098877, -8.13888931274414], [18.700090408325195, -0.166089728474617, -9.399147033691406]]}