{"track": "snowtuxpeak", "karts": ["pidgin", "amanda", "xue", "tux", "gavroche", "emule", "puffy", "sara_the_wizard", "beastie", "gnu"], "detections": [[[1, 0, 257, 211, 332, 264], [1, 1, 55, 220, 252, 372], [1, 4, 202, 203, 274, 266], [2, 0, 0, 189, 599, 399], [3, 0, 0, 0, 599, 291]], [[1, 0, 333, 195, 386, 232], [1, 1, 254, 190, 336, 263], [1, 4, 311, 189, 343, 227], [2, 0, 0, 187, 599, 399], [3, 0, 0, 0, 599, 280]], [[1, 2, 253, 185, 334, 270], [1, 5, 289, 175, 333, 207], [1, 7, 559, 174, 568, 182], [2, 0, 0, 169, 599, 399], [3, 0, 0, 0, 599, 203], [4, 15, 589, 177, 599, 189], [4, 17, 492, 167, 508, 178]], [[1, 0, 170, 174, 217, 199], [1, 1, 86, 165, 166, 216], [1, 3, 255, 197, 328, 264], [1, 4, 147, 169, 171, 199], [1, 6, 441, 176, 475, 194], [2, 0, 0, 175, 599, 399], [3, 0, 0, 0, 599, 319], [5, 12, 363, 175, 383, 198]], [[1, 0, 319, 209, 389, 256], [1, 1, 234, 217, 378, 347], [1, 4, 267, 202, 309, 256], [2, 0, 0, 189, 599, 399], [3, 0, 0, 0, 599, 335]], [[1, 2, 336, 328, 588, 399], [1, 5, 259, 198, 329, 266], [1, 7, 467, 165, 472, 171], [1, 9, 588, 96, 592, 98], [2, 0, 0, 101, 599, 399], [3, 0, 0, 0, 599, 232], [4, 14, 544, 169, 566, 181], [4, 15, 497, 167, 515, 177], [4, 17, 422, 162, 434, 171]], [[1, 2, 528, 195, 569, 217], [1, 5, 567, 200, 599, 218], [1, 6, 248, 199, 331, 262], [2, 0, 0, 180, 599, 399], [3, 0, 0, 0, 599, 308]], [[1, 7, 280, 188, 320, 266], [2, 0, 0, 33, 599, 399], [3, 0, 0, 0, 599, 273]], [[1, 0, 226, 162, 248, 174], [1, 1, 198, 157, 225, 178], [1, 3, 264, 168, 295, 190], [1, 4, 218, 159, 226, 173], [1, 6, 398, 166, 423, 177], [1, 8, 255, 189, 329, 257], [2, 0, 0, 166, 599, 399], [3, 0, 0, 0, 599, 399], [5, 12, 333, 163, 343, 176]], [[1, 0, 184, 166, 186, 167], [1, 1, 180, 166, 183, 167], [1, 2, 250, 167, 253, 169], [1, 3, 187, 168, 190, 168], [1, 5, 258, 169, 259, 169], [1, 8, 183, 169, 186, 171], [1, 9, 266, 158, 331, 224], [2, 0, 149, 165, 599, 399], [3, 0, 0, 0, 599, 399], [5, 12, 201, 166, 201, 166]]], "distance_down_track": [829.1445922851562, 827.55517578125, 854.34130859375, 827.2245483398438, 828.8699951171875, 856.3773803710938, 839.3958740234375, 891.0440063476562, 821.4208374023438, 736.2523803710938], "velocity": [[17.28865623474121, 0.30213144421577454, -10.384428024291992], [17.69692611694336, 0.2860925495624542, -6.345381259918213], [-16.804767608642578, -0.6101561784744263, -8.309826850891113], [14.217230796813965, 0.04233172535896301, -17.53097915649414], [17.42140769958496, 0.25930050015449524, -9.974324226379395], [-19.151063919067383, -0.7367970943450928, -3.6021270751953125], [1.07969331741333, 0.27606135606765747, -23.529020309448242], [-19.92356300354004, -0.9055175185203552, 5.54271125793457], [19.038301467895508, 0.07352402806282043, -17.95947265625], [19.90110206604004, -3.9151570796966553, -10.591382026672363]]}