{"track": "overworld", "karts": ["beastie", "kiki", "hexley", "emule", "amanda", "wilber", "adiumy", "xue", "suzanne", "nolok"], "detections": [[[1, 0, 255, 188, 346, 267], [3, 0, 0, 69, 468, 160], [3, 7, 309, 153, 313, 154], [3, 24, 314, 153, 316, 154]], [[1, 1, 271, 183, 332, 253], [1, 2, 286, 149, 289, 153], [1, 3, 281, 152, 282, 152], [2, 24, 287, 149, 296, 149], [3, 0, 0, 17, 599, 164], [3, 1, 33, 132, 127, 179], [3, 2, 152, 101, 183, 129], [3, 3, 145, 75, 171, 98], [3, 4, 138, 41, 173, 75], [3, 7, 249, 93, 278, 149], [3, 8, 250, 95, 263, 110], [3, 24, 275, 93, 304, 149], [3, 25, 286, 95, 305, 149], [255, 16777215, 278, 147, 278, 147]], [[1, 2, 272, 196, 323, 265], [1, 3, 295, 169, 297, 171], [2, 7, 267, 166, 291, 170], [2, 24, 291, 165, 321, 170], [3, 0, 0, 12, 599, 178], [3, 7, 242, 69, 290, 170], [3, 8, 247, 91, 249, 93], [3, 24, 287, 68, 336, 169], [3, 25, 313, 77, 336, 140]], [[1, 3, 242, 199, 362, 322], [2, 7, 0, 148, 246, 208], [2, 24, 243, 147, 591, 208], [3, 7, 0, 0, 242, 149], [3, 24, 233, 0, 599, 201]], [[1, 4, 254, 188, 366, 289], [3, 0, 0, 72, 498, 209]], [[1, 5, 260, 189, 331, 257], [1, 6, 371, 172, 388, 185], [1, 7, 338, 155, 344, 159], [3, 0, 0, 0, 599, 159]], [[1, 6, 258, 192, 346, 283], [1, 7, 392, 141, 402, 148], [3, 0, 0, 0, 599, 146]], [[1, 7, 225, 177, 359, 328], [3, 0, 0, 0, 498, 158]], [[1, 8, 256, 201, 340, 266], [1, 9, 366, 157, 377, 163], [3, 0, 0, 0, 599, 193]], [[1, 9, 255, 204, 337, 280], [3, 0, 0, 0, 599, 399]]], "distance_down_track": [185.81341552734375, 0.0, 0.0, 0.0, 0.0, 0.0, 0.0, 0.0, 0.0, 0.0], "velocity": [[-1.361498236656189, 0.055365562438964844, 20.527645111083984], [1.2477649450302124, -2.9304885864257812, 21.616609573364258], [0.05298960953950882, -1.6708738803863525, 21.78595542907715], [-0.0032919696532189846, 0.08347442001104355, 0.13192661106586456], [3.154935359954834, -0.08789820224046707, -13.893060684204102], [-2.1821341514587402, 0.25047335028648376, -21.739320755004883], [1.9522987604141235, 0.11710377037525177, -11.672005653381348], [4.737503528594971, -1.0977331399917603, -0.00935625471174717], [-2.7043228149414062, 3.049682140350342, -17.947362899780273], [-14.007847785949707, 2.1035056114196777, -4.990544319152832]]}