{"track": "tutorial", "karts": ["puffy", "hexley", "tux", "suzanne", "pidgin", "nolok", "beastie", "gavroche", "amanda", "adiumy"], "detections": [[[1, 0, 218, 200, 375, 313], [1, 4, 551, 209, 581, 222], [2, 0, 324, 125, 493, 153], [3, 0, 0, 0, 599, 399], [3, 8, 91, 0, 102, 14]], [[1, 1, 246, 192, 345, 333], [1, 2, 536, 332, 568, 347], [1, 4, 501, 236, 521, 248], [1, 7, 573, 301, 599, 319], [2, 0, 0, 154, 599, 399], [3, 0, 0, 0, 599, 354], [3, 8, 110, 31, 120, 43]], [[1, 0, 368, 24, 413, 53], [1, 1, 297, 9, 329, 30], [1, 2, 240, 196, 370, 313], [2, 0, 232, 17, 394, 85], [3, 0, 0, 0, 599, 399]], [[1, 1, 451, 176, 452, 176], [1, 3, 264, 200, 336, 255], [2, 0, 0, 170, 599, 399], [3, 0, 0, 71, 599, 265], [3, 6, 460, 61, 479, 81], [3, 7, 375, 78, 387, 90]], [[1, 0, 477, 47, 512, 63], [1, 1, 439, 35, 462, 48], [1, 2, 368, 141, 389, 156], [1, 4, 224, 217, 372, 324], [1, 7, 317, 146, 340, 166], [2, 0, 395, 38, 525, 88], [3, 0, 0, 0, 599, 399]], [[1, 3, 233, 186, 234, 187], [1, 5, 271, 203, 331, 258], [2, 0, 0, 183, 599, 399], [3, 0, 0, 120, 599, 273], [3, 6, 275, 120, 282, 130], [3, 7, 227, 113, 234, 122]], [[1, 6, 259, 190, 341, 259], [1, 9, 270, 151, 276, 157], [2, 0, 0, 143, 599, 399], [3, 0, 0, 0, 599, 272], [3, 2, 285, 139, 292, 145], [5, 14, 227, 143, 228, 144], [5, 15, 219, 143, 221, 144], [5, 16, 210, 143, 212, 144]], [[1, 0, 495, 65, 548, 88], [1, 1, 427, 61, 458, 78], [1, 2, 384, 193, 434, 231], [1, 7, 225, 206, 338, 326], [2, 0, 374, 74, 536, 121], [3, 0, 0, 0, 599, 399]], [[1, 6, 297, 152, 300, 154], [1, 8, 255, 191, 344, 265], [2, 0, 0, 120, 599, 399], [2, 1, 284, 155, 288, 156], [2, 3, 311, 155, 315, 156], [3, 0, 0, 86, 599, 260], [3, 1, 283, 147, 293, 156], [3, 2, 287, 144, 289, 146], [3, 3, 306, 147, 316, 154], [3, 4, 289, 137, 300, 148], [3, 5, 301, 138, 310, 147], [4, 4, 304, 153, 311, 159], [4, 9, 318, 153, 325, 159], [4, 10, 289, 153, 296, 159], [4, 11, 274, 153, 281, 159]], [[1, 9, 273, 195, 329, 249], [2, 0, 0, 152, 599, 399], [3, 0, 0, 120, 599, 300], [3, 2, 347, 146, 358, 155], [5, 5, 145, 145, 147, 146], [5, 7, 37, 141, 38, 141], [5, 8, 30, 140, 34, 141], [5, 12, 154, 146, 155, 146], [5, 13, 161, 147, 162, 147], [5, 14, 254, 152, 256, 155], [5, 15, 240, 152, 243, 155], [5, 16, 223, 151, 226, 155]]], "distance_down_track": [706.6619262695312, 702.9899291992188, 310.5081787109375, 268.0081787109375, 305.77783203125, 365.0060729980469, 225.50819396972656, 343.6702575683594, 183.00819396972656, 183.00819396972656], "velocity": [[-4.7847700119018555, -9.357111930847168, -4.979308128356934], [-6.293833255767822, -1.1527827978134155, -6.806546688079834], [4.163932800292969, -0.2436414510011673, -1.7920944690704346], [11.776528358459473, -0.23436182737350464, -18.81160545349121], [3.420870304107666, 0.34093305468559265, 1.756527304649353], [0.13788151741027832, -0.29491883516311646, -20.697439193725586], [23.489282608032227, -0.005700349807739258, 1.0893856287002563], [4.949254512786865, 0.6165916323661804, 0.22885315120220184], [19.793779373168945, 0.005040198564529419, -0.003327603219076991], [21.867050170898438, 0.9672133922576904, 7.063753604888916]]}