{"track": "xr591", "karts": ["sara_the_racer", "tux", "gavroche", "konqi", "beastie", "kiki", "gnu", "hexley", "nolok", "pidgin"], "detections": [[[1, 0, 276, 176, 319, 257], [2, 0, 0, 164, 599, 399], [3, 0, 0, 0, 599, 213], [4, 33, 357, 173, 364, 179]], [[1, 1, 264, 198, 340, 263], [1, 2, 229, 156, 249, 167], [2, 0, 0, 156, 599, 399], [3, 0, 0, 0, 599, 234], [5, 51, 258, 152, 262, 159]], [[1, 2, 257, 190, 357, 285], [2, 0, 0, 158, 599, 399], [3, 0, 0, 0, 599, 182], [5, 51, 591, 178, 599, 214], [6, 5, 246, 144, 273, 162]], [[1, 0, 432, 158, 437, 162], [1, 3, 221, 184, 354, 320], [1, 4, 489, 164, 520, 182], [1, 5, 552, 164, 563, 173], [2, 0, 0, 161, 599, 399], [2, 11, 486, 158, 599, 168], [3, 0, 0, 0, 599, 211], [3, 9, 346, 59, 351, 64], [3, 11, 487, 153, 599, 161], [6, 56, 275, 140, 370, 209]], [[1, 0, 154, 148, 162, 155], [1, 4, 237, 185, 357, 288], [1, 5, 279, 149, 288, 159], [2, 0, 0, 123, 599, 399], [2, 10, 369, 147, 451, 169], [2, 11, 217, 144, 340, 152], [3, 0, 0, 0, 599, 255], [3, 1, 207, 49, 507, 173], [3, 10, 347, 137, 453, 155], [3, 11, 216, 139, 341, 145], [4, 34, 302, 136, 305, 138], [4, 35, 312, 135, 315, 138], [6, 5, 312, 133, 312, 135], [6, 7, 497, 173, 497, 173]], [[1, 0, 125, 165, 136, 177], [1, 5, 276, 182, 339, 254], [2, 0, 0, 164, 599, 399], [2, 11, 241, 159, 563, 188], [3, 0, 0, 0, 599, 353], [3, 1, 468, 0, 599, 146], [3, 10, 589, 147, 599, 194], [3, 11, 241, 145, 567, 164], [6, 5, 414, 145, 414, 145]], [[1, 3, 475, 161, 494, 170], [1, 6, 271, 159, 327, 232], [1, 7, 319, 160, 335, 169], [1, 8, 352, 161, 362, 168], [1, 9, 299, 364, 463, 399], [2, 0, 0, 158, 599, 399], [3, 0, 0, 0, 599, 239], [4, 54, 221, 261, 281, 339], [4, 55, 474, 209, 599, 369], [5, 53, 0, 249, 25, 298], [6, 56, 508, 159, 534, 172], [6, 57, 308, 152, 320, 165]], [[1, 7, 249, 195, 339, 313], [1, 8, 372, 170, 416, 207], [2, 0, 0, 154, 599, 399], [3, 0, 0, 0, 599, 176], [3, 6, 36, 3, 47, 12], [6, 57, 42, 136, 213, 251]], [[1, 8, 262, 203, 334, 271], [2, 0, 0, 159, 599, 399], [3, 0, 0, 0, 599, 245]], [[1, 3, 444, 159, 459, 167], [1, 6, 262, 154, 292, 193], [1, 7, 304, 158, 319, 166], [1, 8, 334, 159, 342, 165], [1, 9, 261, 210, 337, 262], [2, 0, 0, 156, 599, 399], [3, 0, 0, 0, 599, 270], [4, 52, 0, 161, 52, 218], [4, 54, 239, 199, 266, 226], [4, 55, 357, 175, 425, 231], [5, 53, 114, 184, 143, 216], [6, 56, 470, 157, 492, 169], [6, 57, 291, 151, 303, 162]]], "distance_down_track": [715.9783935546875, 616.3240356445312, 632.8623657226562, 649.7412109375, 664.2520141601562, 687.1965942382812, 605.5419921875, 624.5233154296875, 628.3857421875, 602.6210327148438], "velocity": [[-19.839017868041992, -1.2563855648040771, 4.806540012359619], [-4.106362819671631, -0.8360509872436523, 18.448244094848633], [-11.443323135375977, 0.02301044762134552, -0.0837646871805191], [-6.849429607391357, 0.08731129765510559, 6.792860507965088], [0.23823204636573792, -0.7583969831466675, 14.527254104614258], [-12.622736930847168, 0.12210713326931, 16.88903045654297], [1.1484049558639526, -1.0307285785675049, -22.94817543029785], [-9.254558563232422, 0.06926557421684265, -7.937445163726807], [-9.716080665588379, -0.2762201428413391, -10.444090843200684], [0.8233723044395447, -0.9865337014198303, -21.945693969726562]]}