{"track": "tutorial", "karts": ["puffy", "hexley", "tux", "suzanne", "pidgin", "nolok", "beastie", "gavroche", "amanda", "adiumy"], "detections": [[[1, 0, 200, 202, 389, 330], [1, 1, 352, 210, 363, 218], [2, 0, 0, 160, 599, 399], [3, 0, 0, 0, 599, 309], [3, 8, 125, 37, 134, 48]], [[1, 1, 242, 193, 350, 349], [2, 0, 68, 114, 259, 156], [3, 0, 0, 31, 599, 399]], [[1, 2, 259, 197, 349, 275], [1, 4, 158, 165, 161, 166], [1, 9, 68, 164, 77, 167], [2, 0, 18, 169, 599, 399], [3, 0, 0, 121, 599, 399], [5, 5, 243, 164, 257, 180], [5, 6, 223, 163, 227, 167], [5, 7, 203, 163, 208, 168], [5, 12, 307, 162, 319, 177], [5, 13, 356, 162, 367, 175], [5, 17, 47, 165, 53, 168], [5, 18, 66, 165, 69, 167], [5, 19, 80, 165, 84, 167]], [[1, 3, 271, 200, 329, 244], [2, 0, 0, 168, 599, 399], [3, 0, 0, 65, 599, 309], [3, 6, 240, 134, 248, 140], [3, 7, 194, 131, 200, 132]], [[1, 4, 262, 211, 342, 265], [1, 9, 231, 156, 246, 167], [2, 0, 75, 144, 599, 399], [3, 0, 0, 114, 599, 399], [5, 17, 221, 157, 228, 164], [5, 18, 254, 156, 261, 163], [5, 19, 279, 156, 285, 163], [5, 20, 149, 145, 152, 149], [5, 21, 134, 145, 137, 149], [5, 22, 113, 144, 116, 148]], [[1, 0, 280, 152, 307, 167], [1, 5, 266, 202, 325, 261], [2, 0, 0, 156, 599, 399], [3, 0, 0, 0, 599, 384], [3, 6, 190, 1, 211, 16], [3, 7, 51, 0, 68, 2], [3, 8, 225, 58, 225, 58]], [[1, 2, 243, 159, 262, 172], [1, 4, 51, 158, 51, 158], [1, 6, 247, 185, 359, 283], [2, 0, 0, 164, 599, 399], [3, 0, 0, 127, 599, 359], [5, 5, 196, 156, 202, 164], [5, 6, 130, 158, 130, 158], [5, 7, 112, 158, 114, 158], [5, 12, 228, 157, 234, 163], [5, 13, 254, 158, 257, 162]], [[1, 0, 436, 173, 443, 176], [1, 7, 273, 203, 327, 255], [2, 0, 0, 170, 599, 399], [3, 0, 0, 72, 599, 266], [3, 6, 460, 61, 479, 82], [3, 7, 375, 78, 388, 91]], [[1, 2, 207, 149, 217, 155], [1, 6, 253, 153, 268, 164], [1, 8, 250, 189, 350, 274], [2, 0, 0, 154, 599, 399], [3, 0, 0, 63, 599, 333], [3, 2, 555, 142, 586, 165], [5, 5, 163, 146, 166, 148], [5, 12, 181, 147, 184, 150], [5, 13, 195, 149, 198, 152], [5, 14, 328, 157, 333, 167], [5, 15, 292, 157, 298, 167], [5, 16, 246, 156, 252, 168]], [[1, 9, 264, 187, 327, 242], [2, 0, 100, 144, 599, 399], [3, 0, 0, 111, 599, 399], [5, 17, 280, 178, 299, 200], [5, 18, 378, 179, 402, 200], [5, 19, 456, 179, 484, 199], [5, 20, 259, 151, 262, 155], [5, 21, 240, 150, 243, 155], [5, 22, 215, 149, 218, 154]]], "distance_down_track": [712.6583862304688, 712.6583862304688, 374.73779296875, 365.0060729980469, 374.73779296875, 455.9293518066406, 354.56878662109375, 400.4352722167969, 332.51373291015625, 332.51373291015625], "velocity": [[-0.06958410143852234, 0.08161665499210358, 0.0017762214411050081], [-4.882194519042969, 0.095985546708107, -0.6750813126564026], [-0.3768993020057678, 1.0845701694488525, 15.011478424072266], [-4.025165557861328, 1.4353071451187134, -29.188831329345703], [-17.39327049255371, 0.23472097516059875, 10.362733840942383], [-9.749805450439453, -2.8827552795410156, -18.714588165283203], [7.357065677642822, 1.1875301599502563, 13.733882904052734], [12.12337589263916, -0.24214103817939758, -19.054988861083984], [13.442399978637695, 1.0955158472061157, 10.159451484680176], [-22.970951080322266, 0.6732458472251892, -0.9392088651657104]]}