{"track": "hacienda", "karts": ["adiumy", "tux", "puffy", "pidgin", "nolok", "emule", "beastie", "sara_the_wizard", "gavroche", "konqi"], "detections": [[[1, 0, 267, 194, 337, 265], [1, 2, 253, 166, 282, 183], [1, 6, 295, 151, 301, 155], [1, 7, 308, 147, 310, 150], [1, 9, 294, 152, 300, 157], [2, 0, 0, 140, 599, 399], [3, 0, 0, 0, 599, 270]], [[1, 0, 277, 157, 285, 164], [1, 1, 259, 197, 347, 275], [1, 2, 262, 157, 269, 161], [1, 5, 413, 179, 513, 235], [1, 6, 266, 152, 269, 154], [1, 7, 272, 149, 273, 150], [1, 9, 265, 152, 268, 155], [2, 0, 0, 142, 599, 399], [3, 0, 0, 0, 599, 281], [4, 12, 168, 172, 230, 235]], [[1, 2, 260, 201, 342, 258], [1, 6, 297, 155, 304, 160], [1, 7, 307, 150, 309, 154], [1, 9, 296, 156, 304, 163], [2, 0, 0, 141, 599, 399], [3, 0, 0, 0, 599, 372]], [[1, 0, 197, 154, 204, 159], [1, 1, 241, 161, 260, 177], [1, 2, 179, 154, 186, 158], [1, 3, 263, 212, 355, 279], [1, 4, 375, 167, 436, 201], [1, 5, 279, 156, 299, 168], [1, 6, 170, 150, 173, 152], [1, 7, 173, 147, 174, 149], [1, 9, 170, 150, 174, 153], [2, 0, 0, 139, 599, 399], [3, 0, 0, 0, 599, 356], [4, 12, 201, 159, 223, 177]], [[1, 0, 233, 152, 239, 158], [1, 1, 221, 166, 242, 184], [1, 2, 221, 152, 227, 156], [1, 4, 275, 203, 338, 264], [1, 5, 275, 162, 295, 177], [1, 6, 224, 148, 227, 149], [1, 7, 230, 144, 231, 145], [1, 9, 223, 147, 227, 150], [2, 0, 0, 138, 599, 399], [3, 0, 0, 0, 599, 318], [4, 12, 190, 161, 209, 181]], [[1, 0, 278, 157, 285, 164], [1, 1, 48, 214, 171, 276], [1, 2, 269, 156, 276, 160], [1, 5, 278, 199, 330, 253], [1, 6, 284, 149, 286, 152], [1, 7, 292, 146, 292, 148], [1, 9, 282, 150, 285, 153], [2, 0, 0, 140, 570, 399], [3, 0, 0, 0, 599, 399], [4, 12, 59, 183, 135, 236]], [[1, 6, 259, 190, 341, 259], [1, 7, 317, 153, 324, 162], [1, 9, 182, 364, 340, 399], [2, 0, 0, 137, 599, 399], [3, 0, 0, 0, 599, 267]], [[1, 7, 282, 188, 322, 264], [2, 0, 0, 134, 599, 399], [3, 0, 0, 0, 599, 315], [5, 2, 444, 130, 446, 133], [5, 30, 427, 127, 435, 135]], [[1, 1, 66, 164, 88, 175], [1, 3, 164, 169, 189, 181], [1, 4, 181, 158, 201, 168], [1, 5, 92, 157, 112, 167], [1, 8, 272, 202, 331, 257], [2, 0, 0, 158, 599, 399], [3, 0, 0, 0, 599, 399], [4, 12, 16, 165, 45, 180]], [[1, 6, 287, 171, 327, 206], [1, 7, 318, 152, 323, 160], [1, 9, 269, 190, 341, 263], [2, 0, 0, 136, 599, 399], [3, 0, 0, 0, 599, 264]]], "distance_down_track": [875.6026000976562, 853.2789306640625, 883.3378295898438, 842.8920288085938, 844.744384765625, 853.6342163085938, 912.5353393554688, 932.2075805664062, 826.2802734375, 909.3546142578125], "velocity": [[-1.6619497537612915, -0.15240228176116943, -15.384613990783691], [-0.4955955445766449, 0.10597201436758041, -1.853588342666626], [-3.3540332317352295, -0.14491219818592072, -23.720407485961914], [-8.894352912902832, -1.0043985843658447, -14.671141624450684], [-6.294192790985107, -1.091557264328003, -19.58114242553711], [-1.6609911918640137, -0.9662593007087708, -25.928890228271484], [-3.262437105178833, 0.23989659547805786, -23.02523422241211], [-8.230660438537598, 1.2083048820495605, -20.055103302001953], [-22.20220375061035, -4.427698612213135, -4.05681037902832], [-0.23990066349506378, 0.08966805785894394, -22.216524124145508]]}