{"track": "tutorial", "karts": ["puffy", "hexley", "tux", "suzanne", "pidgin", "nolok", "beastie", "gavroche", "amanda", "adiumy"], "detections": [[[1, 0, 222, 200, 361, 298], [1, 1, 426, 140, 439, 149], [1, 5, 349, 144, 361, 151], [2, 0, 316, 123, 401, 143], [3, 0, 0, 0, 599, 399], [3, 8, 80, 29, 92, 42]], [[1, 1, 243, 192, 354, 350], [2, 0, 0, 112, 100, 169], [3, 0, 0, 57, 599, 399]], [[1, 2, 265, 198, 329, 254], [1, 7, 391, 168, 398, 172], [2, 0, 0, 167, 599, 399], [3, 0, 0, 44, 599, 399], [3, 6, 342, 32, 357, 55], [3, 7, 252, 42, 266, 57]], [[1, 2, 235, 146, 237, 146], [1, 3, 254, 200, 343, 269], [1, 4, 274, 163, 281, 167], [1, 6, 231, 145, 234, 147], [1, 9, 230, 148, 232, 149], [2, 0, 0, 147, 599, 399], [3, 0, 0, 59, 599, 257], [3, 6, 295, 72, 305, 84], [3, 7, 242, 66, 252, 76]], [[1, 2, 266, 133, 268, 135], [1, 4, 266, 209, 335, 255], [1, 6, 258, 132, 264, 135], [1, 9, 249, 134, 253, 138], [2, 0, 0, 135, 599, 399], [3, 0, 0, 42, 599, 287], [3, 6, 354, 47, 366, 63], [3, 7, 294, 48, 304, 59]], [[1, 1, 465, 153, 526, 189], [1, 5, 236, 205, 353, 322], [2, 0, 0, 87, 311, 164], [3, 0, 0, 9, 599, 399]], [[1, 2, 268, 177, 294, 200], [1, 6, 250, 189, 329, 263], [1, 7, 337, 172, 343, 175], [2, 0, 0, 170, 599, 399], [3, 0, 0, 57, 599, 326], [3, 6, 292, 49, 306, 69], [3, 7, 202, 48, 217, 64]], [[1, 1, 416, 192, 427, 199], [1, 5, 362, 191, 370, 196], [1, 7, 269, 203, 323, 255], [2, 0, 0, 158, 599, 399], [3, 0, 0, 0, 599, 355], [3, 8, 168, 47, 176, 56]], [[1, 8, 235, 188, 359, 293], [2, 0, 0, 162, 599, 399], [3, 0, 0, 0, 599, 253], [3, 6, 263, 124, 265, 131], [3, 7, 217, 117, 222, 118]], [[1, 2, 329, 171, 339, 179], [1, 6, 309, 169, 329, 181], [1, 7, 426, 181, 427, 183], [1, 9, 275, 195, 329, 250], [2, 0, 0, 177, 599, 399], [3, 0, 0, 76, 599, 316], [3, 6, 417, 66, 433, 86], [3, 7, 335, 78, 347, 91], [3, 8, 448, 105, 448, 105]]], "distance_down_track": [710.3727416992188, 712.6583862304688, 547.9110717773438, 547.9110717773438, 532.0, 590.8922729492188, 532.0, 561.7310180664062, 512.133544921875, 512.133544921875], "velocity": [[-4.905104637145996, 0.2331637740135193, -3.5827133655548096], [-0.14328165352344513, 0.07399637997150421, 0.01729322224855423], [0.49443820118904114, -2.2086353302001953, -22.888368606567383], [1.4837602376937866, -2.5403294563293457, -17.758155822753906], [7.51815128326416, -3.7487387657165527, -22.641706466674805], [-4.831375598907471, 0.08211930841207504, -0.1963287889957428], [2.747246265411377, -2.2840988636016846, -23.88426399230957], [-13.766487121582031, -2.1217777729034424, -18.302509307861328], [-0.8230278491973877, 0.5883504748344421, -12.258941650390625], [10.211085319519043, -0.693246603012085, -20.59740447998047]]}