{"track": "tutorial", "karts": ["puffy", "hexley", "tux", "suzanne", "pidgin", "nolok", "beastie", "gavroche", "amanda", "adiumy"], "detections": [[[1, 0, 204, 203, 394, 327], [1, 7, 0, 202, 111, 307], [2, 0, 0, 101, 78, 136], [3, 0, 0, 46, 599, 399]], [[1, 0, 447, 152, 465, 161], [1, 1, 256, 196, 332, 298], [1, 2, 352, 147, 366, 157], [1, 3, 401, 148, 415, 156], [1, 5, 328, 148, 339, 157], [1, 6, 297, 146, 316, 161], [1, 7, 419, 150, 432, 158], [1, 8, 361, 146, 374, 156], [1, 9, 339, 147, 352, 158], [2, 0, 325, 126, 414, 149], [3, 0, 0, 0, 599, 399], [3, 8, 96, 32, 108, 45]], [[1, 0, 478, 169, 550, 198], [1, 2, 231, 196, 360, 313], [1, 3, 344, 162, 384, 189], [1, 7, 399, 165, 433, 191], [1, 8, 253, 168, 333, 237], [2, 0, 51, 96, 324, 162], [3, 0, 0, 16, 599, 399]], [[1, 0, 442, 189, 567, 241], [1, 3, 219, 201, 371, 323], [1, 7, 343, 197, 463, 275], [2, 0, 0, 66, 97, 232], [3, 0, 0, 25, 599, 399]], [[1, 4, 219, 217, 367, 323], [2, 0, 0, 170, 599, 399], [3, 0, 0, 83, 599, 265], [3, 6, 464, 73, 483, 93], [3, 7, 377, 83, 389, 97]], [[1, 0, 467, 165, 516, 186], [1, 2, 315, 170, 366, 215], [1, 3, 361, 159, 392, 180], [1, 5, 236, 205, 353, 321], [1, 7, 404, 162, 428, 181], [1, 8, 310, 160, 354, 197], [1, 9, 336, 197, 462, 319], [2, 0, 159, 110, 344, 160], [3, 0, 0, 20, 599, 399]], [[1, 0, 534, 167, 570, 187], [1, 2, 374, 163, 397, 185], [1, 3, 431, 159, 458, 174], [1, 5, 330, 170, 359, 196], [1, 6, 251, 188, 336, 269], [1, 7, 469, 162, 488, 178], [1, 8, 377, 158, 403, 179], [1, 9, 359, 169, 391, 198], [2, 0, 298, 122, 434, 158], [3, 0, 0, 0, 599, 399]], [[1, 0, 491, 207, 599, 288], [1, 3, 0, 198, 201, 342], [1, 7, 241, 205, 357, 320], [2, 0, 0, 91, 174, 210], [3, 0, 0, 60, 599, 399]], [[1, 0, 512, 173, 599, 210], [1, 2, 222, 330, 416, 399], [1, 3, 351, 165, 400, 200], [1, 7, 416, 169, 464, 201], [1, 8, 218, 185, 374, 321], [2, 0, 0, 85, 322, 166], [3, 0, 0, 8, 599, 399]], [[1, 0, 449, 163, 494, 185], [1, 2, 273, 168, 322, 212], [1, 3, 343, 158, 374, 178], [1, 5, 119, 199, 257, 305], [1, 7, 387, 161, 409, 180], [1, 8, 279, 159, 322, 194], [1, 9, 250, 191, 353, 304], [2, 0, 143, 111, 332, 159], [3, 0, 0, 22, 599, 399]]], "distance_down_track": [712.6583862304688, 711.8055419921875, 656.4569091796875, 656.4569091796875, 633.04345703125, 675.6192626953125, 633.04345703125, 675.6192626953125, 633.04345703125, 619.34228515625], "velocity": [[-0.07042186707258224, 0.08177334815263748, 0.0017733246786519885], [-6.097072124481201, -0.15391239523887634, -4.220670700073242], [-4.945614337921143, 0.09749310463666916, -0.3707774579524994], [0.040794309228658676, 0.09663715958595276, 0.32347020506858826], [2.2978103160858154, -0.010346181690692902, -3.8830714225769043], [-4.8610615730285645, 0.092525914311409, -0.6771835684776306], [-10.23999309539795, 0.17455266416072845, -5.310389995574951], [-0.10300218313932419, 0.081574447453022, 0.010392711497843266], [-4.925207138061523, 0.09135952591896057, -0.22391532361507416], [-4.9293599128723145, 0.0984751433134079, -0.7699312567710876]]}