{"track": "volcano_island", "karts": ["gavroche", "adiumy", "amanda", "nolok", "tux", "konqi", "kiki", "pidgin", "sara_the_racer", "suzanne"], "detections": [[[1, 0, 273, 203, 326, 255], [1, 1, 334, 155, 335, 156], [1, 4, 329, 157, 333, 159], [1, 6, 327, 154, 329, 156], [1, 8, 341, 154, 342, 156], [1, 9, 338, 155, 340, 155], [2, 0, 0, 155, 599, 399], [3, 0, 0, 0, 599, 258], [6, 33, 308, 155, 314, 160], [6, 34, 343, 155, 346, 157], [6, 35, 331, 156, 331, 156]], [[1, 1, 273, 195, 328, 248], [1, 3, 328, 163, 338, 171], [1, 5, 316, 159, 326, 167], [1, 9, 342, 170, 367, 187], [2, 0, 0, 158, 599, 399], [3, 0, 0, 0, 599, 245], [4, 13, 376, 160, 397, 176], [4, 14, 276, 160, 291, 176]], [[1, 2, 244, 189, 356, 281], [2, 0, 0, 164, 599, 399], [3, 0, 0, 0, 599, 298]], [[1, 3, 272, 203, 328, 255], [1, 5, 270, 169, 296, 193], [2, 0, 0, 160, 599, 399], [3, 0, 0, 0, 599, 231]], [[1, 1, 292, 156, 296, 159], [1, 3, 296, 156, 298, 157], [1, 4, 267, 198, 333, 253], [1, 5, 291, 155, 293, 157], [1, 6, 279, 156, 284, 161], [1, 8, 309, 155, 311, 160], [1, 9, 299, 156, 303, 158], [2, 0, 0, 156, 599, 399], [3, 0, 0, 80, 599, 233], [4, 13, 308, 154, 312, 157], [4, 14, 282, 154, 286, 158], [6, 34, 328, 154, 364, 178], [6, 35, 284, 161, 291, 166]], [[1, 5, 264, 192, 339, 264], [2, 0, 0, 160, 599, 399], [3, 0, 0, 0, 599, 242]], [[1, 1, 315, 161, 335, 178], [1, 3, 300, 155, 308, 161], [1, 5, 287, 153, 295, 159], [1, 6, 256, 178, 342, 273], [1, 8, 505, 164, 599, 234], [1, 9, 320, 157, 335, 166], [2, 0, 0, 154, 599, 399], [3, 0, 0, 0, 599, 287], [4, 13, 336, 152, 349, 162], [4, 14, 270, 153, 282, 163]], [[1, 7, 266, 210, 340, 262], [2, 0, 0, 162, 599, 399], [3, 0, 0, 0, 599, 335]], [[1, 1, 250, 167, 270, 184], [1, 3, 295, 160, 300, 166], [1, 5, 289, 157, 295, 163], [1, 6, 0, 217, 43, 252], [1, 8, 281, 178, 319, 251], [1, 9, 294, 163, 307, 172], [2, 0, 0, 158, 599, 399], [3, 0, 0, 0, 599, 266], [3, 189, 556, 193, 560, 207], [3, 192, 522, 198, 526, 210], [3, 347, 596, 222, 599, 229], [4, 13, 322, 157, 334, 167], [4, 14, 256, 158, 266, 168]], [[1, 3, 290, 164, 307, 179], [1, 5, 283, 158, 296, 170], [1, 9, 254, 201, 346, 272], [2, 0, 0, 156, 599, 399], [3, 0, 0, 0, 599, 228], [4, 13, 372, 161, 419, 198], [4, 14, 158, 162, 198, 197]]], "distance_down_track": [822.8865966796875, 910.0731201171875, 792.5078125, 925.96484375, 867.08935546875, 931.4449462890625, 901.8433227539062, 990.6053466796875, 902.7055053710938, 917.4178466796875], "velocity": [[-8.677687644958496, -0.280487984418869, -21.298336029052734], [-9.378841400146484, -0.5326675772666931, -22.33704376220703], [4.589725971221924, 0.9072094559669495, -14.190972328186035], [-8.286676406860352, -0.4608724117279053, -20.439903259277344], [-11.351207733154297, -0.48541176319122314, -19.333782196044922], [-7.3977131843566895, -0.4132164716720581, -19.599267959594727], [-8.479809761047363, -0.30255556106567383, -11.953856468200684], [19.94923210144043, -0.6131001710891724, -8.605951309204102], [-9.611948013305664, -0.5123369693756104, -21.256305694580078], [-6.1011152267456055, -0.2909032702445984, -13.84103012084961]]}