{"track": "overworld", "karts": ["beastie", "kiki", "hexley", "emule", "amanda", "wilber", "adiumy", "xue", "suzanne", "nolok"], "detections": [[[1, 0, 256, 188, 342, 262], [1, 2, 328, 173, 337, 182], [1, 8, 347, 185, 351, 188], [1, 9, 360, 184, 362, 186], [3, 0, 0, 82, 599, 211]], [[1, 1, 258, 181, 331, 263], [3, 0, 0, 0, 599, 208]], [[1, 2, 275, 196, 331, 270], [1, 8, 327, 162, 334, 167], [1, 9, 342, 157, 346, 160], [3, 0, 0, 48, 599, 189]], [[1, 3, 239, 199, 359, 322], [1, 6, 268, 256, 340, 322], [2, 7, 215, 160, 289, 177], [2, 24, 290, 160, 387, 177], [3, 0, 0, 0, 599, 190], [3, 7, 128, 0, 289, 174], [3, 24, 287, 0, 462, 176]], [[1, 4, 259, 191, 340, 259], [3, 0, 0, 126, 599, 185], [3, 1, 257, 165, 266, 169], [3, 2, 265, 157, 269, 161], [3, 3, 264, 154, 267, 156], [3, 4, 264, 147, 268, 150], [3, 7, 273, 144, 285, 168], [3, 8, 273, 148, 275, 150], [3, 24, 284, 144, 298, 167], [3, 25, 288, 144, 297, 153]], [[1, 5, 262, 190, 332, 254], [3, 0, 0, 55, 599, 152], [3, 7, 248, 138, 248, 138], [3, 24, 249, 138, 251, 138]], [[1, 3, 212, 131, 391, 297], [1, 6, 256, 237, 346, 304], [2, 7, 213, 147, 289, 164], [2, 24, 290, 148, 390, 165], [3, 0, 0, 0, 599, 176], [3, 7, 122, 0, 289, 161], [3, 24, 289, 0, 469, 164]], [[1, 7, 272, 186, 340, 266], [3, 0, 0, 80, 581, 231]], [[1, 5, 463, 129, 468, 132], [1, 8, 265, 201, 342, 262], [1, 9, 299, 150, 310, 161], [2, 0, 392, 134, 397, 138], [3, 0, 0, 0, 599, 235], [3, 6, 420, 98, 420, 98]], [[1, 5, 485, 165, 492, 169], [1, 9, 269, 203, 329, 259], [2, 0, 408, 169, 414, 175], [3, 0, 0, 0, 599, 176], [3, 4, 502, 140, 502, 140], [3, 7, 506, 138, 512, 140], [3, 8, 505, 140, 505, 140], [3, 24, 512, 138, 519, 141], [3, 25, 518, 139, 518, 139]]], "distance_down_track": [1390.4818115234375, 1343.6082763671875, 1406.1690673828125, 621.7838745117188, 312.9859619140625, 55.228057861328125, 608.2762451171875, 1025.208984375, 1437.50146484375, 1450.0203857421875], "velocity": [[-19.52100944519043, -1.5854079723358154, 9.42480182647705], [-8.617366790771484, 1.8610780239105225, -10.360705375671387], [-16.82259750366211, -3.3106510639190674, 9.630784034729004], [-0.11524289101362228, 0.6135372519493103, 0.3056122362613678], [2.24365496635437, -1.1260852813720703, 21.589536666870117], [4.736220359802246, -0.964091956615448, 21.308713912963867], [-0.2575177550315857, -0.609653115272522, 3.7175097465515137], [3.904040813446045, 0.1954568475484848, -20.327571868896484], [-13.664920806884766, -4.377773284912109, 14.919617652893066], [-13.254704475402832, -1.3408515453338623, 15.843133926391602]]}