{"track": "overworld", "karts": ["beastie", "kiki", "hexley", "emule", "amanda", "wilber", "adiumy", "xue", "suzanne", "nolok"], "detections": [[[1, 0, 259, 190, 338, 257], [3, 0, 0, 0, 599, 176], [3, 24, 235, 135, 236, 135]], [[1, 1, 269, 184, 329, 251], [1, 2, 295, 155, 298, 158], [1, 7, 313, 150, 315, 152], [1, 8, 365, 182, 414, 212], [1, 9, 303, 154, 306, 157], [3, 0, 0, 0, 599, 170]], [[1, 2, 274, 196, 327, 268], [1, 7, 360, 156, 371, 164], [1, 9, 467, 292, 599, 399], [3, 0, 5, 0, 599, 183]], [[1, 3, 256, 199, 345, 292], [1, 6, 230, 165, 261, 192], [2, 7, 112, 147, 244, 177], [2, 24, 244, 147, 418, 178], [3, 0, 0, 0, 599, 185], [3, 7, 0, 0, 243, 172], [3, 24, 232, 0, 547, 175]], [[1, 4, 250, 190, 336, 268], [3, 0, 158, 177, 450, 205]], [[1, 0, 432, 136, 440, 140], [1, 5, 265, 189, 341, 262], [2, 0, 397, 136, 403, 141], [3, 0, 0, 0, 599, 256], [3, 4, 513, 102, 515, 103], [3, 6, 417, 102, 417, 102], [3, 7, 518, 101, 526, 105], [3, 8, 519, 101, 523, 103], [3, 24, 526, 101, 532, 105], [3, 25, 532, 102, 533, 103]], [[1, 6, 263, 193, 339, 271], [2, 7, 34, 144, 271, 198], [2, 24, 270, 146, 590, 202], [3, 7, 0, 0, 269, 188], [3, 24, 266, 0, 599, 200]], [[1, 7, 261, 185, 340, 269], [3, 0, 0, 0, 599, 399]], [[1, 1, 0, 318, 14, 344], [1, 2, 274, 153, 277, 157], [1, 7, 296, 149, 298, 150], [1, 8, 262, 200, 338, 259], [1, 9, 282, 153, 286, 156], [3, 0, 0, 0, 599, 177]], [[1, 2, 226, 184, 264, 220], [1, 7, 336, 156, 346, 163], [1, 9, 277, 203, 333, 256], [3, 0, 0, 0, 599, 184]]], "distance_down_track": [38.256465911865234, 1267.4188232421875, 1316.7044677734375, 616.481689453125, 511.9988708496094, 1443.334228515625, 621.6031494140625, 1343.063720703125, 1270.2728271484375, 1313.614501953125], "velocity": [[7.313640117645264, -1.0071496963500977, 22.993886947631836], [0.37074148654937744, 2.436124086380005, -22.22883415222168], [0.6819857954978943, 2.854558229446411, -20.183988571166992], [-0.872717559337616, -1.7519862651824951, 13.007638931274414], [14.81922435760498, 2.6652796268463135, -13.88224983215332], [-12.850188255310059, -3.8237340450286865, 14.386239051818848], [-0.16049212217330933, -2.0857558250427246, 15.220260620117188], [-8.329658508300781, 2.0919971466064453, -13.688096046447754], [0.0401105098426342, 1.7381600141525269, -20.626855850219727], [2.9500105381011963, 3.0603139400482178, -23.010690689086914]]}