{"track": "tutorial", "karts": ["puffy", "hexley", "tux", "suzanne", "pidgin", "nolok", "beastie", "gavroche", "amanda", "adiumy"], "detections": [[[1, 0, 210, 200, 382, 323], [1, 5, 446, 173, 461, 181], [1, 6, 322, 166, 334, 176], [1, 8, 392, 160, 404, 168], [2, 0, 323, 125, 526, 155], [3, 0, 0, 0, 599, 399], [3, 8, 89, 0, 101, 9]], [[1, 1, 256, 196, 333, 298], [1, 5, 493, 154, 507, 163], [1, 6, 324, 147, 341, 159], [1, 8, 412, 148, 429, 157], [2, 0, 323, 128, 413, 149], [3, 0, 0, 0, 599, 399], [3, 8, 93, 38, 105, 51]], [[1, 2, 265, 197, 335, 259], [1, 4, 284, 182, 299, 191], [1, 7, 293, 191, 318, 212], [2, 0, 0, 183, 599, 399], [3, 0, 0, 0, 599, 288], [3, 6, 251, 148, 252, 150], [3, 7, 210, 140, 210, 140]], [[1, 2, 277, 158, 282, 164], [1, 3, 259, 201, 339, 263], [1, 4, 276, 162, 277, 164], [1, 9, 280, 159, 289, 167], [2, 0, 0, 163, 599, 399], [3, 0, 0, 91, 599, 274], [3, 7, 194, 124, 195, 130]], [[1, 4, 264, 210, 338, 257], [2, 0, 0, 186, 599, 399], [3, 0, 0, 63, 599, 282], [3, 6, 271, 126, 278, 136], [3, 7, 225, 120, 231, 127]], [[1, 5, 227, 206, 351, 320], [3, 0, 0, 14, 599, 399]], [[1, 6, 208, 180, 379, 329], [1, 8, 413, 160, 452, 184], [2, 0, 178, 111, 364, 162], [3, 0, 0, 18, 599, 399]], [[1, 4, 284, 157, 306, 171], [1, 7, 270, 203, 329, 263], [2, 0, 0, 155, 599, 399], [3, 0, 0, 98, 599, 271], [3, 6, 267, 100, 274, 111], [3, 7, 220, 92, 227, 100]], [[1, 5, 332, 178, 360, 203], [1, 8, 216, 183, 376, 320], [3, 0, 0, 38, 599, 399]], [[1, 2, 270, 171, 302, 200], [1, 4, 281, 168, 293, 174], [1, 7, 291, 172, 303, 186], [1, 9, 271, 195, 331, 254], [2, 0, 0, 168, 599, 399], [3, 0, 0, 0, 599, 285], [3, 6, 250, 130, 255, 134], [3, 7, 202, 123, 208, 129]]], "distance_down_track": [705.3666381835938, 711.86865234375, 473.2306823730469, 473.2306823730469, 473.2306823730469, 547.9110717773438, 473.2306823730469, 491.73480224609375, 455.9293518066406, 430.3747253417969], "velocity": [[-4.981029987335205, -6.12723445892334, -5.100637912750244], [-5.9805145263671875, -0.11269780248403549, -4.071124076843262], [-2.0196805000305176, -0.4998892545700073, -21.12615203857422], [-3.0974814891815186, 1.0823677778244019, -19.59280776977539], [-0.19532233476638794, 0.8774642944335938, -22.58721923828125], [0.7002867460250854, 0.13911443948745728, 1.3036322593688965], [-4.924507141113281, 0.0975559875369072, -1.0175113677978516], [-0.6750036478042603, -0.20043300092220306, -20.329181671142578], [0.03965552896261215, 0.06587065011262894, 0.952788233757019], [-2.05444598197937, 2.0693857669830322, -20.07500648498535]]}