{"track": "hacienda", "karts": ["adiumy", "tux", "puffy", "pidgin", "nolok", "emule", "beastie", "sara_the_wizard", "gavroche", "konqi"], "detections": [[[1, 0, 274, 187, 329, 241], [1, 1, 504, 172, 509, 174], [1, 8, 337, 156, 344, 160], [2, 0, 0, 152, 599, 399], [3, 0, 0, 0, 599, 391], [3, 151, 0, 0, 52, 52], [4, 20, 482, 168, 489, 172], [5, 11, 493, 171, 497, 172], [5, 16, 299, 170, 312, 185], [5, 17, 141, 160, 154, 175], [5, 18, 222, 166, 235, 182], [5, 19, 473, 167, 476, 168]], [[1, 1, 264, 198, 329, 254], [1, 4, 307, 135, 316, 146], [1, 7, 286, 159, 289, 163], [2, 0, 0, 163, 599, 399], [3, 0, 0, 0, 599, 302], [3, 109, 270, 64, 286, 86], [3, 111, 248, 65, 265, 86], [4, 20, 0, 275, 169, 399]], [[1, 2, 258, 201, 346, 263], [2, 0, 0, 141, 599, 399], [3, 0, 0, 0, 599, 276]], [[1, 2, 221, 159, 233, 167], [1, 3, 270, 210, 347, 266], [1, 6, 189, 184, 257, 242], [1, 9, 181, 163, 199, 178], [2, 0, 0, 139, 572, 399], [3, 0, 0, 0, 599, 399], [4, 12, 135, 168, 169, 196], [4, 13, 271, 159, 297, 185]], [[1, 4, 271, 205, 316, 262], [1, 5, 208, 317, 216, 321], [1, 7, 263, 312, 271, 324], [2, 0, 0, 317, 502, 399], [3, 0, 0, 0, 599, 399], [3, 109, 265, 189, 286, 212], [3, 111, 239, 192, 261, 214], [3, 113, 212, 196, 232, 214]], [[1, 3, 101, 170, 128, 181], [1, 5, 279, 199, 326, 241], [1, 6, 59, 168, 93, 186], [2, 0, 0, 170, 599, 399], [3, 0, 0, 0, 599, 293], [4, 13, 39, 160, 65, 175]], [[1, 2, 237, 161, 249, 169], [1, 3, 378, 226, 536, 314], [1, 6, 265, 188, 352, 267], [1, 9, 201, 165, 218, 181], [2, 0, 0, 141, 599, 399], [3, 0, 0, 0, 599, 283], [4, 12, 161, 170, 195, 202], [4, 13, 307, 158, 338, 187]], [[1, 5, 209, 169, 223, 178], [1, 6, 20, 180, 42, 192], [1, 7, 278, 188, 319, 263], [2, 0, 0, 167, 599, 399], [3, 0, 0, 0, 599, 394]], [[1, 1, 489, 178, 498, 185], [1, 4, 555, 168, 565, 175], [1, 7, 546, 186, 550, 189], [1, 8, 265, 202, 325, 258], [2, 0, 0, 165, 580, 399], [3, 0, 0, 0, 599, 399], [3, 109, 560, 93, 589, 116], [3, 111, 531, 98, 557, 118], [3, 113, 506, 103, 524, 118], [4, 20, 468, 173, 482, 182], [5, 11, 497, 180, 506, 186], [5, 19, 443, 171, 450, 176]], [[1, 2, 365, 169, 398, 188], [1, 9, 264, 193, 335, 260], [2, 0, 0, 139, 599, 399], [3, 0, 0, 0, 599, 352]]], "distance_down_track": [706.1045532226562, 772.8167724609375, 867.2423706054688, 848.2156372070312, 795.2308349609375, 834.2637939453125, 849.5040893554688, 812.6312866210938, 738.766357421875, 860.99755859375], "velocity": [[-17.467025756835938, -2.859920024871826, -14.687541961669922], [-15.312631607055664, -1.5674785375595093, 16.559986114501953], [-3.2200543880462646, -0.3457023799419403, -21.492368698120117], [-5.191282749176025, -0.874161958694458, -20.709644317626953], [-18.21352195739746, -2.121096134185791, 16.158035278320312], [-29.926698684692383, -2.1801552772521973, -8.98752212524414], [-5.65298318862915, -0.8537425994873047, -21.616514205932617], [-18.064098358154297, -2.47698974609375, 11.745875358581543], [-22.961719512939453, -1.0015795230865479, 0.8696160912513733], [-0.5738281607627869, -0.49062952399253845, -23.3878173828125]]}