{"track": "tutorial", "karts": ["puffy", "hexley", "tux", "suzanne", "pidgin", "nolok", "beastie", "gavroche", "amanda", "adiumy"], "detections": [[[1, 0, 203, 201, 387, 323], [1, 1, 293, 159, 319, 184], [1, 2, 240, 152, 258, 163], [1, 3, 288, 155, 302, 165], [1, 4, 323, 157, 339, 165], [1, 5, 252, 167, 291, 199], [1, 7, 273, 153, 287, 162], [1, 9, 259, 153, 271, 163], [2, 0, 197, 129, 307, 155], [3, 0, 0, 38, 599, 399]], [[1, 1, 242, 193, 349, 349], [1, 2, 144, 152, 181, 171], [1, 3, 232, 155, 259, 172], [1, 4, 288, 158, 312, 172], [1, 7, 206, 153, 232, 168], [1, 9, 181, 153, 204, 170], [2, 0, 66, 113, 259, 156], [3, 0, 0, 29, 599, 399]], [[1, 2, 220, 196, 353, 318], [1, 3, 314, 172, 357, 209], [1, 4, 313, 169, 345, 186], [1, 7, 275, 175, 320, 211], [1, 9, 261, 182, 330, 239], [2, 0, 0, 64, 207, 244], [3, 0, 0, 29, 599, 399]], [[1, 3, 223, 201, 370, 322], [1, 4, 417, 192, 531, 257], [1, 7, 0, 192, 208, 332], [1, 9, 0, 276, 5, 286], [2, 0, 0, 42, 239, 186], [3, 0, 0, 4, 599, 399]], [[1, 4, 215, 217, 363, 326], [3, 0, 0, 35, 599, 399]], [[1, 1, 303, 168, 342, 218], [1, 2, 197, 150, 223, 165], [1, 3, 264, 155, 285, 168], [1, 4, 308, 158, 327, 169], [1, 5, 234, 205, 351, 320], [1, 7, 243, 152, 262, 164], [1, 9, 224, 151, 240, 165], [2, 0, 136, 117, 283, 155], [3, 0, 0, 24, 599, 399]], [[1, 6, 260, 190, 339, 257], [1, 8, 232, 139, 236, 141], [2, 0, 0, 139, 599, 399], [3, 0, 0, 0, 599, 275], [3, 6, 314, 58, 324, 72], [3, 7, 259, 54, 268, 65]], [[1, 3, 314, 191, 399, 262], [1, 4, 315, 181, 361, 212], [1, 7, 246, 205, 363, 290], [1, 9, 175, 263, 419, 399], [2, 0, 0, 63, 140, 254], [3, 0, 0, 39, 599, 399]], [[1, 8, 260, 191, 336, 256], [2, 0, 0, 176, 599, 399], [3, 0, 0, 69, 599, 333], [3, 6, 433, 58, 451, 80], [3, 7, 347, 73, 359, 88]], [[1, 2, 44, 197, 250, 317], [1, 3, 587, 256, 599, 294], [1, 7, 366, 193, 560, 289], [1, 9, 249, 193, 355, 305], [2, 0, 0, 133, 442, 219], [3, 0, 0, 94, 599, 399]]], "distance_down_track": [712.6583862304688, 712.6583862304688, 473.2306823730469, 473.2306823730469, 473.2306823730469, 547.9110717773438, 455.9293518066406, 491.73480224609375, 420.1153259277344, 420.1153259277344], "velocity": [[-4.678763389587402, 0.11510839313268661, -1.6350953578948975], [-4.789185523986816, 0.08738778531551361, -0.6308807134628296], [-0.007884688675403595, 0.1293027698993683, -0.46702226996421814], [-4.751934051513672, 0.40889114141464233, 0.8330634236335754], [-0.04559113085269928, -0.028783133253455162, 3.0151526927948], [-4.988698959350586, 0.10435158014297485, -0.944169819355011], [3.932582139968872, -4.114377498626709, -23.469751358032227], [0.9635442495346069, -0.47599223256111145, 1.924552083015442], [8.96053695678711, -1.121207356452942, -22.398082733154297], [0.2410549372434616, 0.007072770968079567, 0.6059160232543945]]}