{"track": "tutorial", "karts": ["puffy", "hexley", "tux", "suzanne", "pidgin", "nolok", "beastie", "gavroche", "amanda", "adiumy"], "detections": [[[1, 0, 201, 202, 403, 327], [1, 1, 105, 275, 160, 325], [1, 2, 68, 300, 91, 317], [1, 5, 96, 268, 126, 290], [1, 7, 116, 341, 120, 344], [1, 9, 264, 291, 316, 331], [2, 0, 0, 214, 599, 399], [3, 0, 0, 101, 599, 382]], [[1, 1, 249, 194, 339, 324], [1, 2, 308, 196, 315, 206], [1, 5, 311, 174, 336, 197], [1, 7, 323, 246, 335, 261], [2, 0, 0, 137, 537, 399], [3, 0, 0, 0, 599, 399], [3, 8, 99, 4, 111, 17]], [[1, 2, 268, 197, 329, 253], [2, 0, 342, 141, 463, 175], [3, 0, 0, 0, 599, 399], [3, 8, 123, 42, 134, 53]], [[1, 0, 264, 137, 299, 155], [1, 1, 302, 163, 312, 175], [1, 3, 260, 200, 331, 258], [1, 5, 330, 170, 338, 178], [1, 9, 306, 165, 328, 182], [2, 0, 0, 155, 599, 399], [3, 0, 0, 0, 599, 376], [3, 6, 177, 0, 191, 9], [3, 8, 210, 54, 217, 56]], [[1, 0, 313, 146, 330, 156], [1, 1, 335, 162, 341, 168], [1, 3, 314, 170, 334, 186], [1, 4, 260, 209, 330, 259], [1, 5, 357, 168, 363, 172], [1, 9, 336, 162, 348, 172], [2, 0, 0, 159, 599, 399], [3, 0, 0, 10, 599, 390], [3, 6, 233, 0, 253, 29], [3, 7, 110, 0, 135, 21]], [[1, 2, 310, 241, 310, 244], [1, 5, 271, 202, 324, 257], [1, 7, 314, 308, 341, 336], [2, 0, 334, 157, 567, 191], [3, 0, 0, 0, 599, 399], [3, 8, 131, 42, 140, 51]], [[1, 6, 257, 189, 341, 260], [1, 8, 272, 160, 279, 164], [2, 0, 0, 163, 599, 399], [3, 0, 0, 99, 599, 289], [3, 7, 184, 126, 190, 131]], [[1, 2, 157, 47, 221, 110], [1, 7, 234, 205, 348, 315], [2, 0, 246, 130, 341, 157], [3, 0, 0, 10, 599, 399]], [[1, 8, 262, 193, 337, 252], [2, 0, 0, 172, 599, 399], [3, 0, 0, 90, 599, 285], [3, 6, 269, 115, 277, 124], [3, 7, 223, 108, 229, 116]], [[1, 0, 63, 99, 245, 177], [1, 1, 264, 179, 294, 206], [1, 2, 314, 202, 323, 212], [1, 5, 310, 182, 323, 196], [1, 9, 270, 196, 330, 249], [2, 0, 0, 157, 599, 399], [3, 0, 0, 0, 599, 348], [3, 8, 164, 47, 172, 56]]], "distance_down_track": [712.6583862304688, 704.907958984375, 455.9293518066406, 455.9293518066406, 455.9293518066406, 532.0, 433.4427490234375, 491.73480224609375, 400.4352722167969, 400.4352722167969], "velocity": [[-0.0704835057258606, 0.08182332664728165, 0.001218535122461617], [-6.295846939086914, -4.275045871734619, -6.699136257171631], [-14.404387474060059, -14.231517791748047, -17.01759147644043], [-11.200005531311035, -3.1935338973999023, -19.67313575744629], [-8.226067543029785, -3.3289120197296143, -22.304594039916992], [-15.09337043762207, -8.520902633666992, -18.052331924438477], [-4.369162559509277, 1.337510108947754, -22.40157699584961], [-4.311288833618164, 0.11933864653110504, -2.2193236351013184], [-0.370876282453537, 1.1052873134613037, -24.12183952331543], [-15.406376838684082, -2.086900472640991, -16.9495849609375]]}