{"track": "tutorial", "karts": ["puffy", "hexley", "tux", "suzanne", "pidgin", "nolok", "beastie", "gavroche", "amanda", "adiumy"], "detections": [[[1, 0, 215, 198, 381, 328], [1, 4, 0, 227, 18, 247], [2, 0, 0, 74, 77, 116], [3, 0, 0, 15, 599, 399]], [[1, 0, 363, 156, 381, 167], [1, 1, 241, 193, 349, 349], [1, 4, 313, 155, 328, 164], [1, 8, 222, 152, 248, 170], [2, 0, 214, 128, 321, 155], [3, 0, 0, 34, 599, 399]], [[1, 2, 259, 197, 343, 270], [1, 7, 341, 135, 510, 265], [1, 9, 298, 153, 309, 163], [2, 0, 0, 131, 599, 399], [3, 0, 0, 50, 599, 266], [3, 6, 367, 45, 380, 61], [3, 7, 308, 45, 319, 56], [3, 8, 403, 72, 403, 72]], [[1, 2, 286, 171, 318, 196], [1, 3, 261, 201, 344, 265], [1, 7, 317, 148, 350, 176], [1, 9, 279, 155, 288, 162], [2, 0, 0, 135, 599, 399], [3, 0, 0, 39, 599, 282], [3, 6, 331, 51, 343, 65], [3, 7, 274, 49, 285, 60]], [[1, 0, 576, 233, 599, 269], [1, 4, 236, 216, 353, 311], [2, 0, 0, 40, 216, 195], [3, 0, 0, 2, 599, 399]], [[1, 5, 214, 203, 331, 325], [2, 0, 317, 97, 449, 136], [3, 0, 0, 0, 599, 399]], [[1, 2, 296, 158, 307, 168], [1, 3, 299, 161, 320, 175], [1, 6, 241, 185, 358, 286], [1, 7, 311, 148, 325, 159], [1, 9, 279, 152, 286, 157], [2, 0, 0, 134, 599, 399], [3, 0, 0, 0, 599, 282], [3, 6, 317, 56, 328, 70], [3, 7, 263, 51, 273, 60]], [[1, 2, 175, 235, 255, 308], [1, 7, 235, 205, 353, 322], [1, 9, 256, 166, 267, 176], [2, 0, 0, 137, 599, 399], [3, 0, 0, 65, 599, 347], [3, 6, 333, 66, 345, 80], [3, 7, 277, 57, 288, 68]], [[1, 0, 494, 169, 554, 197], [1, 4, 380, 165, 406, 185], [1, 8, 216, 184, 373, 321], [2, 0, 163, 109, 358, 162], [3, 0, 0, 16, 599, 399]], [[1, 9, 273, 195, 329, 250], [2, 0, 0, 138, 599, 399], [3, 0, 0, 51, 599, 310], [3, 6, 389, 42, 403, 60], [3, 7, 324, 49, 335, 62]]], "distance_down_track": [712.6583862304688, 712.6583862304688, 576.2125244140625, 561.7310180664062, 576.2125244140625, 619.34228515625, 561.7310180664062, 605.3455200195312, 561.7310180664062, 547.9110717773438], "velocity": [[2.0032966136932373, 0.25014618039131165, -0.11784540116786957], [-4.5233378410339355, 0.11359163373708725, -1.7285456657409668], [7.181757926940918, -2.6647558212280273, -14.727314949035645], [5.745702266693115, -3.128915309906006, -18.223796844482422], [5.362444877624512, 1.0641119480133057, 0.6540172100067139], [4.9454193115234375, -0.4870791435241699, -0.7667574882507324], [2.8045034408569336, -2.388460874557495, -14.733059883117676], [-0.10394146293401718, 0.08177360892295837, 0.004003320820629597], [-4.802736759185791, 0.08745168894529343, -0.9131966829299927], [9.96756649017334, -3.0070927143096924, -20.508657455444336]]}