{"track": "overworld", "karts": ["beastie", "kiki", "hexley", "emule", "amanda", "wilber", "adiumy", "xue", "suzanne", "nolok"], "detections": [[[1, 0, 257, 189, 343, 262], [3, 0, 0, 119, 599, 188], [3, 1, 253, 160, 262, 164], [3, 2, 261, 152, 265, 156], [3, 3, 260, 149, 263, 151], [3, 4, 260, 141, 264, 146], [3, 7, 269, 139, 282, 163], [3, 8, 269, 141, 273, 146], [3, 24, 280, 139, 295, 162], [3, 25, 290, 142, 294, 150]], [[1, 1, 232, 168, 368, 310], [2, 7, 113, 148, 387, 210], [2, 24, 384, 141, 599, 208], [3, 7, 0, 0, 399, 209], [3, 24, 388, 0, 599, 148]], [[1, 1, 242, 149, 256, 166], [1, 2, 247, 193, 356, 350], [2, 7, 208, 143, 288, 161], [2, 24, 288, 142, 391, 161], [3, 0, 0, 0, 599, 172], [3, 7, 109, 0, 287, 160], [3, 24, 283, 0, 468, 158]], [[1, 1, 281, 168, 284, 173], [1, 2, 298, 169, 302, 174], [1, 3, 259, 200, 333, 275], [2, 7, 266, 167, 292, 172], [2, 24, 293, 165, 327, 172], [3, 0, 0, 0, 599, 173], [3, 7, 238, 56, 292, 172], [3, 24, 288, 55, 343, 170], [3, 25, 337, 84, 344, 128], [255, 16777215, 0, 155, 599, 193]], [[1, 4, 258, 192, 333, 257], [3, 0, 4, 0, 599, 166]], [[1, 5, 271, 190, 335, 251], [1, 6, 395, 162, 435, 190], [1, 7, 305, 157, 327, 180], [3, 0, 0, 0, 599, 243]], [[1, 6, 276, 196, 328, 246], [1, 7, 209, 173, 243, 205], [3, 0, 0, 1, 599, 204]], [[1, 7, 272, 178, 335, 251], [3, 0, 0, 0, 599, 235]], [[1, 8, 265, 201, 336, 254], [1, 9, 447, 162, 454, 165], [2, 0, 405, 161, 411, 167], [3, 0, 0, 0, 599, 170], [3, 4, 503, 130, 504, 130], [3, 7, 507, 129, 514, 131], [3, 8, 506, 129, 510, 131], [3, 24, 514, 129, 520, 132], [3, 25, 520, 130, 520, 130]], [[1, 9, 274, 203, 324, 249], [3, 0, 0, 0, 599, 173]]], "distance_down_track": [315.7988586425781, 0.0, 595.7530517578125, 544.0811767578125, 0.0, 0.0, 0.0, 0.0, 0.0, 40.27235412597656], "velocity": [[2.447967767715454, -1.1202040910720825, 21.56763458251953], [0.00918444711714983, 0.08176033198833466, 0.16901713609695435], [-0.38384905457496643, -0.9717526435852051, 5.66788911819458], [-0.2012878656387329, -1.2088520526885986, 16.828413009643555], [-4.923677444458008, -0.04241698607802391, -23.642715454101562], [1.7669169902801514, 3.5745351314544678, -24.52800941467285], [4.864385604858398, 3.8977291584014893, -25.241741180419922], [2.9774162769317627, 3.4293243885040283, -22.54716682434082], [-14.82229232788086, -1.4578614234924316, 17.52638816833496], [8.85081958770752, -1.0335427522659302, 25.00994300842285]]}