{"track": "overworld", "karts": ["beastie", "kiki", "hexley", "emule", "amanda", "wilber", "adiumy", "xue", "suzanne", "nolok"], "detections": [[[1, 0, 258, 189, 343, 263], [1, 8, 366, 176, 371, 178], [3, 0, 0, 87, 599, 224]], [[1, 1, 267, 183, 328, 253], [1, 2, 296, 173, 300, 177], [2, 7, 265, 170, 292, 176], [2, 24, 293, 168, 327, 175], [3, 0, 0, 0, 599, 177], [3, 7, 237, 58, 292, 175], [3, 24, 287, 57, 343, 173], [3, 25, 337, 87, 344, 127], [255, 16777215, 0, 156, 599, 198]], [[1, 2, 276, 196, 327, 265], [2, 7, 188, 148, 278, 168], [2, 24, 278, 144, 390, 167], [3, 0, 0, 0, 599, 186], [3, 7, 68, 0, 277, 167], [3, 24, 269, 0, 469, 162]], [[1, 3, 236, 198, 354, 322], [1, 6, 7, 150, 15, 155], [1, 7, 553, 329, 599, 399], [3, 0, 0, 112, 592, 154]], [[1, 3, 257, 168, 259, 168], [1, 4, 260, 192, 341, 259], [1, 7, 254, 166, 254, 167], [3, 0, 0, 0, 590, 185], [3, 4, 298, 156, 301, 157], [3, 7, 307, 154, 313, 157], [3, 8, 306, 156, 307, 157], [3, 24, 314, 153, 321, 156]], [[1, 5, 255, 190, 337, 263], [3, 0, 0, 0, 599, 395]], [[1, 1, 289, 160, 291, 163], [1, 6, 272, 194, 331, 254], [2, 24, 295, 162, 298, 162], [3, 0, 0, 91, 599, 171], [3, 1, 151, 154, 194, 179], [3, 2, 202, 133, 220, 149], [3, 3, 199, 117, 213, 129], [3, 4, 196, 96, 213, 114], [3, 7, 259, 116, 283, 162], [3, 8, 259, 118, 270, 131], [3, 24, 280, 116, 306, 162], [3, 25, 291, 118, 306, 158], [255, 16777215, 34, 148, 587, 190]], [[1, 3, 170, 183, 226, 226], [1, 6, 0, 161, 5, 165], [1, 7, 263, 187, 332, 264], [3, 0, 0, 122, 561, 164]], [[1, 8, 260, 200, 336, 259], [1, 9, 420, 143, 423, 146], [2, 0, 355, 148, 364, 157], [3, 0, 0, 6, 599, 159], [3, 7, 384, 121, 386, 122], [3, 8, 383, 121, 383, 121], [3, 24, 387, 121, 390, 122], [3, 25, 389, 121, 389, 121]], [[1, 9, 267, 203, 327, 261], [3, 0, 0, 54, 589, 139], [3, 7, 256, 137, 258, 137], [3, 24, 259, 137, 260, 137]]], "distance_down_track": [1399.5113525390625, 481.57122802734375, 481.57122802734375, 434.1119689941406, 277.2958984375, 1342.91796875, 512.9523315429688, 442.7616882324219, 1466.386962890625, 63.70109176635742], "velocity": [[-18.68580436706543, -1.2472479343414307, 11.031558990478516], [-0.23877252638339996, -1.6410332918167114, 21.78697967529297], [-0.5243560075759888, -3.465303659439087, 21.567087173461914], [4.7046284675598145, -0.40711158514022827, 1.3598346710205078], [-0.37520626187324524, 0.24148774147033691, 21.730419158935547], [-11.475282669067383, 2.224700689315796, -11.438075065612793], [0.8838798999786377, -1.5457868576049805, 20.62327003479004], [20.258686065673828, -1.8592782020568848, 3.8234357833862305], [-4.12906551361084, -2.6058175563812256, 20.115924835205078], [3.7900424003601074, -0.2504671514034271, 20.348533630371094]]}