{"track": "overworld", "karts": ["beastie", "kiki", "hexley", "emule", "amanda", "wilber", "adiumy", "xue", "suzanne", "nolok"], "detections": [[[1, 0, 257, 189, 337, 258], [1, 1, 375, 174, 381, 180], [1, 7, 252, 169, 257, 173], [1, 8, 312, 180, 329, 192], [1, 9, 431, 173, 437, 176], [3, 0, 0, 91, 511, 180], [3, 7, 299, 163, 302, 164], [3, 24, 303, 163, 306, 164], [3, 25, 305, 163, 305, 163]], [[1, 1, 268, 184, 329, 252], [1, 2, 535, 152, 543, 156], [1, 9, 354, 158, 364, 165], [3, 0, 0, 100, 192, 153], [3, 4, 114, 150, 114, 150], [3, 7, 127, 149, 129, 150]], [[1, 2, 277, 196, 330, 268], [3, 0, 203, 60, 599, 151]], [[1, 3, 254, 198, 348, 297], [1, 6, 289, 160, 313, 183], [2, 7, 164, 145, 281, 171], [2, 24, 282, 145, 437, 172], [3, 0, 0, 0, 599, 179], [3, 7, 25, 0, 281, 167], [3, 24, 278, 0, 560, 171]], [[1, 4, 259, 191, 341, 261], [3, 0, 0, 104, 547, 163]], [[1, 5, 262, 189, 337, 260], [3, 0, 0, 0, 599, 187]], [[1, 6, 266, 194, 339, 268], [2, 7, 25, 148, 260, 200], [2, 24, 258, 150, 568, 203], [3, 7, 0, 0, 257, 191], [3, 24, 251, 0, 599, 200]], [[1, 7, 270, 188, 333, 258], [3, 0, 0, 71, 583, 159]], [[1, 1, 355, 155, 362, 163], [1, 7, 181, 150, 188, 156], [1, 8, 260, 200, 331, 256], [1, 9, 408, 152, 415, 155], [3, 0, 0, 101, 474, 164], [3, 5, 52, 148, 59, 148], [3, 7, 253, 141, 256, 142], [3, 24, 257, 141, 260, 143], [3, 25, 261, 143, 261, 143]], [[1, 2, 438, 158, 447, 162], [1, 9, 268, 203, 324, 256], [3, 0, 446, 78, 599, 156]]], "distance_down_track": [102.00318908691406, 139.84976196289062, 204.8391571044922, 615.0653076171875, 971.9593505859375, 1317.2630615234375, 621.7335815429688, 150.63604736328125, 113.18750762939453, 161.90823364257812], "velocity": [[-0.13013343513011932, -0.899237871170044, 24.132898330688477], [12.515928268432617, -0.11623386293649673, 17.909788131713867], [18.49213218688965, -0.21549369394779205, -9.281783103942871], [-1.2687301635742188, -1.6508750915527344, 12.13527774810791], [13.983903884887695, -1.1872496604919434, -16.59671974182129], [0.03730759024620056, 2.84399151802063, -19.45822525024414], [-0.07224613428115845, 0.9311961531639099, 0.9421843886375427], [-10.578661918640137, -0.24761825799942017, 20.463550567626953], [5.859879493713379, -1.0436358451843262, 22.216495513916016], [21.201189041137695, 0.9668347835540771, 8.249106407165527]]}