{"track": "tutorial", "karts": ["puffy", "hexley", "tux", "suzanne", "pidgin", "nolok", "beastie", "gavroche", "amanda", "adiumy"], "detections": [[[1, 0, 206, 201, 388, 330], [2, 0, 0, 82, 142, 167], [3, 0, 0, 18, 599, 399]], [[1, 0, 323, 161, 354, 183], [1, 1, 242, 193, 350, 349], [2, 0, 57, 113, 257, 156], [3, 0, 0, 31, 599, 399]], [[1, 2, 256, 197, 353, 287], [1, 3, 151, 173, 161, 178], [2, 0, 44, 133, 599, 202], [3, 0, 0, 27, 599, 399]], [[1, 3, 239, 201, 352, 290], [1, 4, 275, 138, 279, 140], [2, 0, 0, 109, 599, 399], [3, 0, 0, 0, 599, 394]], [[1, 4, 265, 211, 351, 276], [2, 0, 0, 123, 599, 399], [3, 0, 0, 0, 599, 235]], [[1, 5, 275, 203, 331, 254], [2, 0, 14, 139, 599, 399], [3, 0, 0, 0, 599, 399]], [[1, 5, 266, 159, 277, 167], [1, 6, 260, 190, 340, 258], [2, 0, 0, 131, 599, 399], [3, 0, 0, 0, 599, 278]], [[1, 7, 248, 205, 362, 320], [1, 9, 407, 212, 599, 399], [2, 0, 0, 159, 599, 399], [3, 0, 0, 20, 599, 251]], [[1, 8, 219, 183, 380, 315], [1, 9, 0, 184, 117, 284], [2, 0, 0, 163, 454, 399], [3, 0, 0, 0, 599, 399]], [[1, 7, 76, 211, 221, 348], [1, 8, 513, 224, 599, 284], [1, 9, 254, 191, 355, 305], [2, 0, 0, 164, 599, 399], [3, 0, 0, 13, 599, 239]]], "distance_down_track": [712.6583862304688, 712.6583862304688, 741.5721435546875, 741.5721435546875, 741.5721435546875, 753.8200073242188, 741.5721435546875, 753.8200073242188, 741.5721435546875, 741.5721435546875], "velocity": [[-7.691317081451416, 0.1304091066122055, 0.2649278938770294], [-4.796666145324707, 0.08725589513778687, -0.6120261549949646], [-11.376750946044922, -1.6266292333602905, -0.41668182611465454], [-7.246805191040039, -0.91416996717453, -8.882460594177246], [-13.903474807739258, 1.6202423572540283, -11.911493301391602], [-17.317272186279297, 2.1743741035461426, 14.97945785522461], [-11.038619995117188, 0.4719160199165344, 21.474374771118164], [-0.34495165944099426, 0.09810015559196472, 0.150766521692276], [-0.11441304534673691, 0.49691611528396606, 0.0014256587019190192], [-0.00962485745549202, 0.08254849910736084, 0.11547339707612991]]}