{"track": "volcano_island", "karts": ["gavroche", "adiumy", "amanda", "nolok", "tux", "konqi", "kiki", "pidgin", "sara_the_racer", "suzanne"], "detections": [[[1, 0, 271, 203, 327, 257], [1, 3, 330, 158, 336, 162], [1, 6, 306, 158, 315, 169], [2, 0, 0, 130, 599, 399], [3, 0, 0, 0, 599, 232]], [[1, 0, 280, 159, 286, 164], [1, 1, 273, 195, 329, 251], [1, 3, 296, 156, 299, 158], [1, 4, 281, 168, 302, 186], [1, 6, 284, 155, 287, 159], [1, 9, 241, 169, 266, 186], [2, 0, 0, 139, 599, 399], [3, 0, 0, 0, 599, 241], [8, 23, 280, 109, 297, 127]], [[1, 2, 256, 191, 337, 260], [1, 5, 406, 157, 417, 164], [2, 0, 0, 158, 599, 399], [3, 0, 0, 104, 599, 364], [3, 85, 494, 147, 599, 260], [5, 23, 426, 157, 431, 163], [5, 24, 398, 157, 403, 162], [5, 32, 375, 157, 379, 161]], [[1, 3, 267, 203, 327, 260], [2, 0, 0, 91, 599, 399], [3, 0, 0, 0, 599, 274]], [[1, 0, 287, 161, 294, 168], [1, 3, 307, 156, 311, 158], [1, 4, 267, 198, 333, 254], [1, 6, 292, 155, 296, 161], [1, 9, 149, 199, 236, 252], [2, 0, 0, 138, 599, 399], [3, 0, 0, 0, 599, 242], [8, 23, 285, 91, 310, 117]], [[1, 5, 260, 192, 336, 265], [1, 7, 344, 156, 347, 157], [2, 0, 0, 155, 599, 399], [3, 0, 0, 44, 599, 265], [3, 61, 393, 139, 406, 157], [3, 83, 319, 153, 322, 154], [3, 91, 406, 154, 407, 154], [3, 198, 443, 154, 444, 154], [3, 201, 434, 153, 434, 153], [3, 212, 331, 134, 366, 138], [3, 216, 375, 136, 384, 154], [3, 220, 310, 140, 320, 152], [3, 304, 460, 135, 488, 160], [3, 362, 418, 146, 427, 154], [5, 23, 366, 185, 394, 225], [5, 24, 197, 184, 229, 221], [5, 32, 46, 181, 86, 215]], [[1, 3, 324, 163, 336, 173], [1, 6, 265, 183, 331, 256], [2, 0, 0, 117, 599, 399], [3, 0, 0, 0, 599, 243]], [[1, 7, 262, 210, 337, 261], [2, 0, 0, 155, 599, 399], [3, 0, 0, 8, 599, 228], [3, 83, 104, 151, 153, 174], [3, 91, 404, 154, 410, 158], [3, 189, 569, 133, 574, 153], [3, 212, 147, 15, 452, 59], [3, 216, 501, 14, 599, 80], [3, 220, 0, 15, 97, 80], [3, 224, 411, 141, 426, 150], [3, 320, 95, 165, 97, 169], [3, 362, 418, 140, 437, 150]], [[1, 8, 280, 178, 321, 253], [2, 0, 0, 158, 599, 399], [3, 0, 0, 0, 599, 251]], [[1, 0, 284, 165, 293, 171], [1, 3, 292, 159, 295, 161], [1, 4, 352, 198, 413, 240], [1, 6, 280, 158, 284, 164], [1, 9, 274, 200, 326, 240], [2, 0, 0, 140, 599, 399], [3, 0, 0, 0, 599, 323], [8, 23, 288, 100, 311, 124]]], "distance_down_track": [1905.3582763671875, 1879.79443359375, 1973.619384765625, 1936.0682373046875, 1887.1212158203125, 2004.9285888671875, 1922.3822021484375, 2063.5419921875, 1792.233154296875, 1887.28662109375], "velocity": [[15.234362602233887, 0.08265794068574905, -15.210593223571777], [14.429841995239258, 0.07411209493875504, -16.773014068603516], [-14.916887283325195, 0.08173462003469467, -15.807908058166504], [7.216799259185791, 0.08169274032115936, -19.548233032226562], [14.980950355529785, 0.08928743749856949, -16.06313705444336], [-20.400169372558594, 0.08168645203113556, -3.5094714164733887], [11.881455421447754, 0.08183319121599197, -16.187549591064453], [-21.71047592163086, 0.08170950412750244, 1.0289515256881714], [0.4795660972595215, 0.09376975148916245, -21.84453582763672], [20.652929306030273, 0.04144895076751709, -26.737289428710938]]}