{"track": "snowtuxpeak", "karts": ["pidgin", "amanda", "xue", "tux", "gavroche", "emule", "puffy", "sara_the_wizard", "beastie", "gnu"], "detections": [[[1, 0, 262, 209, 330, 259], [1, 1, 487, 140, 509, 152], [1, 3, 329, 158, 354, 177], [1, 8, 514, 135, 534, 143], [1, 9, 554, 133, 575, 143], [2, 0, 0, 139, 599, 399], [3, 0, 0, 2, 599, 298], [3, 1, 332, 48, 348, 53], [6, 12, 390, 148, 390, 148], [6, 13, 446, 145, 468, 149]], [[1, 1, 210, 184, 364, 324], [1, 6, 381, 166, 417, 183], [1, 8, 0, 136, 67, 174], [1, 9, 126, 129, 170, 157], [2, 0, 0, 161, 599, 399], [3, 0, 0, 0, 599, 315], [6, 17, 546, 171, 562, 182]], [[1, 2, 266, 188, 334, 264], [2, 0, 0, 156, 599, 399], [3, 0, 0, 0, 599, 253], [5, 23, 294, 152, 301, 161]], [[1, 1, 452, 159, 478, 174], [1, 3, 261, 198, 326, 255], [1, 8, 458, 154, 478, 164], [1, 9, 500, 152, 519, 163], [2, 0, 0, 158, 599, 399], [3, 0, 0, 0, 599, 399], [6, 12, 345, 169, 347, 169], [6, 13, 406, 165, 432, 170]], [[1, 0, 292, 158, 296, 160], [1, 3, 302, 154, 306, 157], [1, 4, 273, 203, 327, 255], [1, 6, 395, 156, 399, 159], [1, 8, 377, 146, 378, 146], [1, 9, 385, 146, 385, 146], [2, 0, 0, 148, 599, 399], [3, 0, 0, 101, 599, 301], [3, 1, 327, 67, 343, 94]], [[1, 5, 258, 198, 335, 281], [2, 0, 0, 0, 599, 399], [3, 0, 0, 0, 599, 348]], [[1, 4, 548, 92, 556, 95], [1, 5, 405, 150, 410, 153], [1, 6, 219, 200, 366, 305], [2, 0, 0, 66, 599, 399], [3, 0, 0, 0, 599, 299], [6, 14, 429, 148, 451, 160], [6, 15, 396, 147, 416, 159], [6, 16, 375, 157, 375, 158], [6, 17, 340, 146, 353, 156]], [[1, 2, 295, 159, 308, 172], [1, 7, 280, 188, 320, 266], [2, 0, 0, 156, 599, 399], [3, 0, 0, 0, 599, 375], [5, 23, 298, 152, 303, 158]], [[1, 8, 248, 187, 331, 264], [1, 9, 396, 168, 454, 221], [2, 0, 234, 200, 599, 399], [3, 0, 0, 0, 599, 399]], [[1, 8, 0, 199, 135, 363], [1, 9, 260, 158, 342, 233], [2, 0, 0, 192, 599, 399], [3, 0, 0, 0, 599, 382]]], "distance_down_track": [811.4564819335938, 842.5648803710938, 961.061767578125, 819.93994140625, 767.6272583007812, 901.9058227539062, 856.7285766601562, 947.0707397460938, 846.1624145507812, 848.2731323242188], "velocity": [[22.91091537475586, -3.200049877166748, -6.9334025382995605], [-4.9934983253479, 0.03258921205997467, -5.456516265869141], [-0.750176191329956, 0.08172326534986496, 20.68623924255371], [17.704669952392578, 0.1395774930715561, -14.57243824005127], [22.38749122619629, -3.403938055038452, -4.026590347290039], [-13.635211944580078, 1.5066819190979004, 2.852146625518799], [-11.53641128540039, -0.41667115688323975, -1.3663538694381714], [-0.8914440274238586, 0.08197701722383499, 20.680631637573242], [-10.531087875366211, 0.1425550878047943, -20.007287979125977], [-14.799163818359375, 0.022031722590327263, -16.66417121887207]]}