{"track": "snowtuxpeak", "karts": ["pidgin", "amanda", "xue", "tux", "gavroche", "emule", "puffy", "sara_the_wizard", "beastie", "gnu"], "detections": [[[1, 0, 266, 209, 335, 256], [1, 3, 255, 161, 260, 165], [2, 0, 0, 166, 599, 399], [3, 0, 0, 0, 599, 279]], [[1, 1, 257, 192, 340, 261], [1, 6, 276, 163, 294, 175], [1, 9, 347, 159, 404, 213], [2, 0, 0, 142, 599, 399], [3, 0, 0, 0, 599, 330], [4, 4, 292, 154, 298, 160], [4, 5, 263, 153, 268, 158]], [[1, 2, 267, 187, 332, 260], [1, 7, 275, 169, 295, 201], [2, 0, 201, 141, 599, 399], [3, 0, 0, 0, 599, 399], [6, 21, 218, 142, 233, 152]], [[1, 3, 267, 198, 333, 252], [1, 8, 231, 165, 247, 177], [2, 0, 47, 172, 599, 399], [3, 0, 0, 0, 599, 399]], [[1, 0, 298, 151, 302, 153], [1, 3, 275, 147, 276, 148], [1, 4, 274, 202, 321, 247], [2, 0, 123, 149, 599, 399], [3, 0, 0, 0, 599, 399]], [[1, 2, 251, 166, 275, 188], [1, 5, 274, 199, 330, 255], [1, 7, 244, 163, 256, 178], [2, 0, 189, 150, 599, 399], [3, 0, 0, 0, 599, 399]], [[1, 6, 255, 201, 343, 262], [2, 0, 0, 143, 599, 399], [3, 0, 0, 0, 599, 307], [4, 4, 311, 157, 319, 165], [4, 5, 271, 156, 278, 163]], [[1, 7, 277, 188, 317, 266], [2, 0, 90, 140, 599, 399], [3, 0, 0, 0, 599, 399], [6, 21, 234, 142, 249, 154]], [[1, 1, 227, 154, 239, 162], [1, 6, 202, 152, 211, 156], [1, 8, 261, 189, 343, 260], [1, 9, 240, 150, 248, 158], [2, 0, 190, 152, 599, 399], [3, 0, 0, 0, 599, 399], [4, 4, 188, 148, 192, 151]], [[1, 1, 50, 207, 220, 318], [1, 6, 240, 163, 261, 176], [1, 9, 270, 156, 330, 232], [2, 0, 0, 142, 599, 399], [3, 0, 0, 0, 599, 281], [4, 4, 276, 154, 281, 159], [4, 5, 246, 153, 251, 158]]], "distance_down_track": [111.25206756591797, 192.2598876953125, 324.16290283203125, 151.16595458984375, 65.48036193847656, 314.5042724609375, 203.54052734375, 328.017822265625, 168.9058837890625, 193.26564025878906], "velocity": [[-23.98714828491211, 2.795504570007324, 0.15590791404247284], [-2.3206212520599365, 0.4907470941543579, -21.358877182006836], [19.76621437072754, 1.1223262548446655, -10.257464408874512], [-19.591033935546875, 1.5031485557556152, -10.27275276184082], [-27.240068435668945, 1.6083083152770996, 3.412038564682007], [18.335142135620117, 1.4596925973892212, -14.46554183959961], [-1.4043943881988525, 0.4942515194416046, -21.95021629333496], [19.041677474975586, 0.836802065372467, -8.074913024902344], [-11.954499244689941, 0.28885188698768616, -19.4664249420166], [-3.2051830291748047, 0.48845764994621277, -20.956684112548828]]}