{"track": "overworld", "karts": ["beastie", "kiki", "hexley", "emule", "amanda", "wilber", "adiumy", "xue", "suzanne", "nolok"], "detections": [[[1, 0, 253, 189, 338, 263], [3, 0, 145, 76, 599, 195]], [[1, 1, 232, 168, 368, 310], [2, 7, 103, 148, 377, 210], [2, 24, 374, 141, 599, 207], [3, 7, 0, 0, 387, 209], [3, 24, 378, 0, 599, 148]], [[1, 2, 238, 192, 349, 350], [1, 3, 425, 160, 427, 162], [3, 0, 0, 132, 388, 155], [3, 4, 291, 151, 291, 154], [3, 7, 262, 150, 267, 152], [3, 24, 268, 150, 273, 152], [255, 16777215, 72, 166, 377, 188]], [[1, 3, 272, 199, 328, 258], [3, 0, 0, 100, 516, 171]], [[1, 4, 258, 192, 340, 259], [1, 7, 446, 171, 453, 176], [2, 0, 411, 170, 417, 176], [3, 0, 0, 0, 599, 177], [3, 4, 501, 140, 501, 140], [3, 7, 504, 138, 511, 141], [3, 8, 505, 139, 507, 140], [3, 24, 512, 138, 518, 141], [3, 25, 516, 139, 516, 139]], [[1, 4, 321, 149, 329, 155], [1, 5, 263, 189, 339, 260], [1, 7, 435, 137, 440, 140], [2, 0, 410, 137, 414, 140], [3, 0, 0, 0, 599, 190]], [[1, 1, 250, 171, 263, 187], [1, 6, 248, 191, 354, 297], [2, 7, 216, 164, 289, 181], [2, 24, 290, 165, 387, 182], [3, 0, 0, 0, 599, 202], [3, 7, 131, 0, 289, 177], [3, 24, 290, 0, 465, 182]], [[1, 7, 264, 187, 332, 264], [1, 8, 266, 140, 268, 141], [3, 0, 0, 0, 599, 175], [3, 24, 237, 134, 238, 134]], [[1, 8, 257, 200, 333, 261], [1, 9, 453, 150, 460, 153], [3, 0, 0, 93, 503, 162], [3, 4, 282, 142, 282, 142], [3, 5, 121, 148, 123, 149], [3, 7, 287, 142, 290, 143], [3, 8, 286, 143, 286, 143], [3, 24, 291, 142, 294, 143]], [[1, 0, 285, 172, 288, 173], [1, 9, 265, 203, 325, 260], [3, 0, 415, 77, 599, 170]]], "distance_down_track": [1119.664306640625, 391.29315185546875, 391.29315185546875, 351.8743896484375, 1450.995361328125, 1421.016845703125, 621.8235473632812, 36.703651428222656, 107.7382583618164, 168.40625], "velocity": [[-2.172806978225708, 2.0438427925109863, -21.52932357788086], [0.008400983177125454, 0.08104591816663742, 0.1728428602218628], [0.010049715638160706, 0.08172217011451721, 0.17062096297740936], [21.922258377075195, -1.7344950437545776, 6.738399505615234], [-13.873306274414062, -1.5969067811965942, 16.655071258544922], [-14.91563606262207, -4.017599105834961, 12.169424057006836], [-0.22826004028320312, -0.6428122520446777, -3.155820608139038], [6.108458518981934, -0.867624819278717, 19.75914764404297], [2.769796848297119, -0.8543397188186646, 20.496055603027344], [20.107166290283203, 1.1306647062301636, 4.786799430847168]]}