{"track": "xr591", "karts": ["sara_the_racer", "tux", "gavroche", "konqi", "beastie", "kiki", "gnu", "hexley", "nolok", "pidgin"], "detections": [[[1, 0, 275, 177, 319, 260], [2, 0, 0, 131, 599, 399], [3, 0, 0, 0, 599, 255], [3, 15, 117, 163, 139, 172], [4, 26, 227, 141, 229, 142], [5, 46, 82, 144, 83, 147], [5, 47, 353, 147, 356, 152], [6, 48, 314, 143, 316, 148]], [[1, 1, 263, 198, 336, 259], [1, 5, 98, 154, 102, 158], [2, 0, 0, 123, 599, 399], [2, 10, 372, 152, 501, 197], [2, 11, 199, 147, 338, 157], [3, 0, 0, 0, 599, 225], [3, 1, 311, 23, 591, 142], [3, 9, 23, 0, 35, 9], [3, 10, 346, 140, 505, 167], [3, 11, 198, 140, 339, 148], [4, 34, 309, 138, 310, 140], [6, 7, 533, 179, 540, 184]], [[1, 2, 258, 202, 323, 263], [1, 4, 155, 132, 197, 157], [2, 0, 0, 0, 599, 399], [3, 0, 0, 0, 599, 399], [3, 1, 0, 0, 506, 166], [4, 34, 223, 0, 223, 0], [6, 58, 385, 195, 427, 213]], [[1, 3, 214, 183, 377, 335], [1, 7, 457, 174, 532, 216], [1, 8, 181, 161, 202, 177], [2, 0, 0, 164, 599, 399], [3, 0, 0, 0, 599, 192], [3, 6, 24, 17, 36, 26]], [[1, 4, 241, 186, 327, 271], [2, 0, 0, 0, 599, 399], [3, 0, 0, 0, 599, 213], [3, 1, 0, 0, 436, 182], [3, 15, 567, 202, 599, 210], [6, 58, 495, 215, 567, 236]], [[1, 5, 263, 182, 328, 261], [2, 0, 0, 144, 599, 399], [3, 0, 0, 0, 599, 280], [4, 32, 409, 173, 409, 173], [4, 33, 398, 163, 408, 172]], [[1, 3, 234, 157, 234, 157], [1, 6, 240, 126, 351, 263], [2, 0, 0, 146, 599, 399], [3, 0, 0, 0, 599, 203], [3, 1, 328, 136, 387, 149], [4, 40, 344, 146, 354, 157], [4, 41, 376, 145, 388, 156], [5, 39, 320, 150, 325, 157], [6, 8, 439, 147, 439, 148]], [[1, 7, 269, 197, 330, 271], [2, 0, 0, 157, 599, 399], [3, 0, 0, 0, 599, 273]], [[1, 8, 241, 205, 352, 312], [2, 0, 0, 180, 599, 399], [3, 0, 0, 0, 599, 310], [3, 6, 149, 39, 156, 46], [3, 7, 549, 10, 561, 20]], [[1, 9, 261, 213, 357, 284], [2, 0, 0, 166, 599, 399], [3, 0, 0, 0, 599, 314], [6, 5, 240, 149, 278, 171]]], "distance_down_track": [841.23583984375, 671.5556030273438, 787.7615966796875, 626.1678466796875, 791.6358642578125, 723.1197509765625, 511.6648254394531, 631.9776000976562, 633.6847534179688, 639.9447021484375], "velocity": [[-7.450778007507324, -2.8688137531280518, -17.971311569213867], [-2.942889451980591, -1.0650349855422974, 20.081201553344727], [18.925308227539062, -2.684767007827759, -7.944477081298828], [-2.551511764526367, -0.025662800297141075, -2.4111502170562744], [15.491562843322754, -2.2023568153381348, -15.085464477539062], [-19.41397476196289, -1.0421119928359985, 2.9536185264587402], [-9.467519760131836, 0.8959938287734985, -1.8833986520767212], [-10.386957168579102, 0.21688681840896606, -10.987340927124023], [-1.9778897762298584, 0.12245504558086395, -4.5266571044921875], [-13.70453929901123, 0.12033049762248993, 2.2758522033691406]]}