{"track": "overworld", "karts": ["beastie", "kiki", "hexley", "emule", "amanda", "wilber", "adiumy", "xue", "suzanne", "nolok"], "detections": [[[1, 0, 253, 189, 338, 264], [1, 8, 279, 126, 282, 128], [3, 0, 0, 0, 599, 182]], [[1, 1, 233, 167, 367, 306], [1, 2, 351, 146, 547, 257], [2, 7, 0, 221, 271, 292], [2, 24, 271, 223, 538, 286], [3, 0, 567, 0, 599, 148], [3, 7, 0, 0, 276, 222], [3, 24, 272, 0, 599, 270]], [[1, 1, 103, 213, 224, 339], [1, 2, 246, 192, 356, 350], [2, 7, 0, 168, 257, 223], [2, 24, 255, 168, 582, 223], [3, 7, 0, 0, 254, 216], [3, 24, 247, 0, 599, 219]], [[1, 3, 271, 200, 331, 259], [2, 24, 296, 153, 302, 153], [3, 0, 0, 62, 599, 164], [3, 1, 119, 140, 175, 172], [3, 2, 188, 114, 208, 136], [3, 3, 185, 97, 202, 113], [3, 4, 181, 72, 204, 96], [3, 7, 260, 102, 285, 152], [3, 8, 261, 104, 272, 116], [3, 24, 283, 102, 310, 153], [3, 25, 293, 103, 310, 140]], [[1, 4, 258, 192, 339, 260], [3, 0, 0, 73, 548, 165], [3, 4, 305, 143, 305, 143], [3, 5, 152, 149, 154, 150], [3, 7, 311, 143, 313, 144], [3, 8, 310, 143, 310, 143], [3, 24, 314, 143, 317, 144]], [[1, 0, 349, 163, 354, 165], [1, 5, 251, 188, 331, 265], [3, 0, 0, 0, 599, 161]], [[1, 6, 266, 195, 326, 254], [3, 0, 0, 0, 599, 198], [3, 3, 319, 160, 319, 160], [3, 4, 318, 158, 320, 159], [3, 7, 324, 154, 332, 160], [3, 8, 328, 155, 328, 155], [3, 24, 333, 154, 341, 160], [3, 25, 340, 157, 340, 157]], [[1, 7, 260, 186, 329, 264], [3, 0, 0, 0, 483, 160], [3, 6, 359, 155, 362, 156]], [[1, 8, 266, 201, 343, 262], [1, 9, 411, 150, 417, 152], [3, 0, 0, 0, 599, 233]], [[1, 9, 264, 203, 333, 268], [3, 0, 0, 23, 599, 204]]], "distance_down_track": [1235.272705078125, 503.62255859375, 503.62255859375, 481.57122802734375, 109.15096282958984, 1182.36328125, 241.55906677246094, 271.2893371582031, 1304.084228515625, 1356.7642822265625], "velocity": [[-1.6504167318344116, -0.3231290578842163, -21.669837951660156], [0.08786512166261673, -0.06056598946452141, 0.031101899221539497], [0.019200772047042847, 0.0822397992014885, 0.17055362462997437], [0.6402762532234192, -2.924374580383301, 22.049455642700195], [-1.507724642753601, -0.7365933656692505, 21.67012596130371], [-0.14317557215690613, 0.8385286331176758, -19.04581642150879], [-1.5983933210372925, 0.28733140230178833, 20.63619613647461], [-6.61450719833374, 0.5667722821235657, 19.606555938720703], [3.047548532485962, 3.1857659816741943, -20.225067138671875], [-17.431133270263672, 2.0826830863952637, -2.8163280487060547]]}