{"track": "tutorial", "karts": ["puffy", "hexley", "tux", "suzanne", "pidgin", "nolok", "beastie", "gavroche", "amanda", "adiumy"], "detections": [[[1, 0, 203, 201, 387, 326], [1, 1, 329, 155, 345, 170], [1, 3, 0, 192, 54, 246], [1, 4, 273, 156, 291, 167], [1, 7, 221, 162, 253, 184], [2, 0, 150, 125, 284, 156], [3, 0, 0, 38, 599, 399]], [[1, 1, 244, 191, 355, 346], [2, 0, 0, 126, 83, 160], [3, 0, 0, 74, 599, 399]], [[1, 2, 257, 197, 338, 269], [1, 5, 192, 177, 240, 213], [1, 8, 284, 172, 329, 211], [2, 0, 0, 156, 599, 399], [3, 0, 0, 0, 599, 379], [3, 6, 198, 0, 219, 22], [3, 7, 69, 0, 84, 5], [3, 8, 230, 57, 235, 58]], [[1, 1, 454, 163, 470, 181], [1, 3, 222, 201, 363, 314], [1, 4, 378, 162, 399, 173], [1, 7, 382, 170, 412, 198], [2, 0, 253, 126, 382, 160], [3, 0, 0, 19, 599, 399]], [[1, 1, 384, 173, 484, 226], [1, 4, 216, 218, 364, 328], [3, 0, 0, 38, 599, 399]], [[1, 5, 239, 204, 348, 313], [1, 8, 404, 188, 571, 281], [2, 0, 0, 148, 599, 399], [3, 0, 0, 0, 599, 276], [3, 6, 199, 0, 210, 3], [3, 8, 224, 43, 224, 47]], [[1, 2, 395, 171, 395, 171], [1, 5, 389, 172, 389, 172], [1, 6, 216, 181, 375, 315], [1, 8, 406, 172, 407, 173], [1, 9, 365, 166, 372, 173], [2, 0, 0, 167, 599, 399], [3, 0, 0, 70, 599, 283], [3, 6, 444, 59, 463, 80], [3, 7, 358, 71, 370, 85]], [[1, 1, 387, 159, 409, 185], [1, 4, 288, 160, 318, 177], [1, 7, 239, 205, 352, 320], [2, 0, 74, 107, 293, 158], [3, 0, 0, 23, 599, 399]], [[1, 2, 152, 392, 231, 399], [1, 5, 48, 201, 187, 278], [1, 8, 250, 190, 343, 271], [2, 0, 0, 152, 599, 399], [3, 0, 0, 3, 599, 399], [3, 6, 228, 0, 248, 21], [3, 7, 103, 0, 128, 14], [3, 8, 260, 55, 261, 57]], [[1, 2, 323, 172, 344, 189], [1, 5, 304, 169, 321, 181], [1, 8, 339, 169, 357, 185], [1, 9, 270, 195, 328, 253], [2, 0, 0, 167, 599, 399], [3, 0, 0, 38, 599, 395], [3, 6, 304, 25, 320, 50], [3, 7, 207, 30, 223, 48]]], "distance_down_track": [712.6583862304688, 712.6583862304688, 656.4569091796875, 656.4569091796875, 656.4569091796875, 675.6192626953125, 633.04345703125, 675.6192626953125, 633.04345703125, 619.34228515625], "velocity": [[-4.868556499481201, 0.11325057595968246, -1.2027571201324463], [-0.09173773229122162, -0.12012006342411041, 0.03716433420777321], [-6.69132137298584, -2.4128661155700684, -16.013031005859375], [-4.555136203765869, 0.11362481117248535, -2.0090339183807373], [0.2966783940792084, 0.09203875064849854, 0.562813401222229], [-4.259756088256836, -1.260770559310913, -8.395068168640137], [4.313783168792725, -0.14258065819740295, -8.683467864990234], [-4.82348108291626, 0.08719466626644135, -0.7043361663818359], [-6.163568019866943, -2.517526865005493, -17.727127075195312], [-3.025176525115967, -2.8073549270629883, -22.253639221191406]]}