{"track": "overworld", "karts": ["beastie", "kiki", "hexley", "emule", "amanda", "wilber", "adiumy", "xue", "suzanne", "nolok"], "detections": [[[1, 0, 258, 189, 344, 262], [3, 0, 0, 95, 518, 195]], [[1, 1, 253, 179, 333, 270], [1, 4, 501, 152, 512, 153], [1, 8, 289, 174, 337, 207], [3, 0, 0, 0, 599, 217]], [[1, 2, 275, 196, 325, 263], [3, 0, 0, 88, 599, 223]], [[1, 3, 245, 198, 358, 314], [1, 6, 180, 246, 275, 348], [2, 7, 0, 173, 255, 230], [2, 24, 254, 174, 599, 232], [3, 7, 0, 0, 253, 220], [3, 24, 245, 0, 599, 230]], [[1, 2, 382, 166, 395, 176], [1, 4, 253, 191, 342, 266], [1, 9, 0, 226, 180, 330], [3, 0, 0, 42, 599, 204]], [[1, 5, 261, 189, 331, 255], [3, 0, 0, 90, 500, 177], [3, 7, 297, 163, 299, 164], [3, 24, 300, 163, 303, 164]], [[1, 3, 319, 153, 412, 240], [1, 6, 261, 195, 339, 267], [2, 7, 121, 143, 314, 199], [2, 24, 314, 147, 599, 220], [3, 0, 0, 115, 20, 165], [3, 7, 0, 0, 317, 180], [3, 24, 315, 0, 599, 153]], [[1, 7, 264, 187, 332, 264], [3, 0, 7, 86, 531, 167]], [[1, 4, 456, 152, 459, 157], [1, 8, 252, 201, 342, 271], [1, 9, 440, 154, 447, 158], [3, 0, 0, 0, 599, 248]], [[1, 2, 406, 173, 420, 183], [1, 4, 367, 185, 441, 240], [1, 9, 268, 203, 331, 262], [3, 0, 0, 27, 599, 216]]], "distance_down_track": [1066.4075927734375, 1345.5609130859375, 1401.2498779296875, 621.8597412109375, 1386.6888427734375, 96.96980285644531, 621.7723388671875, 496.146240234375, 1348.126220703125, 1385.7777099609375], "velocity": [[7.222222328186035, -0.47329798340797424, -20.49452781677246], [-10.975780487060547, 1.9720332622528076, -8.845879554748535], [-19.44200897216797, -1.940752625465393, 10.882783889770508], [-0.22127047181129456, -0.5701792240142822, -3.593869686126709], [-17.9367618560791, -0.20842742919921875, 8.091442108154297], [0.2671053111553192, 0.8878777623176575, 21.830320358276367], [-3.751016139984131, -0.7407798171043396, -1.5771560668945312], [18.483644485473633, 1.4010441303253174, -9.213135719299316], [-13.69547176361084, 2.357264995574951, -8.466755867004395], [-18.49906349182129, -0.08406832814216614, 7.70650053024292]]}