{"track": "minigolf", "karts": ["nolok", "sara_the_racer", "emule", "adiumy", "gavroche", "konqi", "amanda", "xue", "sara_the_wizard", "puffy"], "detections": [[[1, 0, 266, 203, 331, 262], [2, 0, 0, 162, 599, 399], [3, 0, 0, 0, 599, 353], [3, 2, 295, 0, 450, 144], [3, 5, 465, 156, 468, 157], [6, 10, 380, 164, 392, 165], [6, 11, 374, 163, 384, 164], [6, 12, 303, 163, 312, 163], [6, 13, 329, 162, 338, 163], [6, 33, 371, 158, 373, 161]], [[1, 1, 270, 178, 323, 261], [1, 3, 515, 154, 518, 156], [1, 4, 485, 156, 491, 158], [1, 7, 563, 153, 564, 153], [2, 0, 0, 148, 598, 399], [3, 0, 0, 0, 599, 399], [3, 3, 341, 147, 356, 167], [3, 4, 543, 151, 546, 155], [3, 5, 321, 146, 344, 169], [3, 6, 541, 150, 544, 155], [255, 16777215, 432, 0, 557, 160]], [[1, 2, 264, 167, 333, 226], [2, 0, 0, 84, 599, 399], [3, 0, 0, 0, 599, 399], [3, 11, 554, 0, 589, 3], [4, 30, 27, 89, 79, 140], [6, 2, 576, 133, 599, 144]], [[1, 2, 398, 155, 404, 158], [1, 3, 271, 195, 330, 254], [1, 7, 375, 155, 381, 162], [2, 0, 0, 146, 599, 399], [2, 6, 350, 157, 365, 170], [3, 0, 0, 0, 599, 218], [3, 4, 330, 149, 339, 159], [3, 6, 351, 146, 374, 170], [4, 30, 439, 154, 445, 158], [6, 3, 298, 149, 301, 151], [6, 4, 332, 145, 336, 149], [6, 5, 311, 148, 311, 148], [6, 6, 327, 148, 327, 151], [255, 16777215, 148, 51, 155, 75]], [[1, 2, 325, 155, 326, 155], [1, 3, 277, 157, 283, 162], [1, 4, 272, 203, 326, 255], [1, 7, 305, 154, 308, 157], [2, 0, 0, 148, 599, 399], [2, 6, 291, 154, 295, 158], [3, 0, 0, 0, 599, 353], [3, 4, 283, 151, 288, 156], [3, 6, 291, 150, 299, 159], [4, 30, 346, 154, 349, 154], [255, 16777215, 146, 77, 151, 104]], [[1, 5, 272, 191, 339, 258], [2, 0, 0, 168, 380, 399], [3, 0, 0, 0, 599, 399], [3, 7, 214, 149, 233, 168], [6, 14, 232, 154, 249, 164], [6, 15, 285, 154, 297, 163]], [[1, 6, 258, 190, 347, 266], [1, 9, 197, 155, 232, 169], [2, 0, 0, 148, 599, 399], [3, 0, 0, 0, 599, 309], [255, 16777215, 96, 71, 102, 104]], [[1, 7, 265, 163, 330, 220], [2, 0, 0, 0, 599, 399], [3, 0, 0, 0, 599, 399], [3, 11, 289, 0, 366, 41], [6, 1, 100, 77, 173, 106]], [[1, 8, 278, 169, 329, 213], [2, 0, 169, 210, 599, 292], [3, 0, 0, 0, 599, 399]], [[1, 0, 137, 152, 143, 156], [1, 9, 253, 200, 362, 280], [2, 0, 0, 154, 203, 399], [3, 0, 0, 0, 599, 399], [3, 2, 155, 42, 246, 139], [6, 13, 189, 155, 191, 155]]], "distance_down_track": [561.6080932617188, 650.8904418945312, 55.40766525268555, 749.9785766601562, 710.2191162109375, 627.39208984375, 515.1279907226562, 33.879276275634766, 125.6235122680664, 518.2661743164062], "velocity": [[9.519061088562012, -0.21142549812793732, -17.273311614990234], [-17.750478744506836, 0.07369723916053772, -9.085594177246094], [-9.266341209411621, 0.06360787153244019, -0.9863489270210266], [-20.708261489868164, 0.08183398842811584, 1.1498616933822632], [-22.884984970092773, 0.07190832495689392, 6.296883583068848], [0.60599285364151, 0.08215360343456268, -24.35432243347168], [-10.94461441040039, 1.2314444780349731, -13.367274284362793], [-12.693142890930176, 0.0817202478647232, 16.35137176513672], [-20.223968505859375, -0.5414813756942749, 4.380391597747803], [4.0315680503845215, 0.5888093709945679, -14.074549674987793]]}