{"track": "overworld", "karts": ["beastie", "kiki", "hexley", "emule", "amanda", "wilber", "adiumy", "xue", "suzanne", "nolok"], "detections": [[[1, 0, 254, 188, 339, 264], [1, 2, 413, 164, 426, 170], [3, 0, 36, 0, 599, 166]], [[1, 0, 488, 153, 494, 155], [1, 1, 266, 182, 330, 255], [3, 0, 0, 103, 178, 153], [3, 24, 120, 149, 120, 149]], [[1, 2, 275, 196, 330, 271], [3, 0, 186, 39, 599, 160]], [[1, 3, 264, 198, 347, 284], [1, 6, 312, 165, 366, 221], [2, 7, 127, 146, 302, 190], [2, 24, 302, 147, 599, 197], [3, 0, 0, 117, 21, 168], [3, 7, 0, 0, 301, 179], [3, 24, 301, 0, 599, 197]], [[1, 4, 261, 192, 337, 256], [2, 0, 211, 158, 239, 187], [3, 0, 0, 0, 599, 163], [3, 24, 260, 127, 261, 127]], [[1, 5, 265, 189, 334, 253], [1, 7, 466, 121, 468, 122], [1, 8, 0, 225, 102, 300], [1, 9, 168, 203, 232, 246], [3, 0, 0, 0, 599, 190]], [[1, 3, 0, 172, 315, 399], [1, 6, 257, 192, 350, 291], [2, 7, 22, 213, 260, 271], [2, 24, 261, 212, 599, 274], [3, 7, 0, 0, 264, 261], [3, 24, 261, 0, 599, 212]], [[1, 4, 426, 179, 430, 180], [1, 7, 265, 187, 334, 262], [3, 0, 0, 85, 599, 211]], [[1, 5, 416, 170, 500, 220], [1, 7, 462, 112, 462, 112], [1, 8, 266, 200, 336, 254], [1, 9, 343, 186, 387, 220], [3, 0, 0, 0, 599, 165]], [[1, 5, 387, 186, 525, 275], [1, 7, 467, 104, 468, 106], [1, 8, 0, 254, 204, 394], [1, 9, 272, 203, 333, 261], [3, 0, 0, 0, 599, 181]]], "distance_down_track": [1137.1820068359375, 144.12281799316406, 223.91773986816406, 620.4496459960938, 26.18338394165039, 1273.58447265625, 621.855224609375, 1391.3831787109375, 1272.380859375, 1274.10498046875], "velocity": [[-4.494044303894043, -0.01761932484805584, -21.265310287475586], [12.716994285583496, 0.1148381158709526, 15.904891014099121], [18.425092697143555, 0.4766334593296051, -6.855727195739746], [-5.407513618469238, -1.9464640617370605, 13.964934349060059], [5.58121919631958, -1.2110408544540405, 23.46499252319336], [1.3728020191192627, 1.1055947542190552, -22.258541107177734], [0.04917808994650841, 0.51286780834198, 0.4850460886955261], [-18.599206924438477, -1.3897664546966553, 8.9793119430542], [-0.5018489956855774, 0.5597118139266968, -23.387920379638672], [0.42133891582489014, 1.3673045635223389, -20.55819320678711]]}