{"track": "snowtuxpeak", "karts": ["pidgin", "amanda", "xue", "tux", "gavroche", "emule", "puffy", "sara_the_wizard", "beastie", "gnu"], "detections": [[[1, 0, 264, 210, 336, 257], [1, 1, 259, 144, 262, 146], [1, 3, 279, 149, 283, 153], [1, 8, 275, 146, 279, 149], [1, 9, 259, 143, 260, 145], [2, 0, 0, 147, 599, 399], [3, 0, 0, 0, 599, 356]], [[1, 1, 260, 192, 340, 257], [1, 6, 308, 166, 329, 177], [1, 9, 337, 156, 365, 182], [2, 0, 30, 171, 599, 399], [3, 0, 0, 0, 599, 399]], [[1, 2, 268, 189, 331, 258], [1, 7, 290, 160, 302, 178], [2, 0, 0, 157, 599, 399], [3, 0, 0, 0, 599, 271]], [[1, 1, 260, 162, 267, 167], [1, 3, 266, 198, 333, 253], [1, 6, 248, 164, 253, 166], [1, 8, 284, 164, 299, 176], [1, 9, 262, 160, 265, 163], [2, 0, 0, 167, 599, 399], [3, 0, 0, 0, 599, 271]], [[1, 4, 273, 202, 333, 256], [2, 0, 0, 155, 599, 399], [3, 0, 0, 0, 599, 255]], [[1, 2, 205, 164, 231, 188], [1, 5, 271, 198, 331, 262], [1, 7, 218, 155, 227, 167], [2, 0, 0, 154, 599, 399], [3, 0, 0, 0, 599, 305]], [[1, 6, 261, 201, 346, 259], [2, 0, 148, 167, 599, 399], [3, 0, 0, 0, 599, 399]], [[1, 7, 278, 187, 319, 264], [2, 0, 0, 164, 599, 399], [3, 0, 0, 0, 599, 278]], [[1, 1, 259, 160, 270, 167], [1, 6, 246, 161, 255, 164], [1, 8, 258, 189, 341, 259], [1, 9, 265, 156, 272, 162], [2, 0, 0, 165, 599, 399], [3, 0, 0, 0, 599, 292]], [[1, 6, 261, 171, 286, 187], [1, 9, 273, 157, 333, 227], [2, 0, 0, 172, 599, 399], [3, 0, 0, 0, 599, 375]]], "distance_down_track": [63.16944122314453, 142.8575439453125, 273.64471435546875, 106.01244354248047, 13.170177459716797, 267.00982666015625, 156.34983825683594, 282.42279052734375, 120.31139373779297, 147.77662658691406], "velocity": [[-23.119001388549805, 1.362410306930542, 2.7563538551330566], [-22.17129135131836, 2.045260190963745, -11.323083877563477], [-0.43682026863098145, 2.679229736328125, -23.242008209228516], [-21.82308578491211, 2.7773354053497314, 0.7234806418418884], [-10.569116592407227, 0.0817151889204979, 20.4276065826416], [-4.467350482940674, 2.0770134925842285, -20.105192184448242], [-17.766834259033203, 1.0694520473480225, -13.563908576965332], [1.0792269706726074, 2.5127670764923096, -20.518558502197266], [-22.601293563842773, 2.4128506183624268, -0.9434971213340759], [-18.979385375976562, 1.6759337186813354, -8.93679141998291]]}