{"track": "overworld", "karts": ["beastie", "kiki", "hexley", "emule", "amanda", "wilber", "adiumy", "xue", "suzanne", "nolok"], "detections": [[[1, 0, 255, 190, 340, 264], [3, 0, 0, 95, 535, 197]], [[1, 1, 267, 182, 333, 257], [1, 2, 354, 173, 358, 175], [1, 9, 327, 176, 332, 180], [3, 0, 0, 81, 599, 218]], [[1, 2, 272, 195, 327, 266], [2, 0, 421, 164, 428, 171], [3, 0, 0, 42, 583, 163], [3, 4, 506, 132, 506, 132], [3, 7, 509, 132, 516, 134], [3, 24, 517, 132, 523, 134], [3, 25, 521, 132, 521, 132]], [[1, 3, 254, 200, 344, 292], [1, 6, 544, 325, 599, 399], [2, 7, 160, 146, 300, 177], [2, 24, 301, 145, 489, 178], [3, 0, 0, 5, 599, 175], [3, 7, 0, 0, 300, 172], [3, 24, 301, 0, 599, 176]], [[1, 4, 260, 192, 341, 260], [3, 0, 0, 0, 599, 201]], [[1, 5, 267, 190, 337, 256], [3, 0, 204, 60, 599, 151]], [[1, 3, 169, 176, 236, 225], [1, 6, 259, 192, 344, 282], [2, 7, 153, 143, 270, 172], [2, 24, 270, 145, 429, 175], [3, 0, 0, 0, 599, 187], [3, 7, 17, 0, 269, 165], [3, 24, 266, 0, 556, 175]], [[1, 0, 329, 178, 335, 182], [1, 7, 261, 187, 330, 264], [3, 0, 173, 146, 525, 180]], [[1, 1, 311, 168, 329, 189], [1, 2, 369, 182, 369, 182], [1, 8, 261, 201, 337, 259], [1, 9, 341, 183, 345, 185], [3, 0, 0, 80, 599, 206]], [[1, 2, 314, 154, 320, 161], [1, 9, 271, 203, 332, 260], [2, 0, 397, 144, 401, 148], [3, 0, 0, 0, 599, 227], [3, 5, 420, 114, 421, 114]]], "distance_down_track": [986.775634765625, 1396.3143310546875, 1454.3631591796875, 617.0989990234375, 1323.13818359375, 204.9088897705078, 615.1488037109375, 519.9661254882812, 1388.6728515625, 1430.7784423828125], "velocity": [[11.330145835876465, 1.250624656677246, -18.28783416748047], [-17.387516021728516, -1.0442330837249756, 9.126666069030762], [-12.499375343322754, -3.3866937160491943, 14.798922538757324], [-0.5796285271644592, -1.7542601823806763, 12.865034103393555], [-3.619290828704834, 3.5411534309387207, -21.136959075927734], [19.56475830078125, -0.21724767982959747, -9.726027488708496], [-0.9567943811416626, -1.6444416046142578, 12.239859580993652], [16.843313217163086, 0.8051878213882446, -12.006017684936523], [-18.852283477783203, -0.19490942358970642, 8.546544075012207], [-14.486824035644531, -4.630129337310791, 14.042215347290039]]}