{"track": "scotland", "karts": ["konqi", "sara_the_racer", "wilber", "beastie", "gavroche", "pidgin", "tux", "gnu", "xue", "hexley"], "detections": [[[1, 0, 249, 190, 346, 282], [1, 3, 354, 160, 361, 164], [1, 5, 316, 169, 335, 182], [1, 7, 88, 149, 136, 176], [1, 8, 369, 161, 375, 164], [2, 0, 0, 161, 599, 399], [3, 0, 0, 0, 599, 250], [4, 1, 407, 163, 410, 166]], [[1, 0, 210, 156, 222, 162], [1, 1, 278, 173, 330, 271], [1, 5, 164, 162, 169, 164], [1, 7, 143, 157, 144, 161], [2, 0, 137, 161, 599, 399], [3, 0, 0, 0, 599, 399], [3, 6, 268, 58, 290, 77], [3, 10, 393, 31, 407, 56], [3, 13, 422, 129, 442, 166], [3, 15, 436, 133, 450, 165], [3, 113, 470, 144, 499, 169], [3, 115, 468, 125, 494, 169], [3, 118, 479, 143, 493, 161], [5, 40, 163, 151, 176, 163], [6, 20, 211, 161, 232, 164]], [[1, 2, 254, 190, 331, 261], [1, 4, 300, 182, 330, 216], [2, 0, 0, 161, 492, 399], [3, 0, 0, 0, 599, 399]], [[1, 2, 411, 165, 430, 176], [1, 3, 258, 189, 334, 255], [1, 4, 429, 166, 444, 174], [1, 8, 336, 174, 372, 210], [2, 0, 0, 157, 599, 399], [3, 0, 0, 0, 599, 228], [4, 1, 438, 169, 461, 190]], [[1, 2, 143, 254, 370, 399], [1, 4, 263, 202, 327, 261], [2, 0, 0, 165, 499, 399], [3, 0, 0, 0, 599, 399]], [[1, 3, 355, 156, 364, 160], [1, 5, 254, 211, 340, 270], [1, 8, 374, 156, 381, 161], [2, 0, 0, 156, 599, 399], [3, 0, 0, 0, 599, 386], [4, 1, 420, 158, 424, 163]], [[1, 6, 241, 197, 362, 302], [2, 0, 0, 149, 599, 399], [3, 0, 0, 0, 599, 360], [3, 4, 184, 77, 198, 86]], [[1, 3, 290, 161, 294, 164], [1, 5, 403, 174, 436, 189], [1, 7, 272, 160, 329, 228], [1, 8, 304, 161, 308, 164], [2, 0, 0, 160, 599, 399], [3, 0, 0, 0, 599, 244], [4, 1, 335, 162, 339, 165]], [[1, 2, 400, 163, 423, 177], [1, 3, 0, 301, 141, 399], [1, 4, 420, 164, 437, 174], [1, 8, 262, 185, 333, 263], [2, 0, 0, 154, 599, 399], [3, 0, 0, 0, 599, 264], [4, 1, 437, 170, 468, 199]], [[1, 1, 272, 165, 295, 202], [1, 9, 273, 196, 329, 265], [2, 0, 243, 163, 599, 399], [3, 0, 0, 0, 599, 399], [3, 4, 550, 0, 561, 12], [3, 10, 331, 56, 342, 75], [3, 13, 355, 137, 368, 165], [3, 15, 365, 140, 374, 165], [3, 113, 388, 149, 404, 167], [3, 115, 386, 136, 401, 167], [3, 118, 392, 147, 400, 161]]], "distance_down_track": [86.87705993652344, 54.50825881958008, 160.7133026123047, 134.758056640625, 162.69076538085938, 95.71267700195312, 10.663674354553223, 89.99510192871094, 137.54188537597656, 49.22358322143555], "velocity": [[-13.933055877685547, -0.7096046209335327, -8.681486129760742], [-13.567010879516602, 0.06893181800842285, 9.167055130004883], [-6.072423458099365, -0.08062893897294998, 18.703779220581055], [-23.85068702697754, -1.8360271453857422, 7.646836757659912], [-4.5862956047058105, -0.22790580987930298, 20.184247970581055], [-16.088821411132812, -1.2589823007583618, -9.554085731506348], [3.0927038192749023, 0.10318270325660706, 9.07020092010498], [-21.967605590820312, -1.3258347511291504, -3.6609573364257812], [-19.796886444091797, -1.9077852964401245, 7.423886299133301], [-15.985642433166504, 0.08222018927335739, 14.895466804504395]]}