{"track": "scotland", "karts": ["konqi", "sara_the_racer", "wilber", "beastie", "gavroche", "pidgin", "tux", "gnu", "xue", "hexley"], "detections": [[[1, 0, 265, 193, 336, 260], [1, 9, 292, 153, 300, 160], [2, 0, 0, 154, 599, 399], [3, 0, 0, 13, 599, 252]], [[1, 1, 279, 179, 318, 251], [1, 2, 398, 153, 409, 162], [1, 5, 364, 155, 373, 159], [1, 7, 339, 157, 399, 220], [2, 0, 0, 147, 599, 399], [3, 0, 0, 32, 599, 338], [6, 5, 329, 149, 337, 154], [6, 32, 406, 145, 417, 154]], [[1, 2, 270, 191, 337, 253], [1, 5, 113, 184, 164, 207], [2, 0, 0, 146, 599, 399], [3, 0, 0, 0, 599, 377], [3, 26, 305, 134, 308, 144], [3, 62, 323, 133, 328, 143], [3, 100, 299, 134, 305, 148], [3, 102, 310, 134, 317, 149], [6, 5, 60, 155, 99, 175], [6, 32, 261, 153, 295, 173], [255, 16777215, 299, 148, 304, 148]], [[1, 1, 367, 164, 375, 173], [1, 3, 242, 186, 355, 282], [1, 6, 379, 168, 391, 175], [1, 7, 381, 161, 388, 169], [1, 8, 405, 169, 484, 232], [2, 0, 0, 167, 599, 399], [3, 0, 0, 61, 599, 262]], [[1, 0, 244, 160, 264, 176], [1, 4, 272, 203, 333, 263], [1, 9, 220, 149, 225, 155], [2, 0, 0, 151, 599, 399], [3, 0, 0, 3, 599, 283], [4, 9, 288, 194, 308, 211], [4, 11, 455, 167, 506, 208], [4, 12, 596, 179, 599, 197]], [[1, 5, 262, 210, 335, 259], [2, 0, 0, 150, 599, 399], [3, 0, 0, 11, 599, 224], [3, 20, 386, 134, 391, 145], [3, 22, 380, 137, 380, 137], [3, 24, 359, 137, 360, 139], [3, 26, 351, 136, 352, 144], [3, 62, 369, 130, 375, 147], [3, 100, 349, 137, 352, 149], [3, 102, 358, 132, 366, 150], [3, 104, 375, 133, 386, 150], [6, 5, 136, 155, 175, 178], [6, 32, 376, 152, 422, 181], [255, 16777215, 350, 149, 350, 149]], [[1, 1, 235, 166, 259, 198], [1, 2, 408, 155, 420, 162], [1, 5, 382, 155, 391, 159], [1, 6, 267, 198, 328, 248], [1, 7, 267, 158, 297, 185], [2, 0, 0, 148, 599, 399], [3, 0, 0, 34, 599, 291], [6, 5, 357, 148, 365, 154]], [[1, 1, 185, 182, 244, 267], [1, 2, 388, 153, 400, 161], [1, 5, 355, 154, 365, 158], [1, 7, 269, 159, 327, 231], [2, 0, 0, 145, 599, 399], [3, 0, 0, 25, 599, 228], [6, 5, 323, 146, 330, 152], [6, 32, 400, 145, 415, 153]], [[1, 1, 318, 167, 325, 176], [1, 3, 0, 231, 136, 386], [1, 6, 326, 170, 338, 178], [1, 7, 330, 164, 338, 172], [1, 8, 266, 186, 335, 265], [2, 0, 0, 169, 473, 399], [3, 0, 0, 18, 599, 399]], [[1, 9, 272, 196, 322, 265], [2, 0, 0, 167, 599, 399], [3, 0, 0, 51, 599, 229]]], "distance_down_track": [732.8271484375, 825.3992309570312, 849.7655639648438, 799.157470703125, 721.8848266601562, 853.579345703125, 821.7026977539062, 825.8230590820312, 800.6771850585938, 755.3780517578125], "velocity": [[21.69939613342285, 1.2833064794540405, -7.515938758850098], [-16.875246047973633, -1.289196252822876, -15.626255989074707], [-22.032278060913086, -0.6604186296463013, -6.154318332672119], [-3.428119659423828, 0.27619022130966187, -15.186880111694336], [16.185800552368164, 1.0602734088897705, -11.463090896606445], [-21.42210578918457, -0.6066349744796753, -5.596081256866455], [-15.310117721557617, -1.3285659551620483, -19.337142944335938], [-16.13249969482422, -1.2086681127548218, -14.498744010925293], [-5.801106929779053, -0.1578734815120697, -19.89826011657715], [18.627670288085938, 1.9017393589019775, -11.261253356933594]]}