{"track": "zengarden", "karts": ["nolok", "sara_the_wizard", "gnu", "beastie", "hexley", "gavroche", "puffy", "xue", "kiki", "sara_the_racer"], "detections": [[[1, 0, 270, 203, 327, 256], [1, 5, 356, 160, 367, 166], [1, 6, 370, 159, 384, 164], [1, 9, 390, 156, 399, 163], [2, 0, 0, 161, 599, 399], [3, 0, 0, 0, 599, 279], [3, 243, 434, 135, 443, 145], [3, 249, 366, 133, 374, 144], [3, 286, 431, 132, 448, 159], [3, 292, 362, 130, 380, 159]], [[1, 1, 274, 211, 328, 293], [1, 4, 334, 164, 359, 191], [1, 8, 350, 153, 367, 171], [2, 0, 0, 137, 599, 399], [3, 0, 0, 0, 599, 397], [4, 17, 384, 143, 394, 152], [4, 18, 424, 142, 440, 153]], [[1, 0, 328, 159, 334, 164], [1, 2, 270, 160, 326, 231], [1, 3, 309, 158, 319, 166], [1, 5, 368, 159, 370, 159], [2, 0, 0, 0, 599, 399], [3, 0, 0, 0, 599, 267]], [[1, 0, 323, 171, 354, 195], [1, 3, 239, 186, 359, 287], [1, 5, 346, 154, 356, 159], [1, 6, 357, 153, 369, 158], [1, 9, 375, 150, 382, 156], [2, 0, 0, 155, 599, 399], [3, 0, 0, 0, 599, 226], [3, 243, 413, 132, 420, 141], [3, 249, 353, 130, 360, 140], [3, 286, 409, 129, 424, 154], [3, 292, 348, 127, 365, 154]], [[1, 4, 270, 194, 325, 264], [1, 8, 312, 164, 335, 192], [2, 0, 0, 148, 528, 399], [3, 0, 0, 0, 599, 399], [4, 17, 350, 150, 362, 160], [4, 18, 396, 151, 413, 164]], [[1, 5, 267, 203, 326, 257], [1, 6, 284, 176, 326, 201], [1, 9, 328, 162, 344, 189], [2, 0, 0, 162, 510, 399], [3, 0, 0, 0, 599, 399], [3, 243, 324, 125, 335, 141], [3, 249, 224, 107, 244, 134], [3, 286, 318, 120, 343, 162], [3, 289, 418, 132, 420, 132], [3, 292, 211, 100, 255, 167]], [[1, 6, 255, 200, 333, 255], [1, 9, 331, 170, 355, 214], [2, 0, 0, 165, 432, 399], [3, 0, 0, 0, 599, 399], [3, 243, 311, 123, 323, 141], [3, 246, 414, 132, 424, 145], [3, 249, 184, 96, 211, 132], [3, 286, 303, 118, 332, 166], [3, 289, 408, 128, 430, 162], [3, 292, 165, 86, 226, 174]], [[1, 7, 268, 188, 331, 259], [2, 0, 0, 162, 599, 399], [3, 0, 0, 0, 599, 262], [4, 9, 254, 158, 265, 172], [4, 10, 331, 165, 343, 173]], [[1, 8, 262, 182, 328, 257], [2, 0, 0, 143, 479, 399], [3, 0, 0, 0, 599, 399], [4, 17, 290, 150, 305, 164], [4, 18, 352, 150, 373, 167]], [[1, 6, 94, 278, 296, 399], [1, 9, 281, 177, 325, 259], [2, 0, 0, 166, 386, 399], [3, 0, 0, 0, 599, 399], [3, 243, 249, 118, 263, 139], [3, 246, 355, 133, 364, 146], [3, 249, 45, 61, 98, 117], [3, 286, 240, 112, 273, 167], [3, 289, 349, 130, 369, 163], [3, 292, 5, 47, 122, 180]]], "distance_down_track": [415.59747314453125, 494.6820373535156, 389.76434326171875, 411.3374938964844, 500.3122253417969, 440.1991271972656, 446.2214660644531, 334.1094970703125, 506.9986267089844, 448.7335205078125], "velocity": [[-12.80954360961914, 0.08172149956226349, -18.209739685058594], [1.986677885055542, 0.09077343344688416, 12.846979141235352], [-9.406925201416016, 0.08173856884241104, -20.836843490600586], [-8.165449142456055, 0.08382868766784668, -10.346863746643066], [7.374215126037598, 0.3008251488208771, 21.112167358398438], [-21.237518310546875, 0.34353598952293396, -4.388915061950684], [-24.936939239501953, 0.07404007017612457, -2.4079182147979736], [22.302762985229492, 0.08171061426401138, -5.619614124298096], [11.626112937927246, 0.8264304995536804, 15.838645935058594], [-20.408477783203125, -0.23405596613883972, 0.9022265076637268]]}