{"track": "overworld", "karts": ["beastie", "kiki", "hexley", "emule", "amanda", "wilber", "adiumy", "xue", "suzanne", "nolok"], "detections": [[[1, 0, 251, 187, 345, 269], [3, 0, 0, 96, 479, 162], [3, 7, 0, 123, 13, 165], [3, 24, 0, 119, 47, 165], [3, 25, 16, 121, 47, 160], [255, 16777215, 0, 148, 283, 181]], [[1, 1, 237, 169, 366, 308], [1, 3, 340, 159, 374, 187], [2, 7, 200, 138, 286, 157], [2, 24, 286, 136, 399, 157], [3, 0, 0, 0, 599, 169], [3, 7, 92, 0, 285, 156], [3, 24, 281, 0, 484, 154]], [[1, 1, 297, 169, 300, 172], [1, 2, 239, 192, 351, 350], [1, 3, 303, 171, 305, 173], [2, 7, 273, 169, 293, 170], [2, 24, 294, 168, 319, 171], [3, 0, 0, 44, 599, 208], [3, 7, 254, 88, 293, 169], [3, 8, 258, 94, 272, 107], [3, 24, 292, 88, 332, 171], [3, 25, 312, 94, 332, 142]], [[1, 3, 272, 200, 333, 263], [2, 7, 129, 151, 243, 175], [2, 24, 241, 147, 380, 174], [3, 0, 0, 0, 599, 184], [3, 7, 0, 0, 240, 175], [3, 24, 224, 0, 473, 168]], [[1, 4, 258, 192, 333, 256], [3, 0, 7, 0, 599, 164]], [[1, 5, 257, 180, 335, 247], [1, 6, 212, 197, 276, 255], [1, 7, 231, 178, 284, 218], [3, 0, 0, 0, 599, 238]], [[1, 5, 317, 174, 409, 245], [1, 6, 268, 195, 332, 259], [1, 7, 243, 176, 288, 228], [3, 0, 0, 0, 599, 270]], [[1, 5, 376, 198, 599, 368], [1, 6, 292, 232, 417, 369], [1, 7, 259, 187, 338, 269], [3, 0, 0, 0, 599, 289]], [[1, 8, 260, 201, 337, 259], [1, 9, 282, 144, 285, 146], [2, 0, 0, 186, 82, 310], [3, 0, 0, 0, 599, 191], [3, 24, 244, 135, 245, 135]], [[1, 9, 266, 203, 326, 261], [3, 0, 0, 88, 479, 170], [3, 7, 290, 160, 292, 160], [3, 24, 293, 160, 294, 160], [3, 25, 295, 160, 295, 160]]], "distance_down_track": [486.7685852050781, 595.7530517578125, 595.7530517578125, 544.0811767578125, 0.0, 0.0, 0.0, 0.0, 32.40070343017578, 89.10054016113281], "velocity": [[13.173783302307129, -0.9044026136398315, 9.630073547363281], [-0.5470834374427795, -1.4371089935302734, 8.31921672821045], [-0.32331231236457825, -0.6852259039878845, -3.0414187908172607], [-0.7001529335975647, -2.7421505451202393, 20.505619049072266], [-3.3099095821380615, 1.0970096588134766, -23.89693832397461], [-19.88983154296875, 2.92971134185791, -6.692476749420166], [-17.387351989746094, 2.472071886062622, -4.446753978729248], [-18.38257598876953, 2.6903417110443115, -5.8616509437561035], [5.725327014923096, -0.9012418985366821, 19.87204933166504], [0.7965225577354431, 0.8267766237258911, 20.66813850402832]]}