{"track": "snowtuxpeak", "karts": ["pidgin", "amanda", "xue", "tux", "gavroche", "emule", "puffy", "sara_the_wizard", "beastie", "gnu"], "detections": [[[1, 0, 262, 209, 332, 255], [1, 1, 538, 171, 540, 171], [1, 3, 340, 169, 349, 175], [1, 8, 460, 171, 465, 172], [1, 9, 542, 168, 547, 171], [2, 0, 0, 174, 599, 399], [3, 0, 0, 0, 599, 282], [4, 10, 560, 170, 567, 171], [4, 11, 548, 169, 554, 171], [5, 9, 580, 171, 583, 171]], [[1, 1, 261, 192, 340, 257], [1, 6, 330, 156, 346, 164], [1, 9, 489, 155, 599, 297], [2, 0, 0, 157, 599, 399], [3, 0, 0, 16, 599, 336], [4, 10, 251, 162, 281, 187], [4, 11, 199, 160, 227, 185], [5, 9, 340, 167, 356, 185]], [[1, 2, 254, 185, 323, 266], [2, 0, 0, 147, 470, 399], [3, 0, 0, 0, 599, 399], [6, 18, 366, 163, 381, 176]], [[1, 1, 458, 162, 468, 167], [1, 3, 265, 198, 331, 254], [1, 6, 527, 159, 536, 161], [1, 8, 408, 165, 421, 173], [1, 9, 471, 159, 479, 165], [2, 0, 0, 159, 550, 399], [3, 0, 0, 0, 599, 399], [4, 10, 468, 160, 475, 165], [4, 11, 453, 159, 460, 164], [5, 9, 491, 161, 495, 165]], [[1, 4, 265, 202, 320, 255], [2, 0, 215, 147, 599, 399], [3, 0, 0, 0, 599, 399], [6, 20, 300, 144, 326, 162]], [[1, 2, 453, 139, 462, 145], [1, 5, 269, 199, 330, 261], [1, 7, 378, 137, 385, 144], [2, 0, 0, 103, 599, 399], [3, 0, 0, 0, 599, 285], [3, 1, 451, 0, 497, 41]], [[1, 6, 255, 201, 342, 262], [2, 0, 0, 172, 405, 399], [3, 0, 0, 0, 599, 399]], [[1, 2, 362, 197, 379, 211], [1, 7, 278, 188, 322, 262], [2, 0, 0, 159, 458, 399], [3, 0, 0, 80, 599, 399], [3, 1, 193, 40, 241, 115], [6, 18, 448, 211, 459, 221]], [[1, 1, 315, 158, 329, 169], [1, 6, 357, 151, 366, 155], [1, 8, 257, 189, 339, 260], [1, 9, 347, 150, 359, 164], [2, 0, 0, 151, 567, 399], [3, 0, 0, 49, 599, 399], [4, 10, 311, 153, 322, 162], [4, 11, 291, 153, 301, 161], [5, 9, 346, 155, 349, 161]], [[1, 1, 174, 184, 232, 223], [1, 6, 302, 160, 315, 166], [1, 9, 274, 161, 327, 231], [2, 0, 0, 159, 333, 399], [3, 0, 0, 29, 599, 399], [4, 10, 212, 164, 236, 185], [4, 11, 169, 163, 193, 183], [5, 9, 282, 171, 291, 182]]], "distance_down_track": [505.01904296875, 572.777587890625, 697.417236328125, 523.9329223632812, 443.5838623046875, 642.0670166015625, 592.5980224609375, 680.7064208984375, 557.5464477539062, 570.2945556640625], "velocity": [[-23.583698272705078, 2.331336498260498, 2.771841287612915], [0.5672355890274048, 0.9702228903770447, 22.189556121826172], [2.8036868572235107, -1.5574662685394287, -20.45002555847168], [-16.961179733276367, 0.4638558030128479, 14.4503812789917], [-6.213424205780029, 1.0299485921859741, 22.120861053466797], [19.06959342956543, -7.979107856750488, 1.0836923122406006], [9.480184555053711, 2.1754472255706787, 19.52519416809082], [10.980329513549805, -0.3681885898113251, -17.543851852416992], [-4.123520374298096, 0.6628103852272034, 22.21522331237793], [0.4257591962814331, 1.107328176498413, 23.968656539916992]]}