{"track": "volcano_island", "karts": ["gavroche", "adiumy", "amanda", "nolok", "tux", "konqi", "kiki", "pidgin", "sara_the_racer", "suzanne"], "detections": [[[1, 0, 273, 203, 327, 254], [1, 2, 250, 154, 251, 155], [1, 5, 246, 154, 248, 156], [1, 9, 243, 155, 245, 156], [2, 0, 0, 143, 599, 399], [3, 0, 0, 0, 599, 243], [4, 21, 247, 155, 255, 162], [4, 22, 274, 155, 282, 162], [4, 31, 299, 155, 307, 161]], [[1, 1, 270, 195, 330, 253], [1, 3, 407, 162, 412, 168], [1, 4, 329, 182, 373, 218], [1, 6, 154, 190, 243, 282], [1, 8, 331, 163, 350, 192], [2, 0, 0, 0, 599, 399], [3, 0, 0, 0, 599, 292]], [[1, 1, 348, 160, 359, 170], [1, 2, 259, 191, 336, 257], [1, 4, 365, 160, 377, 169], [1, 5, 48, 229, 257, 391], [1, 6, 331, 158, 341, 170], [1, 8, 374, 156, 382, 167], [2, 0, 0, 100, 599, 399], [3, 0, 0, 0, 599, 272]], [[1, 3, 267, 203, 326, 259], [1, 7, 420, 158, 428, 161], [2, 0, 0, 158, 599, 399], [3, 0, 0, 105, 599, 361], [3, 85, 536, 165, 599, 273], [5, 23, 415, 158, 420, 163], [5, 24, 388, 157, 392, 162], [5, 32, 364, 157, 367, 161]], [[1, 1, 101, 236, 244, 356], [1, 3, 387, 164, 390, 170], [1, 4, 267, 198, 328, 250], [1, 6, 0, 315, 44, 370], [1, 8, 290, 168, 315, 205], [2, 0, 0, 0, 599, 399], [3, 0, 0, 0, 599, 365]], [[1, 1, 347, 161, 358, 169], [1, 2, 316, 180, 364, 220], [1, 4, 362, 161, 373, 168], [1, 5, 265, 192, 330, 255], [1, 6, 333, 159, 342, 169], [1, 8, 371, 157, 377, 166], [2, 0, 0, 106, 599, 399], [3, 0, 0, 0, 599, 249]], [[1, 1, 329, 189, 380, 234], [1, 3, 415, 161, 426, 168], [1, 4, 366, 179, 404, 210], [1, 6, 267, 183, 326, 251], [1, 8, 356, 163, 371, 190], [2, 0, 0, 0, 599, 399], [3, 0, 0, 0, 599, 258]], [[1, 7, 261, 210, 336, 261], [2, 0, 0, 155, 599, 399], [3, 0, 0, 31, 599, 247], [3, 61, 379, 137, 393, 158], [3, 83, 295, 153, 298, 155], [3, 91, 385, 154, 385, 154], [3, 198, 421, 154, 422, 154], [3, 212, 309, 133, 346, 137], [3, 216, 358, 135, 370, 154], [3, 220, 283, 135, 297, 154], [3, 304, 462, 132, 492, 161], [3, 362, 396, 146, 407, 154]], [[1, 3, 369, 162, 383, 171], [1, 4, 312, 381, 423, 399], [1, 8, 275, 178, 319, 257], [2, 0, 0, 0, 599, 399], [3, 0, 0, 0, 599, 317]], [[1, 1, 357, 159, 365, 165], [1, 2, 316, 165, 336, 182], [1, 4, 370, 159, 379, 165], [1, 5, 293, 167, 316, 187], [1, 6, 345, 158, 352, 165], [1, 8, 378, 161, 380, 163], [1, 9, 266, 200, 331, 250], [2, 0, 0, 118, 599, 399], [3, 0, 0, 0, 599, 237]]], "distance_down_track": [1848.20166015625, 1951.3719482421875, 1933.7520751953125, 1974.88623046875, 1954.447998046875, 1932.08642578125, 1950.794677734375, 2013.8629150390625, 1957.55810546875, 1924.683837890625], "velocity": [[10.694112777709961, 0.09904922544956207, -20.36237144470215], [-0.08832850307226181, 0.08153843879699707, -21.630889892578125], [9.511052131652832, 0.08176977932453156, -21.24898910522461], [-15.149822235107422, 0.08169133216142654, -14.870999336242676], [-2.232189416885376, 0.08210275322198868, -24.416038513183594], [9.853602409362793, 0.0817747637629509, -23.102237701416016], [-0.09444725513458252, 0.08457684516906738, -22.26384162902832], [-21.66770362854004, 0.08166865259408951, -1.7070807218551636], [-4.956701755523682, 0.08167587965726852, -19.93175506591797], [13.158885955810547, 0.08197473734617233, -21.60615348815918]]}