{"track": "tutorial", "karts": ["puffy", "hexley", "tux", "suzanne", "pidgin", "nolok", "beastie", "gavroche", "amanda", "adiumy"], "detections": [[[1, 0, 203, 201, 388, 328], [1, 2, 410, 191, 421, 198], [1, 4, 374, 220, 387, 228], [1, 6, 433, 198, 446, 206], [1, 7, 326, 158, 339, 169], [1, 9, 423, 193, 431, 199], [2, 0, 0, 157, 599, 399], [3, 0, 0, 0, 599, 340], [3, 8, 160, 47, 169, 56]], [[1, 1, 258, 196, 332, 288], [1, 2, 420, 154, 436, 165], [1, 4, 409, 170, 441, 191], [1, 6, 465, 156, 485, 171], [1, 9, 441, 155, 455, 165], [2, 0, 318, 129, 422, 154], [3, 0, 0, 0, 599, 399], [3, 8, 77, 31, 90, 44]], [[1, 2, 238, 198, 367, 314], [1, 6, 525, 218, 599, 279], [1, 9, 364, 200, 477, 296], [2, 0, 0, 116, 191, 236], [3, 0, 0, 95, 599, 399]], [[1, 0, 399, 189, 535, 249], [1, 2, 401, 192, 410, 197], [1, 3, 218, 201, 369, 320], [1, 4, 375, 217, 387, 222], [1, 6, 422, 198, 433, 205], [1, 7, 339, 161, 349, 170], [1, 9, 413, 194, 420, 199], [2, 0, 0, 160, 599, 399], [3, 0, 0, 0, 599, 303], [3, 8, 138, 43, 147, 53]], [[1, 2, 271, 154, 290, 169], [1, 4, 223, 217, 369, 321], [1, 6, 325, 154, 345, 172], [1, 9, 296, 154, 311, 168], [2, 0, 107, 121, 267, 157], [3, 0, 0, 36, 599, 399]], [[1, 5, 261, 205, 338, 276], [2, 0, 0, 161, 599, 399], [3, 0, 0, 7, 599, 265]], [[1, 2, 0, 203, 50, 257], [1, 6, 211, 180, 387, 326], [1, 9, 19, 181, 168, 281], [2, 0, 0, 101, 84, 138], [3, 0, 0, 50, 599, 399]], [[1, 2, 382, 208, 396, 219], [1, 4, 389, 320, 420, 350], [1, 6, 423, 217, 440, 232], [1, 7, 242, 205, 358, 325], [1, 9, 401, 210, 413, 221], [2, 0, 280, 157, 547, 200], [3, 0, 0, 32, 599, 399]], [[1, 1, 276, 181, 294, 202], [1, 2, 296, 150, 305, 157], [1, 4, 302, 166, 315, 175], [1, 6, 322, 153, 331, 160], [1, 7, 267, 30, 292, 56], [1, 8, 238, 189, 342, 285], [1, 9, 308, 151, 315, 157], [2, 0, 218, 126, 293, 149], [3, 0, 0, 18, 599, 399]], [[1, 2, 0, 190, 217, 324], [1, 6, 456, 187, 599, 361], [1, 9, 250, 190, 355, 305], [2, 0, 0, 108, 156, 222], [3, 0, 0, 79, 599, 399]]], "distance_down_track": [702.2892456054688, 712.6583862304688, 712.6583862304688, 694.2288208007812, 694.2288208007812, 741.5721435546875, 694.2288208007812, 729.2155151367188, 675.6192626953125, 675.6192626953125], "velocity": [[-3.650730609893799, -0.656819224357605, -4.9539995193481445], [-6.781692028045654, 0.0034089088439941406, -4.216082572937012], [-0.632628858089447, 0.348186194896698, 0.04236861690878868], [-3.6470563411712646, -0.4724220037460327, -4.07344913482666], [-4.813261985778809, 0.0948270857334137, -0.8943076729774475], [0.022867659106850624, 0.24292506277561188, 0.8734975457191467], [-0.07051046192646027, 0.0817095935344696, 0.0018244697712361813], [2.2322449684143066, 0.5843554735183716, 2.2748115062713623], [-5.227868556976318, -15.364516258239746, -8.375303268432617], [-0.10620567947626114, 0.0942532941699028, 0.00787518173456192]]}