{"track": "overworld", "karts": ["beastie", "kiki", "hexley", "emule", "amanda", "wilber", "adiumy", "xue", "suzanne", "nolok"], "detections": [[[1, 0, 254, 188, 349, 269], [3, 0, 0, 89, 453, 162], [3, 7, 288, 152, 291, 153], [3, 24, 292, 152, 296, 153], [3, 25, 295, 152, 295, 152]], [[1, 1, 265, 182, 332, 257], [1, 2, 280, 144, 283, 146], [1, 8, 276, 141, 279, 143], [1, 9, 270, 138, 271, 139], [3, 0, 0, 0, 599, 162]], [[1, 2, 275, 195, 330, 269], [1, 5, 409, 112, 409, 112], [1, 7, 339, 125, 341, 126], [1, 8, 283, 150, 301, 164], [1, 9, 279, 142, 286, 148], [3, 0, 0, 0, 599, 177]], [[1, 3, 243, 200, 358, 321], [2, 7, 207, 135, 300, 156], [2, 24, 301, 134, 425, 156], [3, 0, 0, 0, 599, 165], [3, 7, 97, 0, 300, 153], [3, 24, 300, 0, 526, 154]], [[1, 4, 261, 191, 343, 260], [3, 0, 0, 90, 503, 197]], [[1, 5, 260, 190, 335, 258], [3, 0, 0, 67, 599, 203]], [[1, 3, 156, 176, 235, 232], [1, 6, 252, 190, 354, 302], [2, 7, 198, 138, 281, 158], [2, 24, 281, 139, 392, 159], [3, 0, 0, 0, 599, 174], [3, 7, 98, 0, 280, 154], [3, 24, 277, 0, 479, 158]], [[1, 5, 372, 161, 384, 169], [1, 7, 259, 184, 337, 273], [3, 0, 0, 21, 599, 203]], [[1, 5, 441, 136, 444, 138], [1, 7, 356, 150, 359, 151], [1, 8, 266, 201, 342, 262], [1, 9, 283, 168, 294, 178], [3, 0, 0, 0, 599, 188]], [[1, 5, 509, 127, 516, 131], [1, 7, 393, 144, 397, 146], [1, 9, 275, 203, 335, 262], [3, 0, 0, 3, 599, 187]]], "distance_down_track": [168.86508178710938, 1217.5657958984375, 1273.9619140625, 611.4696044921875, 1060.6129150390625, 1377.95166015625, 609.7169189453125, 1357.37060546875, 1284.036376953125, 1298.06640625], "velocity": [[0.23575764894485474, 0.08290249109268188, 19.55485725402832], [-2.909351348876953, -0.36303162574768066, -19.445205688476562], [0.3856901526451111, 1.2902424335479736, -19.543651580810547], [-0.5777364373207092, -1.3273338079452515, 7.7591552734375], [7.057961463928223, -0.7095656394958496, -20.54487419128418], [-18.947246551513672, 0.9013201594352722, 5.186679363250732], [-0.6286107897758484, -1.1652148962020874, 6.845545291900635], [-17.53840446472168, 2.0236093997955322, -2.4920294284820557], [1.1777894496917725, 3.2136034965515137, -20.415081024169922], [2.7849526405334473, 3.1330373287200928, -20.271114349365234]]}