{"track": "overworld", "karts": ["beastie", "kiki", "hexley", "emule", "amanda", "wilber", "adiumy", "xue", "suzanne", "nolok"], "detections": [[[1, 0, 252, 188, 341, 265], [1, 8, 437, 151, 465, 166], [3, 0, 0, 0, 599, 202]], [[1, 1, 267, 183, 328, 251], [1, 2, 405, 190, 406, 191], [1, 7, 283, 168, 310, 193], [1, 9, 336, 169, 344, 174], [3, 0, 0, 53, 599, 199]], [[1, 2, 276, 196, 332, 272], [2, 0, 398, 137, 404, 143], [3, 0, 0, 0, 599, 149], [3, 4, 507, 106, 509, 106], [3, 6, 413, 104, 413, 104], [3, 7, 512, 104, 520, 107], [3, 8, 512, 105, 514, 106], [3, 24, 520, 104, 527, 107]], [[1, 3, 266, 203, 326, 268], [2, 7, 90, 155, 300, 202], [2, 24, 300, 147, 587, 201], [3, 7, 0, 0, 299, 200], [3, 24, 295, 0, 599, 192]], [[1, 4, 258, 192, 333, 257], [3, 0, 0, 17, 599, 211], [3, 4, 317, 159, 318, 161], [3, 7, 322, 158, 329, 162], [3, 8, 325, 159, 325, 159], [3, 24, 330, 158, 337, 162], [3, 25, 334, 159, 334, 159]], [[1, 5, 258, 189, 328, 255], [3, 0, 329, 64, 599, 160]], [[1, 3, 277, 154, 292, 167], [1, 6, 252, 190, 355, 303], [2, 7, 210, 143, 289, 161], [2, 24, 289, 143, 392, 161], [3, 0, 0, 0, 599, 173], [3, 7, 115, 0, 288, 158], [3, 24, 287, 0, 474, 160]], [[1, 2, 389, 189, 390, 191], [1, 7, 263, 186, 332, 265], [1, 9, 327, 171, 336, 178], [3, 0, 0, 62, 599, 203], [3, 5, 591, 154, 595, 155]], [[1, 1, 358, 158, 369, 170], [1, 2, 513, 193, 514, 195], [1, 7, 368, 159, 378, 168], [1, 8, 254, 201, 342, 268], [1, 9, 415, 166, 419, 170], [3, 0, 0, 21, 599, 204]], [[1, 2, 350, 176, 351, 177], [1, 9, 270, 203, 331, 260], [3, 0, 0, 78, 599, 213]]], "distance_down_track": [1343.52685546875, 1371.310302734375, 1444.8028564453125, 621.879150390625, 227.32798767089844, 182.6988525390625, 608.685791015625, 1376.8482666015625, 1355.419189453125, 1394.162109375], "velocity": [[-8.75464153289795, 2.2468104362487793, -15.207067489624023], [-21.935379028320312, 1.2259503602981567, 4.186817646026611], [-12.784187316894531, -3.1001031398773193, 14.617321968078613], [0.1414157748222351, 1.2239443063735962, 1.4172981977462769], [-2.046665906906128, 0.5611494183540344, 24.05657386779785], [21.596546173095703, -0.025327201932668686, -3.3182930946350098], [-0.34269407391548157, -0.8365032076835632, 4.994210243225098], [-19.879371643066406, 0.9212706089019775, 5.696643829345703], [-17.011627197265625, 2.232156276702881, -3.441912889480591], [-18.37786293029785, -1.3044980764389038, 9.436225891113281]]}