{"track": "snowmountain", "karts": ["adiumy", "beastie", "sara_the_racer", "wilber", "nolok", "gavroche", "konqi", "sara_the_wizard", "tux", "xue"], "detections": [[[1, 0, 269, 196, 333, 254], [2, 0, 0, 169, 553, 399], [3, 0, 0, 23, 599, 399]], [[1, 1, 257, 189, 342, 262], [1, 3, 283, 166, 308, 188], [2, 0, 0, 161, 599, 399], [3, 0, 0, 0, 599, 289], [4, 21, 413, 160, 445, 184], [5, 31, 221, 169, 238, 186], [6, 6, 309, 153, 361, 188]], [[1, 2, 278, 176, 321, 258], [1, 8, 281, 155, 285, 159], [1, 9, 290, 155, 295, 159], [2, 0, 0, 154, 599, 399], [3, 0, 0, 0, 599, 240], [3, 20, 291, 93, 297, 101], [3, 21, 293, 96, 295, 100], [4, 22, 89, 167, 157, 213], [4, 23, 448, 167, 508, 209], [5, 38, 317, 181, 334, 207]], [[1, 3, 263, 190, 338, 259], [2, 0, 0, 163, 599, 399], [3, 0, 0, 0, 599, 263], [5, 31, 95, 198, 148, 245], [6, 6, 339, 155, 497, 289]], [[1, 2, 290, 162, 306, 193], [1, 4, 270, 203, 330, 259], [1, 8, 276, 155, 280, 158], [1, 9, 284, 154, 288, 158], [2, 0, 0, 153, 599, 399], [3, 0, 0, 0, 599, 282], [3, 20, 286, 103, 291, 109], [3, 21, 288, 105, 289, 108], [4, 22, 189, 160, 218, 183], [4, 23, 380, 160, 404, 182], [5, 38, 306, 168, 315, 181]], [[1, 5, 276, 202, 322, 246], [2, 0, 0, 129, 599, 399], [3, 0, 0, 0, 599, 266], [4, 18, 316, 166, 340, 192], [4, 19, 289, 137, 291, 140], [6, 4, 303, 146, 320, 157], [6, 40, 307, 181, 355, 193]], [[1, 2, 272, 156, 276, 168], [1, 4, 274, 163, 285, 173], [1, 6, 263, 192, 340, 265], [1, 8, 248, 156, 251, 158], [1, 9, 255, 155, 258, 158], [2, 0, 0, 154, 599, 399], [3, 0, 0, 0, 599, 285], [3, 16, 274, 80, 282, 91], [3, 17, 277, 84, 279, 89], [3, 20, 258, 118, 261, 122], [3, 21, 259, 120, 259, 122], [4, 22, 225, 157, 235, 166], [4, 23, 311, 156, 320, 165], [5, 38, 277, 160, 281, 164]], [[1, 1, 289, 159, 302, 170], [1, 3, 290, 157, 297, 165], [1, 7, 280, 188, 320, 266], [2, 0, 0, 159, 599, 399], [3, 0, 0, 27, 599, 239], [4, 21, 343, 155, 351, 163], [5, 31, 266, 159, 272, 164], [6, 6, 301, 152, 318, 164]], [[1, 8, 267, 198, 331, 251], [1, 9, 353, 184, 419, 243], [2, 0, 0, 156, 599, 399], [3, 0, 0, 0, 599, 256]], [[1, 8, 107, 205, 231, 275], [1, 9, 265, 187, 333, 264], [2, 0, 0, 155, 599, 399], [3, 0, 0, 0, 599, 236]]], "distance_down_track": [833.7017211914062, 672.433837890625, 740.1282958984375, 678.845703125, 735.073974609375, 383.04290771484375, 721.6976928710938, 656.6275634765625, 780.0791015625, 780.521728515625], "velocity": [[18.198753356933594, 0.09735294431447983, -9.863357543945312], [21.724401473999023, 0.08176960051059723, -0.6736570000648499], [-0.49335047602653503, -1.169497013092041, 19.623992919921875], [19.6036376953125, 0.0817740261554718, 1.5501331090927124], [0.004126307088881731, -1.236925482749939, 20.663009643554688], [-2.9216978549957275, -2.4625844955444336, -27.738048553466797], [2.589329242706299, -1.0390868186950684, 20.511110305786133], [20.696548461914062, 0.08253829926252365, -0.368784636259079], [0.427702933549881, -1.4099133014678955, 23.35357093811035], [-0.38072147965431213, -1.2359238862991333, 20.659561157226562]]}