{"track": "tutorial", "karts": ["puffy", "hexley", "tux", "suzanne", "pidgin", "nolok", "beastie", "gavroche", "amanda", "adiumy"], "detections": [[[1, 0, 205, 202, 392, 326], [1, 2, 54, 137, 214, 228], [1, 4, 0, 219, 1, 226], [1, 5, 429, 176, 515, 258], [1, 7, 298, 176, 394, 239], [2, 0, 0, 81, 30, 95], [3, 0, 0, 4, 599, 399]], [[1, 0, 357, 208, 367, 214], [1, 1, 254, 191, 362, 345], [1, 2, 350, 201, 359, 206], [1, 3, 328, 198, 336, 203], [1, 4, 335, 201, 343, 205], [1, 5, 376, 210, 385, 216], [1, 6, 359, 265, 476, 369], [1, 7, 366, 207, 373, 212], [2, 0, 0, 169, 599, 399], [3, 0, 0, 1, 599, 341], [3, 8, 50, 32, 63, 45]], [[1, 0, 378, 226, 551, 326], [1, 2, 236, 196, 368, 315], [1, 5, 404, 194, 466, 233], [1, 7, 345, 208, 418, 256], [3, 0, 0, 34, 599, 399]], [[1, 0, 565, 195, 599, 219], [1, 2, 475, 141, 581, 204], [1, 3, 216, 201, 367, 334], [1, 4, 326, 201, 448, 282], [1, 5, 588, 174, 599, 187], [1, 7, 525, 165, 599, 202], [2, 0, 0, 60, 158, 231], [3, 0, 0, 0, 599, 399]], [[1, 2, 530, 167, 599, 240], [1, 3, 0, 198, 237, 383], [1, 4, 225, 217, 375, 322], [2, 0, 0, 84, 204, 211], [3, 0, 0, 56, 599, 399]], [[1, 5, 254, 205, 368, 327], [1, 7, 2, 326, 194, 399], [3, 0, 0, 0, 599, 399]], [[1, 0, 420, 198, 433, 204], [1, 1, 132, 115, 241, 188], [1, 2, 414, 190, 425, 196], [1, 3, 390, 187, 399, 192], [1, 4, 398, 189, 406, 194], [1, 5, 443, 202, 456, 207], [1, 6, 256, 190, 335, 258], [1, 7, 431, 197, 441, 203], [1, 8, 303, 170, 328, 193], [2, 0, 0, 157, 599, 399], [3, 0, 0, 0, 599, 364], [3, 8, 170, 46, 177, 56]], [[1, 0, 358, 216, 599, 399], [1, 5, 282, 177, 366, 235], [1, 7, 243, 205, 359, 328], [3, 0, 0, 24, 599, 399]], [[1, 0, 424, 207, 441, 215], [1, 2, 416, 197, 429, 204], [1, 3, 386, 193, 397, 199], [1, 4, 395, 196, 406, 202], [1, 5, 454, 211, 469, 219], [1, 7, 438, 206, 451, 213], [1, 8, 260, 191, 335, 259], [2, 0, 332, 158, 578, 189], [3, 0, 0, 0, 599, 399], [3, 8, 137, 40, 146, 51]], [[1, 9, 263, 195, 340, 270], [2, 0, 12, 169, 599, 399], [3, 0, 0, 122, 599, 399], [5, 5, 258, 165, 270, 180], [5, 6, 242, 163, 245, 168], [5, 7, 223, 163, 226, 168], [5, 8, 198, 163, 202, 169], [5, 12, 323, 162, 336, 177], [5, 13, 374, 161, 388, 175], [5, 17, 82, 167, 85, 169], [5, 18, 99, 167, 101, 169], [5, 19, 111, 167, 113, 169]]], "distance_down_track": [712.6583862304688, 712.6583862304688, 420.1153259277344, 420.1153259277344, 420.1153259277344, 512.133544921875, 400.4352722167969, 473.2306823730469, 383.7624206542969, 374.73779296875], "velocity": [[-0.08287978172302246, 0.07371794432401657, 0.9790902733802795], [-0.14439700543880463, 0.08784876018762589, 0.011817996390163898], [1.9097884893417358, 0.4562080502510071, 1.6997536420822144], [-0.5825740098953247, 0.16108578443527222, 0.4994988739490509], [-0.07704457640647888, 0.10059979557991028, 0.06471971422433853], [4.191203594207764, 1.050795555114746, -1.214975118637085], [-14.380748748779297, -2.242795944213867, -19.27138900756836], [1.2010678052902222, -0.2906806766986847, 2.4027254581451416], [-15.469095230102539, -5.556461811065674, -18.117429733276367], [-2.384877920150757, 1.1139004230499268, 14.923787117004395]]}