{"track": "scotland", "karts": ["konqi", "sara_the_racer", "wilber", "beastie", "gavroche", "pidgin", "tux", "gnu", "xue", "hexley"], "detections": [[[1, 0, 265, 193, 336, 259], [1, 3, 328, 165, 331, 166], [1, 4, 329, 166, 329, 166], [1, 5, 268, 166, 273, 167], [1, 6, 271, 165, 279, 171], [1, 7, 279, 161, 280, 164], [1, 9, 290, 165, 293, 166], [2, 0, 0, 164, 599, 399], [3, 0, 0, 25, 599, 232], [5, 21, 241, 164, 245, 168], [5, 22, 264, 165, 267, 168], [5, 23, 289, 164, 292, 168], [5, 24, 310, 165, 313, 169]], [[1, 1, 278, 179, 317, 251], [1, 2, 379, 164, 390, 170], [1, 3, 317, 165, 329, 176], [1, 4, 324, 169, 337, 179], [1, 8, 385, 163, 390, 168], [2, 0, 0, 162, 599, 399], [3, 0, 0, 87, 599, 261]], [[1, 2, 258, 191, 332, 258], [1, 8, 235, 170, 268, 202], [2, 0, 0, 134, 599, 399], [3, 0, 0, 3, 599, 264]], [[1, 2, 346, 159, 361, 169], [1, 3, 259, 190, 335, 254], [1, 4, 340, 266, 531, 399], [1, 8, 343, 157, 350, 165], [2, 0, 0, 152, 599, 399], [3, 0, 0, 55, 599, 233]], [[1, 2, 350, 160, 365, 169], [1, 3, 246, 176, 294, 216], [1, 4, 270, 203, 325, 255], [1, 8, 350, 158, 357, 165], [2, 0, 0, 154, 599, 399], [3, 0, 0, 61, 599, 252]], [[1, 1, 373, 150, 377, 156], [1, 5, 242, 234, 352, 294], [1, 7, 322, 148, 328, 158], [1, 9, 345, 157, 353, 159], [2, 0, 0, 154, 599, 399], [3, 0, 0, 109, 599, 255]], [[1, 2, 433, 155, 438, 156], [1, 5, 294, 161, 306, 165], [1, 6, 250, 197, 349, 281], [1, 7, 316, 149, 319, 153], [1, 8, 442, 154, 444, 155], [1, 9, 333, 154, 338, 155], [2, 0, 0, 153, 599, 399], [3, 0, 0, 105, 599, 213], [5, 21, 197, 159, 212, 176], [5, 22, 274, 161, 286, 175], [5, 23, 351, 160, 362, 175], [5, 24, 413, 161, 424, 175]], [[1, 1, 348, 154, 355, 164], [1, 2, 433, 157, 440, 161], [1, 3, 376, 156, 384, 161], [1, 4, 376, 157, 383, 161], [1, 7, 268, 160, 324, 227], [1, 8, 440, 157, 445, 160], [1, 9, 322, 172, 336, 180], [2, 0, 0, 157, 599, 399], [3, 0, 0, 101, 599, 208]], [[1, 8, 262, 186, 330, 264], [2, 0, 0, 133, 599, 399], [3, 0, 0, 46, 599, 239], [4, 15, 424, 149, 430, 154]], [[1, 1, 323, 152, 332, 168], [1, 2, 409, 154, 418, 159], [1, 3, 351, 153, 361, 160], [1, 4, 353, 155, 362, 160], [1, 8, 416, 154, 421, 158], [1, 9, 271, 211, 327, 273], [2, 0, 0, 154, 599, 399], [3, 0, 0, 84, 599, 265]]], "distance_down_track": [404.5643005371094, 487.5469970703125, 522.5154418945312, 503.41851806640625, 501.1551513671875, 443.90283203125, 427.32012939453125, 462.6670227050781, 526.4268798828125, 473.6497802734375], "velocity": [[17.404281616210938, -0.0834110751748085, 15.036090850830078], [22.711727142333984, -0.7602362632751465, 2.572110414505005], [14.716825485229492, -0.35743314027786255, -16.510791778564453], [24.45809555053711, -1.6522282361984253, -4.780600070953369], [21.720752716064453, -1.3861769437789917, -2.5942227840423584], [8.553488731384277, -0.30441683530807495, 8.517675399780273], [8.614212036132812, -0.3994397521018982, 9.457040786743164], [20.17313003540039, -0.8920701146125793, 10.572128295898438], [18.08608055114746, -0.8229231238365173, -11.304106712341309], [18.076265335083008, -0.6438080072402954, 6.402679920196533]]}