{"track": "overworld", "karts": ["beastie", "kiki", "hexley", "emule", "amanda", "wilber", "adiumy", "xue", "suzanne", "nolok"], "detections": [[[1, 0, 253, 189, 339, 265], [1, 8, 314, 165, 317, 166], [1, 9, 439, 170, 442, 170], [3, 0, 0, 81, 357, 167], [3, 7, 272, 159, 273, 159], [3, 24, 274, 159, 276, 159]], [[1, 1, 266, 167, 380, 308], [1, 2, 165, 190, 179, 201], [1, 4, 401, 90, 406, 94], [3, 0, 0, 33, 551, 247]], [[1, 2, 268, 195, 332, 283], [1, 3, 217, 150, 219, 151], [3, 0, 0, 94, 450, 155], [3, 1, 140, 144, 163, 156], [3, 2, 158, 130, 168, 141], [3, 3, 156, 122, 163, 128], [3, 4, 154, 108, 165, 119], [3, 7, 174, 113, 197, 151], [3, 8, 174, 115, 182, 123], [3, 24, 192, 113, 217, 150], [3, 25, 200, 114, 215, 133], [255, 16777215, 0, 135, 396, 179]], [[1, 3, 273, 200, 329, 257], [1, 6, 290, 165, 291, 167], [2, 24, 290, 163, 312, 164], [3, 0, 0, 44, 599, 185], [3, 7, 249, 86, 287, 163], [3, 8, 252, 91, 267, 105], [3, 24, 284, 86, 323, 164], [3, 25, 303, 91, 324, 164]], [[1, 4, 242, 190, 345, 282], [1, 7, 343, 194, 345, 195], [3, 0, 167, 165, 463, 195]], [[1, 0, 464, 139, 469, 142], [1, 5, 259, 190, 334, 258], [2, 0, 386, 148, 394, 157], [3, 0, 0, 26, 489, 148], [3, 7, 434, 119, 437, 120], [3, 8, 433, 120, 433, 120], [3, 24, 438, 119, 442, 121], [3, 25, 442, 120, 443, 121]], [[1, 6, 253, 190, 355, 304], [2, 7, 0, 149, 256, 211], [2, 24, 253, 144, 599, 210], [3, 7, 0, 0, 252, 153], [3, 24, 243, 0, 599, 199]], [[1, 7, 267, 187, 335, 266], [3, 0, 0, 68, 530, 223]], [[1, 8, 259, 201, 335, 260], [1, 9, 487, 145, 495, 148], [3, 0, 0, 84, 208, 149], [3, 4, 133, 144, 133, 144], [3, 7, 144, 143, 147, 144], [3, 24, 148, 143, 149, 144]], [[1, 9, 266, 203, 326, 259], [3, 0, 249, 61, 599, 151]]], "distance_down_track": [73.0853271484375, 434.1119689941406, 434.1119689941406, 434.1119689941406, 511.8960266113281, 1462.4384765625, 621.8215942382812, 999.6278686523438, 137.190673828125, 196.5928192138672], "velocity": [[2.4195656776428223, 0.8779760003089905, 21.582054138183594], [9.074600219726562, -0.8939050436019897, 4.135958194732666], [6.902781963348389, -2.0896458625793457, 15.77740478515625], [0.1606440395116806, -1.8385545015335083, 22.92583465576172], [11.530495643615723, 2.9344217777252197, -10.205116271972656], [-6.852522373199463, -2.894425392150879, 18.20377540588379], [0.0017992279026657343, 0.08366013318300247, 0.1292131245136261], [7.865798473358154, 0.5365590453147888, -19.139781951904297], [11.206867218017578, -0.2685372233390808, 17.401838302612305], [18.919755935668945, -0.7448513507843018, -8.365280151367188]]}