{"track": "tutorial", "karts": ["puffy", "hexley", "tux", "suzanne", "pidgin", "nolok", "beastie", "gavroche", "amanda", "adiumy"], "detections": [[[1, 0, 202, 201, 385, 323], [1, 2, 233, 155, 255, 170], [1, 3, 249, 154, 266, 166], [1, 5, 223, 161, 259, 183], [1, 6, 219, 143, 248, 173], [1, 9, 272, 153, 286, 166], [2, 0, 260, 134, 348, 155], [3, 0, 0, 26, 599, 399]], [[1, 1, 240, 192, 350, 349], [1, 7, 400, 360, 558, 399], [1, 9, 321, 201, 327, 206], [2, 0, 0, 163, 599, 399], [3, 0, 0, 0, 599, 328], [3, 8, 116, 35, 126, 45]], [[1, 2, 232, 196, 354, 307], [1, 3, 258, 169, 310, 206], [1, 9, 322, 166, 359, 201], [2, 0, 256, 124, 391, 161], [3, 0, 0, 13, 599, 399]], [[1, 3, 219, 201, 366, 321], [1, 9, 352, 183, 437, 260], [2, 0, 224, 116, 385, 162], [3, 0, 0, 13, 599, 399]], [[1, 4, 255, 211, 342, 270], [2, 0, 0, 133, 599, 399], [3, 0, 0, 39, 599, 262], [3, 6, 325, 51, 337, 65], [3, 7, 269, 47, 280, 59]], [[1, 2, 222, 192, 233, 195], [1, 5, 235, 205, 352, 317], [1, 6, 172, 135, 270, 220], [1, 9, 247, 155, 269, 175], [2, 0, 214, 125, 318, 156], [3, 0, 0, 28, 599, 399]], [[1, 2, 307, 188, 346, 220], [1, 3, 330, 174, 362, 196], [1, 5, 246, 281, 363, 399], [1, 6, 262, 189, 334, 252], [1, 9, 373, 173, 397, 194], [2, 0, 350, 128, 489, 164], [3, 0, 0, 0, 599, 399], [3, 8, 121, 34, 132, 46]], [[1, 1, 199, 137, 264, 187], [1, 2, 328, 195, 337, 201], [1, 3, 336, 189, 345, 195], [1, 6, 323, 197, 329, 200], [1, 7, 269, 203, 322, 255], [1, 9, 349, 190, 355, 195], [2, 0, 0, 155, 599, 399], [3, 0, 0, 0, 599, 371], [3, 8, 180, 44, 188, 52]], [[1, 4, 282, 164, 289, 167], [1, 8, 233, 186, 363, 297], [2, 0, 0, 151, 599, 399], [3, 0, 0, 82, 599, 258], [3, 6, 285, 82, 295, 93], [3, 7, 235, 75, 244, 84]], [[1, 3, 0, 240, 203, 399], [1, 9, 249, 191, 353, 304], [2, 0, 166, 111, 347, 160], [3, 0, 0, 18, 599, 399]]], "distance_down_track": [712.6583862304688, 712.6583862304688, 576.2125244140625, 561.7310180664062, 561.7310180664062, 619.34228515625, 561.7310180664062, 590.8922729492188, 547.9110717773438, 547.9110717773438], "velocity": [[-4.341701507568359, 0.11397181451320648, -2.446458578109741], [-0.14328165352344513, 0.07399637997150421, 0.01729322224855423], [-4.414071083068848, 0.09287142008543015, -1.7973662614822388], [-4.7404375076293945, 0.09293829649686813, -1.4023761749267578], [3.745821475982666, -3.0650112628936768, -18.095590591430664], [-4.733413219451904, 0.11133521050214767, -1.17898690700531], [-13.94237232208252, -6.030546188354492, -17.53339195251465], [-13.317375183105469, -2.205674409866333, -18.62209701538086], [0.46805891394615173, -1.8542351722717285, -11.563384056091309], [-4.852847099304199, 0.09349676221609116, -0.9959157109260559]]}