{"track": "overworld", "karts": ["beastie", "kiki", "hexley", "emule", "amanda", "wilber", "adiumy", "xue", "suzanne", "nolok"], "detections": [[[1, 0, 259, 190, 338, 257], [3, 0, 0, 0, 599, 176], [3, 7, 236, 135, 236, 135], [3, 24, 237, 135, 237, 135]], [[1, 1, 265, 182, 332, 256], [1, 2, 271, 153, 273, 156], [1, 8, 357, 137, 358, 138], [1, 9, 384, 133, 386, 133], [3, 0, 0, 0, 599, 174]], [[1, 2, 276, 196, 332, 270], [1, 8, 553, 134, 564, 139], [3, 0, 0, 0, 599, 180]], [[1, 3, 243, 200, 360, 322], [1, 6, 358, 304, 565, 399], [2, 7, 213, 151, 292, 168], [2, 24, 292, 151, 395, 168], [3, 0, 0, 0, 599, 183], [3, 7, 115, 0, 291, 166], [3, 24, 289, 0, 477, 167]], [[1, 4, 247, 189, 343, 270], [1, 7, 322, 188, 326, 191], [3, 0, 152, 157, 475, 191]], [[1, 0, 445, 144, 451, 146], [1, 5, 265, 189, 341, 262], [3, 0, 0, 42, 599, 177]], [[1, 3, 176, 137, 267, 212], [1, 6, 251, 190, 355, 299], [2, 7, 208, 143, 283, 160], [2, 24, 284, 144, 382, 161], [3, 0, 0, 0, 599, 172], [3, 7, 118, 0, 283, 157], [3, 24, 281, 0, 459, 160]], [[1, 7, 263, 187, 332, 262], [3, 0, 0, 108, 571, 175]], [[1, 5, 366, 175, 371, 179], [1, 8, 258, 200, 338, 262], [1, 9, 315, 170, 329, 181], [3, 0, 0, 49, 599, 200]], [[1, 5, 339, 175, 345, 180], [1, 9, 268, 203, 329, 258], [3, 0, 0, 70, 599, 206]]], "distance_down_track": [37.2871208190918, 1256.957275390625, 1314.795166015625, 609.0064086914062, 515.86181640625, 1408.8192138671875, 607.9163208007812, 980.51318359375, 1370.3668212890625, 1380.680419921875], "velocity": [[7.205496311187744, -1.0172491073608398, 23.02756118774414], [-0.8807423114776611, 1.1078449487686157, -19.614004135131836], [1.9505354166030884, 2.6330251693725586, -19.39006996154785], [-2.564864158630371, -0.9068413376808167, 2.8642373085021973], [12.984274864196777, 0.049962013959884644, -12.114630699157715], [-16.615020751953125, -3.244359016418457, 10.006366729736328], [5.4089789390563965, 0.2978069484233856, 1.023641586303711], [12.825164794921875, -1.272014856338501, -16.1983642578125], [-19.62973403930664, 1.1355767250061035, 3.3544270992279053], [-19.61164665222168, -0.055045485496520996, 6.623458385467529]]}