{"track": "minigolf", "karts": ["nolok", "sara_the_racer", "emule", "adiumy", "gavroche", "konqi", "amanda", "xue", "sara_the_wizard", "puffy"], "detections": [[[1, 0, 268, 204, 332, 262], [2, 0, 0, 0, 599, 399], [3, 0, 0, 0, 599, 336], [5, 25, 190, 136, 192, 140]], [[1, 1, 279, 177, 326, 257], [2, 0, 86, 168, 599, 399], [3, 0, 0, 0, 599, 399]], [[1, 2, 266, 198, 327, 262], [2, 0, 0, 167, 583, 399], [3, 0, 0, 0, 599, 399], [3, 3, 438, 147, 456, 166], [3, 5, 416, 147, 439, 167], [4, 14, 5, 163, 56, 192], [4, 15, 203, 159, 227, 177]], [[1, 3, 270, 195, 330, 254], [1, 7, 349, 170, 357, 176], [2, 0, 0, 171, 599, 399], [3, 0, 0, 0, 599, 315], [3, 2, 266, 0, 494, 150], [3, 3, 481, 165, 487, 168], [3, 5, 468, 165, 475, 168], [3, 7, 371, 164, 377, 169], [4, 14, 378, 168, 378, 169], [5, 10, 411, 173, 416, 179], [5, 11, 389, 171, 393, 175], [5, 12, 286, 170, 291, 175], [5, 13, 323, 170, 326, 174]], [[1, 3, 346, 155, 351, 160], [1, 4, 268, 203, 328, 262], [1, 7, 387, 156, 391, 159], [2, 0, 0, 158, 593, 399], [3, 0, 0, 0, 599, 399], [3, 2, 351, 2, 461, 144], [3, 3, 524, 154, 530, 157], [5, 10, 411, 158, 411, 158], [5, 12, 356, 156, 357, 157]], [[1, 0, 284, 177, 313, 203], [1, 5, 258, 192, 343, 272], [2, 0, 0, 0, 599, 399], [3, 0, 0, 0, 599, 337]], [[1, 6, 255, 175, 345, 257], [2, 0, 0, 191, 599, 399], [3, 0, 0, 0, 599, 295], [3, 2, 295, 121, 315, 176], [3, 11, 397, 188, 411, 190], [3, 12, 325, 195, 332, 197], [4, 26, 156, 188, 177, 202], [4, 27, 187, 185, 197, 191], [255, 16777215, 429, 101, 445, 175]], [[1, 7, 266, 188, 334, 264], [2, 0, 0, 160, 599, 399], [3, 0, 0, 0, 599, 237], [3, 2, 20, 0, 163, 97], [3, 7, 302, 149, 311, 158], [4, 14, 311, 154, 316, 157], [4, 33, 313, 167, 313, 167], [5, 11, 460, 175, 481, 202], [5, 13, 133, 175, 158, 199]], [[1, 8, 277, 186, 321, 274], [2, 0, 0, 147, 599, 399], [2, 6, 403, 152, 406, 156], [3, 0, 0, 0, 599, 356], [3, 4, 402, 151, 402, 153], [3, 6, 403, 149, 410, 156], [6, 34, 209, 187, 284, 205], [255, 16777215, 299, 0, 493, 197]], [[1, 9, 247, 202, 353, 274], [2, 0, 0, 143, 599, 399], [3, 0, 0, 0, 599, 390], [3, 2, 309, 45, 334, 131], [3, 11, 436, 139, 599, 194], [3, 12, 340, 144, 366, 171], [5, 22, 346, 180, 374, 209], [5, 23, 259, 179, 268, 190], [255, 16777215, 503, 6, 522, 121]]], "distance_down_track": [444.6576232910156, 492.8743591308594, 644.8017578125, 576.8978881835938, 540.8359985351562, 441.19500732421875, 338.2598876953125, 605.3106689453125, 694.024658203125, 352.6900634765625], "velocity": [[16.543554306030273, 0.0743320882320404, 11.544366836547852], [-18.426183700561523, 2.4455673694610596, 6.419278144836426], [-10.738804817199707, 0.08471271395683289, -17.33746337890625], [7.738258361816406, 0.5452378392219543, -19.191455841064453], [13.648260116577148, 0.09347188472747803, -15.18954086303711], [15.61993408203125, 0.07539665699005127, 10.358561515808105], [18.691967010498047, -0.45578381419181824, -6.460154056549072], [2.270792007446289, 0.08200221508741379, -20.574905395507812], [-17.54210662841797, 0.07337033748626709, -5.30767297744751], [17.50750160217285, -1.1330325603485107, -4.171218395233154]]}