{"track": "overworld", "karts": ["beastie", "kiki", "hexley", "emule", "amanda", "wilber", "adiumy", "xue", "suzanne", "nolok"], "detections": [[[1, 0, 253, 189, 339, 264], [3, 0, 0, 0, 599, 188], [3, 4, 310, 142, 313, 144], [3, 7, 316, 139, 325, 145], [3, 8, 316, 144, 316, 144], [3, 24, 325, 138, 335, 145], [3, 25, 330, 139, 335, 144]], [[1, 1, 265, 182, 332, 255], [1, 2, 503, 166, 509, 169], [2, 0, 415, 171, 422, 177], [3, 0, 0, 53, 576, 170], [3, 4, 504, 141, 504, 141], [3, 7, 508, 139, 514, 142], [3, 24, 514, 139, 521, 142]], [[1, 2, 272, 196, 323, 265], [1, 5, 340, 147, 341, 148], [1, 8, 293, 144, 295, 145], [1, 9, 306, 145, 308, 146], [3, 0, 0, 53, 599, 147], [3, 7, 253, 137, 255, 137], [3, 24, 256, 137, 258, 138]], [[1, 3, 247, 200, 355, 312], [2, 7, 182, 136, 283, 158], [2, 24, 283, 135, 414, 158], [3, 0, 0, 0, 599, 168], [3, 7, 60, 0, 282, 155], [3, 24, 279, 0, 515, 156]], [[1, 4, 256, 191, 337, 262], [1, 7, 292, 155, 298, 161], [3, 0, 3, 0, 599, 155]], [[1, 4, 425, 167, 431, 169], [1, 5, 259, 190, 331, 258], [3, 0, 426, 73, 599, 164]], [[1, 3, 274, 170, 316, 210], [1, 6, 251, 190, 354, 302], [2, 7, 208, 138, 290, 158], [2, 24, 291, 140, 400, 161], [3, 0, 0, 0, 599, 179], [3, 7, 114, 0, 291, 153], [3, 24, 291, 0, 491, 161]], [[1, 7, 263, 188, 332, 265], [3, 0, 0, 0, 599, 165]], [[1, 5, 370, 149, 381, 155], [1, 8, 261, 201, 333, 256], [1, 9, 304, 162, 318, 173], [3, 0, 4, 87, 599, 183], [3, 4, 144, 144, 144, 144], [3, 7, 153, 144, 157, 145], [3, 8, 152, 145, 152, 145], [3, 24, 158, 144, 161, 145]], [[1, 4, 598, 156, 599, 158], [1, 5, 373, 155, 388, 165], [1, 9, 269, 202, 326, 257], [3, 0, 0, 110, 177, 153], [3, 24, 115, 149, 117, 149]]], "distance_down_track": [260.2381591796875, 1452.335693359375, 60.309547424316406, 612.4679565429688, 1159.707763671875, 166.88760375976562, 609.4498901367188, 1191.6646728515625, 137.190673828125, 144.20643615722656], "velocity": [[-1.321730375289917, -1.0122004747390747, 21.671146392822266], [-12.660487174987793, -3.4259657859802246, 14.652200698852539], [4.242751598358154, -0.9758163690567017, 21.411897659301758], [-0.5384435653686523, -1.5028951168060303, 9.755369186401367], [-4.297230243682861, 0.43966612219810486, -21.301424026489258], [19.71001434326172, 1.4871854782104492, 5.818177223205566], [-0.5269052386283875, -1.1463931798934937, 6.745388984680176], [-2.8223683834075928, 0.5980206727981567, -20.49796485900879], [11.854442596435547, -0.7307998538017273, 18.967281341552734], [14.216462135314941, 0.12507115304470062, 17.073843002319336]]}