{"track": "overworld", "karts": ["beastie", "kiki", "hexley", "emule", "amanda", "wilber", "adiumy", "xue", "suzanne", "nolok"], "detections": [[[1, 0, 253, 189, 338, 265], [3, 0, 0, 0, 599, 154]], [[1, 1, 271, 183, 331, 252], [1, 2, 407, 142, 414, 146], [1, 4, 348, 146, 356, 151], [1, 9, 329, 150, 336, 154], [2, 0, 402, 140, 407, 144], [3, 0, 0, 0, 599, 229], [3, 6, 443, 101, 443, 101]], [[1, 2, 273, 196, 324, 265], [2, 0, 160, 166, 204, 209], [3, 0, 0, 0, 599, 172], [3, 24, 254, 134, 255, 134], [3, 25, 257, 135, 257, 135]], [[1, 3, 239, 236, 359, 321], [1, 6, 247, 137, 364, 266], [2, 7, 215, 153, 283, 170], [2, 24, 320, 153, 388, 170], [3, 0, 0, 0, 599, 179], [3, 7, 127, 0, 289, 167], [3, 24, 288, 0, 464, 169]], [[1, 2, 346, 159, 357, 169], [1, 4, 256, 191, 337, 261], [2, 0, 316, 154, 326, 165], [3, 0, 0, 0, 599, 165], [3, 7, 332, 128, 333, 128], [3, 24, 334, 128, 336, 129], [3, 25, 337, 129, 337, 129]], [[1, 0, 264, 157, 271, 161], [1, 5, 256, 189, 331, 260], [3, 0, 284, 61, 599, 153]], [[1, 3, 244, 271, 350, 358], [1, 6, 250, 190, 356, 302], [2, 7, 216, 159, 290, 175], [2, 24, 291, 159, 387, 176], [3, 0, 0, 0, 599, 190], [3, 7, 130, 0, 290, 172], [3, 24, 290, 0, 464, 176]], [[1, 7, 271, 187, 339, 265], [3, 0, 0, 84, 513, 231]], [[1, 1, 329, 165, 353, 193], [1, 2, 403, 145, 409, 148], [1, 4, 350, 149, 357, 153], [1, 8, 263, 201, 340, 261], [1, 9, 333, 152, 339, 155], [2, 0, 399, 143, 403, 147], [3, 0, 0, 0, 599, 220], [3, 5, 426, 112, 427, 112]], [[1, 2, 371, 154, 381, 162], [1, 4, 308, 164, 338, 190], [1, 9, 268, 203, 328, 259], [2, 0, 348, 149, 357, 158], [3, 0, 0, 5, 599, 162], [3, 7, 374, 123, 375, 124], [3, 24, 376, 123, 380, 125], [3, 25, 378, 123, 378, 123]]], "distance_down_track": [1154.8260498046875, 1434.09619140625, 28.933818817138672, 608.0636596679688, 11.136242866516113, 188.56051635742188, 621.8305053710938, 1006.5684204101562, 1426.2701416015625, 1466.1048583984375], "velocity": [[-4.438455581665039, 0.4486902356147766, -21.27225685119629], [-15.817667961120605, -5.136080741882324, 14.95376968383789], [5.386349201202393, -0.9991427063941956, 21.152103424072266], [-0.16927114129066467, -0.36007559299468994, 2.1852166652679443], [0.15590214729309082, -2.296652317047119, 22.443099975585938], [18.71145248413086, -0.2896786332130432, -6.042335033416748], [-0.026719601824879646, 0.524889349937439, 0.2820119857788086], [5.822359561920166, -0.41700008511543274, -19.859912872314453], [-14.741775512695312, -3.6778523921966553, 14.058568954467773], [-3.499689817428589, -2.610982894897461, 20.234251022338867]]}