{"track": "volcano_island", "karts": ["gavroche", "adiumy", "amanda", "nolok", "tux", "konqi", "kiki", "pidgin", "sara_the_racer", "suzanne"], "detections": [[[1, 0, 271, 202, 324, 254], [1, 1, 532, 152, 535, 153], [1, 9, 525, 152, 529, 154], [2, 0, 0, 147, 599, 399], [3, 0, 0, 0, 599, 293], [3, 99, 135, 168, 154, 182], [3, 103, 427, 153, 445, 165], [3, 365, 522, 138, 560, 161], [4, 3, 534, 154, 534, 154]], [[1, 1, 268, 194, 335, 262], [1, 3, 279, 156, 287, 161], [1, 4, 307, 154, 313, 159], [1, 5, 290, 154, 300, 161], [1, 6, 321, 152, 326, 157], [1, 8, 312, 152, 317, 162], [2, 0, 0, 158, 599, 399], [3, 0, 0, 0, 599, 227], [3, 161, 466, 149, 599, 209]], [[1, 0, 345, 161, 357, 169], [1, 2, 260, 191, 336, 256], [2, 0, 0, 156, 599, 399], [3, 0, 0, 25, 599, 278], [3, 99, 287, 162, 289, 163], [3, 101, 131, 158, 157, 172], [3, 103, 476, 152, 490, 160]], [[1, 3, 266, 203, 325, 260], [1, 4, 367, 176, 402, 201], [1, 5, 331, 183, 389, 237], [1, 6, 349, 161, 359, 173], [1, 8, 537, 224, 599, 281], [2, 0, 0, 168, 599, 399], [3, 0, 0, 15, 599, 242], [3, 180, 262, 169, 263, 169]], [[1, 4, 264, 198, 333, 255], [1, 5, 0, 346, 140, 399], [1, 6, 315, 162, 327, 177], [2, 0, 0, 168, 599, 399], [3, 0, 0, 0, 599, 243], [3, 180, 235, 171, 238, 172]], [[1, 3, 128, 223, 243, 305], [1, 4, 334, 178, 369, 206], [1, 5, 259, 192, 328, 259], [1, 6, 331, 162, 341, 174], [1, 8, 508, 219, 599, 373], [2, 0, 0, 168, 599, 399], [3, 0, 0, 0, 599, 229], [3, 180, 248, 171, 249, 172]], [[1, 6, 265, 182, 332, 256], [2, 0, 0, 164, 599, 399], [3, 0, 0, 0, 599, 254], [3, 180, 143, 174, 150, 184]], [[1, 7, 262, 210, 336, 260], [2, 0, 0, 157, 599, 399], [3, 0, 0, 0, 599, 260], [3, 21, 218, 170, 218, 170], [3, 65, 144, 170, 163, 187], [3, 127, 2, 209, 16, 215], [3, 131, 0, 209, 5, 215], [3, 163, 182, 178, 183, 179], [3, 169, 180, 166, 221, 179], [3, 254, 172, 181, 172, 182], [3, 300, 167, 173, 187, 182], [3, 350, 229, 163, 242, 171], [3, 367, 219, 171, 223, 173]], [[1, 3, 110, 191, 181, 227], [1, 4, 277, 173, 299, 193], [1, 5, 189, 177, 249, 216], [1, 6, 320, 162, 330, 172], [1, 8, 279, 179, 318, 251], [2, 0, 0, 169, 599, 399], [3, 0, 0, 0, 599, 259]], [[1, 1, 277, 164, 304, 190], [1, 3, 281, 151, 288, 156], [1, 4, 305, 150, 309, 154], [1, 5, 291, 149, 299, 155], [1, 6, 319, 148, 323, 153], [1, 8, 309, 148, 313, 156], [1, 9, 251, 201, 349, 276], [2, 0, 0, 153, 599, 399], [3, 0, 0, 0, 599, 220], [3, 161, 405, 149, 491, 181]]], "distance_down_track": [342.5693359375, 435.44891357421875, 325.3587646484375, 458.41424560546875, 462.53814697265625, 459.6220703125, 474.99072265625, 534.677001953125, 457.05731201171875, 430.726318359375], "velocity": [[16.328386306762695, 0.8143413066864014, 16.177783966064453], [17.7094669342041, 1.355305790901184, -2.6675291061401367], [9.070097923278809, 0.8090199828147888, 22.35047721862793], [19.889707565307617, 1.6288052797317505, -6.753305912017822], [19.900470733642578, 1.5627292394638062, -6.443734169006348], [21.529207229614258, 1.7778681516647339, -9.964764595031738], [17.337461471557617, 0.8773192763328552, -9.238775253295898], [1.4325212240219116, 0.42560163140296936, -21.683563232421875], [22.21731185913086, 1.833479642868042, -4.840494632720947], [15.31557846069336, 1.1016089916229248, -2.1169493198394775]]}