{"track": "overworld", "karts": ["beastie", "kiki", "hexley", "emule", "amanda", "wilber", "adiumy", "xue", "suzanne", "nolok"], "detections": [[[1, 0, 262, 189, 348, 266], [3, 0, 0, 58, 599, 227]], [[1, 1, 267, 183, 328, 253], [1, 2, 293, 164, 294, 167], [1, 6, 295, 165, 296, 168], [2, 7, 268, 164, 290, 166], [2, 24, 291, 162, 319, 166], [3, 0, 0, 19, 599, 200], [3, 7, 245, 72, 290, 166], [3, 8, 249, 80, 263, 94], [3, 24, 287, 71, 333, 166], [3, 25, 310, 78, 333, 114]], [[1, 2, 275, 196, 326, 265], [1, 6, 311, 155, 320, 165], [2, 7, 246, 150, 305, 163], [2, 24, 305, 146, 381, 162], [3, 0, 0, 0, 599, 173], [3, 7, 175, 0, 304, 163], [3, 24, 299, 0, 436, 158]], [[1, 3, 235, 199, 354, 323], [3, 0, 0, 136, 387, 157], [3, 4, 290, 154, 290, 156], [3, 7, 262, 152, 266, 155], [3, 24, 267, 152, 273, 155], [255, 16777215, 69, 168, 378, 192]], [[1, 4, 252, 190, 344, 268], [1, 7, 397, 177, 398, 179], [3, 0, 0, 26, 599, 203]], [[1, 5, 255, 190, 338, 262], [3, 0, 0, 0, 599, 358]], [[1, 6, 254, 193, 353, 300], [2, 7, 0, 229, 250, 294], [2, 24, 247, 230, 599, 296], [3, 0, 0, 327, 599, 383], [3, 7, 0, 0, 264, 231], [3, 24, 251, 0, 599, 278], [255, 16777215, 50, 328, 553, 340]], [[1, 7, 270, 187, 338, 263], [1, 8, 404, 150, 409, 152], [3, 0, 0, 39, 599, 181], [3, 5, 472, 112, 473, 112]], [[1, 8, 259, 201, 335, 259], [1, 9, 311, 140, 314, 142], [2, 0, 238, 154, 259, 176], [3, 0, 0, 0, 599, 165], [3, 7, 267, 126, 268, 126], [3, 24, 270, 127, 270, 127], [3, 25, 271, 127, 271, 127]], [[1, 9, 265, 203, 326, 261], [3, 0, 0, 86, 376, 170], [3, 7, 282, 161, 283, 161], [3, 24, 284, 161, 287, 162]]], "distance_down_track": [1030.9671630859375, 391.29315185546875, 391.29315185546875, 351.8743896484375, 1365.2371826171875, 1342.6514892578125, 621.8492431640625, 1411.544921875, 23.412433624267578, 80.23560333251953], "velocity": [[4.4695634841918945, -0.19867540895938873, -21.269548416137695], [0.08182879537343979, -1.65586256980896, 21.78701400756836], [-2.069188356399536, -3.7475202083587646, 21.426549911499023], [1.7648415565490723, 0.03577530384063721, 2.667999744415283], [-18.507761001586914, 1.8306444883346558, 1.2587425708770752], [-11.230376243591309, 2.21623158454895, -11.589203834533691], [-0.013190120458602905, 0.18571028113365173, -0.053727876394987106], [-16.964853286743164, -3.9632959365844727, 11.179265975952148], [4.0697340965271, -1.8567845821380615, 20.210878372192383], [1.5670130252838135, 0.8458788394927979, 20.623260498046875]]}