{"track": "tutorial", "karts": ["puffy", "hexley", "tux", "suzanne", "pidgin", "nolok", "beastie", "gavroche", "amanda", "adiumy"], "detections": [[[1, 0, 255, 202, 344, 262], [1, 1, 242, 148, 246, 152], [2, 0, 0, 139, 599, 399], [3, 0, 0, 0, 599, 273], [3, 6, 312, 58, 323, 72], [3, 7, 257, 54, 267, 66]], [[1, 1, 274, 196, 329, 270], [2, 0, 0, 163, 599, 399], [3, 0, 0, 69, 599, 283], [3, 6, 451, 59, 469, 79], [3, 7, 371, 74, 383, 87]], [[1, 2, 231, 196, 360, 314], [2, 0, 4, 90, 316, 163], [3, 0, 0, 11, 599, 399]], [[1, 3, 229, 201, 381, 326], [2, 0, 0, 170, 599, 399], [3, 0, 0, 0, 599, 220]], [[1, 4, 237, 214, 348, 295], [1, 6, 226, 147, 233, 153], [2, 0, 0, 108, 599, 399], [3, 0, 0, 0, 599, 399]], [[1, 5, 234, 206, 356, 322], [1, 7, 411, 133, 433, 146], [2, 0, 402, 37, 535, 88], [3, 0, 0, 0, 599, 399]], [[1, 6, 233, 185, 361, 294], [2, 0, 0, 107, 599, 399], [3, 0, 0, 0, 599, 193]], [[1, 7, 232, 205, 343, 324], [2, 0, 138, 0, 353, 107], [3, 0, 0, 0, 599, 399]], [[1, 8, 258, 191, 339, 260], [1, 9, 358, 168, 363, 172], [2, 0, 0, 162, 599, 399], [3, 0, 0, 0, 599, 394]], [[1, 9, 269, 196, 332, 254], [2, 0, 0, 129, 599, 399], [3, 0, 0, 0, 599, 359]]], "distance_down_track": [587.1083984375, 632.1390380859375, 0.0, 0.0, 753.8200073242188, 0.0, 753.8200073242188, 0.0, 753.8200073242188, 753.8200073242188], "velocity": [[3.459733724594116, -3.694525718688965, -21.13743019104004], [10.738426208496094, -0.33037132024765015, -16.470861434936523], [-4.94782829284668, 0.09755921363830566, -0.2771672010421753], [0.19316807389259338, 0.02431587129831314, 0.3396921455860138], [-9.557394027709961, -1.4974267482757568, -7.226309299468994], [4.008662223815918, 0.028962619602680206, 2.2639424800872803], [-5.76032018661499, -0.18741826713085175, -10.61080551147461], [4.055490493774414, -0.1808168888092041, -2.8820912837982178], [-14.753286361694336, 1.9661588668823242, 15.839348793029785], [-13.940286636352539, 1.5666298866271973, 15.221827507019043]]}