{"track": "tutorial", "karts": ["puffy", "hexley", "tux", "suzanne", "pidgin", "nolok", "beastie", "gavroche", "amanda", "adiumy"], "detections": [[[1, 0, 204, 203, 394, 327], [1, 1, 2, 186, 208, 347], [2, 0, 0, 102, 69, 132], [3, 0, 0, 43, 599, 399]], [[1, 0, 383, 213, 599, 334], [1, 1, 245, 193, 354, 352], [2, 0, 0, 116, 132, 212], [3, 0, 0, 81, 599, 399]], [[1, 2, 240, 197, 341, 288], [1, 3, 216, 145, 222, 149], [2, 0, 0, 118, 599, 399], [3, 0, 0, 0, 599, 308]], [[1, 3, 241, 201, 354, 290], [2, 0, 0, 104, 599, 399], [3, 0, 0, 0, 599, 193]], [[1, 4, 261, 210, 337, 262], [2, 0, 0, 160, 599, 399], [3, 0, 0, 0, 599, 382]], [[1, 5, 269, 202, 325, 254], [2, 0, 0, 170, 599, 399], [3, 0, 0, 0, 599, 362]], [[1, 5, 328, 162, 339, 171], [1, 6, 258, 190, 337, 256], [2, 0, 0, 163, 599, 399], [3, 0, 0, 52, 599, 300]], [[1, 7, 243, 205, 359, 320], [2, 0, 0, 200, 599, 399], [3, 0, 0, 31, 599, 273]], [[1, 8, 219, 183, 380, 318], [1, 9, 251, 302, 348, 386], [2, 0, 139, 109, 415, 184], [3, 0, 0, 12, 599, 399]], [[1, 8, 212, 90, 387, 224], [1, 9, 250, 201, 354, 310], [2, 0, 140, 89, 420, 160], [3, 0, 0, 8, 599, 399]]], "distance_down_track": [712.6583862304688, 712.6583862304688, 741.5721435546875, 741.5721435546875, 741.5721435546875, 753.8200073242188, 741.5721435546875, 753.8200073242188, 741.5721435546875, 729.2155151367188], "velocity": [[-0.0696285218000412, 0.08180651813745499, 0.001221915939822793], [-0.17831015586853027, 0.13299411535263062, 0.013031750917434692], [-9.419703483581543, -1.5947555303573608, -6.4012451171875], [-5.704076766967773, -0.32207179069519043, -9.98046875], [-19.35631561279297, 3.1479549407958984, 9.097000122070312], [-17.699037551879883, 3.9092304706573486, 14.158462524414062], [-21.50121307373047, 3.7615644931793213, 10.33300495147705], [-0.9433314204216003, 0.08401267230510712, 0.2735229730606079], [-0.044899821281433105, 0.08164626359939575, 0.04660618305206299], [-0.6144788265228271, 0.03734716773033142, -0.19101306796073914]]}