{"track": "overworld", "karts": ["beastie", "kiki", "hexley", "emule", "amanda", "wilber", "adiumy", "xue", "suzanne", "nolok"], "detections": [[[1, 0, 253, 188, 348, 269], [3, 0, 0, 95, 430, 163], [3, 4, 277, 155, 277, 155], [3, 7, 284, 155, 287, 155], [3, 24, 288, 155, 289, 155], [3, 25, 292, 156, 292, 156]], [[1, 1, 261, 181, 327, 259], [1, 2, 300, 153, 302, 155], [3, 0, 0, 0, 599, 160]], [[1, 2, 271, 197, 326, 272], [1, 5, 305, 138, 307, 138], [1, 8, 317, 135, 319, 136], [1, 9, 308, 137, 309, 138], [3, 0, 0, 0, 599, 176]], [[1, 3, 242, 198, 362, 317], [1, 6, 251, 219, 350, 329], [2, 7, 203, 181, 277, 199], [2, 24, 278, 183, 372, 200], [3, 0, 0, 0, 599, 219], [3, 7, 120, 0, 277, 195], [3, 24, 278, 0, 441, 199]], [[1, 4, 261, 191, 342, 261], [3, 0, 0, 92, 490, 205]], [[1, 5, 259, 190, 334, 258], [1, 8, 259, 170, 290, 188], [1, 9, 180, 186, 227, 213], [3, 0, 0, 0, 599, 236]], [[1, 3, 237, 172, 360, 290], [1, 6, 249, 194, 350, 304], [2, 7, 210, 163, 285, 182], [2, 24, 285, 166, 381, 185], [3, 0, 0, 0, 599, 209], [3, 7, 127, 0, 288, 176], [3, 24, 286, 0, 462, 185]], [[1, 4, 401, 156, 404, 158], [1, 7, 263, 186, 332, 263], [3, 0, 0, 112, 572, 174]], [[1, 8, 254, 201, 342, 269], [3, 0, 0, 18, 599, 203]], [[1, 8, 327, 171, 364, 199], [1, 9, 262, 204, 332, 268], [3, 0, 0, 0, 599, 310]]], "distance_down_track": [159.88633728027344, 1196.1778564453125, 1260.9805908203125, 621.7499389648438, 1055.8087158203125, 1349.2457275390625, 621.7421264648438, 978.6497192382812, 1354.1431884765625, 1350.3194580078125], "velocity": [[0.5551934838294983, 0.07639080286026001, 19.15094566345215], [-2.9481098651885986, 0.31981581449508667, -19.440128326416016], [-0.6923766136169434, 2.245896577835083, -19.524057388305664], [0.21088941395282745, 0.558919370174408, 0.28607797622680664], [6.792701244354248, -1.1447407007217407, -20.614532470703125], [-18.199508666992188, 2.959075450897217, -9.596039772033691], [0.4949302077293396, -0.24762028455734253, 0.2406955510377884], [13.588911056518555, -1.2887803316116333, -15.561827659606934], [-16.61963653564453, 2.342312812805176, -4.1163411140441895], [-15.498162269592285, 2.4510390758514404, -7.078457832336426]]}