{"track": "overworld", "karts": ["beastie", "kiki", "hexley", "emule", "amanda", "wilber", "adiumy", "xue", "suzanne", "nolok"], "detections": [[[1, 0, 255, 188, 343, 262], [3, 0, 0, 115, 541, 170]], [[1, 1, 262, 181, 334, 261], [1, 2, 295, 172, 298, 176], [2, 7, 263, 168, 292, 174], [2, 24, 292, 166, 329, 174], [3, 0, 0, 0, 599, 176], [3, 7, 233, 48, 291, 174], [3, 24, 286, 47, 346, 171], [3, 25, 339, 78, 347, 123], [255, 16777215, 0, 153, 599, 196]], [[1, 2, 274, 196, 329, 272], [2, 7, 175, 148, 284, 172], [2, 24, 284, 144, 423, 172], [3, 0, 0, 0, 599, 182], [3, 7, 37, 0, 283, 171], [3, 24, 276, 0, 526, 166]], [[1, 1, 292, 159, 294, 160], [1, 3, 240, 199, 357, 321], [3, 0, 0, 74, 599, 172], [3, 1, 137, 143, 186, 172], [3, 2, 198, 122, 218, 142], [3, 3, 196, 106, 211, 121], [3, 4, 193, 84, 212, 105], [3, 7, 263, 112, 287, 159], [3, 8, 264, 114, 276, 128], [3, 24, 287, 112, 311, 161], [3, 25, 297, 114, 311, 132], [255, 16777215, 37, 158, 599, 175]], [[1, 4, 265, 192, 340, 256], [3, 0, 0, 0, 599, 188]], [[1, 5, 268, 191, 331, 248], [1, 7, 356, 194, 435, 263], [2, 0, 412, 169, 419, 175], [3, 0, 0, 0, 599, 174], [3, 4, 511, 136, 512, 137], [3, 6, 415, 137, 415, 137], [3, 7, 516, 135, 523, 138], [3, 24, 523, 135, 530, 138], [3, 25, 527, 135, 530, 137]], [[1, 5, 291, 152, 316, 172], [1, 6, 280, 196, 327, 242], [1, 7, 324, 152, 349, 173], [2, 0, 352, 141, 357, 146], [3, 0, 0, 0, 599, 313], [3, 4, 434, 111, 434, 111], [3, 6, 357, 110, 357, 110], [3, 7, 438, 110, 443, 113], [3, 8, 437, 112, 438, 113], [3, 24, 444, 110, 449, 113]], [[1, 5, 188, 188, 255, 238], [1, 7, 275, 190, 330, 252], [2, 0, 410, 150, 417, 156], [3, 0, 0, 0, 599, 157], [3, 4, 527, 113, 529, 113], [3, 6, 425, 115, 425, 115], [3, 7, 532, 112, 540, 115], [3, 8, 533, 112, 537, 114], [3, 24, 541, 112, 548, 115], [3, 25, 547, 113, 548, 114]], [[1, 8, 258, 200, 335, 260], [1, 9, 448, 144, 455, 147], [3, 0, 0, 99, 477, 162], [3, 5, 0, 149, 5, 149], [3, 7, 232, 140, 234, 141], [3, 24, 235, 140, 238, 141]], [[1, 9, 263, 202, 324, 262], [3, 0, 363, 63, 599, 161]]], "distance_down_track": [970.4130249023438, 544.0811767578125, 544.0811767578125, 503.62255859375, 0.0, 0.0, 0.0, 0.0, 116.50735473632812, 177.302001953125], "velocity": [[14.304235458374023, -2.2356674671173096, -16.21113395690918], [-0.2645898759365082, -1.435455083847046, 18.80874252319336], [-0.8379052877426147, -2.631057024002075, 19.470172882080078], [0.18898750841617584, -0.4321151375770569, 6.249943733215332], [1.496735692024231, 3.7292580604553223, -23.81333351135254], [-16.301944732666016, -1.5819222927093506, 18.50545310974121], [-16.924726486206055, -3.8316264152526855, 24.122766494750977], [-19.280750274658203, -1.6415044069290161, 19.53990936279297], [6.486030578613281, -0.9644765853881836, 19.633928298950195], [20.6845760345459, 0.7981761693954468, 0.033392637968063354]]}