{"track": "snowtuxpeak", "karts": ["pidgin", "amanda", "xue", "tux", "gavroche", "emule", "puffy", "sara_the_wizard", "beastie", "gnu"], "detections": [[[1, 0, 237, 215, 354, 298], [1, 3, 455, 98, 455, 98], [1, 4, 354, 150, 358, 153], [1, 6, 433, 96, 435, 97], [1, 9, 400, 145, 402, 146], [2, 0, 0, 76, 599, 399], [3, 0, 0, 0, 599, 251], [4, 14, 396, 151, 406, 159], [4, 15, 366, 150, 374, 159], [4, 16, 337, 150, 345, 158], [4, 17, 309, 150, 316, 158]], [[1, 1, 289, 197, 315, 222], [1, 8, 219, 163, 246, 191], [3, 0, 0, 0, 599, 399]], [[1, 2, 264, 187, 333, 264], [1, 5, 309, 160, 318, 168], [1, 7, 322, 153, 323, 155], [2, 0, 0, 154, 599, 399], [3, 0, 0, 0, 599, 289], [6, 23, 316, 156, 323, 156]], [[1, 0, 396, 154, 401, 156], [1, 1, 473, 176, 475, 177], [1, 3, 268, 198, 335, 255], [2, 0, 0, 146, 599, 399], [3, 0, 0, 103, 599, 253], [3, 1, 521, 17, 566, 73], [5, 12, 330, 147, 330, 148]], [[1, 2, 482, 144, 495, 150], [1, 4, 270, 204, 328, 261], [1, 5, 583, 147, 587, 148], [1, 9, 409, 146, 418, 151], [2, 0, 0, 0, 599, 399], [3, 0, 0, 0, 599, 263]], [[1, 5, 269, 200, 330, 261], [1, 7, 302, 154, 305, 157], [2, 0, 0, 156, 599, 399], [3, 0, 0, 0, 599, 252], [6, 23, 295, 158, 304, 159]], [[1, 0, 350, 153, 350, 153], [1, 3, 272, 162, 285, 173], [1, 6, 261, 200, 348, 266], [1, 8, 414, 164, 419, 167], [2, 0, 0, 147, 599, 399], [3, 0, 0, 110, 599, 292], [3, 1, 455, 38, 487, 82]], [[1, 2, 355, 180, 356, 182], [1, 5, 356, 182, 359, 184], [1, 7, 249, 209, 356, 358], [1, 9, 353, 180, 353, 181], [2, 0, 0, 136, 599, 399], [3, 0, 0, 0, 599, 278], [3, 1, 218, 125, 235, 150], [4, 14, 274, 179, 275, 181], [4, 15, 277, 180, 278, 180], [6, 23, 336, 203, 399, 216]], [[1, 1, 526, 257, 599, 336], [1, 8, 245, 186, 334, 272], [3, 0, 0, 0, 599, 399]], [[1, 2, 321, 155, 340, 174], [1, 5, 341, 152, 347, 157], [1, 7, 356, 148, 357, 150], [1, 9, 252, 196, 342, 266], [2, 0, 0, 0, 590, 399], [3, 0, 0, 0, 599, 399], [6, 23, 354, 150, 354, 150]]], "distance_down_track": [857.4287109375, 842.1566162109375, 933.1565551757812, 762.0585327148438, 900.9820556640625, 949.73291015625, 748.6349487304688, 6.861049175262451, 848.32080078125, 923.4041137695312], "velocity": [[-12.03187084197998, -0.4546147584915161, 0.2471943199634552], [-16.734418869018555, -13.121005058288574, -10.328783988952637], [-2.143105983734131, 0.07633206993341446, 20.5886173248291], [21.89199447631836, -3.286712646484375, -2.1695234775543213], [-19.48900032043457, 2.1351611614227295, 6.641530513763428], [-0.854892373085022, 0.08180936425924301, 20.68217658996582], [21.937503814697266, -3.3956141471862793, -3.7694218158721924], [-5.757096290588379, 0.08172515034675598, 19.883136749267578], [-13.264317512512207, -12.334762573242188, -13.39002799987793], [-2.675116539001465, 0.0460934191942215, 11.184436798095703]]}