{"track": "overworld", "karts": ["beastie", "kiki", "hexley", "emule", "amanda", "wilber", "adiumy", "xue", "suzanne", "nolok"], "detections": [[[1, 0, 256, 189, 337, 260], [3, 0, 0, 89, 501, 177], [3, 7, 297, 163, 299, 163], [3, 24, 300, 163, 303, 164], [3, 25, 304, 164, 304, 164]], [[1, 1, 272, 183, 332, 253], [1, 2, 369, 148, 374, 151], [1, 7, 413, 145, 417, 147], [1, 8, 460, 154, 501, 172], [1, 9, 376, 148, 381, 150], [3, 0, 0, 39, 599, 174], [3, 5, 440, 113, 440, 113]], [[1, 0, 430, 132, 433, 134], [1, 2, 271, 196, 325, 270], [1, 7, 376, 154, 388, 164], [1, 9, 303, 172, 329, 193], [2, 0, 365, 149, 373, 158], [3, 0, 0, 21, 599, 161], [3, 7, 402, 122, 404, 123], [3, 8, 401, 122, 401, 122], [3, 24, 405, 122, 408, 123]], [[1, 3, 243, 200, 359, 321], [1, 6, 188, 166, 236, 209], [2, 7, 174, 139, 259, 158], [2, 24, 259, 139, 365, 158], [3, 0, 0, 0, 599, 168], [3, 7, 64, 0, 258, 155], [3, 24, 250, 0, 441, 156]], [[1, 4, 258, 192, 343, 262], [3, 0, 36, 110, 543, 163]], [[1, 5, 262, 190, 337, 260], [3, 0, 201, 36, 599, 149]], [[1, 6, 254, 191, 352, 297], [2, 7, 190, 134, 290, 158], [2, 24, 291, 135, 422, 159], [3, 0, 0, 0, 599, 172], [3, 7, 72, 0, 290, 153], [3, 24, 290, 0, 528, 158]], [[1, 0, 294, 134, 297, 136], [1, 7, 266, 188, 330, 260], [2, 0, 213, 157, 240, 186], [3, 0, 0, 0, 599, 164], [3, 7, 259, 126, 259, 126], [3, 24, 261, 127, 262, 127]], [[1, 2, 344, 145, 350, 148], [1, 7, 400, 140, 405, 143], [1, 8, 263, 201, 340, 260], [1, 9, 355, 144, 360, 147], [2, 0, 406, 137, 410, 140], [3, 0, 0, 6, 599, 185]], [[1, 0, 385, 133, 387, 135], [1, 7, 350, 156, 364, 169], [1, 9, 267, 203, 327, 261], [2, 0, 333, 150, 342, 161], [3, 0, 0, 0, 599, 162], [3, 7, 354, 124, 355, 125], [3, 24, 356, 124, 359, 126]]], "distance_down_track": [97.17215728759766, 1414.7745361328125, 1464.667236328125, 609.4149169921875, 965.6519165039062, 216.51336669921875, 612.3543701171875, 26.016510009765625, 1419.509033203125, 9.199848175048828], "velocity": [[0.23616869747638702, 0.943933367729187, 23.211915969848633], [-16.33043098449707, -3.6740338802337646, 14.832792282104492], [-5.214123725891113, -2.947964668273926, 18.730579376220703], [-0.21428771317005157, -1.033913493156433, 6.157652854919434], [14.259611129760742, -0.5758850574493408, -15.480571746826172], [18.33714485168457, 0.18807807564735413, -7.101119041442871], [-0.5176455974578857, -1.448373556137085, 9.307472229003906], [5.261747360229492, -1.159547209739685, 22.359996795654297], [-15.333921432495117, -4.224806308746338, 13.248087882995605], [-1.549311637878418, -2.2930479049682617, 20.94678497314453]]}