{"track": "snowtuxpeak", "karts": ["pidgin", "amanda", "xue", "tux", "gavroche", "emule", "puffy", "sara_the_wizard", "beastie", "gnu"], "detections": [[[1, 0, 266, 209, 335, 256], [1, 1, 304, 155, 308, 159], [1, 3, 287, 165, 303, 179], [1, 8, 289, 156, 295, 160], [1, 9, 301, 153, 303, 157], [2, 0, 0, 147, 599, 399], [3, 0, 0, 103, 599, 240], [3, 1, 433, 52, 458, 88], [5, 22, 361, 145, 362, 147]], [[1, 1, 262, 192, 333, 252], [1, 6, 398, 148, 418, 157], [1, 9, 0, 188, 245, 399], [2, 0, 0, 144, 599, 399], [3, 0, 0, 37, 599, 313], [3, 1, 470, 28, 505, 76], [5, 22, 452, 140, 466, 152], [6, 12, 384, 149, 401, 153], [6, 13, 442, 150, 459, 155]], [[1, 2, 261, 185, 333, 265], [2, 0, 0, 0, 599, 399], [3, 0, 0, 0, 599, 399], [5, 23, 411, 150, 415, 153]], [[1, 1, 303, 156, 309, 161], [1, 3, 268, 198, 332, 253], [1, 5, 475, 170, 476, 170], [1, 8, 285, 156, 292, 162], [1, 9, 299, 153, 303, 159], [2, 0, 0, 146, 599, 399], [3, 0, 0, 96, 599, 238], [3, 1, 436, 47, 462, 85], [5, 22, 367, 144, 369, 146]], [[1, 4, 260, 203, 333, 255], [2, 0, 0, 160, 599, 399], [3, 0, 0, 0, 599, 250], [3, 1, 62, 70, 90, 104], [4, 18, 571, 219, 599, 270]], [[1, 0, 411, 98, 416, 100], [1, 2, 346, 147, 351, 151], [1, 3, 447, 98, 454, 100], [1, 5, 267, 199, 329, 263], [1, 7, 317, 152, 321, 157], [2, 0, 0, 83, 599, 399], [3, 0, 0, 0, 599, 268], [6, 14, 388, 151, 412, 167], [6, 15, 348, 152, 373, 167], [6, 16, 312, 158, 331, 168], [6, 17, 271, 152, 291, 169]], [[1, 6, 245, 199, 332, 265], [2, 0, 0, 170, 599, 399], [3, 0, 0, 0, 599, 399], [5, 22, 328, 155, 361, 189], [6, 12, 131, 194, 250, 233], [6, 13, 304, 181, 358, 195]], [[1, 2, 384, 165, 405, 179], [1, 7, 279, 188, 322, 265], [2, 0, 0, 13, 599, 399], [3, 0, 0, 0, 599, 271]], [[1, 1, 339, 170, 374, 195], [1, 6, 382, 146, 397, 153], [1, 8, 258, 190, 339, 258], [1, 9, 344, 157, 394, 205], [2, 0, 0, 142, 599, 399], [3, 0, 0, 51, 599, 282], [3, 1, 434, 34, 464, 77], [5, 22, 423, 137, 434, 147], [6, 12, 370, 146, 383, 150], [6, 13, 415, 146, 427, 150]], [[1, 1, 309, 173, 344, 206], [1, 6, 385, 146, 402, 153], [1, 8, 0, 215, 205, 353], [1, 9, 270, 159, 327, 232], [2, 0, 0, 142, 599, 399], [3, 0, 0, 48, 599, 263], [3, 1, 452, 28, 484, 75], [5, 22, 432, 137, 442, 144], [6, 12, 373, 146, 387, 150], [6, 13, 423, 146, 425, 148]]], "distance_down_track": [763.1827392578125, 806.753662109375, 918.7782592773438, 773.2113037109375, 719.12744140625, 866.3984985351562, 832.7062377929688, 902.1099243164062, 802.0271606445312, 803.3831176757812], "velocity": [[23.83082389831543, -3.5744400024414062, -1.5930019617080688], [25.341644287109375, -3.8654403686523438, -2.7477879524230957], [-7.846756458282471, 0.06138844043016434, 19.155014038085938], [22.552515029907227, -3.4054043292999268, -1.873644471168518], [5.946645736694336, 0.1327173113822937, -22.21755599975586], [-20.04902458190918, -0.9204086065292358, 5.252231597900391], [7.62759256362915, 0.185357004404068, -21.269472122192383], [-19.1365909576416, 2.029406785964966, 7.62642765045166], [22.60411262512207, -3.418087959289551, -4.768197536468506], [21.73567771911621, -3.2942380905151367, -3.053895950317383]]}