{"track": "tutorial", "karts": ["puffy", "hexley", "tux", "suzanne", "pidgin", "nolok", "beastie", "gavroche", "amanda", "adiumy"], "detections": [[[1, 0, 221, 200, 372, 308], [1, 1, 418, 160, 431, 168], [1, 5, 327, 167, 339, 176], [1, 7, 302, 178, 314, 189], [2, 0, 324, 123, 459, 151], [3, 0, 0, 0, 599, 399], [3, 8, 90, 3, 102, 16]], [[1, 1, 243, 192, 353, 350], [2, 0, 0, 95, 100, 146], [3, 0, 0, 54, 599, 399]], [[1, 2, 263, 198, 327, 256], [1, 9, 246, 184, 292, 226], [2, 0, 0, 157, 599, 399], [3, 0, 0, 0, 599, 375], [3, 6, 210, 0, 232, 18], [3, 7, 81, 0, 102, 10], [3, 8, 246, 59, 246, 59]], [[1, 2, 348, 142, 348, 142], [1, 3, 266, 201, 336, 255], [1, 4, 269, 147, 278, 152], [2, 0, 0, 140, 599, 399], [3, 0, 0, 54, 599, 308], [3, 6, 398, 45, 413, 63], [3, 7, 332, 53, 343, 65]], [[1, 4, 266, 209, 335, 255], [2, 0, 0, 169, 599, 399], [3, 0, 0, 72, 599, 270], [3, 6, 458, 62, 477, 82], [3, 7, 375, 79, 388, 90]], [[1, 1, 434, 162, 459, 183], [1, 5, 235, 205, 351, 321], [2, 0, 178, 115, 343, 159], [3, 0, 0, 21, 599, 399]], [[1, 6, 260, 190, 339, 256], [2, 0, 0, 166, 599, 399], [3, 0, 0, 67, 599, 283], [3, 7, 201, 126, 207, 131]], [[1, 1, 519, 165, 540, 184], [1, 5, 349, 171, 383, 202], [1, 7, 243, 204, 337, 300], [2, 0, 304, 127, 437, 161], [3, 0, 0, 3, 599, 399], [3, 8, 14, 17, 23, 21]], [[1, 6, 274, 157, 283, 164], [1, 8, 260, 192, 336, 254], [2, 0, 0, 160, 599, 399], [3, 0, 0, 116, 599, 399], [3, 6, 187, 133, 189, 134], [3, 7, 131, 122, 141, 130]], [[1, 2, 300, 222, 403, 317], [1, 9, 269, 195, 329, 252], [2, 0, 0, 157, 599, 399], [3, 0, 0, 3, 599, 317], [3, 6, 229, 0, 250, 19], [3, 7, 103, 0, 128, 15], [3, 8, 264, 57, 264, 57]]], "distance_down_track": [707.1244506835938, 712.6583862304688, 383.7624206542969, 383.7624206542969, 383.7624206542969, 473.2306823730469, 365.0060729980469, 420.1153259277344, 343.6702575683594, 343.6702575683594], "velocity": [[-4.769088268280029, -10.561606407165527, -4.896153450012207], [-0.14390155673027039, 0.0821012556552887, 0.009341505356132984], [-9.449835777282715, -3.1014928817749023, -20.472354888916016], [10.4286470413208, -2.72536039352417, -20.317867279052734], [13.270317077636719, -0.2754777669906616, -20.175363540649414], [-4.6727800369262695, 0.08755826950073242, -1.0988690853118896], [-2.918170928955078, 1.2318676710128784, -23.94137191772461], [-4.341050624847412, 0.12963798642158508, -2.0744099617004395], [-9.390375137329102, 1.4990843534469604, -22.199010848999023], [-8.776629447937012, -3.0623791217803955, -20.714786529541016]]}