{"track": "overworld", "karts": ["beastie", "kiki", "hexley", "emule", "amanda", "wilber", "adiumy", "xue", "suzanne", "nolok"], "detections": [[[1, 0, 252, 188, 344, 266], [3, 0, 79, 113, 534, 162]], [[1, 1, 264, 183, 325, 253], [1, 2, 458, 171, 462, 173], [3, 0, 393, 78, 599, 167]], [[1, 2, 264, 196, 328, 280], [1, 5, 461, 148, 464, 150], [1, 8, 458, 154, 462, 156], [1, 9, 461, 152, 463, 153], [3, 0, 15, 0, 599, 149]], [[1, 3, 241, 270, 359, 321], [1, 6, 238, 160, 380, 309], [2, 7, 212, 147, 289, 164], [2, 24, 290, 147, 390, 165], [3, 0, 0, 0, 599, 175], [3, 7, 120, 0, 289, 161], [3, 24, 288, 0, 469, 164]], [[1, 4, 262, 191, 343, 261], [1, 7, 397, 154, 415, 166], [3, 0, 0, 0, 599, 237]], [[1, 4, 283, 139, 286, 141], [1, 5, 259, 191, 335, 260], [1, 7, 318, 134, 319, 134], [3, 0, 0, 0, 599, 173]], [[1, 3, 253, 270, 343, 310], [1, 6, 251, 190, 356, 298], [2, 7, 215, 157, 290, 173], [2, 24, 290, 157, 387, 174], [3, 0, 0, 0, 599, 186], [3, 7, 129, 0, 289, 170], [3, 24, 289, 0, 464, 173]], [[1, 7, 259, 184, 338, 276], [3, 0, 0, 17, 599, 204]], [[1, 4, 275, 121, 277, 122], [1, 5, 290, 137, 299, 145], [1, 8, 258, 201, 334, 262], [1, 9, 292, 150, 305, 162], [3, 0, 0, 0, 599, 160]], [[1, 4, 278, 144, 279, 146], [1, 5, 289, 161, 303, 174], [1, 9, 268, 203, 329, 260], [3, 0, 0, 0, 599, 166]]], "distance_down_track": [960.7427978515625, 172.06027221679688, 1173.1495361328125, 608.4052734375, 1334.4869384765625, 1260.1370849609375, 621.7061767578125, 1354.6953125, 1236.82275390625, 1247.2640380859375], "velocity": [[14.448334693908691, -1.3750441074371338, -14.263825416564941], [21.596059799194336, 1.1512848138809204, 3.115645170211792], [5.964725494384766, 0.38860294222831726, -15.182847023010254], [-0.26314598321914673, -0.628031849861145, 3.8246188163757324], [-5.616420269012451, 2.352146863937378, -20.86464500427246], [-0.7726338505744934, 2.1716670989990234, -19.529441833496094], [2.557541847229004, -0.6715848445892334, -1.8064683675765991], [-16.607097625732422, 2.316073417663574, -3.8053407669067383], [-2.106517791748047, 0.23563788831233978, -20.591188430786133], [-1.504480242729187, 1.465047836303711, -20.59320640563965]]}