{"track": "hacienda", "karts": ["adiumy", "tux", "puffy", "pidgin", "nolok", "emule", "beastie", "sara_the_wizard", "gavroche", "konqi"], "detections": [[[1, 0, 273, 195, 329, 250], [1, 8, 462, 132, 469, 137], [2, 0, 0, 140, 599, 399], [3, 0, 0, 0, 599, 360], [5, 2, 416, 139, 421, 144], [5, 30, 393, 136, 403, 146]], [[1, 1, 268, 198, 333, 254], [1, 2, 238, 150, 240, 151], [1, 3, 240, 152, 241, 153], [1, 5, 254, 155, 257, 157], [1, 6, 238, 151, 240, 153], [1, 7, 317, 164, 321, 170], [1, 9, 249, 154, 253, 157], [2, 0, 0, 150, 599, 399], [3, 0, 0, 0, 599, 379], [4, 14, 335, 161, 341, 165], [4, 21, 318, 162, 325, 166], [4, 22, 301, 162, 308, 167]], [[1, 2, 253, 201, 341, 261], [2, 0, 0, 175, 599, 399], [3, 0, 0, 79, 599, 360], [3, 95, 461, 154, 480, 160]], [[1, 2, 311, 173, 344, 192], [1, 3, 263, 209, 330, 255], [1, 6, 2, 236, 251, 399], [2, 0, 0, 170, 599, 399], [3, 0, 0, 92, 599, 319]], [[1, 1, 351, 165, 364, 174], [1, 2, 346, 159, 347, 160], [1, 3, 347, 161, 347, 161], [1, 4, 270, 203, 327, 255], [1, 5, 358, 163, 360, 164], [1, 6, 346, 160, 346, 161], [1, 7, 404, 167, 404, 168], [1, 9, 354, 162, 357, 164], [2, 0, 0, 160, 576, 399], [3, 0, 0, 0, 599, 399], [4, 21, 407, 165, 412, 167], [4, 22, 392, 166, 397, 169]], [[1, 2, 327, 158, 342, 165], [1, 3, 310, 163, 325, 171], [1, 5, 269, 200, 327, 259], [1, 6, 289, 160, 308, 175], [1, 9, 144, 193, 250, 270], [2, 0, 0, 161, 599, 399], [3, 0, 0, 62, 599, 259]], [[1, 2, 323, 167, 347, 182], [1, 3, 314, 187, 355, 214], [1, 6, 258, 189, 335, 256], [2, 0, 0, 166, 599, 399], [3, 0, 0, 88, 599, 266]], [[1, 2, 201, 134, 207, 137], [1, 3, 196, 136, 201, 139], [1, 5, 202, 140, 210, 145], [1, 6, 188, 135, 194, 139], [1, 7, 278, 188, 318, 264], [1, 9, 192, 138, 200, 145], [2, 0, 0, 136, 599, 399], [3, 0, 0, 0, 599, 385], [4, 14, 385, 155, 416, 180], [4, 21, 316, 157, 348, 184], [4, 22, 236, 157, 268, 187]], [[1, 1, 398, 163, 407, 168], [1, 4, 334, 168, 350, 180], [1, 6, 417, 161, 418, 163], [1, 8, 272, 202, 325, 254], [1, 9, 428, 162, 428, 163], [2, 0, 0, 160, 582, 399], [3, 0, 0, 0, 599, 399]], [[1, 2, 333, 158, 347, 166], [1, 3, 322, 163, 335, 172], [1, 5, 343, 198, 405, 249], [1, 6, 304, 161, 321, 175], [1, 9, 263, 193, 331, 258], [2, 0, 0, 161, 599, 399], [3, 0, 0, 53, 599, 321]]], "distance_down_track": [944.264892578125, 1010.5145874023438, 1093.079833984375, 1086.7623291015625, 992.58349609375, 1073.2720947265625, 1084.4869384765625, 1042.08642578125, 981.3112182617188, 1073.3348388671875], "velocity": [[-14.097114562988281, 2.354262113571167, -18.020233154296875], [-12.630928993225098, 1.5099419355392456, 18.69081687927246], [-15.793883323669434, 3.512098550796509, 14.549192428588867], [-20.706192016601562, 3.9364070892333984, 12.733864784240723], [-19.02787971496582, 2.8916983604431152, 12.592769622802734], [-20.422019958496094, 3.3472402095794678, 6.336915969848633], [-20.616344451904297, 3.90952730178833, 12.990466117858887], [-15.861623764038086, 1.858962893486023, 14.979585647583008], [-21.9437198638916, 3.551194906234741, 5.904419898986816], [-22.064104080200195, 3.5783445835113525, 8.516879081726074]]}