{"track": "overworld", "karts": ["beastie", "kiki", "hexley", "emule", "amanda", "wilber", "adiumy", "xue", "suzanne", "nolok"], "detections": [[[1, 0, 260, 189, 345, 264], [3, 0, 0, 90, 501, 197]], [[1, 1, 232, 168, 368, 310], [2, 7, 35, 149, 310, 209], [2, 24, 311, 141, 599, 208], [3, 7, 0, 0, 310, 207], [3, 24, 310, 0, 599, 149]], [[1, 2, 243, 193, 351, 349], [1, 3, 292, 160, 294, 161], [2, 24, 303, 162, 303, 162], [3, 0, 0, 75, 599, 174], [3, 1, 140, 143, 187, 171], [3, 2, 199, 122, 219, 142], [3, 3, 197, 107, 213, 121], [3, 4, 195, 85, 216, 106], [3, 7, 264, 113, 287, 160], [3, 8, 265, 115, 277, 127], [3, 24, 288, 113, 311, 162], [3, 25, 297, 115, 311, 132], [255, 16777215, 37, 157, 599, 174]], [[1, 1, 287, 173, 291, 178], [1, 3, 268, 199, 329, 261], [2, 7, 259, 170, 292, 177], [2, 24, 292, 169, 333, 177], [3, 0, 0, 0, 599, 180], [3, 7, 225, 33, 291, 177], [3, 24, 285, 32, 354, 174], [3, 25, 347, 70, 354, 128], [255, 16777215, 0, 157, 599, 198]], [[1, 4, 251, 190, 337, 267], [3, 0, 0, 61, 599, 197], [3, 5, 520, 158, 522, 158], [3, 6, 554, 148, 554, 148]], [[1, 5, 262, 190, 331, 254], [1, 6, 262, 159, 276, 172], [1, 7, 239, 158, 261, 178], [1, 8, 501, 171, 505, 172], [3, 0, 0, 86, 365, 166], [3, 7, 286, 158, 287, 158], [3, 24, 288, 158, 291, 159]], [[1, 6, 269, 195, 329, 254], [1, 7, 114, 387, 192, 399], [1, 8, 553, 172, 560, 174], [3, 0, 0, 84, 477, 170], [3, 7, 291, 159, 293, 159], [3, 24, 294, 159, 296, 160], [3, 25, 297, 160, 297, 160]], [[1, 6, 297, 176, 326, 205], [1, 7, 262, 187, 330, 264], [1, 8, 524, 172, 530, 173], [3, 0, 0, 88, 460, 170], [3, 7, 283, 161, 284, 162], [3, 8, 282, 161, 282, 161], [3, 24, 285, 161, 287, 162]], [[1, 8, 264, 201, 340, 259], [1, 9, 402, 149, 409, 153], [3, 0, 198, 56, 599, 151]], [[1, 9, 261, 202, 323, 264], [3, 0, 0, 0, 599, 163]]], "distance_down_track": [1059.9208984375, 544.0811767578125, 503.62255859375, 503.62255859375, 0.0, 75.55432891845703, 86.36952209472656, 83.28872680664062, 209.4193572998047, 1193.529052734375], "velocity": [[7.009733200073242, -0.9185778498649597, -20.553104400634766], [0.006880343891680241, 0.08245290815830231, 0.17074549198150635], [0.19016331434249878, -0.4459986686706543, 6.260389804840088], [-0.6089487671852112, -2.9928576946258545, 20.473445892333984], [-19.61513328552246, 1.0245685577392578, 4.577572822570801], [0.8952533006668091, 0.9846720099449158, 22.32537078857422], [0.796791136264801, 0.7197859287261963, 20.672130584716797], [1.4396339654922485, 0.6019930839538574, 20.64109992980957], [18.696319580078125, -0.058260682970285416, -8.884491920471191], [-2.9831385612487793, 0.35186657309532166, -20.480894088745117]]}