{"track": "overworld", "karts": ["beastie", "kiki", "hexley", "emule", "amanda", "wilber", "adiumy", "xue", "suzanne", "nolok"], "detections": [[[1, 0, 254, 189, 340, 262], [3, 0, 0, 109, 556, 173]], [[1, 1, 269, 184, 329, 252], [1, 2, 265, 152, 268, 156], [1, 4, 263, 152, 265, 154], [1, 8, 231, 183, 278, 218], [1, 9, 258, 153, 261, 156], [3, 0, 0, 0, 599, 166]], [[1, 2, 279, 196, 329, 263], [1, 4, 287, 167, 312, 188], [1, 9, 256, 176, 280, 193], [3, 0, 0, 0, 599, 176]], [[1, 3, 248, 200, 352, 310], [1, 6, 511, 302, 599, 399], [2, 7, 194, 136, 300, 160], [2, 24, 301, 136, 442, 161], [3, 0, 0, 0, 599, 166], [3, 7, 70, 0, 300, 156], [3, 24, 300, 0, 557, 159]], [[1, 4, 261, 191, 342, 261], [1, 9, 122, 226, 239, 304], [3, 0, 0, 0, 599, 186]], [[1, 5, 260, 190, 335, 258], [2, 0, 348, 148, 357, 157], [3, 0, 0, 0, 599, 160], [3, 7, 377, 121, 378, 122], [3, 24, 379, 121, 382, 123], [3, 25, 383, 123, 383, 123]], [[1, 3, 152, 176, 233, 235], [1, 6, 254, 191, 350, 295], [2, 7, 183, 135, 278, 157], [2, 24, 279, 136, 406, 159], [3, 0, 0, 0, 599, 175], [3, 7, 71, 0, 278, 153], [3, 24, 275, 0, 507, 158]], [[1, 7, 272, 188, 335, 260], [3, 0, 0, 125, 530, 176], [3, 2, 76, 164, 83, 167], [3, 3, 75, 157, 80, 163], [3, 4, 74, 147, 80, 156], [3, 7, 19, 144, 45, 168], [3, 24, 41, 144, 70, 168], [3, 25, 54, 147, 54, 147]], [[1, 1, 372, 217, 551, 392], [1, 2, 274, 154, 278, 157], [1, 4, 272, 153, 274, 156], [1, 8, 262, 201, 338, 259], [1, 9, 267, 155, 270, 158], [3, 0, 0, 0, 599, 167]], [[1, 4, 338, 177, 403, 230], [1, 9, 273, 203, 329, 255], [3, 0, 0, 0, 599, 186]]], "distance_down_track": [977.0836181640625, 1263.2703857421875, 1310.1837158203125, 613.4336547851562, 1317.235595703125, 1466.386962890625, 611.8775634765625, 408.2313232421875, 1265.1373291015625, 1316.7220458984375], "velocity": [[13.85144329071045, -0.3369729816913605, -16.746166229248047], [-0.8738175630569458, 2.480437994003296, -22.19851303100586], [2.996717929840088, 2.8649394512176514, -21.97737693786621], [-0.6500878930091858, -1.3866596221923828, 10.296863555908203], [0.7675824761390686, 3.074214458465576, -21.50279426574707], [-3.435709238052368, -2.4754552841186523, 19.203651428222656], [-0.8604010939598083, -1.6650253534317017, 9.649334907531738], [20.993757247924805, -0.6495323777198792, 9.372315406799316], [-0.4178658425807953, 2.333231210708618, -20.56383514404297], [-0.19860680401325226, 3.3272764682769775, -23.047719955444336]]}