{"track": "fortmagma", "karts": ["nolok", "beastie", "sara_the_wizard", "adiumy", "puffy", "konqi", "pidgin", "emule", "xue", "gnu"], "detections": [[[1, 0, 270, 203, 326, 254], [1, 5, 349, 169, 383, 195], [1, 9, 314, 153, 318, 161], [2, 0, 15, 160, 599, 399], [3, 0, 0, 0, 599, 399], [3, 15, 335, 151, 335, 151], [4, 7, 311, 159, 311, 159], [4, 8, 288, 159, 288, 159]], [[1, 0, 247, 163, 256, 170], [1, 1, 253, 188, 349, 269], [1, 5, 271, 159, 279, 167], [1, 8, 299, 166, 327, 193], [1, 9, 263, 155, 266, 159], [2, 0, 0, 160, 599, 399], [3, 0, 0, 0, 599, 388], [4, 10, 304, 158, 317, 168]], [[1, 2, 279, 187, 319, 266], [1, 3, 324, 145, 334, 154], [2, 0, 0, 110, 599, 399], [3, 0, 0, 0, 599, 246], [3, 15, 0, 106, 599, 166], [5, 28, 464, 123, 467, 126], [6, 26, 392, 152, 425, 173], [6, 27, 171, 153, 207, 174]], [[1, 3, 268, 195, 330, 255], [2, 0, 0, 147, 599, 399], [3, 0, 0, 0, 599, 322], [3, 15, 493, 136, 599, 152], [5, 28, 448, 163, 451, 166]], [[1, 0, 239, 163, 246, 168], [1, 1, 289, 170, 327, 201], [1, 4, 258, 201, 346, 262], [1, 5, 257, 160, 264, 166], [1, 8, 292, 164, 311, 181], [1, 9, 246, 156, 248, 160], [2, 0, 87, 161, 599, 399], [3, 0, 0, 0, 599, 399], [3, 10, 435, 165, 437, 174], [4, 8, 227, 160, 227, 160], [4, 10, 288, 158, 298, 167]], [[1, 5, 262, 192, 338, 265], [1, 9, 291, 153, 298, 163], [2, 0, 0, 160, 599, 399], [3, 0, 0, 0, 599, 250], [4, 7, 302, 159, 302, 159], [4, 8, 276, 159, 277, 159]], [[1, 6, 259, 208, 329, 258], [2, 0, 0, 151, 599, 399], [3, 0, 0, 109, 599, 277], [3, 2, 122, 90, 221, 168], [3, 7, 296, 113, 343, 162], [4, 11, 287, 172, 295, 179], [4, 12, 326, 175, 335, 182], [4, 14, 201, 164, 202, 165]], [[1, 0, 19, 157, 30, 160], [1, 1, 115, 154, 127, 159], [1, 4, 128, 156, 139, 160], [1, 5, 15, 156, 25, 160], [1, 7, 269, 199, 333, 265], [1, 8, 96, 155, 107, 159], [2, 0, 2, 159, 599, 399], [3, 0, 0, 71, 599, 399], [3, 11, 181, 180, 190, 208], [3, 12, 173, 188, 185, 220], [4, 10, 60, 155, 67, 159]], [[1, 0, 238, 164, 251, 173], [1, 5, 275, 158, 285, 168], [1, 8, 267, 187, 335, 264], [1, 9, 274, 152, 277, 157], [2, 0, 0, 158, 599, 399], [3, 0, 0, 0, 599, 271], [3, 11, 575, 196, 576, 196], [4, 8, 261, 157, 261, 157], [4, 10, 314, 157, 332, 172]], [[1, 9, 269, 157, 330, 231], [2, 0, 0, 166, 599, 399], [3, 0, 0, 0, 599, 244], [3, 15, 226, 143, 356, 165], [4, 7, 312, 163, 313, 164], [4, 8, 268, 163, 276, 165]]], "distance_down_track": [661.2131958007812, 642.5061645507812, 739.7586059570312, 758.4017944335938, 637.7789916992188, 666.214599609375, 473.7041320800781, 587.4655151367188, 647.9842529296875, 683.787353515625], "velocity": [[-23.290090560913086, -0.2965131103992462, 2.24580979347229], [-19.022157669067383, -0.23460038006305695, 3.6627957820892334], [-19.392221450805664, -4.399078369140625, 0.6222643852233887], [-19.216814041137695, 0.11858505010604858, 7.372860908508301], [-20.960302352905273, 0.08191616088151932, 5.750584602355957], [-20.685256958007812, -0.25424230098724365, 0.738620936870575], [24.148786544799805, 0.19971534609794617, -0.13660657405853271], [-3.763434648513794, 0.07417726516723633, 19.72294807434082], [-20.57891273498535, -0.25143498182296753, 2.2215163707733154], [-20.69569969177246, -0.25426608324050903, 0.3366393446922302]]}