{"track": "tutorial", "karts": ["puffy", "hexley", "tux", "suzanne", "pidgin", "nolok", "beastie", "gavroche", "amanda", "adiumy"], "detections": [[[1, 0, 205, 202, 387, 325], [1, 2, 364, 174, 373, 181], [1, 3, 338, 182, 349, 189], [1, 4, 319, 186, 329, 192], [1, 7, 348, 179, 357, 185], [1, 9, 380, 176, 387, 181], [2, 0, 0, 143, 526, 399], [3, 0, 0, 0, 599, 399], [3, 8, 100, 17, 111, 29]], [[1, 1, 264, 197, 327, 286], [1, 2, 383, 141, 395, 149], [1, 3, 352, 143, 367, 152], [1, 4, 326, 144, 340, 152], [1, 7, 364, 143, 376, 150], [1, 9, 405, 142, 416, 150], [2, 0, 326, 120, 414, 142], [3, 0, 0, 0, 599, 399], [3, 8, 95, 26, 107, 39]], [[1, 2, 228, 197, 355, 323], [1, 9, 390, 184, 474, 259], [2, 0, 0, 56, 292, 195], [3, 0, 0, 4, 599, 399]], [[1, 2, 297, 160, 326, 189], [1, 3, 221, 201, 369, 322], [1, 7, 267, 176, 317, 224], [1, 9, 352, 159, 379, 185], [2, 0, 61, 98, 322, 162], [3, 0, 0, 16, 599, 399]], [[1, 2, 347, 160, 370, 181], [1, 3, 344, 176, 407, 226], [1, 4, 220, 217, 366, 324], [1, 7, 341, 169, 370, 198], [1, 9, 392, 160, 414, 180], [2, 0, 184, 112, 364, 162], [3, 0, 0, 18, 599, 399]], [[1, 0, 314, 159, 331, 169], [1, 5, 266, 202, 324, 258], [2, 0, 0, 155, 599, 399], [3, 0, 0, 0, 599, 399], [3, 6, 207, 1, 227, 16], [3, 7, 77, 0, 93, 4], [3, 8, 240, 55, 245, 56]], [[1, 6, 249, 188, 347, 272], [2, 0, 0, 162, 599, 399], [3, 0, 0, 90, 599, 268], [3, 6, 242, 129, 242, 129], [3, 7, 194, 126, 194, 126]], [[1, 2, 284, 163, 325, 204], [1, 7, 239, 205, 353, 322], [1, 9, 356, 162, 390, 195], [2, 0, 0, 78, 310, 165], [3, 0, 0, 4, 599, 399]], [[1, 8, 261, 192, 337, 255], [2, 0, 0, 144, 599, 399], [3, 0, 0, 23, 599, 271], [3, 6, 300, 66, 310, 80], [3, 7, 247, 61, 257, 72]], [[1, 2, 0, 328, 106, 399], [1, 9, 247, 191, 349, 308], [2, 0, 0, 47, 106, 227], [3, 0, 0, 0, 599, 399]]], "distance_down_track": [703.8394165039062, 711.4713134765625, 491.73480224609375, 491.73480224609375, 491.73480224609375, 547.9110717773438, 473.2306823730469, 512.133544921875, 455.9293518066406, 455.9293518066406], "velocity": [[-5.156140327453613, -2.429112672805786, -5.362793922424316], [-6.525110721588135, -0.37062856554985046, -5.2247700691223145], [-0.8775634765625, 0.272701621055603, 0.7024658918380737], [-4.792867183685303, 0.08175499737262726, -0.42833295464515686], [-4.8856587409973145, 0.09574028104543686, -1.0511564016342163], [-9.371052742004395, -2.6957671642303467, -19.758880615234375], [-2.9709348678588867, 1.0277222394943237, -18.320207595825195], [-5.613363265991211, 0.11759303510189056, -0.07696284353733063], [2.7404444217681885, -3.86409068107605, -23.680818557739258], [-2.4529433250427246, 0.5805650353431702, 1.846704363822937]]}