{"track": "tutorial", "karts": ["puffy", "hexley", "tux", "suzanne", "pidgin", "nolok", "beastie", "gavroche", "amanda", "adiumy"], "detections": [[[1, 0, 202, 201, 386, 323], [1, 1, 311, 155, 323, 170], [1, 2, 344, 154, 355, 162], [1, 3, 113, 176, 222, 237], [1, 4, 376, 158, 390, 166], [1, 7, 221, 162, 254, 189], [1, 8, 289, 158, 326, 186], [2, 0, 255, 133, 343, 155], [3, 0, 0, 30, 599, 399]], [[1, 1, 242, 193, 349, 349], [1, 2, 304, 154, 325, 172], [1, 4, 375, 162, 399, 179], [2, 0, 96, 113, 288, 157], [3, 0, 0, 27, 599, 399]], [[1, 2, 232, 196, 366, 312], [1, 4, 583, 266, 599, 291], [2, 0, 0, 89, 201, 215], [3, 0, 0, 52, 599, 399]], [[1, 0, 481, 292, 599, 399], [1, 1, 335, 157, 352, 173], [1, 2, 361, 154, 372, 163], [1, 3, 221, 201, 370, 313], [1, 4, 398, 160, 411, 167], [1, 7, 276, 167, 310, 201], [1, 8, 346, 161, 386, 195], [2, 0, 212, 69, 357, 156], [3, 0, 0, 28, 599, 399]], [[1, 2, 0, 201, 71, 273], [1, 4, 229, 217, 365, 322], [2, 0, 0, 69, 75, 110], [3, 0, 0, 16, 599, 399]], [[1, 5, 240, 206, 362, 320], [2, 0, 0, 163, 599, 399], [3, 0, 0, 14, 599, 248]], [[1, 6, 205, 179, 382, 330], [2, 0, 0, 166, 599, 399], [3, 0, 0, 3, 599, 269], [3, 6, 215, 5, 234, 34], [3, 7, 81, 0, 106, 16], [3, 8, 241, 69, 241, 69]], [[1, 1, 366, 158, 389, 182], [1, 2, 391, 152, 406, 163], [1, 4, 440, 159, 458, 170], [1, 7, 240, 206, 354, 323], [1, 8, 420, 178, 538, 267], [2, 0, 274, 125, 384, 153], [3, 0, 0, 15, 599, 399]], [[1, 1, 230, 158, 261, 186], [1, 2, 273, 153, 288, 164], [1, 4, 317, 158, 332, 168], [1, 8, 217, 185, 374, 316], [2, 0, 132, 122, 266, 155], [3, 0, 0, 32, 599, 399]], [[1, 6, 309, 155, 326, 170], [1, 9, 248, 191, 346, 295], [2, 0, 0, 161, 599, 399], [3, 0, 0, 34, 599, 300], [3, 6, 331, 28, 346, 51], [3, 7, 237, 24, 252, 42]]], "distance_down_track": [712.6583862304688, 712.6583862304688, 712.6583862304688, 694.2288208007812, 694.2288208007812, 741.5721435546875, 675.6192626953125, 712.6583862304688, 675.6192626953125, 656.4569091796875], "velocity": [[-4.381146430969238, 0.11503300815820694, -2.316481828689575], [-4.927333831787109, 0.10022728145122528, -0.7533978223800659], [-0.10437549650669098, 0.08182407170534134, 0.013636063784360886], [-4.546629428863525, 0.10383639484643936, -2.2785441875457764], [-8.64252758026123, 0.7511916160583496, 0.6405954360961914], [-0.005577374249696732, 0.08172419667243958, 0.11609230190515518], [-0.47142261266708374, -0.10627052932977676, -1.0985372066497803], [-4.206850528717041, -0.0438070110976696, -2.495607852935791], [-4.910977840423584, 0.11483566462993622, -0.6297874450683594], [-0.3556981086730957, -0.8689621090888977, -9.589468002319336]]}