{"track": "volcano_island", "karts": ["gavroche", "adiumy", "amanda", "nolok", "tux", "konqi", "kiki", "pidgin", "sara_the_racer", "suzanne"], "detections": [[[1, 0, 276, 203, 329, 256], [1, 1, 191, 162, 194, 165], [1, 6, 205, 159, 213, 168], [2, 0, 0, 163, 599, 399], [3, 0, 0, 0, 599, 287]], [[1, 1, 263, 224, 341, 274], [1, 2, 0, 199, 187, 328], [1, 3, 0, 215, 62, 252], [1, 5, 213, 158, 226, 168], [2, 0, 0, 158, 599, 399], [3, 0, 0, 0, 599, 231]], [[1, 1, 351, 204, 406, 228], [1, 2, 262, 190, 338, 256], [1, 3, 192, 206, 260, 260], [1, 5, 170, 166, 186, 176], [2, 0, 0, 164, 599, 399], [3, 0, 0, 14, 599, 301]], [[1, 1, 400, 201, 462, 226], [1, 2, 330, 187, 419, 255], [1, 3, 272, 203, 333, 261], [1, 5, 172, 164, 189, 175], [2, 0, 0, 162, 599, 399], [3, 0, 0, 0, 599, 382]], [[1, 0, 254, 156, 258, 159], [1, 4, 267, 198, 333, 254], [1, 9, 243, 175, 277, 200], [2, 0, 0, 157, 599, 399], [3, 0, 0, 0, 599, 244], [3, 183, 577, 194, 583, 212], [3, 189, 505, 188, 507, 197], [3, 192, 478, 192, 479, 194], [4, 10, 279, 164, 282, 166], [4, 13, 306, 156, 316, 165], [4, 14, 244, 157, 253, 166]], [[1, 5, 266, 191, 342, 266], [2, 0, 0, 158, 599, 399], [3, 0, 0, 0, 599, 355]], [[1, 1, 304, 174, 324, 182], [1, 2, 272, 166, 297, 187], [1, 3, 251, 172, 270, 188], [1, 6, 274, 183, 333, 252], [2, 0, 0, 162, 599, 399], [3, 0, 0, 0, 599, 329]], [[1, 7, 266, 210, 341, 263], [2, 0, 0, 165, 599, 399], [3, 0, 0, 0, 599, 314], [5, 15, 200, 165, 203, 170], [5, 16, 243, 161, 246, 165], [5, 28, 223, 163, 226, 167], [6, 33, 369, 100, 369, 100]], [[1, 4, 388, 162, 388, 163], [1, 8, 281, 181, 316, 245], [1, 9, 385, 162, 387, 163], [2, 0, 0, 163, 599, 399], [3, 0, 0, 0, 599, 322], [6, 33, 359, 163, 360, 165], [6, 34, 386, 160, 390, 164], [6, 35, 379, 163, 380, 163]], [[1, 0, 263, 152, 268, 155], [1, 9, 247, 201, 353, 284], [2, 0, 0, 153, 599, 399], [3, 0, 0, 0, 599, 220], [4, 10, 297, 162, 300, 164], [4, 13, 331, 151, 344, 164], [4, 14, 253, 152, 264, 164]]], "distance_down_track": [948.8129272460938, 982.9915771484375, 982.5557250976562, 982.7256469726562, 900.7704467773438, 1005.7520141601562, 974.9664306640625, 1091.8111572265625, 811.6036376953125, 904.9052124023438], "velocity": [[0.3848431408405304, -0.5109244585037231, -22.67698097229004], [11.474959373474121, -0.2175443172454834, -6.105569839477539], [16.421892166137695, -0.48330074548721313, -17.101531982421875], [14.863384246826172, -0.4150274991989136, -14.171990394592285], [-11.421259880065918, -0.484637975692749, -18.890377044677734], [20.674959182739258, -0.9240997433662415, 0.4267023205757141], [14.523360252380371, -0.36848947405815125, -17.003807067871094], [-14.231095314025879, -1.3801692724227905, 16.370132446289062], [-5.315439701080322, 0.20909824967384338, -25.807458877563477], [-6.452725887298584, -0.2650476098060608, -11.553372383117676]]}