{"track": "snowtuxpeak", "karts": ["pidgin", "amanda", "xue", "tux", "gavroche", "emule", "puffy", "sara_the_wizard", "beastie", "gnu"], "detections": [[[1, 0, 264, 209, 333, 253], [1, 3, 285, 153, 292, 158], [1, 8, 258, 151, 259, 151], [2, 0, 0, 153, 599, 399], [3, 0, 0, 0, 599, 274]], [[1, 1, 262, 193, 335, 251], [1, 6, 172, 193, 255, 239], [1, 9, 290, 181, 462, 399], [2, 0, 0, 150, 599, 399], [3, 0, 0, 0, 599, 276], [4, 8, 233, 147, 235, 149], [6, 21, 221, 151, 249, 170]], [[1, 2, 252, 182, 351, 296], [2, 0, 0, 164, 599, 399], [3, 0, 0, 0, 599, 278]], [[1, 3, 267, 198, 333, 253], [1, 8, 242, 158, 256, 167], [2, 0, 0, 167, 599, 399], [3, 0, 0, 0, 599, 315]], [[1, 0, 263, 152, 268, 154], [1, 3, 262, 143, 265, 144], [1, 4, 269, 203, 323, 256], [2, 0, 0, 140, 599, 399], [3, 0, 0, 0, 599, 283], [4, 4, 305, 162, 327, 181], [4, 5, 212, 160, 237, 179]], [[1, 5, 263, 200, 335, 272], [2, 0, 111, 167, 599, 399], [3, 0, 0, 0, 599, 399], [3, 1, 363, 161, 375, 173], [4, 6, 0, 398, 0, 399], [4, 7, 370, 166, 412, 199]], [[1, 1, 356, 203, 465, 279], [1, 6, 255, 201, 342, 260], [1, 9, 519, 337, 599, 398], [2, 0, 0, 150, 599, 399], [3, 0, 0, 0, 599, 319], [4, 8, 241, 147, 241, 147], [6, 21, 242, 151, 273, 172]], [[1, 2, 204, 133, 218, 143], [1, 7, 273, 187, 318, 266], [2, 0, 75, 136, 599, 399], [3, 0, 0, 0, 599, 399], [6, 20, 311, 155, 322, 163]], [[1, 8, 263, 188, 344, 257], [1, 9, 201, 154, 202, 157], [2, 0, 206, 164, 599, 399], [3, 0, 0, 0, 599, 399]], [[1, 1, 268, 176, 311, 209], [1, 6, 217, 177, 265, 204], [1, 9, 272, 161, 326, 231], [2, 0, 0, 150, 599, 399], [3, 0, 0, 0, 599, 277], [4, 8, 246, 148, 248, 149], [6, 21, 239, 151, 260, 167]]], "distance_down_track": [260.1514892578125, 341.30523681640625, 482.84149169921875, 288.491943359375, 219.11294555664062, 426.0744323730469, 341.9185485839844, 457.08367919921875, 310.2358093261719, 338.6787109375], "velocity": [[-1.350074291229248, 2.37447452545166, -23.995033264160156], [24.273052215576172, 1.9275062084197998, -6.36665153503418], [-11.90537166595459, 1.6779673099517822, 0.9731965661048889], [3.069459915161133, 2.6525237560272217, -22.171924591064453], [-5.3608784675598145, 0.42511221766471863, -22.36247444152832], [13.053887367248535, 1.9775738716125488, 11.465536117553711], [21.690433502197266, 1.7590420246124268, -5.254604339599609], [-11.233325958251953, 1.0198951959609985, 17.356903076171875], [14.929789543151855, 1.7113269567489624, -17.590717315673828], [23.559831619262695, 1.885867714881897, -5.103948593139648]]}