{"track": "minigolf", "karts": ["nolok", "sara_the_racer", "emule", "adiumy", "gavroche", "konqi", "amanda", "xue", "sara_the_wizard", "puffy"], "detections": [[[1, 0, 273, 203, 334, 258], [2, 0, 74, 167, 599, 399], [3, 0, 0, 0, 599, 399], [5, 24, 102, 212, 184, 275]], [[1, 1, 279, 176, 322, 257], [1, 3, 373, 170, 373, 170], [1, 4, 329, 169, 333, 172], [2, 0, 0, 171, 599, 399], [3, 0, 0, 0, 599, 312], [3, 2, 323, 40, 412, 159], [3, 12, 527, 200, 599, 221], [5, 10, 378, 170, 378, 170], [5, 12, 329, 169, 330, 170]], [[1, 2, 272, 199, 335, 262], [1, 8, 306, 154, 309, 158], [2, 0, 46, 148, 599, 399], [2, 6, 319, 153, 322, 156], [3, 0, 0, 0, 599, 399], [3, 4, 318, 151, 319, 154], [3, 6, 320, 150, 325, 156], [6, 34, 244, 171, 279, 177], [255, 16777215, 222, 0, 369, 172]], [[1, 3, 271, 195, 331, 254], [2, 0, 17, 163, 599, 399], [3, 0, 0, 0, 599, 399], [3, 7, 279, 149, 291, 162], [4, 14, 292, 154, 298, 160], [4, 15, 332, 154, 338, 159], [4, 33, 306, 191, 307, 192]], [[1, 2, 562, 148, 562, 148], [1, 3, 340, 149, 345, 154], [1, 4, 267, 203, 326, 263], [2, 0, 0, 151, 492, 399], [3, 0, 0, 0, 599, 399], [3, 2, 254, 0, 494, 127], [3, 3, 455, 143, 462, 147], [3, 5, 443, 143, 449, 147], [3, 7, 346, 143, 352, 149], [4, 14, 353, 146, 356, 149], [4, 33, 347, 153, 347, 153], [5, 10, 404, 155, 410, 164], [5, 11, 373, 152, 377, 157], [5, 12, 251, 153, 256, 159], [5, 13, 296, 151, 299, 156]], [[1, 0, 243, 168, 276, 192], [1, 5, 268, 191, 344, 263], [2, 0, 141, 158, 599, 399], [3, 0, 0, 0, 599, 399], [5, 24, 185, 167, 215, 194]], [[1, 6, 250, 190, 341, 267], [1, 9, 369, 142, 391, 153], [2, 0, 0, 0, 599, 399], [3, 0, 0, 35, 599, 399]], [[1, 7, 259, 185, 336, 266], [2, 0, 0, 160, 599, 399], [3, 0, 0, 0, 599, 399], [3, 3, 420, 147, 438, 166], [3, 5, 398, 146, 422, 168], [4, 15, 157, 161, 186, 183], [255, 16777215, 579, 109, 580, 118]], [[1, 8, 279, 188, 319, 266], [2, 0, 0, 146, 599, 399], [2, 6, 338, 156, 349, 166], [3, 0, 0, 0, 599, 240], [3, 4, 323, 150, 331, 158], [3, 6, 338, 147, 357, 167], [4, 3, 294, 149, 297, 151], [4, 4, 327, 147, 329, 149], [4, 5, 306, 147, 306, 148], [4, 6, 320, 149, 322, 151], [5, 1, 427, 156, 429, 157], [5, 2, 394, 156, 396, 157], [6, 30, 421, 154, 426, 157], [255, 16777215, 150, 55, 156, 80]], [[1, 9, 242, 200, 336, 272], [2, 0, 70, 189, 599, 399], [3, 0, 0, 0, 599, 399], [3, 2, 455, 0, 543, 147]]], "distance_down_track": [490.3712158203125, 536.7953491210938, 686.7495727539062, 618.4014282226562, 582.5474853515625, 485.8230285644531, 375.4521179199219, 646.9169311523438, 746.1451416015625, 392.0528564453125], "velocity": [[-18.766559600830078, 3.3918914794921875, 9.938627243041992], [12.198795318603516, 0.2761280834674835, -15.421585083007812], [-20.61788558959961, 0.08171296119689941, -1.8401366472244263], [-0.17375527322292328, 0.08172357082366943, -20.69911003112793], [5.262468338012695, 0.9333170056343079, -19.99813461303711], [-15.056431770324707, 2.874528169631958, 15.112593650817871], [15.052590370178223, 0.20821264386177063, 11.95273208618164], [-13.195249557495117, 0.08648493885993958, -15.026761054992676], [-20.646026611328125, 0.08172160387039185, 1.4915841817855835], [18.589805603027344, 1.971348762512207, -2.8773412704467773]]}