{"track": "tutorial", "karts": ["puffy", "hexley", "tux", "suzanne", "pidgin", "nolok", "beastie", "gavroche", "amanda", "adiumy"], "detections": [[[1, 0, 204, 201, 388, 327], [1, 4, 361, 160, 384, 174], [1, 5, 219, 155, 243, 169], [1, 8, 244, 153, 264, 170], [2, 0, 92, 119, 261, 156], [3, 0, 0, 34, 599, 399]], [[1, 0, 361, 201, 379, 213], [1, 1, 253, 195, 338, 317], [1, 4, 436, 184, 449, 192], [1, 5, 371, 169, 380, 175], [1, 6, 307, 184, 320, 195], [1, 7, 573, 253, 599, 270], [1, 8, 381, 170, 391, 178], [2, 0, 324, 137, 512, 167], [3, 0, 0, 0, 599, 399], [3, 8, 97, 9, 109, 23]], [[1, 1, 285, 0, 344, 12], [1, 2, 228, 196, 357, 310], [2, 0, 97, 0, 316, 98], [3, 0, 0, 0, 599, 399]], [[1, 1, 306, 175, 313, 180], [1, 3, 260, 200, 331, 258], [1, 5, 395, 178, 402, 183], [1, 6, 345, 185, 346, 185], [1, 8, 402, 179, 410, 185], [2, 0, 0, 152, 599, 399], [3, 0, 0, 0, 599, 379], [3, 8, 198, 46, 205, 54]], [[1, 4, 222, 218, 371, 323], [1, 7, 461, 134, 487, 150], [3, 0, 0, 1, 599, 399]], [[1, 4, 372, 159, 402, 178], [1, 5, 228, 205, 348, 324], [1, 7, 557, 127, 592, 141], [1, 8, 275, 170, 378, 249], [2, 0, 0, 85, 116, 270], [3, 0, 0, 31, 599, 399]], [[1, 4, 550, 175, 593, 193], [1, 5, 364, 161, 390, 176], [1, 6, 208, 180, 376, 328], [1, 8, 393, 159, 418, 179], [2, 0, 242, 120, 389, 162], [3, 0, 0, 14, 599, 399]], [[1, 1, 488, 9, 528, 30], [1, 2, 415, 124, 440, 140], [1, 7, 239, 205, 353, 319], [2, 0, 391, 23, 533, 74], [3, 0, 0, 0, 599, 399]], [[1, 5, 13, 205, 226, 323], [1, 8, 218, 185, 378, 321], [2, 0, 0, 97, 285, 206], [3, 0, 0, 50, 599, 399]], [[1, 1, 367, 172, 367, 172], [1, 3, 342, 168, 354, 175], [1, 9, 274, 197, 330, 251], [2, 0, 0, 167, 599, 399], [3, 0, 0, 38, 599, 399], [3, 6, 291, 25, 306, 50], [3, 7, 191, 28, 208, 46]]], "distance_down_track": [712.6583862304688, 706.5064086914062, 590.8922729492188, 576.2125244140625, 590.8922729492188, 619.34228515625, 576.2125244140625, 605.3455200195312, 576.2125244140625, 561.7310180664062], "velocity": [[-4.810608386993408, 0.09326614439487457, -0.8088181614875793], [-6.172580242156982, -7.37846565246582, -6.556929111480713], [3.9916415214538574, -0.026224136352539062, -2.981179714202881], [-12.00968074798584, -2.831900119781494, -19.409996032714844], [0.3663141429424286, 0.09366972744464874, 1.4736589193344116], [-0.40431085228919983, 0.055031366646289825, 1.0479614734649658], [-4.611229419708252, 0.08975572139024734, -1.6705530881881714], [4.439270973205566, 0.08816574513912201, 2.29075288772583], [-0.3276118040084839, 0.06009921804070473, 0.3567931056022644], [-2.853555917739868, -2.849449634552002, -22.643714904785156]]}