{"track": "tutorial", "karts": ["puffy", "hexley", "tux", "suzanne", "pidgin", "nolok", "beastie", "gavroche", "amanda", "adiumy"], "detections": [[[1, 0, 203, 201, 387, 323], [1, 1, 307, 158, 330, 180], [1, 6, 318, 152, 330, 163], [1, 7, 596, 172, 599, 180], [2, 0, 226, 132, 323, 155], [3, 0, 0, 38, 599, 399]], [[1, 1, 242, 193, 350, 349], [1, 6, 256, 151, 279, 169], [2, 0, 90, 116, 266, 156], [3, 0, 0, 32, 599, 399]], [[1, 2, 267, 198, 332, 252], [2, 0, 0, 144, 599, 399], [3, 0, 0, 38, 599, 278], [3, 6, 292, 67, 302, 80], [3, 7, 238, 61, 248, 73]], [[1, 2, 282, 186, 289, 192], [1, 3, 265, 200, 336, 253], [1, 5, 286, 186, 294, 192], [1, 9, 356, 209, 450, 285], [2, 0, 0, 182, 599, 399], [3, 0, 0, 121, 599, 273], [3, 6, 275, 120, 282, 130], [3, 7, 228, 113, 235, 122]], [[1, 3, 286, 170, 298, 178], [1, 4, 262, 208, 335, 263], [1, 9, 302, 169, 314, 179], [2, 0, 0, 177, 599, 399], [3, 0, 0, 129, 599, 267], [3, 6, 264, 131, 271, 140], [3, 7, 219, 124, 221, 127]], [[1, 2, 274, 175, 305, 200], [1, 5, 267, 203, 328, 261], [2, 0, 0, 146, 599, 399], [3, 0, 0, 61, 599, 265], [3, 6, 296, 73, 306, 85], [3, 7, 244, 66, 253, 77]], [[1, 6, 210, 180, 386, 327], [2, 0, 0, 81, 229, 210], [3, 0, 0, 44, 599, 399]], [[1, 7, 237, 205, 351, 319], [2, 0, 399, 42, 529, 91], [3, 0, 0, 0, 599, 399]], [[1, 8, 229, 185, 377, 311], [2, 0, 0, 153, 599, 399], [3, 0, 0, 106, 599, 319], [5, 6, 486, 160, 522, 186], [5, 7, 384, 163, 412, 188], [5, 8, 282, 165, 304, 188], [5, 17, 252, 154, 257, 159], [5, 18, 274, 153, 278, 158], [5, 19, 291, 153, 295, 157], [5, 20, 187, 149, 189, 152], [5, 21, 177, 149, 179, 152], [5, 22, 163, 149, 166, 152]], [[1, 2, 277, 189, 284, 195], [1, 3, 214, 193, 268, 229], [1, 5, 280, 189, 287, 195], [1, 9, 276, 195, 327, 244], [2, 0, 0, 187, 599, 399], [3, 0, 0, 127, 599, 290], [3, 6, 280, 126, 287, 136], [3, 7, 235, 119, 241, 126]]], "distance_down_track": [712.6583862304688, 712.6583862304688, 455.9293518066406, 455.9293518066406, 455.9293518066406, 532.0, 455.9293518066406, 491.73480224609375, 409.40948486328125, 400.4352722167969], "velocity": [[-4.515514373779297, 0.115634024143219, -1.9525690078735352], [-4.908243179321289, 0.09538513422012329, -0.7727699279785156], [1.95291006565094, -3.4543635845184326, -22.514984130859375], [0.19106097519397736, -0.47144976258277893, -22.856340408325195], [-1.1231809854507446, -0.712694525718689, -22.85943603515625], [1.748782992362976, -2.9698822498321533, -20.830808639526367], [-0.07197239995002747, 0.08164768666028976, 0.014493351802229881], [4.224157810211182, 0.09830307215452194, 2.224522829055786], [-7.834897518157959, 0.23885378241539001, 4.892695903778076], [0.5354617834091187, -0.29607531428337097, -25.9927978515625]]}