{"track": "tutorial", "karts": ["puffy", "hexley", "tux", "suzanne", "pidgin", "nolok", "beastie", "gavroche", "amanda", "adiumy"], "detections": [[[1, 0, 204, 203, 394, 327], [1, 3, 0, 232, 18, 240], [1, 4, 0, 214, 131, 309], [2, 0, 0, 100, 79, 136], [3, 0, 0, 47, 599, 399]], [[1, 0, 366, 157, 383, 168], [1, 1, 241, 193, 348, 349], [1, 3, 323, 155, 338, 165], [1, 4, 337, 157, 351, 166], [2, 0, 29, 21, 323, 155], [3, 0, 0, 33, 599, 399]], [[1, 2, 235, 196, 372, 318], [1, 7, 181, 180, 190, 184], [2, 0, 0, 179, 599, 399], [3, 0, 0, 138, 599, 369], [5, 5, 231, 193, 242, 209], [5, 6, 256, 175, 259, 179], [5, 7, 237, 177, 240, 182], [5, 8, 213, 180, 216, 185], [5, 12, 298, 186, 310, 201], [5, 13, 355, 180, 369, 195], [5, 17, 121, 186, 124, 189], [5, 18, 136, 185, 138, 188], [5, 19, 147, 184, 148, 186]], [[1, 0, 494, 198, 599, 280], [1, 3, 229, 202, 379, 324], [1, 4, 341, 212, 479, 297], [2, 0, 0, 67, 171, 205], [3, 0, 0, 33, 599, 399]], [[1, 0, 462, 207, 599, 337], [1, 3, 1, 200, 237, 347], [1, 4, 223, 217, 374, 323], [2, 0, 0, 93, 164, 210], [3, 0, 0, 62, 599, 399]], [[1, 5, 227, 206, 348, 323], [2, 0, 0, 155, 599, 399], [3, 0, 0, 112, 599, 297], [3, 6, 156, 123, 164, 130], [3, 7, 94, 105, 105, 114]], [[1, 0, 461, 205, 483, 217], [1, 1, 332, 285, 363, 322], [1, 3, 422, 196, 437, 205], [1, 4, 435, 200, 450, 208], [1, 6, 260, 188, 336, 259], [2, 0, 338, 153, 554, 188], [3, 0, 0, 0, 599, 399], [3, 8, 129, 39, 138, 51]], [[1, 5, 187, 152, 196, 156], [1, 7, 242, 205, 358, 320], [2, 0, 0, 153, 599, 399], [3, 0, 0, 114, 599, 261], [5, 17, 232, 166, 244, 180], [5, 18, 291, 165, 301, 179], [5, 19, 339, 165, 348, 177], [5, 20, 230, 155, 233, 159], [5, 21, 213, 154, 217, 159], [5, 22, 191, 154, 195, 159]], [[1, 0, 365, 190, 375, 196], [1, 3, 346, 186, 354, 191], [1, 4, 353, 188, 361, 192], [1, 6, 270, 183, 285, 197], [1, 8, 257, 192, 333, 256], [2, 0, 0, 156, 599, 399], [3, 0, 0, 0, 599, 321], [3, 8, 80, 28, 91, 40]], [[1, 2, 222, 140, 231, 145], [1, 9, 256, 191, 356, 300], [2, 0, 0, 154, 599, 399], [3, 0, 0, 41, 599, 267], [3, 2, 539, 119, 577, 144], [5, 5, 166, 148, 170, 150], [5, 7, 61, 151, 62, 151], [5, 8, 46, 151, 49, 151], [5, 12, 183, 148, 188, 151], [5, 13, 197, 149, 201, 152], [5, 14, 312, 149, 321, 158], [5, 15, 277, 150, 286, 160], [5, 16, 233, 153, 244, 162]]], "distance_down_track": [712.6583862304688, 712.6583862304688, 400.4352722167969, 400.4352722167969, 400.4352722167969, 491.73480224609375, 383.7624206542969, 455.9293518066406, 365.0060729980469, 354.56878662109375], "velocity": [[-0.07039271295070648, 0.08294599503278732, 0.0017706933431327343], [-4.608771324157715, 0.1150011196732521, -1.8012611865997314], [0.011795103549957275, 0.21818381547927856, 2.1678972244262695], [-0.7305818796157837, 0.06642429530620575, -0.04712815582752228], [-0.06970449537038803, 0.0945727527141571, 0.031243061646819115], [0.9819599986076355, 0.09714184701442719, 1.120553731918335], [-15.040592193603516, -10.496535301208496, -18.34684181213379], [-0.49460816383361816, 0.11842790246009827, 0.4789220690727234], [-14.571520805358887, -2.2208049297332764, -19.130115509033203], [6.571056842803955, 0.5198045969009399, 5.1971755027771]]}