{"track": "tutorial", "karts": ["puffy", "hexley", "tux", "suzanne", "pidgin", "nolok", "beastie", "gavroche", "amanda", "adiumy"], "detections": [[[1, 0, 205, 201, 389, 328], [1, 2, 160, 156, 201, 181], [1, 4, 100, 164, 152, 187], [1, 6, 108, 151, 161, 177], [1, 9, 209, 156, 236, 178], [2, 0, 0, 103, 219, 160], [3, 0, 0, 36, 599, 399]], [[1, 0, 315, 164, 350, 188], [1, 1, 242, 193, 349, 349], [1, 2, 262, 154, 281, 167], [1, 4, 237, 157, 259, 168], [1, 6, 238, 150, 260, 164], [1, 7, 336, 172, 378, 211], [1, 9, 287, 154, 301, 167], [2, 0, 150, 123, 288, 156], [3, 0, 0, 36, 599, 399]], [[1, 2, 228, 196, 360, 324], [1, 4, 114, 385, 205, 399], [1, 6, 0, 191, 215, 377], [1, 9, 333, 182, 418, 258], [2, 0, 0, 73, 231, 218], [3, 0, 0, 6, 599, 399]], [[1, 3, 265, 200, 336, 253], [2, 0, 80, 150, 599, 399], [3, 0, 0, 118, 599, 399], [5, 6, 424, 177, 443, 196], [5, 7, 357, 176, 376, 196], [5, 8, 273, 175, 293, 196], [5, 17, 192, 158, 198, 163], [5, 18, 216, 158, 220, 163], [5, 19, 233, 158, 237, 163], [5, 20, 99, 147, 103, 151], [5, 21, 86, 146, 90, 150], [5, 22, 68, 145, 72, 149]], [[1, 2, 320, 174, 394, 246], [1, 4, 219, 218, 362, 328], [1, 6, 192, 159, 317, 258], [1, 9, 380, 171, 442, 223], [2, 0, 0, 52, 304, 178], [3, 0, 0, 0, 599, 399]], [[1, 0, 392, 218, 411, 230], [1, 1, 351, 239, 369, 253], [1, 2, 387, 193, 399, 201], [1, 4, 373, 195, 384, 201], [1, 5, 271, 202, 324, 256], [1, 6, 374, 190, 386, 198], [1, 7, 384, 230, 400, 242], [1, 8, 308, 218, 309, 222], [1, 9, 403, 195, 412, 202], [2, 0, 333, 158, 568, 190], [3, 0, 0, 0, 599, 399], [3, 8, 132, 41, 142, 52]], [[1, 2, 329, 188, 400, 254], [1, 4, 354, 234, 553, 394], [1, 6, 194, 179, 355, 334], [1, 9, 319, 182, 375, 214], [2, 0, 0, 55, 213, 239], [3, 0, 0, 38, 599, 399]], [[1, 0, 248, 171, 312, 210], [1, 2, 212, 151, 237, 169], [1, 4, 174, 155, 205, 170], [1, 6, 177, 146, 210, 165], [1, 7, 238, 205, 351, 320], [1, 9, 245, 152, 263, 168], [2, 0, 58, 108, 252, 154], [3, 0, 0, 21, 599, 399]], [[1, 2, 468, 162, 494, 179], [1, 4, 438, 165, 465, 178], [1, 6, 437, 156, 465, 173], [1, 8, 265, 192, 329, 251], [1, 9, 503, 163, 527, 179], [2, 0, 349, 124, 505, 162], [3, 0, 0, 0, 599, 399], [3, 8, 111, 32, 123, 42]], [[1, 2, 0, 189, 207, 399], [1, 9, 251, 191, 354, 305], [2, 0, 0, 84, 227, 214], [3, 0, 0, 57, 599, 399]]], "distance_down_track": [712.6583862304688, 712.6583862304688, 321.3812561035156, 310.5081787109375, 321.3812561035156, 383.7624206542969, 300.1636962890625, 365.0060729980469, 268.0081787109375, 268.0081787109375], "velocity": [[-4.922747611999512, 0.09472130239009857, -0.22891046106815338], [-4.731407165527344, 0.10685151815414429, -1.123798131942749], [-0.4369127154350281, 0.04775617644190788, 0.4658438265323639], [-15.623062133789062, 0.5224071741104126, 16.871484756469727], [-3.252542495727539, -0.029199231415987015, 3.3460094928741455], [-15.440407752990723, -7.713766574859619, -18.316940307617188], [-1.5372121334075928, 0.5873268842697144, -1.167290210723877], [-4.846937656402588, 0.09637114405632019, -0.7750842571258545], [-8.14112663269043, 0.16956928372383118, -8.332059860229492], [-0.12393924593925476, 0.19222116470336914, 0.030464081093668938]]}