{"track": "tutorial", "karts": ["puffy", "hexley", "tux", "suzanne", "pidgin", "nolok", "beastie", "gavroche", "amanda", "adiumy"], "detections": [[[1, 0, 203, 201, 387, 324], [1, 2, 36, 171, 142, 251], [1, 4, 213, 156, 235, 167], [1, 9, 241, 153, 256, 166], [2, 0, 182, 127, 299, 156], [3, 0, 0, 39, 599, 399]], [[1, 1, 237, 192, 348, 350], [1, 2, 318, 212, 319, 214], [1, 8, 318, 171, 361, 208], [2, 0, 0, 158, 599, 399], [3, 0, 0, 0, 599, 275], [3, 8, 129, 35, 138, 45]], [[1, 0, 385, 277, 574, 399], [1, 2, 270, 198, 327, 251], [1, 4, 381, 160, 402, 171], [1, 6, 19, 135, 181, 228], [1, 9, 410, 157, 427, 171], [2, 0, 353, 126, 494, 159], [3, 0, 0, 0, 599, 399], [3, 8, 150, 44, 160, 54]], [[1, 3, 222, 201, 373, 318], [2, 0, 0, 156, 599, 399], [3, 0, 0, 86, 599, 247], [3, 2, 502, 148, 533, 168], [5, 5, 171, 148, 174, 149], [5, 12, 187, 149, 190, 151], [5, 13, 199, 151, 202, 153], [5, 14, 306, 158, 313, 165], [5, 15, 276, 157, 283, 165], [5, 16, 239, 156, 247, 164]], [[1, 4, 222, 217, 367, 325], [1, 9, 320, 175, 388, 241], [2, 0, 14, 82, 352, 167], [3, 0, 0, 0, 599, 399]], [[1, 5, 272, 203, 330, 253], [2, 0, 0, 192, 599, 399], [3, 0, 0, 116, 599, 279], [3, 6, 273, 129, 281, 137], [3, 7, 226, 122, 234, 129]], [[1, 0, 409, 226, 489, 265], [1, 2, 320, 209, 359, 246], [1, 4, 252, 164, 267, 172], [1, 6, 252, 188, 329, 262], [1, 9, 270, 160, 281, 170], [2, 0, 206, 127, 304, 158], [3, 0, 0, 13, 599, 399]], [[1, 7, 274, 203, 330, 255], [2, 0, 0, 148, 599, 399], [3, 0, 0, 105, 599, 399], [5, 20, 338, 164, 347, 175], [5, 21, 297, 163, 308, 175], [5, 22, 245, 162, 257, 175]], [[1, 4, 310, 192, 319, 197], [1, 6, 252, 219, 257, 227], [1, 8, 253, 192, 332, 262], [1, 9, 323, 190, 329, 195], [2, 0, 0, 159, 599, 399], [3, 0, 0, 0, 599, 393], [3, 8, 73, 29, 85, 41]], [[1, 4, 0, 347, 235, 399], [1, 9, 250, 191, 354, 306], [2, 0, 0, 61, 331, 169], [3, 0, 0, 0, 599, 399]]], "distance_down_track": [712.6583862304688, 712.6583862304688, 365.0060729980469, 354.56878662109375, 365.0060729980469, 420.1153259277344, 343.6702575683594, 392.1418762207031, 321.3812561035156, 321.3812561035156], "velocity": [[-4.786739826202393, 0.11271189153194427, -1.4918694496154785], [-0.14328165352344513, 0.07399637997150421, 0.01729322224855423], [-6.455999851226807, -0.8739713430404663, -8.083833694458008], [3.2201786041259766, 0.27624940872192383, 2.361858367919922], [-4.941835880279541, 0.09142398834228516, -0.17544139921665192], [-0.07277228683233261, 0.3732289969921112, -21.869693756103516], [-13.259543418884277, -15.350564002990723, -17.697526931762695], [-20.203800201416016, 1.3603726625442505, -9.847394943237305], [-15.681252479553223, -3.7747912406921387, -17.98845672607422], [-6.134759902954102, 0.12074053287506104, -0.004066626075655222]]}