{"track": "tutorial", "karts": ["puffy", "hexley", "tux", "suzanne", "pidgin", "nolok", "beastie", "gavroche", "amanda", "adiumy"], "detections": [[[1, 0, 202, 202, 391, 328], [1, 1, 0, 219, 120, 296], [1, 8, 0, 109, 196, 229], [2, 0, 0, 120, 73, 153], [3, 0, 0, 56, 599, 399]], [[1, 0, 468, 197, 599, 315], [1, 1, 244, 192, 354, 350], [1, 3, 21, 193, 219, 318], [1, 8, 349, 102, 550, 230], [2, 0, 0, 73, 141, 196], [3, 0, 0, 44, 599, 399]], [[1, 0, 440, 145, 459, 157], [1, 1, 402, 144, 417, 155], [1, 2, 249, 198, 351, 289], [1, 3, 384, 144, 399, 154], [1, 6, 398, 155, 446, 195], [1, 8, 416, 134, 434, 147], [1, 9, 356, 149, 377, 168], [2, 0, 280, 119, 382, 144], [3, 0, 0, 13, 599, 399]], [[1, 0, 573, 224, 599, 249], [1, 1, 371, 201, 523, 347], [1, 3, 236, 202, 367, 314], [1, 8, 461, 113, 599, 240], [2, 0, 0, 53, 196, 195], [3, 0, 0, 9, 599, 399]], [[1, 0, 404, 199, 416, 206], [1, 1, 387, 194, 397, 200], [1, 3, 379, 192, 388, 198], [1, 4, 221, 217, 369, 324], [1, 6, 343, 217, 356, 225], [1, 8, 394, 191, 404, 198], [1, 9, 347, 205, 355, 211], [2, 0, 0, 161, 599, 399], [3, 0, 0, 0, 599, 259], [3, 8, 125, 43, 134, 54]], [[1, 5, 275, 203, 332, 255], [2, 0, 16, 141, 599, 399], [3, 0, 0, 0, 599, 399]], [[1, 0, 342, 157, 362, 172], [1, 1, 301, 155, 318, 169], [1, 3, 280, 155, 298, 169], [1, 6, 210, 180, 382, 325], [1, 8, 316, 144, 335, 159], [1, 9, 209, 162, 250, 197], [2, 0, 136, 123, 279, 156], [3, 0, 0, 37, 599, 399]], [[1, 7, 242, 205, 359, 320], [2, 0, 0, 168, 599, 399], [3, 0, 0, 0, 599, 239]], [[1, 0, 392, 261, 599, 399], [1, 1, 83, 267, 229, 399], [1, 3, 0, 269, 134, 399], [1, 8, 219, 184, 380, 318], [2, 0, 0, 125, 123, 228], [3, 0, 0, 63, 599, 399]], [[1, 0, 379, 165, 408, 186], [1, 1, 323, 159, 341, 178], [1, 3, 293, 157, 316, 175], [1, 8, 345, 145, 370, 167], [1, 9, 246, 191, 351, 303], [2, 0, 83, 99, 283, 154], [3, 0, 0, 2, 599, 399]]], "distance_down_track": [712.6583862304688, 712.6583862304688, 712.6583862304688, 712.6583862304688, 694.2288208007812, 741.5721435546875, 694.2288208007812, 741.5721435546875, 694.2288208007812, 675.6192626953125], "velocity": [[-0.05121079832315445, -0.09039521962404251, 0.01283754501491785], [-0.11658402532339096, 0.27355438470840454, 0.03849099203944206], [-0.9715932011604309, -0.2969629764556885, -0.5515345931053162], [2.8734235763549805, 0.8128175735473633, 0.2844372093677521], [-2.691237211227417, -0.32919150590896606, -3.015427350997925], [-17.336467742919922, 2.155168056488037, 14.387825012207031], [-4.80702018737793, 0.11211172491312027, -1.0841498374938965], [0.13832814991474152, 0.0868695080280304, 0.13637427985668182], [-0.07096211612224579, 0.08749225735664368, 0.0031413238029927015], [-4.765452861785889, 0.08807732909917831, -0.5711084604263306]]}