{"track": "tutorial", "karts": ["puffy", "hexley", "tux", "suzanne", "pidgin", "nolok", "beastie", "gavroche", "amanda", "adiumy"], "detections": [[[1, 0, 234, 200, 363, 293], [1, 1, 427, 142, 441, 151], [1, 5, 303, 153, 317, 164], [2, 0, 280, 104, 407, 138], [3, 0, 0, 0, 599, 399], [3, 8, 90, 9, 102, 22]], [[1, 1, 243, 192, 354, 350], [2, 0, 0, 96, 98, 147], [3, 0, 0, 53, 599, 399]], [[1, 2, 255, 197, 349, 278], [1, 9, 209, 166, 240, 193], [2, 0, 0, 160, 599, 399], [3, 0, 0, 32, 599, 303], [5, 7, 79, 155, 81, 155], [5, 8, 59, 154, 62, 155], [5, 12, 202, 153, 206, 158], [5, 13, 220, 154, 223, 158], [5, 14, 393, 163, 407, 182], [5, 15, 316, 166, 330, 186]], [[1, 3, 264, 201, 335, 254], [2, 0, 0, 167, 599, 399], [3, 0, 0, 43, 599, 279], [3, 6, 251, 132, 258, 138], [3, 7, 205, 124, 207, 130]], [[1, 4, 263, 210, 340, 262], [2, 0, 59, 150, 599, 399], [3, 0, 0, 116, 599, 399], [5, 6, 377, 169, 390, 183], [5, 7, 326, 168, 340, 183], [5, 8, 261, 167, 277, 183], [5, 17, 177, 156, 183, 161], [5, 18, 199, 156, 204, 161], [5, 19, 216, 156, 220, 161], [5, 20, 76, 145, 80, 149], [5, 21, 62, 144, 67, 148], [5, 22, 43, 143, 49, 147]], [[1, 1, 487, 164, 505, 182], [1, 5, 239, 204, 337, 303], [2, 0, 287, 128, 413, 161], [3, 0, 0, 10, 599, 399]], [[1, 2, 266, 150, 276, 158], [1, 6, 235, 185, 364, 293], [1, 9, 235, 148, 244, 154], [2, 0, 0, 149, 599, 399], [3, 0, 0, 102, 599, 269], [3, 2, 419, 142, 436, 155], [5, 7, 58, 137, 58, 137], [5, 8, 46, 136, 48, 136], [5, 12, 176, 142, 177, 143], [5, 13, 185, 143, 187, 144], [5, 14, 287, 149, 289, 154], [5, 15, 266, 149, 269, 154]], [[1, 7, 272, 203, 326, 254], [2, 0, 0, 176, 599, 399], [3, 0, 0, 72, 599, 309], [3, 6, 438, 61, 456, 82], [3, 7, 353, 77, 366, 89]], [[1, 2, 230, 151, 234, 153], [1, 6, 262, 155, 269, 160], [1, 8, 218, 183, 379, 313], [1, 9, 211, 149, 215, 152], [2, 0, 0, 150, 599, 399], [3, 0, 0, 33, 599, 255], [3, 2, 300, 147, 307, 153], [5, 12, 152, 144, 152, 144], [5, 14, 235, 151, 236, 152], [5, 15, 226, 150, 227, 152]], [[1, 4, 196, 156, 196, 156], [1, 9, 273, 195, 329, 252], [2, 0, 145, 163, 599, 399], [3, 0, 0, 135, 599, 399], [5, 6, 183, 156, 183, 156], [5, 7, 170, 155, 170, 155], [5, 8, 154, 154, 156, 155], [5, 12, 274, 157, 278, 162], [5, 13, 292, 158, 296, 163], [5, 15, 529, 216, 593, 266], [5, 19, 2, 152, 6, 153]]], "distance_down_track": [708.639892578125, 712.6583862304688, 354.56878662109375, 343.6702575683594, 354.56878662109375, 420.1153259277344, 332.51373291015625, 383.7624206542969, 321.3812561035156, 310.5081787109375], "velocity": [[-4.5956926345825195, -14.531020164489746, -4.7440290451049805], [-0.14379511773586273, 0.0817793533205986, 0.009265839122235775], [9.475432395935059, 0.9760306477546692, 10.578144073486328], [-2.3082659244537354, 1.0700597763061523, -22.85884666442871], [-13.15456485748291, 0.5693382024765015, 16.353837966918945], [-4.33196496963501, 0.1253422498703003, -2.116521120071411], [11.461048126220703, 0.7063354849815369, 6.035025596618652], [10.082134246826172, -0.5109898447990417, -20.049991607666016], [0.02182474546134472, 0.5126947164535522, -0.015237933956086636], [12.096551895141602, 1.7352043390274048, 18.98314666748047]]}