{"track": "fortmagma", "karts": ["nolok", "beastie", "sara_the_wizard", "adiumy", "puffy", "konqi", "pidgin", "emule", "xue", "gnu"], "detections": [[[1, 0, 262, 202, 323, 259], [1, 9, 369, 185, 383, 197], [2, 0, 0, 122, 599, 399], [3, 0, 0, 0, 599, 322], [3, 15, 426, 0, 599, 130], [6, 28, 0, 208, 143, 244]], [[1, 1, 265, 187, 353, 269], [1, 4, 307, 180, 365, 214], [1, 5, 142, 170, 159, 179], [2, 0, 0, 169, 599, 399], [3, 0, 0, 0, 599, 283], [3, 15, 74, 115, 261, 182]], [[1, 2, 277, 186, 324, 278], [2, 0, 0, 126, 599, 399], [3, 0, 0, 0, 599, 302], [6, 30, 294, 172, 344, 184]], [[1, 3, 267, 194, 334, 263], [2, 0, 0, 127, 599, 399], [3, 0, 0, 0, 599, 266], [6, 37, 333, 167, 354, 184]], [[1, 1, 49, 248, 310, 399], [1, 4, 265, 199, 354, 267], [1, 5, 103, 174, 122, 184], [2, 0, 0, 172, 599, 399], [3, 0, 0, 0, 599, 268], [3, 15, 8, 114, 241, 189], [6, 41, 59, 174, 73, 177], [6, 42, 59, 173, 72, 179], [6, 43, 66, 172, 68, 177]], [[1, 5, 276, 190, 338, 253], [2, 0, 0, 159, 599, 399], [3, 0, 0, 0, 599, 374], [3, 15, 212, 7, 599, 194], [6, 5, 494, 171, 505, 171], [6, 6, 460, 169, 470, 171], [6, 16, 524, 175, 540, 177], [6, 33, 213, 199, 220, 201], [6, 38, 247, 184, 275, 202], [6, 41, 301, 159, 305, 164], [6, 42, 295, 162, 304, 167], [6, 43, 298, 164, 298, 164]], [[1, 6, 272, 209, 335, 253], [2, 0, 83, 161, 599, 399], [3, 0, 0, 0, 599, 399], [3, 10, 504, 160, 513, 177], [6, 8, 284, 160, 284, 161], [6, 9, 295, 157, 309, 167], [6, 10, 334, 156, 351, 166]], [[1, 1, 257, 137, 266, 141], [1, 4, 255, 137, 260, 139], [1, 7, 270, 200, 329, 259], [1, 8, 269, 141, 277, 144], [2, 0, 0, 126, 599, 399], [3, 0, 0, 0, 599, 245], [3, 15, 0, 88, 599, 182], [4, 26, 350, 160, 357, 166], [4, 27, 246, 160, 254, 166], [6, 25, 297, 157, 313, 166], [6, 28, 417, 139, 418, 139]], [[1, 1, 289, 166, 328, 193], [1, 4, 295, 167, 328, 181], [1, 5, 125, 171, 138, 179], [1, 8, 266, 183, 343, 265], [2, 0, 0, 169, 599, 399], [3, 0, 0, 0, 599, 343], [3, 15, 137, 121, 231, 176]], [[1, 2, 345, 168, 360, 184], [1, 9, 263, 158, 328, 230], [2, 0, 0, 129, 599, 399], [3, 0, 0, 0, 599, 197], [3, 15, 434, 0, 460, 58], [6, 30, 366, 174, 392, 179]]], "distance_down_track": [800.8606567382812, 779.59716796875, 831.0828247070312, 872.2129516601562, 781.7083740234375, 803.472900390625, 633.6754150390625, 723.388916015625, 774.8816528320312, 818.9083862304688], "velocity": [[2.19134521484375, -3.692800760269165, 20.249719619750977], [-10.022284507751465, 0.0781613290309906, -18.546903610229492], [15.86745834350586, -1.5390180349349976, 8.277780532836914], [11.931819915771484, -2.351900339126587, -12.668774604797363], [-10.883304595947266, 0.07871803641319275, -18.53620719909668], [7.7472100257873535, -5.51133918762207, -26.23005485534668], [-26.70382308959961, 0.07838055491447449, 5.804884433746338], [-21.628612518310547, -4.440598011016846, 0.10284082591533661], [-15.213903427124023, 0.004390541464090347, -18.052001953125], [13.072783470153809, -3.3126280307769775, 15.704099655151367]]}