{"track": "xr591", "karts": ["sara_the_racer", "tux", "gavroche", "konqi", "beastie", "kiki", "gnu", "hexley", "nolok", "pidgin"], "detections": [[[1, 0, 268, 187, 330, 357], [1, 2, 310, 162, 314, 165], [1, 4, 321, 158, 322, 158], [2, 0, 0, 158, 599, 399], [3, 0, 0, 0, 599, 240], [6, 10, 337, 154, 337, 157], [6, 45, 285, 160, 294, 168]], [[1, 1, 238, 224, 364, 361], [1, 5, 456, 176, 457, 177], [2, 0, 0, 174, 599, 399], [3, 0, 0, 0, 599, 272], [3, 4, 316, 46, 320, 50], [3, 5, 561, 46, 567, 50], [4, 15, 441, 171, 448, 176], [4, 16, 423, 170, 429, 174], [5, 17, 468, 174, 472, 178], [5, 49, 458, 173, 459, 174], [6, 9, 428, 171, 428, 171]], [[1, 2, 237, 231, 362, 362], [2, 0, 0, 185, 599, 399], [3, 0, 0, 0, 599, 250], [3, 8, 384, 49, 390, 55], [6, 10, 292, 175, 297, 184]], [[1, 3, 231, 213, 369, 381], [1, 6, 346, 186, 356, 188], [1, 8, 305, 178, 315, 193], [2, 0, 0, 0, 599, 399], [3, 0, 0, 0, 599, 238], [5, 46, 502, 203, 503, 204], [6, 1, 311, 184, 315, 189], [6, 58, 314, 190, 340, 194]], [[1, 4, 240, 208, 358, 375], [2, 0, 0, 172, 599, 399], [3, 0, 0, 0, 599, 239], [4, 11, 345, 183, 363, 198], [4, 12, 277, 179, 298, 196], [4, 13, 194, 167, 218, 186]], [[1, 5, 231, 179, 342, 342], [1, 7, 348, 219, 599, 399], [1, 9, 386, 161, 395, 165], [2, 0, 0, 123, 599, 399], [3, 0, 0, 0, 599, 258], [4, 18, 531, 122, 536, 126], [5, 49, 255, 167, 261, 174]], [[1, 6, 233, 242, 366, 304], [1, 8, 0, 165, 72, 293], [2, 0, 0, 187, 599, 399], [3, 0, 0, 0, 599, 244], [3, 6, 271, 74, 276, 79], [4, 21, 235, 188, 235, 189], [5, 28, 355, 191, 355, 191], [5, 46, 469, 202, 471, 204], [6, 1, 231, 182, 245, 192], [6, 2, 210, 189, 212, 190], [6, 58, 0, 251, 235, 362]], [[1, 5, 142, 180, 266, 316], [1, 7, 234, 214, 377, 394], [1, 9, 376, 163, 384, 167], [2, 0, 0, 125, 599, 399], [3, 0, 0, 0, 599, 275], [4, 18, 519, 125, 524, 128], [5, 49, 243, 168, 249, 174]], [[1, 6, 588, 253, 599, 256], [1, 8, 251, 165, 354, 373], [2, 0, 0, 187, 599, 399], [3, 0, 0, 0, 599, 253], [3, 6, 288, 75, 292, 79], [4, 21, 256, 188, 258, 189], [5, 22, 262, 189, 262, 189], [5, 23, 252, 188, 252, 188], [5, 28, 377, 191, 377, 192], [5, 46, 505, 204, 507, 206], [6, 1, 268, 190, 278, 193], [6, 2, 232, 187, 234, 190], [6, 58, 337, 259, 599, 399]], [[1, 9, 241, 239, 364, 360], [2, 0, 0, 122, 599, 399], [3, 0, 0, 0, 599, 252], [4, 18, 353, 161, 356, 164], [5, 19, 378, 162, 380, 164]]], "distance_down_track": [344.390625, 218.8858642578125, 300.0146179199219, 16.666080474853516, 264.7128601074219, 143.84799194335938, 0.5662410855293274, 144.50982666015625, 0.20970159769058228, 106.26093292236328], "velocity": [[6.2116851806640625, 2.386007785797119, -18.504976272583008], [-20.423641204833984, 3.307589530944824, -0.6517120599746704], [-0.6344725489616394, -0.2513256371021271, -20.68874740600586], [-1.5877033472061157, 0.14784175157546997, 14.900729179382324], [10.778755187988281, 2.374861240386963, -18.72401237487793], [-15.487876892089844, 2.7327687740325928, 15.477973937988281], [2.261168956756592, 0.5461487770080566, 23.315441131591797], [-13.669011116027832, 2.400404453277588, 13.479991912841797], [0.7441588044166565, 0.4789595901966095, 20.734560012817383], [-0.04470248147845268, -1.3724772930145264, 21.716629028320312]]}