{"track": "scotland", "karts": ["konqi", "sara_the_racer", "wilber", "beastie", "gavroche", "pidgin", "tux", "gnu", "xue", "hexley"], "detections": [[[1, 0, 260, 192, 330, 260], [1, 1, 259, 162, 259, 164], [1, 3, 265, 164, 265, 164], [1, 4, 159, 178, 203, 201], [1, 6, 260, 163, 262, 164], [1, 7, 265, 162, 265, 162], [1, 8, 262, 162, 265, 165], [1, 9, 339, 165, 346, 172], [2, 0, 0, 164, 599, 399], [3, 0, 0, 0, 599, 357], [4, 9, 321, 164, 327, 168], [4, 11, 347, 164, 353, 168], [4, 12, 373, 164, 378, 168]], [[1, 1, 278, 180, 318, 251], [1, 2, 416, 156, 430, 163], [1, 5, 419, 163, 427, 163], [1, 7, 342, 155, 376, 190], [2, 0, 0, 163, 599, 399], [3, 0, 0, 74, 599, 225]], [[1, 2, 262, 190, 333, 254], [1, 5, 245, 194, 290, 226], [2, 0, 0, 161, 599, 399], [3, 0, 0, 55, 599, 278], [6, 5, 420, 155, 424, 160]], [[1, 1, 207, 155, 239, 191], [1, 3, 233, 221, 361, 296], [1, 6, 45, 326, 248, 399], [1, 7, 280, 143, 308, 166], [2, 0, 0, 155, 599, 399], [3, 0, 0, 51, 599, 257]], [[1, 1, 190, 149, 192, 151], [1, 3, 198, 151, 200, 151], [1, 4, 250, 204, 344, 298], [1, 6, 194, 150, 197, 151], [1, 7, 199, 147, 200, 149], [1, 8, 200, 149, 204, 153], [1, 9, 324, 153, 336, 161], [2, 0, 0, 151, 599, 399], [3, 0, 0, 0, 599, 198], [4, 9, 284, 151, 291, 156], [4, 11, 311, 151, 316, 156], [4, 12, 335, 152, 340, 156]], [[1, 2, 318, 216, 459, 351], [1, 5, 263, 209, 334, 259], [2, 0, 0, 159, 599, 399], [3, 0, 0, 59, 599, 251], [6, 5, 405, 155, 413, 159]], [[1, 1, 285, 162, 306, 187], [1, 3, 316, 196, 371, 225], [1, 6, 265, 197, 333, 256], [1, 7, 340, 153, 357, 171], [2, 0, 0, 164, 599, 399], [3, 0, 0, 94, 599, 249]], [[1, 1, 0, 248, 121, 399], [1, 2, 409, 159, 424, 167], [1, 5, 412, 167, 412, 167], [1, 7, 266, 159, 324, 228], [2, 0, 0, 168, 599, 399], [3, 0, 0, 74, 599, 258]], [[1, 1, 317, 158, 327, 170], [1, 3, 330, 168, 348, 176], [1, 6, 315, 164, 332, 178], [1, 7, 345, 154, 357, 163], [1, 8, 258, 185, 336, 275], [2, 0, 0, 164, 599, 399], [3, 0, 0, 48, 599, 219]], [[1, 1, 172, 151, 173, 153], [1, 3, 173, 153, 179, 155], [1, 6, 169, 152, 173, 155], [1, 7, 183, 149, 185, 152], [1, 8, 163, 152, 169, 157], [1, 9, 277, 196, 328, 265], [2, 0, 0, 154, 599, 399], [3, 0, 0, 18, 599, 221], [4, 9, 245, 158, 262, 171], [4, 11, 305, 157, 318, 169], [4, 12, 356, 156, 367, 167]]], "distance_down_track": [680.0850830078125, 773.1051635742188, 805.2659301757812, 767.1904907226562, 685.6251831054688, 806.4258422851562, 765.38623046875, 777.299072265625, 754.1964111328125, 706.723388671875], "velocity": [[13.073222160339355, 2.4871625900268555, -18.75912857055664], [9.362858772277832, 1.706013798713684, -21.76700210571289], [-7.748332977294922, -0.37858715653419495, -19.42531967163086], [7.680936813354492, 0.7352755665779114, -9.288068771362305], [4.030112266540527, 0.911541223526001, -10.322622299194336], [-9.789846420288086, -0.782163143157959, -20.31827735900879], [17.64374542236328, 1.0883983373641968, -12.451410293579102], [8.317124366760254, 1.6416168212890625, -20.188247680664062], [14.902604103088379, 1.5421251058578491, -9.087264060974121], [12.371219635009766, 1.2385811805725098, -17.96778678894043]]}