{"track": "overworld", "karts": ["beastie", "kiki", "hexley", "emule", "amanda", "wilber", "adiumy", "xue", "suzanne", "nolok"], "detections": [[[1, 0, 253, 188, 338, 263], [3, 0, 0, 84, 390, 146], [3, 7, 299, 140, 302, 141], [3, 24, 303, 140, 305, 141]], [[1, 1, 270, 183, 331, 251], [1, 2, 313, 179, 318, 183], [1, 3, 268, 182, 271, 183], [3, 0, 0, 135, 539, 183], [3, 2, 99, 172, 105, 174], [3, 3, 98, 164, 103, 170], [3, 4, 97, 157, 103, 163], [3, 7, 46, 153, 68, 174], [3, 24, 66, 153, 91, 174]], [[1, 2, 274, 196, 325, 265], [1, 3, 243, 162, 249, 165], [1, 7, 498, 142, 505, 145], [3, 0, 0, 97, 575, 170], [3, 2, 5, 142, 18, 154], [3, 3, 1, 132, 11, 141], [3, 4, 0, 120, 12, 131], [3, 7, 0, 130, 18, 157], [3, 24, 9, 120, 52, 162], [3, 25, 23, 122, 44, 135]], [[1, 3, 268, 200, 331, 263], [3, 0, 0, 100, 537, 158], [3, 1, 211, 148, 234, 159], [3, 2, 237, 133, 246, 145], [3, 3, 235, 125, 242, 132], [3, 4, 234, 112, 244, 123], [3, 7, 274, 118, 293, 155], [3, 8, 274, 120, 283, 132], [3, 24, 292, 118, 312, 155], [3, 25, 300, 119, 312, 137]], [[1, 4, 260, 192, 341, 263], [3, 0, 0, 110, 517, 217]], [[1, 5, 256, 190, 338, 261], [3, 0, 0, 0, 599, 399]], [[1, 6, 249, 190, 355, 305], [2, 7, 217, 163, 290, 181], [2, 24, 291, 165, 387, 183], [3, 0, 0, 0, 599, 205], [3, 7, 135, 0, 292, 176], [3, 24, 291, 0, 468, 183]], [[1, 4, 326, 184, 331, 187], [1, 7, 261, 187, 329, 267], [3, 0, 171, 155, 486, 187]], [[1, 0, 243, 139, 244, 140], [1, 8, 260, 201, 337, 259], [1, 9, 265, 140, 267, 142], [3, 0, 0, 0, 599, 176], [3, 24, 232, 134, 233, 134]], [[1, 0, 279, 169, 285, 174], [1, 9, 266, 203, 326, 261], [3, 0, 0, 90, 499, 176], [3, 7, 296, 162, 299, 163], [3, 8, 297, 162, 297, 162], [3, 24, 300, 162, 303, 163]]], "distance_down_track": [132.74520874023438, 310.2080383300781, 310.2080383300781, 310.2080383300781, 989.769287109375, 1342.3868408203125, 621.7353515625, 514.8225708007812, 39.937889099121094, 96.3262710571289], "velocity": [[2.146879196166992, -0.9426702857017517, 21.608158111572266], [19.615684509277344, -0.5872455835342407, 9.607421875], [18.257427215576172, -1.669303297996521, 11.887063980102539], [-0.37172219157218933, -1.4662010669708252, 20.728084564208984], [10.543879508972168, -0.43141797184944153, -19.001333236694336], [-10.94124698638916, 2.205902576446533, -11.779243469238281], [-0.007113893982023001, -0.03817998245358467, 0.11060113459825516], [16.302860260009766, 3.2872250080108643, -12.198394775390625], [6.403527736663818, -0.8392199277877808, 19.66673469543457], [0.2589235305786133, 0.8450743556022644, 20.681119918823242]]}