{"track": "overworld", "karts": ["beastie", "kiki", "hexley", "emule", "amanda", "wilber", "adiumy", "xue", "suzanne", "nolok"], "detections": [[[1, 0, 262, 188, 348, 266], [3, 0, 0, 51, 599, 225]], [[1, 1, 270, 182, 336, 258], [1, 2, 422, 135, 429, 138], [1, 9, 340, 141, 347, 145], [2, 0, 394, 134, 398, 139], [3, 0, 0, 0, 599, 236]], [[1, 2, 273, 196, 324, 265], [3, 0, 0, 0, 599, 177], [3, 24, 239, 135, 240, 135]], [[1, 3, 242, 200, 360, 322], [1, 6, 418, 287, 599, 399], [2, 7, 216, 155, 294, 172], [2, 24, 295, 154, 398, 172], [3, 0, 0, 0, 599, 186], [3, 7, 121, 0, 294, 169], [3, 24, 293, 0, 479, 171]], [[1, 1, 449, 188, 452, 191], [1, 4, 251, 190, 345, 269], [1, 8, 440, 186, 443, 188], [3, 0, 0, 18, 599, 202]], [[1, 5, 251, 188, 333, 267], [3, 0, 0, 0, 599, 158]], [[1, 3, 128, 141, 236, 219], [1, 6, 251, 190, 355, 301], [2, 7, 206, 142, 281, 160], [2, 24, 282, 143, 380, 161], [3, 0, 0, 0, 599, 172], [3, 7, 116, 0, 281, 156], [3, 24, 279, 0, 458, 160]], [[1, 0, 368, 148, 374, 152], [1, 7, 263, 187, 331, 267], [3, 0, 0, 95, 550, 190]], [[1, 1, 296, 168, 317, 194], [1, 2, 422, 142, 428, 145], [1, 8, 264, 200, 340, 261], [1, 9, 345, 149, 351, 153], [2, 0, 396, 142, 400, 146], [3, 0, 0, 0, 599, 228], [3, 5, 418, 112, 419, 112]], [[1, 2, 366, 155, 374, 162], [1, 9, 266, 202, 326, 261], [2, 0, 323, 153, 333, 164], [3, 0, 0, 0, 599, 164], [3, 7, 342, 127, 343, 128], [3, 24, 344, 127, 347, 129]]], "distance_down_track": [1032.406494140625, 1437.941162109375, 36.97350311279297, 608.9856567382812, 1362.216064453125, 1178.625, 607.9628295898438, 986.7828369140625, 1432.2076416015625, 10.691514015197754], "velocity": [[4.484466552734375, -0.29839861392974854, -21.265247344970703], [-13.007366180419922, -4.159114360809326, 14.149996757507324], [6.409601211547852, -0.9238207340240479, 20.868303298950195], [-3.1982171535491943, -1.941244125366211, 2.3077313899993896], [-18.120311737060547, 1.9265611171722412, -0.1770077347755432], [1.898159384727478, 0.892959713935852, -18.23163604736328], [0.4048868417739868, 0.1641196459531784, 0.9481633305549622], [11.309000015258789, 1.2406615018844604, -17.192668914794922], [-14.178014755249023, -4.7444024085998535, 14.316581726074219], [-0.6279881596565247, -2.225269317626953, 21.32147216796875]]}