{"track": "tutorial", "karts": ["puffy", "hexley", "tux", "suzanne", "pidgin", "nolok", "beastie", "gavroche", "amanda", "adiumy"], "detections": [[[1, 0, 205, 203, 394, 327], [2, 0, 0, 109, 87, 150], [3, 0, 0, 52, 599, 399]], [[1, 0, 389, 198, 400, 205], [1, 1, 241, 192, 352, 349], [1, 2, 319, 203, 322, 207], [1, 4, 319, 198, 347, 221], [1, 9, 332, 198, 335, 203], [2, 0, 0, 162, 599, 399], [3, 0, 0, 0, 599, 320], [3, 8, 114, 37, 124, 48]], [[1, 0, 459, 161, 497, 181], [1, 2, 229, 196, 359, 313], [1, 9, 297, 165, 339, 208], [2, 0, 199, 116, 358, 160], [3, 0, 0, 21, 599, 399]], [[1, 0, 518, 176, 548, 192], [1, 2, 341, 183, 366, 203], [1, 3, 264, 188, 329, 243], [1, 7, 310, 199, 332, 218], [1, 9, 374, 175, 391, 191], [2, 0, 340, 135, 461, 168], [3, 0, 0, 0, 599, 399], [3, 8, 115, 40, 126, 51]], [[1, 0, 414, 199, 428, 207], [1, 2, 325, 205, 335, 213], [1, 3, 305, 218, 313, 226], [1, 4, 263, 209, 332, 260], [1, 7, 310, 214, 318, 223], [1, 9, 342, 199, 350, 205], [2, 0, 0, 159, 569, 399], [3, 0, 0, 0, 599, 399], [3, 8, 138, 42, 147, 52]], [[1, 1, 435, 174, 442, 178], [1, 4, 463, 181, 463, 181], [1, 5, 270, 203, 328, 256], [2, 0, 0, 173, 599, 399], [3, 0, 0, 73, 599, 384], [3, 6, 448, 63, 466, 83], [3, 7, 364, 78, 376, 91]], [[1, 6, 217, 182, 371, 314], [1, 8, 249, 146, 255, 150], [2, 0, 0, 148, 599, 399], [3, 0, 0, 111, 599, 252], [3, 6, 180, 121, 185, 123], [3, 7, 123, 106, 132, 116]], [[1, 0, 486, 163, 516, 180], [1, 2, 310, 169, 353, 208], [1, 7, 241, 204, 342, 309], [1, 9, 340, 162, 366, 187], [2, 0, 270, 126, 401, 161], [3, 0, 0, 16, 599, 399]], [[1, 8, 259, 192, 339, 259], [2, 0, 0, 168, 599, 399], [3, 0, 0, 0, 599, 275], [3, 6, 257, 128, 261, 138], [3, 7, 211, 122, 217, 129]], [[1, 0, 462, 161, 518, 186], [1, 9, 250, 191, 352, 304], [2, 0, 113, 104, 333, 161], [3, 0, 0, 18, 599, 399]]], "distance_down_track": [712.6583862304688, 712.6583862304688, 491.73480224609375, 491.73480224609375, 491.73480224609375, 547.9110717773438, 473.2306823730469, 512.133544921875, 455.9293518066406, 455.9293518066406], "velocity": [[-0.07045888155698776, 0.08182290941476822, 0.0022367124911397696], [-0.143448606133461, 0.08169366419315338, 0.005702285561710596], [-4.803373336791992, 0.09689540416002274, -1.3092479705810547], [-14.544119834899902, -15.324201583862305, -17.050443649291992], [-15.298988342285156, -4.385720252990723, -18.38742446899414], [10.521529197692871, -0.33720237016677856, -19.356678009033203], [-3.9932734966278076, 0.740249514579773, -9.153804779052734], [-4.545970916748047, 0.11058000475168228, -2.0478906631469727], [-1.8745551109313965, 1.9130951166152954, -22.5429630279541], [-4.8096232414245605, 0.08493845164775848, -0.6913542151451111]]}