{"track": "tutorial", "karts": ["puffy", "hexley", "tux", "suzanne", "pidgin", "nolok", "beastie", "gavroche", "amanda", "adiumy"], "detections": [[[1, 0, 207, 201, 387, 329], [1, 2, 0, 170, 84, 231], [1, 5, 425, 176, 525, 232], [2, 0, 0, 77, 118, 172], [3, 0, 0, 19, 599, 399]], [[1, 0, 394, 198, 406, 204], [1, 1, 239, 193, 349, 351], [1, 2, 375, 189, 383, 194], [1, 3, 314, 195, 325, 207], [1, 5, 422, 201, 434, 207], [1, 7, 318, 208, 321, 210], [1, 9, 369, 187, 374, 192], [2, 0, 0, 159, 599, 399], [3, 0, 0, 0, 599, 261], [3, 8, 127, 39, 136, 50]], [[1, 2, 233, 196, 366, 312], [1, 9, 80, 192, 228, 343], [2, 0, 0, 82, 222, 217], [3, 0, 0, 61, 599, 399]], [[1, 0, 413, 196, 431, 207], [1, 2, 375, 185, 387, 193], [1, 3, 255, 200, 335, 261], [1, 4, 264, 241, 292, 252], [1, 5, 458, 199, 478, 210], [1, 9, 366, 183, 375, 191], [2, 0, 299, 149, 442, 181], [3, 0, 0, 8, 599, 399], [3, 8, 42, 24, 57, 39]], [[1, 0, 516, 190, 548, 207], [1, 2, 447, 176, 466, 188], [1, 4, 266, 208, 331, 256], [1, 5, 597, 203, 599, 209], [1, 7, 313, 207, 343, 230], [1, 9, 433, 174, 447, 185], [2, 0, 344, 138, 465, 173], [3, 0, 0, 0, 599, 399], [3, 8, 121, 40, 132, 52]], [[1, 5, 234, 206, 356, 321], [3, 0, 0, 0, 599, 399]], [[1, 1, 350, 153, 353, 153], [1, 6, 207, 180, 380, 331], [1, 8, 155, 221, 251, 291], [2, 0, 0, 146, 599, 399], [3, 0, 0, 69, 599, 349], [3, 6, 392, 61, 405, 77], [3, 7, 330, 63, 340, 74]], [[1, 0, 469, 167, 504, 186], [1, 2, 380, 159, 398, 174], [1, 5, 530, 169, 570, 186], [1, 7, 241, 205, 348, 314], [1, 9, 363, 158, 379, 172], [2, 0, 246, 124, 379, 160], [3, 0, 0, 20, 599, 399]], [[1, 1, 357, 148, 357, 148], [1, 6, 442, 84, 599, 265], [1, 8, 216, 185, 374, 315], [2, 0, 0, 140, 599, 399], [3, 0, 0, 65, 599, 236], [3, 6, 396, 56, 410, 73], [3, 7, 332, 59, 343, 71]], [[1, 2, 360, 195, 504, 313], [1, 9, 248, 190, 354, 306], [2, 0, 0, 116, 322, 218], [3, 0, 0, 79, 599, 399]]], "distance_down_track": [712.6583862304688, 700.135009765625, 619.34228515625, 619.34228515625, 619.34228515625, 656.4569091796875, 605.3455200195312, 633.04345703125, 605.3455200195312, 605.3455200195312], "velocity": [[-8.124402046203613, 0.1346149444580078, 0.407551646232605], [-2.594043493270874, -0.34430718421936035, -2.906672954559326], [-0.12482783198356628, 0.07419400662183762, 0.06675907224416733], [-14.710298538208008, -11.930960655212402, -16.92460060119629], [-15.309874534606934, -14.810412406921387, -17.854524612426758], [-0.22647592425346375, 0.2031773328781128, 1.9904519319534302], [-5.281505584716797, -1.1215393543243408, -2.719881772994995], [-4.557048320770264, 0.10044080764055252, -1.8507091999053955], [1.588057041168213, -0.18630707263946533, -3.3197948932647705], [-0.16816550493240356, 0.07470522075891495, 0.012372687458992004]]}