{"track": "volcano_island", "karts": ["gavroche", "adiumy", "amanda", "nolok", "tux", "konqi", "kiki", "pidgin", "sara_the_racer", "suzanne"], "detections": [[[1, 0, 275, 203, 331, 260], [1, 6, 188, 163, 195, 171], [2, 0, 0, 166, 599, 399], [3, 0, 0, 0, 599, 318], [5, 16, 209, 164, 213, 167], [5, 28, 192, 165, 195, 169]], [[1, 1, 266, 195, 335, 265], [1, 4, 27, 247, 266, 399], [2, 0, 0, 159, 599, 399], [3, 0, 0, 0, 599, 272], [8, 20, 273, 160, 284, 172]], [[1, 2, 261, 190, 343, 263], [1, 3, 351, 235, 511, 355], [1, 5, 232, 165, 252, 182], [2, 0, 0, 158, 599, 399], [3, 0, 0, 0, 599, 302], [3, 183, 233, 145, 234, 150], [3, 189, 194, 147, 194, 150], [3, 192, 180, 156, 180, 159], [3, 347, 218, 157, 225, 160]], [[1, 2, 224, 181, 280, 230], [1, 3, 274, 203, 332, 258], [1, 5, 216, 166, 234, 181], [2, 0, 0, 160, 599, 399], [3, 0, 0, 0, 599, 275], [3, 183, 223, 148, 224, 156], [3, 189, 182, 149, 183, 153], [3, 192, 168, 158, 169, 162], [3, 347, 207, 158, 213, 162]], [[1, 1, 307, 179, 357, 224], [1, 4, 262, 197, 344, 271], [2, 0, 0, 159, 599, 399], [3, 0, 0, 0, 599, 306], [8, 20, 291, 158, 301, 168]], [[1, 5, 266, 192, 342, 266], [2, 0, 0, 153, 599, 399], [3, 0, 0, 0, 599, 316], [3, 183, 316, 139, 317, 142], [3, 189, 277, 141, 278, 146], [3, 192, 263, 151, 263, 152], [3, 347, 300, 151, 306, 157]], [[1, 2, 206, 157, 226, 171], [1, 3, 230, 161, 247, 172], [1, 6, 268, 174, 362, 283], [2, 0, 63, 156, 599, 399], [3, 0, 0, 0, 599, 399], [5, 16, 340, 162, 351, 174], [5, 28, 296, 163, 308, 176]], [[1, 7, 266, 210, 341, 262], [2, 0, 0, 151, 599, 399], [3, 0, 0, 0, 599, 304], [3, 61, 398, 156, 412, 166], [3, 216, 422, 157, 436, 165], [3, 220, 413, 152, 436, 163]], [[1, 8, 282, 178, 323, 254], [2, 0, 0, 162, 599, 399], [3, 0, 0, 0, 599, 309]], [[1, 9, 250, 201, 356, 285], [2, 0, 0, 159, 599, 399], [3, 0, 0, 0, 599, 324]]], "distance_down_track": [1084.3818359375, 1039.5609130859375, 1128.5771484375, 1126.9755859375, 1038.282958984375, 1139.851806640625, 1113.458251953125, 1229.395751953125, 952.4863891601562, 991.5774536132812], "velocity": [[-10.708097457885742, -1.1451479196548462, 18.16111946105957], [9.497797966003418, -0.705226480960846, 14.549543380737305], [-21.259265899658203, -1.9464662075042725, 2.0406858921051025], [-23.131568908691406, -1.9199107885360718, 2.967230796813965], [9.673834800720215, -0.6596527099609375, 13.455452919006348], [-20.112089157104492, -1.496443748474121, -4.664167881011963], [-9.435404777526855, -2.469183921813965, 8.136371612548828], [11.327348709106445, -0.6139700412750244, -18.539804458618164], [1.7509715557098389, -0.3766660690307617, -21.776473999023438], [13.03982925415039, -0.4499436020851135, -5.178034782409668]]}