{"track": "overworld", "karts": ["beastie", "kiki", "hexley", "emule", "amanda", "wilber", "adiumy", "xue", "suzanne", "nolok"], "detections": [[[1, 0, 251, 189, 337, 266], [1, 2, 287, 155, 292, 161], [1, 8, 293, 158, 296, 160], [1, 9, 293, 156, 295, 157], [3, 0, 1, 0, 599, 157]], [[1, 0, 378, 154, 389, 161], [1, 1, 268, 182, 333, 256], [1, 2, 512, 148, 518, 151], [1, 8, 597, 151, 599, 152], [3, 0, 200, 47, 599, 153]], [[1, 2, 274, 196, 329, 270], [1, 8, 290, 166, 299, 173], [1, 9, 289, 161, 293, 165], [3, 0, 0, 0, 599, 165]], [[1, 3, 254, 199, 348, 296], [2, 7, 18, 155, 258, 210], [2, 24, 257, 156, 593, 213], [3, 7, 0, 0, 256, 199], [3, 24, 249, 0, 599, 211]], [[1, 1, 542, 175, 547, 178], [1, 4, 259, 192, 334, 257], [3, 0, 0, 86, 379, 171], [3, 7, 283, 162, 285, 162], [3, 24, 286, 162, 287, 162]], [[1, 5, 265, 188, 341, 261], [3, 0, 0, 24, 599, 204]], [[1, 3, 297, 171, 309, 183], [1, 6, 250, 190, 353, 305], [2, 7, 215, 162, 289, 178], [2, 24, 290, 162, 387, 179], [3, 0, 0, 0, 599, 193], [3, 7, 128, 0, 289, 176], [3, 24, 288, 0, 462, 178]], [[1, 7, 268, 187, 336, 265], [3, 0, 0, 155, 375, 177], [3, 3, 220, 174, 222, 176], [3, 4, 220, 168, 222, 172], [3, 7, 185, 167, 195, 175], [3, 24, 195, 167, 207, 175]], [[1, 5, 269, 125, 272, 128], [1, 8, 258, 201, 334, 261], [1, 9, 292, 151, 303, 162], [3, 0, 0, 0, 599, 163]], [[1, 5, 270, 145, 273, 148], [1, 9, 269, 203, 329, 260], [3, 0, 0, 0, 599, 163]]], "distance_down_track": [1182.30029296875, 214.060546875, 1208.8116455078125, 621.7919311523438, 81.58750915527344, 1307.3953857421875, 621.8668823242188, 381.7236328125, 1232.4896240234375, 1245.6060791015625], "velocity": [[-3.3080313205718994, 0.6073093414306641, -21.47319793701172], [18.454172134399414, -0.48554375767707825, -7.7889084815979], [-3.013240337371826, -0.1848236322402954, -19.4318904876709], [-0.27754339575767517, -0.6400988101959229, -3.141348123550415], [1.6464579105377197, 0.8092652559280396, 24.080215454101562], [2.5631494522094727, 2.6762349605560303, -19.31269645690918], [0.003317328402772546, 0.09514633566141129, 0.1619173288345337], [15.401361465454102, 1.4319764375686646, 13.756361961364746], [-2.263056516647339, -0.49938663840293884, -20.569860458374023], [-1.657495141029358, 1.5113825798034668, -20.57810401916504]]}