{"track": "snowtuxpeak", "karts": ["pidgin", "amanda", "xue", "tux", "gavroche", "emule", "puffy", "sara_the_wizard", "beastie", "gnu"], "detections": [[[1, 0, 262, 209, 332, 257], [1, 1, 334, 164, 349, 180], [1, 2, 461, 154, 469, 159], [1, 4, 350, 165, 353, 170], [1, 5, 431, 156, 438, 161], [1, 7, 564, 148, 565, 148], [1, 8, 339, 165, 365, 186], [2, 0, 0, 151, 529, 399], [3, 0, 0, 0, 599, 399], [4, 11, 436, 152, 442, 157]], [[1, 1, 256, 191, 336, 257], [1, 2, 397, 153, 404, 159], [1, 4, 281, 182, 316, 210], [1, 5, 371, 157, 378, 163], [1, 8, 292, 213, 455, 356], [2, 0, 0, 151, 525, 399], [3, 0, 0, 52, 599, 399], [4, 10, 388, 159, 388, 159], [4, 11, 371, 152, 376, 158]], [[1, 2, 270, 188, 333, 260], [1, 6, 370, 157, 380, 160], [1, 7, 368, 154, 374, 160], [2, 0, 0, 160, 599, 399], [3, 0, 0, 0, 599, 385], [4, 10, 200, 234, 205, 239], [4, 11, 26, 173, 116, 235], [5, 9, 402, 248, 402, 248]], [[1, 3, 267, 198, 332, 253], [2, 0, 0, 157, 599, 399], [3, 0, 0, 0, 599, 399], [6, 18, 590, 210, 599, 217]], [[1, 1, 256, 317, 480, 399], [1, 2, 382, 151, 390, 157], [1, 4, 266, 203, 327, 263], [1, 5, 358, 155, 364, 162], [2, 0, 0, 148, 599, 399], [3, 0, 0, 61, 599, 332], [4, 10, 373, 157, 373, 157], [4, 11, 354, 150, 360, 156]], [[1, 2, 353, 160, 376, 183], [1, 5, 273, 198, 332, 259], [1, 6, 417, 150, 420, 151], [1, 7, 420, 147, 422, 150], [2, 0, 0, 153, 599, 399], [3, 0, 0, 0, 599, 265], [4, 10, 324, 178, 325, 179], [4, 11, 268, 156, 286, 177]], [[1, 3, 369, 196, 387, 210], [1, 6, 254, 220, 336, 258], [1, 7, 235, 187, 280, 244], [2, 0, 0, 188, 409, 399], [3, 0, 0, 82, 599, 399]], [[1, 3, 384, 198, 402, 211], [1, 6, 327, 226, 435, 274], [1, 7, 283, 188, 326, 257], [2, 0, 0, 192, 424, 399], [3, 0, 0, 84, 599, 399]], [[1, 1, 244, 181, 292, 224], [1, 2, 382, 154, 389, 160], [1, 4, 265, 177, 294, 199], [1, 5, 357, 158, 363, 163], [1, 8, 258, 190, 335, 256], [2, 0, 0, 152, 429, 399], [3, 0, 0, 55, 599, 399], [4, 11, 358, 153, 362, 158]], [[1, 9, 272, 160, 328, 226], [2, 0, 2, 169, 599, 399], [3, 0, 0, 21, 599, 399], [4, 6, 227, 162, 261, 192], [4, 7, 302, 162, 312, 176], [4, 8, 411, 171, 443, 198]]], "distance_down_track": [532.4351806640625, 543.9918823242188, 578.59375, 617.1309814453125, 546.569091796875, 571.2196655273438, 605.5281982421875, 605.6174926757812, 542.6864624023438, 417.3521423339844], "velocity": [[-16.737579345703125, 0.6344747543334961, 16.184892654418945], [-9.558537483215332, 0.5965033173561096, 20.128154754638672], [1.4603846073150635, 0.9870566725730896, 22.566261291503906], [20.68264389038086, -5.629818439483643, 6.7654523849487305], [-7.41384220123291, 0.46543237566947937, 18.588624954223633], [-4.587667942047119, 0.740013837814331, 21.00204086303711], [10.453414916992188, -1.2044169902801514, 8.576485633850098], [18.56617546081543, -2.5518085956573486, 14.012330055236816], [-10.911785125732422, 0.645490825176239, 22.57994270324707], [20.05978012084961, 2.685283899307251, 10.926776885986328]]}