{"track": "overworld", "karts": ["beastie", "kiki", "hexley", "emule", "amanda", "wilber", "adiumy", "xue", "suzanne", "nolok"], "detections": [[[1, 0, 247, 186, 358, 282], [2, 0, 266, 148, 286, 166], [3, 0, 0, 0, 599, 148]], [[1, 1, 263, 181, 334, 261], [1, 2, 291, 150, 301, 155], [3, 0, 0, 95, 583, 173], [3, 4, 326, 144, 328, 146], [3, 6, 140, 151, 157, 157], [3, 7, 303, 145, 307, 147], [3, 24, 308, 145, 314, 147], [255, 16777215, 158, 157, 421, 186]], [[1, 2, 264, 196, 330, 277], [3, 0, 0, 145, 343, 163], [3, 4, 206, 158, 208, 162], [3, 7, 168, 157, 177, 161], [3, 24, 177, 157, 188, 162]], [[1, 3, 263, 200, 333, 271], [3, 0, 0, 99, 550, 155], [3, 1, 220, 145, 240, 156], [3, 2, 241, 132, 250, 143], [3, 3, 240, 124, 247, 131], [3, 4, 238, 112, 248, 122], [3, 7, 266, 117, 284, 152], [3, 8, 266, 118, 276, 130], [3, 24, 283, 117, 303, 153], [3, 25, 291, 118, 303, 145]], [[1, 4, 215, 185, 372, 318], [3, 0, 89, 127, 599, 212], [255, 16777215, 78, 156, 388, 198]], [[1, 4, 84, 131, 98, 139], [1, 5, 207, 182, 353, 326], [3, 0, 0, 12, 599, 221]], [[1, 6, 252, 191, 352, 302], [3, 0, 0, 107, 599, 175]], [[1, 6, 325, 135, 327, 136], [1, 7, 242, 178, 368, 328], [3, 0, 0, 0, 599, 152]], [[1, 7, 218, 136, 225, 143], [1, 8, 225, 201, 374, 316], [3, 0, 0, 0, 503, 157]], [[1, 7, 355, 147, 358, 150], [1, 8, 350, 157, 360, 162], [1, 9, 237, 205, 354, 319], [3, 0, 0, 0, 599, 182], [3, 5, 213, 137, 213, 137]]], "distance_down_track": [19.27431869506836, 0.0, 0.0, 0.0, 0.0, 0.0, 0.0, 0.0, 0.0, 0.0], "velocity": [[5.074731349945068, -1.4105793237686157, 15.454545974731445], [6.165404796600342, -0.3865639567375183, 17.856182098388672], [14.396912574768066, 0.25458648800849915, 15.2294921875], [1.3786031007766724, -1.7376841306686401, 18.042919158935547], [0.33949556946754456, -0.033093445003032684, 4.978484630584717], [3.6993703842163086, -0.9541136026382446, 2.8615591526031494], [-1.119531512260437, 0.036674439907073975, 4.704526424407959], [-0.14120793342590332, -0.29238155484199524, 5.03629207611084], [1.502967357635498, -0.642920970916748, 4.559215545654297], [-1.4798866510391235, -0.4685203433036804, 4.752187252044678]]}