{"track": "tutorial", "karts": ["puffy", "hexley", "tux", "suzanne", "pidgin", "nolok", "beastie", "gavroche", "amanda", "adiumy"], "detections": [[[1, 0, 204, 203, 395, 327], [1, 5, 521, 213, 599, 306], [1, 6, 0, 181, 223, 338], [1, 7, 0, 195, 58, 268], [2, 0, 0, 107, 66, 135], [3, 0, 0, 36, 599, 399]], [[1, 0, 346, 162, 386, 187], [1, 1, 243, 193, 350, 349], [1, 2, 141, 156, 191, 183], [1, 5, 430, 162, 479, 187], [1, 6, 299, 156, 343, 187], [1, 7, 269, 159, 300, 181], [1, 9, 230, 154, 255, 177], [2, 0, 0, 100, 220, 160], [3, 0, 0, 31, 599, 399]], [[1, 0, 449, 185, 528, 218], [1, 2, 227, 196, 359, 315], [1, 5, 497, 182, 535, 202], [1, 6, 437, 179, 501, 227], [1, 7, 390, 187, 452, 227], [1, 9, 336, 181, 399, 232], [2, 0, 0, 52, 179, 226], [3, 0, 0, 34, 599, 399]], [[1, 0, 456, 209, 474, 220], [1, 1, 403, 216, 420, 228], [1, 2, 389, 193, 402, 200], [1, 3, 263, 200, 332, 258], [1, 4, 329, 207, 343, 215], [1, 5, 494, 219, 517, 230], [1, 6, 438, 204, 456, 216], [1, 7, 429, 201, 439, 209], [1, 9, 416, 195, 426, 203], [2, 0, 335, 157, 558, 190], [3, 0, 0, 0, 599, 399], [3, 8, 131, 41, 141, 52]], [[1, 0, 524, 171, 579, 195], [1, 1, 598, 216, 599, 226], [1, 2, 344, 159, 376, 180], [1, 4, 220, 217, 366, 325], [1, 6, 474, 164, 526, 191], [1, 7, 442, 165, 478, 185], [1, 9, 403, 159, 427, 179], [2, 0, 188, 112, 365, 162], [3, 0, 0, 18, 599, 399]], [[1, 5, 234, 206, 356, 319], [2, 0, 570, 36, 599, 77], [3, 0, 0, 30, 599, 399]], [[1, 0, 238, 182, 353, 244], [1, 5, 284, 170, 323, 197], [1, 6, 213, 179, 388, 325], [1, 7, 0, 267, 262, 399], [3, 0, 0, 33, 599, 399]], [[1, 0, 278, 178, 355, 218], [1, 5, 292, 170, 316, 193], [1, 6, 310, 173, 396, 255], [1, 7, 237, 205, 352, 321], [1, 9, 147, 286, 426, 399], [3, 0, 0, 32, 599, 399]], [[1, 3, 457, 182, 457, 182], [1, 8, 260, 191, 335, 256], [2, 0, 0, 173, 599, 399], [3, 0, 0, 59, 599, 387], [3, 6, 394, 48, 410, 69], [3, 7, 308, 61, 320, 74]], [[1, 2, 0, 205, 54, 252], [1, 6, 568, 220, 599, 312], [1, 7, 412, 222, 599, 318], [1, 9, 248, 193, 352, 305], [2, 0, 0, 183, 280, 399], [3, 0, 0, 211, 599, 399]]], "distance_down_track": [712.6583862304688, 712.6583862304688, 547.9110717773438, 547.9110717773438, 532.0, 590.8922729492188, 532.0, 561.7310180664062, 512.133544921875, 512.133544921875], "velocity": [[-0.28471463918685913, 0.12682697176933289, 0.31601250171661377], [-4.776866436004639, 0.08061401546001434, -0.19648627936840057], [-0.8196206092834473, 0.05831272527575493, 1.0066334009170532], [-14.387608528137207, -9.023364067077637, -17.499969482421875], [-4.7294135093688965, 0.08708391338586807, -1.0751477479934692], [0.8224607110023499, -0.03239065408706665, 1.8322497606277466], [0.2716595232486725, 0.05204657465219498, 1.1511863470077515], [-0.017888709902763367, 0.07093006372451782, 1.0323301553726196], [5.572361946105957, -1.600721001625061, -23.44373893737793], [-0.17056436836719513, 0.18942876160144806, 0.05548709258437157]]}