{"track": "tutorial", "karts": ["puffy", "hexley", "tux", "suzanne", "pidgin", "nolok", "beastie", "gavroche", "amanda", "adiumy"], "detections": [[[1, 0, 206, 203, 395, 330], [1, 1, 0, 244, 71, 302], [1, 6, 8, 274, 267, 399], [1, 7, 166, 256, 276, 335], [2, 0, 0, 138, 43, 157], [3, 0, 0, 45, 599, 399]], [[1, 0, 587, 190, 599, 199], [1, 1, 243, 191, 354, 343], [1, 2, 11, 197, 207, 301], [1, 6, 599, 283, 599, 286], [1, 7, 501, 207, 599, 298], [2, 0, 0, 117, 124, 197], [3, 0, 0, 80, 599, 399]], [[1, 0, 311, 152, 363, 177], [1, 1, 271, 177, 385, 239], [1, 2, 226, 196, 359, 314], [1, 5, 375, 164, 393, 178], [1, 6, 343, 167, 390, 206], [1, 7, 307, 176, 335, 204], [3, 0, 0, 41, 599, 399]], [[1, 0, 566, 154, 599, 178], [1, 1, 448, 164, 483, 189], [1, 2, 398, 162, 436, 183], [1, 3, 220, 201, 368, 321], [1, 4, 315, 162, 347, 182], [1, 6, 543, 168, 599, 200], [1, 7, 529, 170, 566, 191], [2, 0, 147, 108, 345, 161], [3, 0, 0, 17, 599, 399]], [[1, 0, 549, 165, 599, 190], [1, 1, 452, 186, 565, 238], [1, 2, 397, 189, 472, 243], [1, 4, 207, 215, 354, 330], [1, 6, 578, 192, 599, 226], [1, 7, 526, 189, 578, 221], [2, 0, 0, 57, 222, 216], [3, 0, 0, 28, 599, 399]], [[1, 5, 235, 206, 355, 320], [2, 0, 532, 0, 599, 54], [3, 0, 0, 0, 599, 399]], [[1, 0, 175, 132, 320, 204], [1, 5, 361, 162, 389, 186], [1, 6, 220, 178, 394, 331], [1, 7, 91, 198, 243, 314], [3, 0, 0, 19, 599, 399]], [[1, 0, 262, 132, 411, 203], [1, 5, 393, 156, 404, 179], [1, 6, 352, 171, 566, 336], [1, 7, 235, 205, 350, 322], [3, 0, 0, 12, 599, 399]], [[1, 0, 461, 206, 478, 217], [1, 1, 421, 202, 435, 210], [1, 2, 407, 197, 420, 205], [1, 3, 334, 203, 347, 211], [1, 4, 378, 193, 388, 198], [1, 5, 530, 243, 557, 259], [1, 6, 445, 210, 462, 222], [1, 7, 457, 210, 467, 218], [1, 8, 260, 191, 335, 259], [2, 0, 333, 157, 575, 189], [3, 0, 0, 0, 599, 399], [3, 8, 134, 40, 144, 51]], [[1, 9, 246, 191, 347, 299], [2, 0, 0, 149, 599, 399], [3, 0, 0, 101, 599, 275], [3, 7, 189, 110, 189, 110]]], "distance_down_track": [712.6583862304688, 712.6583862304688, 547.9110717773438, 547.9110717773438, 532.0, 590.8922729492188, 532.0, 561.7310180664062, 512.133544921875, 491.73480224609375], "velocity": [[-0.27180904150009155, 0.166780486702919, 0.4030754864215851], [-0.054231416434049606, -0.29503828287124634, 0.00783939752727747], [-0.03497890755534172, 0.03394914045929909, 2.07958722114563], [-4.934763431549072, 0.09733564406633377, -0.7908049821853638], [-0.8331253528594971, 0.1658346951007843, 0.66484534740448], [0.9991476535797119, 0.05578712746500969, 1.673626184463501], [-0.5975225567817688, 0.12932443618774414, 2.016335964202881], [0.10459032654762268, 0.07321080565452576, 1.8760325908660889], [-15.485846519470215, -6.896640777587891, -17.984905242919922], [-1.8542593717575073, 0.5642725825309753, -8.22574234008789]]}