{"track": "zengarden", "karts": ["nolok", "sara_the_wizard", "gnu", "beastie", "hexley", "gavroche", "puffy", "xue", "kiki", "sara_the_racer"], "detections": [[[1, 0, 270, 202, 324, 251], [1, 1, 331, 165, 347, 189], [1, 2, 39, 159, 114, 198], [1, 4, 328, 209, 425, 343], [1, 5, 321, 196, 367, 238], [1, 8, 105, 161, 139, 185], [1, 9, 120, 160, 145, 181], [2, 0, 0, 157, 542, 399], [3, 0, 0, 0, 599, 399]], [[1, 1, 280, 187, 323, 269], [2, 0, 0, 155, 599, 399], [3, 0, 0, 0, 599, 350]], [[1, 1, 459, 162, 503, 191], [1, 2, 264, 159, 335, 225], [1, 6, 0, 227, 187, 383], [1, 8, 209, 161, 241, 193], [1, 9, 205, 160, 225, 190], [2, 0, 113, 148, 599, 399], [3, 0, 0, 0, 599, 399], [3, 373, 432, 62, 432, 63], [4, 17, 395, 332, 413, 351]], [[1, 3, 258, 190, 337, 257], [2, 0, 0, 163, 599, 399], [3, 0, 0, 0, 599, 295], [3, 243, 420, 131, 430, 144], [3, 249, 345, 127, 355, 142], [3, 286, 415, 128, 437, 161], [3, 292, 338, 123, 363, 161], [8, 15, 0, 236, 138, 364]], [[1, 0, 248, 189, 289, 223], [1, 1, 322, 163, 338, 183], [1, 2, 91, 157, 141, 186], [1, 4, 272, 195, 324, 260], [1, 5, 300, 185, 325, 214], [1, 6, 0, 179, 40, 206], [1, 8, 136, 159, 161, 179], [1, 9, 145, 159, 166, 176], [2, 0, 0, 157, 414, 399], [3, 0, 0, 0, 599, 399], [4, 17, 57, 213, 64, 217]], [[1, 0, 190, 209, 270, 274], [1, 1, 310, 165, 329, 191], [1, 2, 0, 158, 57, 201], [1, 4, 224, 219, 353, 399], [1, 5, 270, 203, 326, 255], [1, 8, 59, 159, 103, 186], [1, 9, 80, 159, 113, 181], [2, 0, 0, 157, 443, 399], [3, 0, 0, 0, 599, 399]], [[1, 1, 531, 158, 580, 185], [1, 2, 370, 160, 418, 204], [1, 6, 249, 198, 330, 259], [1, 8, 301, 160, 325, 186], [1, 9, 293, 159, 308, 183], [2, 0, 311, 141, 599, 399], [3, 0, 0, 0, 599, 399], [3, 373, 504, 43, 507, 47], [4, 17, 473, 258, 484, 267]], [[1, 3, 325, 158, 335, 165], [1, 7, 267, 188, 330, 259], [2, 0, 0, 160, 599, 399], [3, 0, 0, 0, 599, 283], [3, 249, 377, 138, 383, 146], [3, 292, 374, 136, 388, 158], [8, 15, 308, 158, 315, 165]], [[1, 8, 236, 171, 348, 298], [1, 9, 206, 163, 255, 244], [2, 0, 356, 142, 599, 399], [3, 0, 0, 0, 599, 399]], [[1, 8, 448, 237, 599, 399], [1, 9, 253, 162, 343, 309], [2, 0, 464, 136, 599, 285], [3, 0, 0, 0, 599, 399]]], "distance_down_track": [521.9257202148438, 528.4236450195312, 522.7485961914062, 425.8608093261719, 520.7824096679688, 522.4779052734375, 518.3248291015625, 401.4438171386719, 526.2459716796875, 527.3486938476562], "velocity": [[21.705785751342773, 2.1253223419189453, 9.617430686950684], [17.552902221679688, 1.799552083015442, 3.8531816005706787], [23.746519088745117, 1.9918280839920044, 3.7809743881225586], [-17.145273208618164, 0.08171623200178146, -17.007509231567383], [21.04130744934082, 2.0710086822509766, 9.331103324890137], [19.65873908996582, 2.0038554668426514, 7.386281967163086], [23.827802658081055, 1.9656373262405396, 8.346420288085938], [-10.820371627807617, 0.08171456307172775, -20.295639038085938], [10.663841247558594, 0.6761118173599243, 0.5066845417022705], [7.6851806640625, 0.5236458778381348, 2.5609021186828613]]}