{"track": "overworld", "karts": ["beastie", "kiki", "hexley", "emule", "amanda", "wilber", "adiumy", "xue", "suzanne", "nolok"], "detections": [[[1, 0, 260, 188, 347, 265], [3, 0, 0, 53, 599, 189]], [[1, 1, 255, 179, 328, 265], [1, 2, 374, 163, 376, 165], [3, 0, 0, 0, 599, 161]], [[1, 2, 268, 196, 323, 271], [1, 5, 274, 121, 276, 122], [1, 8, 280, 128, 283, 130], [1, 9, 275, 126, 276, 127], [3, 0, 0, 0, 599, 159]], [[1, 3, 239, 202, 359, 321], [1, 6, 250, 152, 357, 246], [2, 7, 218, 168, 283, 184], [2, 24, 317, 168, 389, 185], [3, 0, 0, 0, 599, 201], [3, 7, 132, 0, 291, 182], [3, 24, 289, 0, 464, 184]], [[1, 4, 262, 192, 337, 254], [1, 7, 300, 173, 307, 178], [3, 0, 0, 131, 599, 189], [3, 1, 258, 170, 266, 173], [3, 2, 265, 164, 269, 168], [3, 3, 265, 159, 267, 161], [3, 4, 267, 154, 268, 157], [3, 7, 273, 149, 285, 173], [3, 8, 273, 154, 274, 156], [3, 24, 284, 149, 298, 172], [3, 25, 296, 156, 297, 159]], [[1, 5, 263, 189, 339, 260], [3, 0, 0, 0, 599, 220]], [[1, 3, 233, 218, 372, 393], [1, 6, 245, 202, 352, 306], [3, 0, 0, 117, 599, 399], [3, 7, 86, 188, 285, 399], [3, 24, 269, 188, 452, 399]], [[1, 7, 264, 186, 332, 264], [3, 0, 0, 117, 568, 148]], [[1, 5, 302, 150, 309, 155], [1, 8, 267, 200, 343, 262], [1, 9, 281, 163, 295, 175], [3, 0, 0, 0, 599, 201]], [[1, 5, 322, 157, 331, 163], [1, 9, 275, 203, 336, 261], [3, 0, 0, 0, 599, 210]]], "distance_down_track": [1406.2186279296875, 1178.9993896484375, 1236.04833984375, 621.9133911132812, 312.8233642578125, 1331.350830078125, 621.7354736328125, 465.049560546875, 1291.398681640625, 1302.2060546875], "velocity": [[-18.175457000732422, -3.6662845611572266, 11.3411283493042], [1.351595163345337, 0.7878313064575195, -17.658401489257812], [-1.9475876092910767, -0.22492548823356628, -19.567026138305664], [0.04731094092130661, 0.5054545402526855, 0.20493921637535095], [2.5459065437316895, -1.2591279745101929, 23.982397079467773], [-5.522062301635742, 2.556058883666992, -18.699880599975586], [-0.0071106296963989735, -0.03732426092028618, 0.10971029102802277], [20.59192657470703, -1.5995866060256958, 1.3797855377197266], [2.074174404144287, 2.347465753555298, -20.46160125732422], [2.970628023147583, 3.1978721618652344, -20.234596252441406]]}