{"track": "volcano_island", "karts": ["gavroche", "adiumy", "amanda", "nolok", "tux", "konqi", "kiki", "pidgin", "sara_the_racer", "suzanne"], "detections": [[[1, 0, 272, 202, 326, 253], [1, 2, 322, 167, 351, 189], [1, 3, 304, 182, 335, 209], [1, 6, 195, 188, 261, 259], [2, 0, 0, 160, 599, 399], [3, 0, 0, 0, 599, 273], [5, 7, 211, 164, 235, 187], [5, 8, 357, 166, 365, 180], [5, 11, 272, 157, 298, 184]], [[1, 0, 317, 173, 339, 193], [1, 1, 274, 195, 329, 248], [1, 2, 335, 160, 353, 174], [1, 3, 325, 168, 343, 182], [1, 6, 288, 166, 312, 194], [2, 0, 0, 158, 599, 399], [3, 0, 0, 0, 599, 250], [5, 7, 251, 159, 268, 176], [5, 8, 357, 160, 363, 170], [5, 11, 296, 154, 315, 172]], [[1, 2, 259, 191, 340, 256], [1, 3, 187, 346, 322, 399], [2, 0, 0, 160, 599, 399], [3, 0, 0, 0, 599, 284], [5, 7, 18, 171, 87, 223], [5, 8, 334, 182, 351, 211], [5, 11, 155, 161, 216, 216]], [[1, 0, 194, 349, 340, 399], [1, 2, 294, 171, 337, 205], [1, 3, 269, 203, 329, 258], [1, 6, 67, 388, 97, 399], [2, 0, 0, 158, 599, 399], [3, 0, 0, 0, 599, 277], [5, 7, 133, 163, 172, 197], [5, 8, 338, 170, 349, 188], [5, 11, 222, 156, 259, 192]], [[1, 4, 265, 198, 331, 254], [2, 0, 0, 139, 599, 399], [3, 0, 0, 0, 599, 296]], [[1, 5, 260, 192, 336, 264], [2, 0, 0, 164, 599, 399], [3, 0, 0, 0, 599, 308]], [[1, 0, 335, 197, 394, 247], [1, 2, 348, 165, 378, 187], [1, 3, 342, 179, 374, 206], [1, 6, 269, 183, 329, 252], [2, 0, 0, 158, 599, 399], [3, 0, 0, 0, 599, 239], [5, 7, 230, 162, 254, 185], [5, 8, 379, 165, 387, 179], [5, 11, 292, 156, 318, 182]], [[1, 7, 263, 210, 338, 260], [2, 0, 0, 155, 599, 399], [3, 0, 0, 85, 599, 232], [4, 10, 296, 154, 299, 156], [4, 13, 308, 153, 311, 156], [4, 14, 284, 154, 287, 157], [6, 33, 0, 161, 171, 284], [6, 34, 321, 152, 350, 170], [6, 35, 281, 153, 298, 163]], [[1, 8, 278, 178, 318, 254], [2, 0, 0, 160, 599, 399], [3, 0, 0, 0, 599, 278]], [[1, 9, 260, 200, 335, 256], [2, 0, 0, 156, 599, 399], [3, 0, 0, 0, 599, 305]]], "distance_down_track": [748.373046875, 743.333984375, 754.7645263671875, 751.8125, 670.8091430664062, 789.8843383789062, 748.2591552734375, 862.88232421875, 571.061767578125, 707.64990234375], "velocity": [[23.019697189331055, 2.7145655155181885, 1.0066148042678833], [23.132291793823242, 2.951647996902466, 1.9351708889007568], [21.23060417175293, 2.5575172901153564, -3.8898208141326904], [20.43305015563965, 2.525944948196411, -2.144767999649048], [-9.648431777954102, 1.5152087211608887, 19.545700073242188], [8.125107765197754, 1.371512532234192, -18.989248275756836], [22.17865562438965, 2.516657829284668, 1.4024399518966675], [-10.995269775390625, -0.465562641620636, -18.742929458618164], [-13.145979881286621, 0.30637526512145996, -17.45026969909668], [10.100093841552734, 3.484020471572876, 18.07782554626465]]}