{"track": "overworld", "karts": ["beastie", "kiki", "hexley", "emule", "amanda", "wilber", "adiumy", "xue", "suzanne", "nolok"], "detections": [[[1, 0, 261, 189, 347, 265], [3, 0, 0, 48, 599, 183]], [[1, 1, 251, 179, 327, 269], [1, 2, 427, 169, 429, 171], [1, 7, 412, 163, 414, 165], [1, 8, 302, 166, 336, 189], [1, 9, 412, 169, 416, 171], [3, 0, 0, 0, 599, 167]], [[1, 2, 276, 196, 326, 263], [1, 7, 276, 142, 282, 148], [1, 9, 149, 182, 211, 224], [3, 0, 0, 0, 599, 171]], [[1, 3, 241, 199, 359, 321], [1, 6, 294, 156, 309, 171], [2, 7, 211, 146, 289, 163], [2, 24, 290, 146, 390, 164], [3, 0, 0, 0, 599, 174], [3, 7, 119, 0, 289, 160], [3, 24, 287, 0, 470, 162]], [[1, 4, 262, 192, 338, 255], [3, 0, 63, 146, 597, 179], [3, 2, 284, 177, 284, 177], [3, 3, 280, 172, 282, 174], [3, 4, 280, 168, 283, 170], [3, 7, 287, 164, 297, 177], [3, 8, 287, 168, 289, 170], [3, 24, 297, 164, 309, 177], [3, 25, 304, 166, 308, 170]], [[1, 0, 389, 173, 393, 177], [1, 5, 258, 190, 335, 259], [3, 0, 0, 44, 599, 197]], [[1, 6, 264, 193, 340, 273], [2, 7, 91, 146, 270, 186], [2, 24, 270, 146, 512, 188], [3, 7, 0, 0, 269, 179], [3, 24, 264, 0, 599, 186]], [[1, 0, 476, 127, 477, 128], [1, 5, 338, 139, 342, 140], [1, 7, 262, 187, 330, 263], [3, 0, 0, 0, 599, 179]], [[1, 2, 333, 168, 337, 172], [1, 7, 314, 163, 316, 164], [1, 8, 252, 201, 333, 266], [1, 9, 320, 169, 324, 171], [3, 0, 0, 0, 599, 168]], [[1, 2, 429, 213, 599, 327], [1, 7, 289, 146, 296, 152], [1, 9, 265, 203, 326, 260], [3, 0, 0, 0, 599, 165]]], "distance_down_track": [1407.1082763671875, 1182.102294921875, 1228.84033203125, 608.498291015625, 297.6505126953125, 1361.67578125, 619.6888427734375, 1257.9080810546875, 1187.7127685546875, 1229.7496337890625], "velocity": [[-18.139711380004883, -3.616288185119629, 11.414180755615234], [2.882892370223999, 1.0465567111968994, -16.434789657592773], [-1.830833911895752, -0.9034790396690369, -22.271617889404297], [-0.2849326431751251, -0.6850011348724365, 4.144811153411865], [1.5629204511642456, 1.1077144145965576, 24.073902130126953], [-19.52159881591797, 2.139509439468384, -1.020734190940857], [-0.7803856134414673, -2.0313949584960938, 14.718951225280762], [-0.7688286900520325, 1.557560682296753, -20.62699317932129], [-2.6111199855804443, 1.1393731832504272, -19.771177291870117], [-2.4568419456481934, -0.5160698890686035, -20.547204971313477]]}