{"track": "tutorial", "karts": ["puffy", "hexley", "tux", "suzanne", "pidgin", "nolok", "beastie", "gavroche", "amanda", "adiumy"], "detections": [[[1, 0, 205, 201, 389, 328], [1, 1, 278, 156, 302, 182], [1, 2, 256, 159, 279, 180], [1, 3, 218, 161, 256, 183], [1, 4, 140, 161, 180, 180], [1, 5, 218, 158, 254, 172], [1, 7, 315, 161, 335, 182], [2, 0, 0, 104, 220, 159], [3, 0, 0, 38, 599, 399]], [[1, 1, 243, 191, 354, 344], [1, 2, 116, 205, 256, 317], [1, 3, 0, 236, 119, 353], [1, 5, 0, 211, 140, 282], [1, 7, 379, 211, 540, 314], [2, 0, 0, 125, 129, 211], [3, 0, 0, 89, 599, 399]], [[1, 1, 341, 182, 491, 350], [1, 2, 240, 196, 370, 314], [1, 3, 0, 231, 246, 399], [1, 5, 52, 200, 232, 284], [1, 7, 454, 196, 599, 306], [2, 0, 0, 93, 151, 207], [3, 0, 0, 53, 599, 399]], [[1, 1, 352, 173, 452, 257], [1, 2, 312, 180, 401, 248], [1, 3, 234, 201, 384, 324], [1, 5, 173, 182, 281, 251], [1, 7, 425, 181, 520, 238], [2, 0, 0, 61, 129, 188], [3, 0, 0, 3, 599, 399]], [[1, 1, 541, 175, 599, 208], [1, 2, 511, 177, 599, 227], [1, 3, 535, 208, 599, 266], [1, 4, 217, 218, 365, 333], [1, 5, 410, 184, 525, 248], [2, 0, 0, 77, 270, 220], [3, 0, 0, 27, 599, 399]], [[1, 0, 555, 155, 599, 185], [1, 1, 261, 170, 357, 217], [1, 2, 265, 181, 368, 243], [1, 3, 347, 189, 493, 273], [1, 5, 234, 206, 354, 322], [1, 7, 303, 173, 328, 194], [3, 0, 0, 35, 599, 399]], [[1, 6, 258, 189, 336, 258], [1, 8, 400, 172, 409, 177], [2, 0, 0, 173, 599, 399], [3, 0, 0, 59, 599, 383], [3, 6, 395, 47, 411, 69], [3, 7, 309, 61, 322, 75]], [[1, 1, 0, 186, 216, 365], [1, 2, 0, 198, 80, 310], [1, 7, 241, 205, 357, 320], [2, 0, 0, 107, 70, 136], [3, 0, 0, 52, 599, 399]], [[1, 1, 427, 186, 427, 186], [1, 2, 424, 185, 424, 186], [1, 3, 410, 185, 415, 187], [1, 4, 396, 181, 404, 184], [1, 5, 413, 183, 421, 186], [1, 8, 259, 192, 334, 258], [2, 0, 0, 155, 599, 399], [3, 0, 0, 0, 599, 381], [3, 6, 175, 0, 192, 8], [3, 8, 209, 51, 211, 56]], [[1, 9, 261, 191, 356, 294], [2, 0, 0, 167, 599, 399], [3, 0, 0, 118, 599, 305], [5, 5, 157, 181, 181, 213], [5, 6, 239, 163, 243, 169], [5, 7, 215, 165, 220, 171], [5, 8, 184, 169, 189, 175], [5, 12, 284, 166, 308, 193], [5, 13, 386, 155, 413, 183], [5, 17, 83, 179, 86, 182], [5, 18, 102, 177, 105, 180], [5, 19, 116, 176, 118, 179]]], "distance_down_track": [712.6583862304688, 712.6583862304688, 455.9293518066406, 455.9293518066406, 455.9293518066406, 532.0, 420.1153259277344, 491.73480224609375, 400.4352722167969, 392.1418762207031], "velocity": [[-5.0336995124816895, 0.1006913110613823, -0.3246285021305084], [-0.04785558581352234, -0.20844115316867828, 0.007881809026002884], [0.40240785479545593, 0.25556427240371704, 2.7052054405212402], [2.570990562438965, -0.12917432188987732, 3.9493513107299805], [0.25702381134033203, 0.1863107979297638, 0.29564857482910156], [0.25784462690353394, -0.02393976040184498, 2.176663637161255], [5.821715354919434, -1.5547429323196411, -23.386167526245117], [-0.10435116291046143, 0.08443327993154526, 0.0032666665501892567], [-11.910628318786621, -3.381493091583252, -20.734630584716797], [-1.5179603099822998, 0.5647574067115784, 9.548684120178223]]}