{"track": "tutorial", "karts": ["puffy", "hexley", "tux", "suzanne", "pidgin", "nolok", "beastie", "gavroche", "amanda", "adiumy"], "detections": [[[1, 0, 200, 202, 389, 330], [1, 1, 391, 196, 400, 202], [1, 3, 306, 198, 317, 204], [1, 7, 376, 192, 384, 196], [2, 0, 0, 161, 599, 399], [3, 0, 0, 0, 599, 316], [3, 8, 124, 37, 134, 48]], [[1, 1, 244, 192, 354, 347], [1, 7, 0, 207, 114, 282], [2, 0, 0, 124, 135, 209], [3, 0, 0, 90, 599, 399]], [[1, 2, 268, 198, 333, 249], [1, 4, 258, 184, 261, 185], [1, 9, 284, 181, 291, 187], [2, 0, 0, 174, 599, 399], [3, 0, 0, 108, 599, 269], [3, 6, 278, 109, 286, 119], [3, 7, 229, 102, 235, 110]], [[1, 1, 450, 200, 466, 211], [1, 3, 264, 200, 332, 257], [1, 7, 421, 193, 435, 201], [2, 0, 338, 153, 538, 188], [3, 0, 0, 0, 599, 399], [3, 8, 128, 42, 138, 54]], [[1, 4, 267, 209, 336, 256], [2, 0, 0, 140, 599, 399], [3, 0, 0, 54, 599, 307], [3, 6, 396, 45, 411, 62], [3, 7, 330, 52, 341, 65]], [[1, 5, 263, 204, 338, 274], [1, 8, 177, 148, 189, 154], [2, 0, 81, 147, 599, 399], [3, 0, 0, 112, 599, 399], [5, 18, 276, 156, 284, 165], [5, 19, 305, 156, 312, 164], [5, 20, 180, 147, 182, 149], [5, 21, 165, 146, 170, 151], [5, 22, 144, 146, 150, 150]], [[1, 2, 285, 178, 294, 184], [1, 6, 260, 189, 339, 259], [2, 0, 0, 183, 599, 399], [3, 0, 0, 0, 599, 271], [3, 6, 265, 141, 265, 148], [3, 7, 217, 134, 224, 141]], [[1, 1, 335, 179, 441, 237], [1, 7, 235, 206, 350, 326], [3, 0, 0, 56, 599, 399]], [[1, 8, 266, 191, 341, 252], [2, 0, 9, 151, 599, 399], [3, 0, 0, 100, 599, 399], [5, 20, 333, 169, 348, 184], [5, 21, 279, 169, 295, 186], [5, 22, 196, 169, 217, 190]], [[1, 4, 262, 159, 269, 162], [1, 9, 273, 195, 328, 250], [2, 0, 0, 141, 599, 399], [3, 0, 0, 0, 599, 271], [3, 6, 303, 62, 314, 76], [3, 7, 249, 58, 259, 69]]], "distance_down_track": [712.6583862304688, 712.6583862304688, 343.6702575683594, 343.6702575683594, 343.6702575683594, 409.40948486328125, 321.3812561035156, 383.7624206542969, 310.5081787109375, 308.9497985839844], "velocity": [[-0.3619094491004944, 0.14259597659111023, 0.4043797254562378], [-0.08753766119480133, -0.07671994715929031, 0.014068265445530415], [0.3882456421852112, -1.649119257926941, -22.937519073486328], [-14.351110458374023, -10.949186325073242, -17.43935203552246], [10.901500701904297, -2.8705201148986816, -21.357431411743164], [-14.815903663635254, 0.23524832725524902, 6.845291614532471], [-1.3508825302124023, -0.7736108303070068, -24.099773406982422], [-0.23758608102798462, 0.1912880539894104, 1.1766256093978882], [-21.95502281188965, 1.6816353797912598, -9.918243408203125], [2.8707919120788574, -3.6069467067718506, -22.533275604248047]]}