{"track": "zengarden", "karts": ["nolok", "sara_the_wizard", "gnu", "beastie", "hexley", "gavroche", "puffy", "xue", "kiki", "sara_the_racer"], "detections": [[[1, 0, 270, 203, 327, 256], [2, 0, 0, 159, 599, 399], [3, 0, 0, 0, 599, 261]], [[1, 1, 272, 207, 318, 319], [1, 5, 302, 328, 313, 340], [2, 0, 0, 295, 480, 399], [3, 0, 0, 0, 599, 399], [3, 14, 323, 278, 339, 299], [3, 40, 315, 287, 321, 298], [3, 174, 294, 268, 307, 286], [3, 240, 280, 278, 282, 283], [3, 283, 282, 276, 283, 277]], [[1, 2, 267, 157, 331, 233], [1, 3, 368, 154, 382, 164], [2, 0, 0, 155, 422, 399], [3, 0, 0, 0, 599, 399], [4, 17, 68, 165, 129, 204]], [[1, 1, 373, 151, 377, 162], [1, 3, 255, 189, 341, 260], [1, 4, 323, 162, 334, 173], [2, 0, 0, 159, 599, 399], [3, 0, 0, 0, 599, 295]], [[1, 1, 345, 147, 352, 164], [1, 4, 272, 194, 327, 271], [2, 0, 0, 168, 599, 399], [3, 0, 0, 0, 599, 389], [3, 174, 365, 163, 369, 167]], [[1, 5, 271, 203, 329, 260], [2, 0, 0, 114, 599, 399], [3, 0, 0, 0, 599, 242], [3, 14, 307, 98, 320, 117], [3, 40, 298, 109, 303, 116], [3, 174, 275, 83, 289, 108], [3, 190, 236, 103, 241, 112], [3, 240, 254, 92, 261, 101], [3, 280, 224, 104, 227, 111], [3, 283, 249, 88, 266, 112], [4, 19, 261, 112, 266, 116], [4, 20, 234, 113, 240, 118]], [[1, 6, 258, 201, 345, 262], [2, 0, 0, 158, 599, 399], [3, 0, 0, 0, 599, 301], [3, 489, 292, 128, 295, 134], [4, 9, 293, 155, 301, 162], [4, 10, 337, 157, 342, 162], [6, 21, 305, 180, 355, 191]], [[1, 7, 262, 186, 333, 265], [1, 8, 386, 167, 390, 171], [2, 0, 0, 164, 420, 399], [3, 0, 0, 0, 599, 399], [3, 243, 49, 58, 100, 114], [3, 246, 290, 120, 303, 138], [3, 286, 15, 43, 122, 179], [3, 289, 282, 115, 310, 162]], [[1, 2, 490, 144, 508, 154], [1, 8, 234, 170, 357, 304], [1, 9, 413, 152, 424, 164], [2, 0, 0, 147, 599, 399], [3, 0, 0, 0, 599, 383], [4, 17, 466, 146, 478, 154]], [[1, 2, 366, 148, 387, 166], [1, 3, 476, 143, 494, 152], [1, 9, 274, 179, 319, 253], [2, 0, 0, 147, 496, 399], [3, 0, 0, 0, 599, 399], [4, 17, 303, 151, 319, 164]]], "distance_down_track": [393.2962646484375, 580.6566772460938, 519.5570068359375, 537.0581665039062, 553.20166015625, 594.54052734375, 320.35455322265625, 459.3859558105469, 482.6856384277344, 506.5761413574219], "velocity": [[-9.936619758605957, 0.08173130452632904, -20.15447235107422], [20.302099227905273, -1.6964970827102661, -10.789910316467285], [18.69830322265625, 1.849118709564209, 9.561692237854004], [21.632152557373047, 2.0425615310668945, 0.5367431640625], [19.40492820739746, 1.6631757020950317, -2.719348669052124], [18.50457191467285, -3.7007007598876953, -8.507383346557617], [22.510637283325195, 0.07752400636672974, -2.080528497695923], [-19.290050506591797, 0.2953430116176605, 8.116135597229004], [-2.0226142406463623, 0.052067577838897705, 6.738742828369141], [12.782601356506348, 0.8069754838943481, 18.334314346313477]]}