{"track": "scotland", "karts": ["konqi", "sara_the_racer", "wilber", "beastie", "gavroche", "pidgin", "tux", "gnu", "xue", "hexley"], "detections": [[[1, 0, 260, 192, 340, 268], [1, 1, 289, 160, 291, 163], [1, 3, 320, 160, 322, 161], [1, 4, 272, 160, 275, 162], [1, 6, 282, 161, 285, 162], [1, 7, 280, 158, 281, 160], [1, 8, 326, 161, 329, 162], [1, 9, 278, 162, 288, 171], [2, 0, 0, 161, 599, 399], [3, 0, 0, 15, 599, 268], [5, 21, 240, 161, 244, 166], [5, 22, 266, 161, 270, 166], [5, 23, 294, 162, 298, 166], [5, 24, 317, 162, 321, 166]], [[1, 1, 283, 180, 319, 250], [1, 2, 291, 154, 301, 160], [1, 3, 305, 153, 312, 159], [1, 4, 82, 178, 134, 204], [1, 5, 264, 156, 274, 161], [1, 6, 194, 164, 218, 178], [1, 7, 147, 155, 196, 191], [1, 8, 320, 154, 327, 159], [2, 0, 0, 155, 599, 399], [3, 0, 0, 84, 599, 260]], [[1, 2, 264, 191, 329, 249], [1, 3, 280, 168, 307, 191], [1, 5, 0, 332, 71, 390], [1, 8, 316, 167, 335, 186], [2, 0, 0, 157, 599, 399], [3, 0, 0, 72, 599, 242]], [[1, 3, 261, 189, 339, 257], [1, 8, 361, 182, 406, 228], [2, 0, 0, 159, 599, 399], [3, 0, 0, 108, 599, 225]], [[1, 2, 395, 158, 407, 166], [1, 3, 404, 157, 413, 164], [1, 4, 271, 202, 324, 251], [1, 5, 366, 160, 378, 166], [1, 6, 340, 172, 366, 193], [1, 7, 414, 166, 525, 257], [1, 8, 421, 158, 430, 165], [2, 0, 0, 160, 599, 399], [3, 0, 0, 99, 599, 216]], [[1, 2, 349, 178, 391, 209], [1, 3, 319, 167, 341, 185], [1, 5, 265, 208, 330, 252], [1, 8, 343, 167, 358, 182], [2, 0, 0, 160, 599, 399], [3, 0, 0, 80, 599, 220]], [[1, 2, 331, 158, 343, 168], [1, 3, 339, 157, 346, 165], [1, 5, 297, 162, 312, 170], [1, 6, 266, 198, 330, 252], [1, 8, 353, 158, 362, 165], [2, 0, 0, 158, 599, 399], [3, 0, 0, 82, 599, 231]], [[1, 2, 336, 154, 347, 161], [1, 3, 346, 153, 354, 159], [1, 4, 120, 195, 204, 247], [1, 5, 309, 156, 319, 161], [1, 6, 259, 167, 281, 187], [1, 7, 265, 153, 331, 234], [1, 8, 362, 154, 370, 160], [2, 0, 0, 155, 599, 399], [3, 0, 0, 90, 599, 236]], [[1, 3, 0, 227, 170, 399], [1, 8, 265, 187, 330, 260], [2, 0, 0, 153, 599, 399], [3, 0, 0, 56, 599, 249]], [[1, 1, 335, 156, 338, 162], [1, 4, 310, 158, 315, 160], [1, 6, 325, 158, 330, 160], [1, 7, 322, 154, 325, 158], [1, 9, 276, 196, 326, 264], [2, 0, 0, 158, 599, 399], [3, 0, 0, 112, 599, 224], [5, 21, 212, 166, 221, 180], [5, 22, 277, 167, 288, 179], [5, 23, 346, 168, 358, 180], [5, 24, 401, 168, 414, 180]]], "distance_down_track": [409.1852111816406, 464.302001953125, 494.040283203125, 500.40240478515625, 469.8395690917969, 490.77130126953125, 475.5071716308594, 469.3749694824219, 502.8091125488281, 427.229248046875], "velocity": [[15.937718391418457, -0.312020480632782, 12.48954963684082], [23.00975227355957, -0.43958812952041626, 8.971766471862793], [23.923259735107422, -1.0585012435913086, -1.2686830759048462], [25.600696563720703, -1.62337064743042, 4.298062324523926], [23.25174331665039, -1.072392225265503, 10.927777290344238], [26.187925338745117, -0.9291455745697021, -2.0076606273651123], [22.225370407104492, -0.5467217564582825, 5.0268402099609375], [17.757097244262695, -0.7902569770812988, 6.957265377044678], [21.72065544128418, -1.4725531339645386, -3.084928035736084], [13.630561828613281, -0.7514710426330566, 17.060646057128906]]}