{"track": "tutorial", "karts": ["puffy", "hexley", "tux", "suzanne", "pidgin", "nolok", "beastie", "gavroche", "amanda", "adiumy"], "detections": [[[1, 0, 204, 201, 388, 328], [1, 1, 343, 171, 399, 230], [1, 6, 331, 154, 361, 176], [2, 0, 43, 114, 248, 157], [3, 0, 0, 32, 599, 399]], [[1, 1, 243, 193, 350, 349], [1, 6, 296, 153, 333, 180], [2, 0, 0, 105, 206, 158], [3, 0, 0, 35, 599, 399]], [[1, 2, 266, 198, 330, 254], [1, 9, 331, 170, 344, 180], [2, 0, 0, 175, 599, 399], [3, 0, 0, 67, 599, 336], [3, 6, 424, 57, 441, 77], [3, 7, 338, 71, 350, 86]], [[1, 2, 301, 146, 308, 151], [1, 3, 266, 201, 336, 255], [1, 7, 289, 156, 301, 167], [1, 9, 327, 147, 330, 150], [2, 0, 0, 151, 599, 399], [3, 0, 0, 59, 599, 313], [3, 6, 441, 50, 458, 69], [3, 7, 366, 62, 377, 75]], [[1, 2, 252, 133, 256, 136], [1, 3, 261, 151, 272, 159], [1, 4, 266, 209, 335, 256], [1, 7, 251, 141, 257, 146], [1, 9, 267, 132, 270, 134], [2, 0, 0, 135, 599, 399], [3, 0, 0, 42, 599, 292], [3, 6, 358, 45, 371, 62], [3, 7, 298, 47, 308, 59]], [[1, 2, 231, 151, 232, 151], [1, 3, 251, 160, 255, 162], [1, 4, 272, 165, 277, 166], [1, 5, 250, 203, 340, 291], [1, 7, 239, 155, 241, 157], [2, 0, 0, 150, 599, 399], [3, 0, 0, 81, 599, 270], [3, 6, 289, 82, 298, 94], [3, 7, 240, 73, 248, 84]], [[1, 6, 210, 179, 385, 328], [3, 0, 0, 10, 599, 399]], [[1, 2, 311, 163, 324, 173], [1, 7, 274, 203, 327, 255], [1, 9, 345, 164, 351, 170], [2, 0, 0, 169, 599, 399], [3, 0, 0, 72, 599, 269], [3, 6, 459, 62, 477, 82], [3, 7, 375, 78, 388, 91]], [[1, 8, 224, 184, 380, 317], [2, 0, 0, 144, 599, 399], [3, 0, 0, 107, 599, 266], [5, 20, 357, 154, 372, 167], [5, 21, 304, 153, 317, 167], [5, 22, 241, 151, 253, 166]], [[1, 9, 272, 195, 328, 251], [2, 0, 0, 168, 599, 399], [3, 0, 0, 46, 599, 388], [3, 6, 347, 35, 362, 57], [3, 7, 257, 43, 271, 61]]], "distance_down_track": [712.6583862304688, 712.6583862304688, 491.73480224609375, 491.73480224609375, 491.73480224609375, 547.9110717773438, 491.73480224609375, 512.133544921875, 455.9293518066406, 455.9293518066406], "velocity": [[-4.916713237762451, 0.09558974951505661, -0.5845252871513367], [-4.912090301513672, 0.09595978260040283, -0.3549176752567291], [7.879265785217285, -1.2445510625839233, -21.572397232055664], [12.466960906982422, -1.5241252183914185, -19.26789665222168], [8.091665267944336, -3.6264543533325195, -22.46322250366211], [0.5186992883682251, -2.1322875022888184, -12.812644004821777], [0.3051803708076477, 0.1318826824426651, 1.3030364513397217], [12.526415824890137, -0.2575037181377411, -19.095611572265625], [-5.70137357711792, 0.3979254364967346, -4.826557636260986], [1.1113555431365967, -2.247006893157959, -22.862979888916016]]}