{"track": "overworld", "karts": ["beastie", "kiki", "hexley", "emule", "amanda", "wilber", "adiumy", "xue", "suzanne", "nolok"], "detections": [[[1, 0, 249, 188, 335, 267], [3, 0, 0, 0, 599, 198], [3, 4, 318, 156, 320, 159], [3, 7, 324, 155, 332, 160], [3, 24, 332, 154, 341, 160], [3, 25, 337, 155, 341, 159]], [[1, 1, 268, 183, 329, 252], [1, 2, 299, 156, 312, 169], [1, 6, 324, 151, 336, 163], [2, 7, 247, 147, 317, 163], [2, 24, 317, 144, 412, 163], [3, 0, 0, 0, 599, 176], [3, 7, 165, 0, 316, 162], [3, 24, 314, 0, 488, 159]], [[1, 2, 247, 192, 357, 350], [1, 6, 445, 151, 599, 293], [2, 7, 146, 147, 366, 207], [2, 24, 366, 140, 599, 212], [3, 0, 0, 76, 368, 185], [3, 7, 0, 0, 371, 193], [3, 24, 368, 0, 599, 146], [255, 16777215, 367, 144, 367, 148]], [[1, 3, 276, 199, 351, 276], [3, 0, 0, 87, 510, 214]], [[1, 4, 255, 191, 337, 261], [1, 7, 342, 180, 343, 181], [3, 0, 196, 96, 599, 194]], [[1, 4, 266, 172, 269, 173], [1, 5, 257, 189, 332, 260], [1, 7, 458, 170, 464, 172], [3, 0, 419, 77, 599, 168]], [[1, 2, 0, 211, 147, 371], [1, 6, 252, 190, 354, 305], [2, 7, 0, 336, 244, 399], [2, 24, 236, 337, 599, 399], [3, 0, 0, 0, 599, 184], [3, 7, 0, 48, 289, 339], [3, 24, 246, 48, 599, 340]], [[1, 7, 262, 187, 329, 265], [1, 8, 285, 154, 288, 155], [3, 0, 3, 0, 599, 153]], [[1, 8, 258, 201, 334, 262], [1, 9, 279, 129, 282, 131], [3, 0, 0, 0, 599, 162]], [[1, 9, 275, 203, 336, 262], [3, 0, 0, 0, 599, 204]]], "distance_down_track": [241.78298950195312, 434.1119689941406, 434.1119689941406, 391.29315185546875, 1108.9591064453125, 167.91555786132812, 621.7353515625, 1168.2335205078125, 1237.3223876953125, 1292.3843994140625], "velocity": [[-1.6906325817108154, 0.30250948667526245, 21.667036056518555], [-1.6083844900131226, -3.737682580947876, 21.467775344848633], [-0.1374046504497528, 0.08335288614034653, 0.19965264201164246], [16.311744689941406, -1.1401818990707397, 3.4031577110290527], [-0.24622969329357147, 2.5024430751800537, -21.589054107666016], [18.999088287353516, 1.1791760921478271, 4.935215950012207], [-0.007113893982023001, -0.03817998245358467, 0.11060113459825516], [-3.8389620780944824, 0.2523692846298218, -20.339338302612305], [-2.0501387119293213, 0.656284749507904, -20.5877685546875], [2.21846866607666, 2.536818742752075, -20.423830032348633]]}