{"track": "overworld", "karts": ["beastie", "kiki", "hexley", "emule", "amanda", "wilber", "adiumy", "xue", "suzanne", "nolok"], "detections": [[[1, 0, 258, 188, 344, 263], [3, 0, 0, 21, 599, 181], [3, 5, 462, 106, 462, 107]], [[1, 1, 273, 182, 334, 253], [1, 2, 245, 171, 270, 198], [1, 6, 324, 191, 389, 248], [2, 7, 151, 154, 279, 183], [2, 24, 279, 149, 429, 180], [3, 0, 0, 0, 599, 187], [3, 7, 0, 0, 278, 182], [3, 24, 271, 0, 532, 172]], [[1, 2, 245, 192, 356, 350], [2, 7, 61, 148, 325, 207], [2, 24, 326, 140, 599, 205], [3, 7, 0, 0, 327, 206], [3, 24, 326, 0, 599, 148]], [[1, 3, 255, 199, 338, 285], [1, 7, 326, 162, 358, 195], [3, 0, 0, 0, 562, 161], [3, 4, 376, 143, 376, 144], [3, 6, 220, 147, 231, 152], [3, 7, 352, 142, 357, 145], [3, 24, 358, 142, 364, 145], [255, 16777215, 218, 156, 489, 179]], [[1, 4, 260, 193, 341, 260], [3, 0, 216, 135, 588, 163], [3, 3, 289, 162, 290, 162], [3, 4, 288, 156, 291, 160], [3, 7, 295, 155, 304, 162], [3, 24, 305, 154, 315, 162], [3, 25, 315, 160, 315, 160]], [[1, 5, 251, 188, 331, 265], [3, 0, 0, 0, 599, 161]], [[1, 1, 156, 176, 254, 278], [1, 2, 222, 163, 257, 193], [1, 6, 261, 192, 344, 278], [2, 7, 145, 146, 277, 176], [2, 24, 277, 147, 453, 177], [3, 0, 0, 0, 599, 181], [3, 7, 0, 0, 276, 171], [3, 24, 274, 0, 591, 176]], [[1, 7, 263, 187, 332, 264], [3, 0, 0, 7, 599, 176], [3, 4, 379, 144, 379, 145], [3, 6, 207, 155, 219, 160], [3, 7, 355, 145, 359, 147], [3, 24, 360, 145, 366, 147], [255, 16777215, 221, 156, 501, 186]], [[1, 8, 265, 200, 342, 261], [3, 0, 0, 0, 599, 334]], [[1, 0, 325, 176, 330, 181], [1, 9, 269, 203, 329, 259], [3, 0, 0, 76, 599, 203]]], "distance_down_track": [1415.5716552734375, 351.8743896484375, 351.8743896484375, 310.2080383300781, 291.4606018066406, 1181.7369384765625, 616.40673828125, 340.1231994628906, 1339.6417236328125, 1387.2095947265625], "velocity": [[-17.04490852355957, -4.426692008972168, 12.739139556884766], [-0.76475590467453, -2.9173638820648193, 21.41408920288086], [0.00995885394513607, 0.081643246114254, 0.17270596325397491], [2.606264114379883, -0.1914149820804596, 14.118627548217773], [0.7349843978881836, 1.0716532468795776, 21.69611930847168], [0.04561883956193924, 0.8371020555496216, -18.91139793395996], [0.9420951008796692, -1.6713753938674927, 12.523660659790039], [4.074741363525391, -0.16264760494232178, 20.29433250427246], [-5.470388412475586, 2.2357518672943115, -19.511640548706055], [-18.992488861083984, -0.1594627946615219, 8.231029510498047]]}