{"track": "overworld", "karts": ["beastie", "kiki", "hexley", "emule", "amanda", "wilber", "adiumy", "xue", "suzanne", "nolok"], "detections": [[[1, 0, 261, 188, 347, 265], [3, 0, 0, 0, 599, 175]], [[1, 1, 268, 182, 334, 258], [1, 2, 409, 139, 415, 142], [2, 0, 405, 137, 409, 141], [3, 0, 0, 0, 599, 198]], [[1, 2, 273, 196, 323, 265], [1, 8, 284, 142, 286, 143], [2, 0, 156, 166, 202, 210], [3, 0, 0, 0, 599, 173], [3, 7, 253, 134, 253, 134], [3, 24, 254, 134, 256, 135]], [[1, 3, 262, 198, 350, 293], [1, 6, 304, 160, 331, 188], [2, 7, 170, 146, 295, 175], [2, 24, 296, 146, 475, 178], [3, 0, 0, 0, 599, 178], [3, 7, 32, 0, 295, 169], [3, 24, 294, 0, 599, 176]], [[1, 4, 255, 191, 336, 262], [3, 0, 0, 0, 599, 206], [3, 4, 318, 158, 319, 160], [3, 7, 324, 157, 329, 160], [3, 8, 323, 160, 323, 160], [3, 24, 331, 157, 337, 161], [3, 25, 335, 158, 336, 159]], [[1, 4, 116, 143, 119, 145], [1, 5, 260, 190, 333, 256], [3, 0, 0, 84, 210, 149], [3, 4, 136, 144, 136, 144], [3, 7, 147, 143, 150, 144], [3, 24, 151, 143, 152, 144]], [[1, 6, 259, 193, 350, 294], [2, 7, 32, 194, 262, 252], [2, 24, 263, 194, 599, 257], [3, 7, 0, 0, 263, 240], [3, 24, 263, 0, 599, 233]], [[1, 7, 260, 186, 329, 265], [3, 0, 0, 0, 530, 148], [3, 5, 458, 155, 503, 166], [3, 6, 446, 142, 448, 143]], [[1, 5, 338, 157, 351, 168], [1, 8, 260, 200, 332, 258], [1, 9, 188, 160, 207, 171], [3, 0, 0, 98, 477, 163], [3, 5, 0, 148, 9, 148], [3, 7, 233, 141, 235, 142], [3, 24, 236, 141, 240, 142]], [[1, 4, 264, 142, 266, 143], [1, 5, 586, 189, 599, 199], [1, 9, 265, 202, 324, 259], [3, 0, 0, 100, 344, 147], [3, 5, 46, 150, 47, 150], [3, 7, 266, 141, 268, 142], [3, 24, 269, 142, 271, 142]]], "distance_down_track": [1311.9251708984375, 1423.1126708984375, 29.110187530517578, 616.2847900390625, 223.02647399902344, 137.190673828125, 621.8665161132812, 246.40219116210938, 116.24607849121094, 128.30015563964844], "velocity": [[2.6582608222961426, 2.84976863861084, -21.38276481628418], [-14.543167114257812, -3.516430377960205, 12.761002540588379], [5.406987190246582, -0.9992809295654297, 21.146831512451172], [-3.3351378440856934, -1.771520733833313, 12.502481460571289], [-1.8983781337738037, 0.525955855846405, 21.645545959472656], [11.008018493652344, -0.2716439664363861, 17.363706588745117], [0.1071418821811676, 0.3183937966823578, 0.49599698185920715], [-12.5725679397583, 0.2613205909729004, 16.44239044189453], [6.967428684234619, -1.0369453430175781, 20.974735260009766], [6.197122573852539, -0.7912319898605347, 18.55269432067871]]}