{"track": "minigolf", "karts": ["nolok", "sara_the_racer", "emule", "adiumy", "gavroche", "konqi", "amanda", "xue", "sara_the_wizard", "puffy"], "detections": [[[1, 0, 271, 203, 337, 264], [1, 2, 78, 157, 85, 160], [1, 4, 202, 170, 236, 190], [1, 7, 114, 154, 143, 174], [2, 0, 0, 159, 599, 399], [3, 0, 0, 0, 599, 363], [3, 2, 59, 36, 189, 147], [5, 12, 86, 159, 87, 160]], [[1, 0, 306, 174, 337, 194], [1, 1, 276, 179, 326, 256], [1, 4, 220, 163, 245, 176], [1, 7, 129, 149, 155, 166], [2, 0, 2, 154, 599, 399], [3, 0, 0, 0, 599, 399], [3, 2, 0, 5, 113, 143], [3, 3, 159, 157, 162, 158], [5, 13, 5, 152, 7, 153], [8, 13, 15, 151, 16, 152], [255, 16777215, 232, 100, 236, 134]], [[1, 2, 267, 198, 328, 259], [1, 8, 365, 168, 368, 171], [2, 0, 0, 171, 599, 399], [2, 7, 354, 167, 359, 171], [3, 0, 0, 0, 599, 305], [3, 2, 249, 0, 503, 155], [3, 3, 471, 164, 478, 168], [3, 5, 459, 164, 465, 168], [3, 7, 351, 163, 359, 171], [4, 14, 370, 166, 372, 169], [5, 10, 408, 172, 412, 179], [5, 11, 383, 170, 386, 175], [5, 12, 276, 170, 280, 175], [5, 13, 314, 170, 317, 174], [8, 13, 330, 168, 332, 171]], [[1, 3, 266, 196, 332, 254], [2, 0, 90, 156, 599, 399], [3, 0, 0, 0, 599, 399], [5, 24, 168, 162, 185, 179], [5, 25, 515, 192, 548, 221]], [[1, 2, 260, 161, 264, 163], [1, 4, 266, 204, 341, 274], [1, 7, 208, 160, 238, 190], [2, 0, 0, 163, 364, 399], [3, 0, 0, 0, 599, 399], [3, 2, 261, 48, 346, 153]], [[1, 5, 268, 192, 341, 262], [2, 0, 160, 98, 599, 399], [3, 0, 0, 0, 599, 399]], [[1, 6, 276, 208, 330, 258], [2, 0, 81, 301, 573, 399], [3, 0, 0, 0, 599, 399], [3, 1, 558, 242, 599, 345], [3, 2, 189, 230, 212, 292], [4, 20, 439, 320, 478, 358], [5, 22, 218, 299, 221, 301], [255, 16777215, 305, 243, 312, 288]], [[1, 2, 319, 168, 323, 171], [1, 7, 265, 186, 339, 271], [2, 0, 0, 170, 575, 399], [3, 0, 0, 0, 599, 399], [3, 2, 320, 42, 424, 156], [3, 12, 513, 204, 517, 204], [5, 12, 327, 168, 328, 170], [5, 13, 346, 169, 346, 169], [8, 13, 349, 168, 350, 168]], [[1, 8, 280, 187, 320, 266], [2, 0, 58, 165, 597, 399], [2, 7, 0, 199, 161, 399], [3, 0, 0, 0, 599, 399], [3, 7, 0, 84, 155, 248], [4, 14, 267, 155, 275, 163], [4, 15, 320, 155, 327, 162]], [[1, 5, 240, 183, 256, 193], [1, 9, 255, 202, 345, 262], [2, 0, 0, 144, 599, 399], [3, 0, 0, 0, 599, 368], [3, 2, 364, 2, 441, 142], [3, 12, 590, 155, 599, 164]]], "distance_down_track": [522.711181640625, 519.0728149414062, 578.6314086914062, 480.8323974609375, 528.392822265625, 418.550048828125, 317.199462890625, 534.0796508789062, 627.6969604492188, 398.880859375], "velocity": [[0.3046681582927704, 0.5788546800613403, -15.294572830200195], [-5.305224418640137, 2.431661605834961, -21.59015655517578], [6.806536674499512, -1.2253504991531372, -19.510498046875], [-9.937138557434082, 2.5683069229125977, 17.976289749145508], [10.192676544189453, 1.2256495952606201, -12.964486122131348], [20.5382137298584, -1.1744775772094727, 7.2261176109313965], [-0.221697136759758, -6.924922943115234, -8.847824096679688], [13.008989334106445, 1.309851884841919, -13.523966789245605], [-1.7789225578308105, 0.08172281086444855, -20.623254776000977], [21.221616744995117, 0.5716140270233154, -4.896735191345215]]}