{"track": "overworld", "karts": ["beastie", "kiki", "hexley", "emule", "amanda", "wilber", "adiumy", "xue", "suzanne", "nolok"], "detections": [[[1, 0, 259, 189, 344, 264], [1, 1, 343, 143, 347, 148], [1, 7, 335, 145, 341, 149], [1, 8, 315, 159, 327, 168], [1, 9, 382, 141, 387, 144], [2, 0, 408, 136, 412, 140], [3, 0, 0, 4, 599, 187]], [[1, 1, 265, 184, 325, 251], [1, 2, 512, 137, 516, 140], [1, 7, 20, 233, 253, 399], [1, 9, 394, 158, 409, 168], [2, 0, 417, 147, 427, 156], [3, 0, 0, 23, 547, 146], [3, 4, 473, 114, 474, 114], [3, 7, 477, 113, 482, 115], [3, 24, 483, 113, 489, 116], [3, 25, 487, 114, 487, 114]], [[1, 2, 272, 197, 323, 267], [3, 0, 0, 67, 599, 158], [3, 7, 266, 149, 267, 149], [3, 24, 268, 149, 271, 150]], [[1, 3, 247, 200, 351, 307], [1, 6, 289, 151, 313, 174], [2, 7, 184, 135, 285, 158], [2, 24, 285, 136, 418, 160], [3, 0, 0, 0, 599, 174], [3, 7, 65, 0, 284, 154], [3, 24, 284, 0, 525, 159]], [[1, 4, 259, 192, 341, 259], [3, 0, 0, 121, 599, 192], [3, 1, 252, 161, 261, 165], [3, 2, 260, 153, 264, 157], [3, 3, 259, 150, 262, 152], [3, 4, 259, 142, 263, 147], [3, 7, 268, 140, 281, 164], [3, 8, 268, 142, 272, 147], [3, 24, 280, 139, 294, 163], [3, 25, 285, 140, 293, 149]], [[1, 5, 255, 189, 331, 259], [3, 0, 35, 0, 599, 162]], [[1, 6, 264, 193, 341, 273], [2, 7, 94, 146, 271, 186], [2, 24, 270, 146, 509, 188], [3, 7, 0, 0, 269, 179], [3, 24, 265, 0, 599, 186]], [[1, 1, 320, 169, 357, 211], [1, 2, 489, 138, 493, 142], [1, 7, 263, 185, 334, 264], [1, 9, 385, 157, 398, 165], [2, 0, 404, 147, 413, 155], [3, 0, 0, 22, 514, 146], [3, 4, 454, 116, 455, 116], [3, 7, 459, 116, 463, 117], [3, 8, 458, 117, 458, 117], [3, 24, 463, 116, 468, 118], [3, 25, 468, 117, 469, 118]], [[1, 1, 319, 141, 326, 148], [1, 7, 308, 142, 318, 150], [1, 8, 265, 201, 342, 262], [1, 9, 366, 140, 373, 143], [2, 0, 393, 134, 397, 139], [3, 0, 0, 0, 599, 237]], [[1, 2, 333, 145, 336, 148], [1, 9, 266, 203, 324, 258], [2, 0, 270, 154, 285, 170], [3, 0, 0, 14, 599, 166], [3, 7, 289, 128, 289, 128], [3, 24, 290, 128, 292, 129]]], "distance_down_track": [1419.7633056640625, 1463.052978515625, 70.65473937988281, 612.7327270507812, 317.20501708984375, 1199.329345703125, 619.567626953125, 1461.0538330078125, 1437.8897705078125, 19.57053565979004], "velocity": [[-16.259180068969727, -4.441629409790039, 13.723015785217285], [-9.071165084838867, -3.513263702392578, 19.700428009033203], [2.8944449424743652, 0.9052305817604065, 21.594385147094727], [-0.6488203406333923, -1.593515396118164, 10.495389938354492], [2.4481091499328613, -1.2786446809768677, 21.558801651000977], [-2.670210123062134, 0.30379530787467957, -19.480499267578125], [-0.7792943716049194, -2.0226597785949707, 14.657209396362305], [-8.253007888793945, -3.149108648300171, 18.72060203552246], [-13.634114265441895, -4.374752521514893, 14.948660850524902], [3.543140411376953, -2.0793845653533936, 22.371891021728516]]}