{"track": "overworld", "karts": ["beastie", "kiki", "hexley", "emule", "amanda", "wilber", "adiumy", "xue", "suzanne", "nolok"], "detections": [[[1, 0, 257, 189, 343, 267], [1, 7, 359, 162, 362, 166], [3, 0, 0, 110, 519, 217]], [[1, 1, 225, 167, 357, 312], [3, 0, 0, 67, 474, 160], [3, 7, 372, 146, 374, 147], [3, 24, 375, 146, 378, 147], [3, 25, 379, 147, 379, 147]], [[1, 2, 269, 196, 323, 268], [3, 0, 247, 63, 599, 151]], [[1, 3, 265, 199, 326, 262], [3, 0, 0, 0, 496, 157], [3, 6, 339, 150, 344, 152]], [[1, 4, 261, 191, 342, 261], [3, 0, 0, 0, 599, 264]], [[1, 4, 310, 153, 318, 159], [1, 5, 266, 189, 341, 262], [3, 0, 0, 19, 599, 187]], [[1, 6, 252, 190, 354, 300], [2, 7, 2, 239, 257, 301], [2, 24, 256, 239, 599, 304], [3, 7, 0, 0, 265, 290], [3, 24, 258, 0, 599, 240]], [[1, 7, 271, 186, 339, 265], [3, 0, 0, 64, 441, 217]], [[1, 1, 276, 161, 278, 164], [1, 2, 442, 169, 442, 170], [1, 8, 258, 201, 334, 261], [1, 9, 296, 163, 299, 165], [3, 0, 0, 82, 360, 168], [3, 7, 274, 160, 275, 160], [3, 24, 276, 160, 278, 160]], [[1, 1, 165, 154, 180, 170], [1, 2, 515, 143, 526, 147], [1, 9, 266, 203, 326, 260], [3, 0, 0, 100, 487, 163], [3, 4, 209, 140, 209, 141], [3, 7, 216, 140, 219, 141], [3, 24, 220, 140, 223, 141], [3, 25, 224, 141, 224, 141]]], "distance_down_track": [989.5783081054688, 132.78436279296875, 195.9791717529297, 278.88275146484375, 1329.335693359375, 1298.3487548828125, 621.855224609375, 1039.71728515625, 73.83845520019531, 119.33671569824219], "velocity": [[10.731379508972168, -0.6901518106460571, -18.888391494750977], [-0.1279805302619934, -0.16233089566230774, 4.502431869506836], [18.400279998779297, -0.9831740260124207, -8.40987777709961], [-4.832632064819336, 0.3839699327945709, 20.124319076538086], [-4.988738536834717, 3.4724340438842773, -20.867795944213867], [2.626796245574951, 2.9873294830322266, -19.258451461791992], [0.04917808994650841, 0.51286780834198, 0.4850460886955261], [5.053555488586426, -0.6499778628349304, -20.063125610351562], [2.2847790718078613, 0.8570358753204346, 21.3131103515625], [8.18579387664795, -0.6197587251663208, 19.998878479003906]]}