{"track": "overworld", "karts": ["beastie", "kiki", "hexley", "emule", "amanda", "wilber", "adiumy", "xue", "suzanne", "nolok"], "detections": [[[1, 0, 254, 189, 339, 265], [1, 1, 285, 147, 290, 152], [1, 2, 342, 133, 344, 133], [1, 7, 286, 146, 290, 150], [1, 8, 289, 156, 299, 163], [1, 9, 274, 144, 277, 146], [3, 0, 0, 0, 599, 187]], [[1, 1, 270, 181, 336, 257], [1, 2, 398, 144, 402, 145], [1, 7, 300, 170, 324, 200], [1, 9, 281, 162, 287, 168], [3, 0, 0, 0, 599, 199]], [[1, 2, 269, 196, 326, 275], [3, 0, 0, 41, 599, 199]], [[1, 3, 271, 200, 332, 262], [1, 6, 288, 145, 290, 147], [2, 24, 304, 148, 304, 148], [3, 0, 0, 0, 599, 170], [3, 2, 64, 62, 126, 113], [3, 3, 49, 18, 99, 59], [3, 4, 47, 0, 103, 23], [3, 7, 250, 84, 283, 148], [3, 8, 251, 87, 266, 106], [3, 24, 280, 84, 313, 148], [3, 25, 296, 88, 313, 113], [255, 16777215, 283, 142, 283, 142]], [[1, 4, 260, 192, 335, 256], [3, 0, 0, 98, 373, 147], [3, 7, 280, 142, 283, 142], [3, 24, 284, 142, 286, 142]], [[1, 4, 280, 165, 284, 168], [1, 5, 261, 190, 331, 255], [3, 0, 0, 85, 479, 171], [3, 7, 290, 160, 292, 160], [3, 24, 293, 160, 296, 161], [3, 25, 295, 160, 295, 160]], [[1, 6, 248, 190, 354, 320], [2, 7, 207, 274, 284, 293], [2, 24, 285, 275, 385, 293], [3, 0, 0, 0, 599, 305], [3, 7, 146, 31, 288, 289], [3, 24, 287, 29, 433, 292]], [[1, 2, 423, 134, 429, 136], [1, 7, 273, 188, 336, 259], [1, 9, 287, 154, 294, 161], [3, 0, 0, 0, 599, 211]], [[1, 1, 283, 138, 293, 152], [1, 2, 363, 119, 364, 119], [1, 7, 285, 138, 295, 147], [1, 8, 264, 201, 341, 261], [1, 9, 273, 136, 276, 139], [3, 0, 0, 0, 599, 181]], [[1, 2, 509, 138, 525, 143], [1, 9, 273, 203, 334, 261], [3, 0, 10, 0, 599, 184]]], "distance_down_track": [1254.369384765625, 1289.7432861328125, 1364.059814453125, 540.4136352539062, 135.76177978515625, 88.83162689208984, 621.855224609375, 1294.410888671875, 1274.784912109375, 1315.9029541015625], "velocity": [[-1.265660285949707, 2.4958677291870117, -21.554094314575195], [1.705363154411316, 2.2135820388793945, -19.465456008911133], [-19.059490203857422, 1.961319923400879, 0.3935498297214508], [0.6747698783874512, -2.694119691848755, 20.512834548950195], [3.918851375579834, -1.045127272605896, 23.806989669799805], [0.8364344239234924, 0.8713088035583496, 21.816591262817383], [0.04917808994650841, 0.51286780834198, 0.4850460886955261], [3.477123737335205, 3.1737492084503174, -22.921537399291992], [0.4344765245914459, 2.1316771507263184, -20.500232696533203], [1.578955054283142, 2.8117542266845703, -20.4472713470459]]}