{"track": "overworld", "karts": ["beastie", "kiki", "hexley", "emule", "amanda", "wilber", "adiumy", "xue", "suzanne", "nolok"], "detections": [[[1, 0, 246, 187, 347, 274], [1, 8, 445, 183, 448, 185], [3, 0, 0, 10, 599, 203]], [[1, 1, 270, 183, 331, 253], [1, 2, 293, 149, 297, 154], [1, 3, 290, 151, 290, 152], [2, 24, 298, 149, 306, 149], [3, 0, 0, 0, 599, 175], [3, 1, 0, 123, 90, 182], [3, 2, 134, 90, 172, 123], [3, 3, 126, 60, 158, 87], [3, 4, 117, 19, 161, 61], [3, 7, 258, 90, 287, 148], [3, 8, 259, 93, 272, 107], [3, 24, 285, 90, 315, 149], [3, 25, 297, 92, 315, 116]], [[1, 2, 271, 196, 322, 265], [1, 3, 295, 169, 296, 170], [2, 7, 269, 166, 292, 169], [2, 24, 293, 165, 322, 169], [3, 0, 0, 16, 599, 177], [3, 7, 245, 71, 292, 168], [3, 24, 289, 70, 336, 169], [3, 25, 315, 79, 336, 111]], [[1, 3, 242, 199, 362, 322], [2, 7, 0, 148, 258, 208], [2, 24, 255, 146, 599, 208], [3, 7, 0, 0, 254, 150], [3, 24, 247, 0, 599, 201]], [[1, 4, 254, 191, 335, 265], [3, 0, 0, 0, 599, 187], [3, 4, 316, 164, 318, 166], [3, 7, 323, 162, 330, 166], [3, 8, 322, 165, 323, 166], [3, 24, 330, 162, 338, 167], [3, 25, 335, 163, 335, 163]], [[1, 0, 414, 144, 419, 147], [1, 5, 266, 189, 342, 262], [3, 0, 0, 12, 599, 195]], [[1, 1, 293, 156, 295, 159], [1, 6, 271, 194, 330, 254], [3, 0, 0, 104, 555, 160], [3, 1, 227, 152, 244, 160], [3, 2, 243, 141, 251, 148], [3, 3, 242, 133, 247, 138], [3, 4, 241, 122, 249, 131], [3, 7, 264, 124, 281, 157], [3, 8, 264, 125, 273, 136], [3, 24, 280, 124, 298, 157], [3, 25, 290, 127, 299, 157], [255, 16777215, 85, 141, 518, 182]], [[1, 6, 312, 177, 314, 178], [1, 7, 269, 187, 337, 265], [3, 0, 0, 138, 554, 180], [3, 2, 123, 172, 124, 173], [3, 3, 121, 165, 125, 170], [3, 4, 120, 157, 125, 164], [3, 7, 73, 155, 92, 173], [3, 24, 90, 155, 112, 174], [3, 25, 109, 163, 109, 163]], [[1, 8, 264, 201, 340, 261], [1, 9, 380, 142, 386, 145], [2, 0, 402, 137, 406, 141], [3, 0, 0, 0, 599, 201]], [[1, 9, 266, 203, 326, 261], [2, 0, 258, 153, 275, 171], [3, 0, 0, 3, 599, 165], [3, 24, 280, 127, 283, 128], [3, 25, 282, 127, 282, 127]]], "distance_down_track": [1360.412353515625, 481.57122802734375, 481.57122802734375, 481.57122802734375, 233.95143127441406, 1300.2855224609375, 468.7655944824219, 401.38134765625, 1423.7998046875, 20.962770462036133], "velocity": [[-17.543811798095703, 1.9573501348495483, -1.1100552082061768], [0.3690439760684967, -2.843022346496582, 21.661108016967773], [-0.0668620765209198, -1.65494704246521, 21.787132263183594], [-0.0032837989274412394, 0.08210219442844391, 0.13011431694030762], [-1.8609321117401123, 0.2800860106945038, 21.65337371826172], [2.710029125213623, 3.065760850906372, -19.234580993652344], [1.7352087497711182, -1.981656551361084, 20.53173065185547], [18.198789596557617, 0.7396079301834106, 9.836006164550781], [-15.110681533813477, -3.6670241355895996, 13.664194107055664], [3.6636486053466797, -1.8490859270095825, 20.28912353515625]]}