{"track": "scotland", "karts": ["konqi", "sara_the_racer", "wilber", "beastie", "gavroche", "pidgin", "tux", "gnu", "xue", "hexley"], "detections": [[[1, 0, 265, 191, 336, 259], [1, 2, 490, 170, 520, 185], [1, 5, 309, 197, 368, 231], [1, 7, 387, 158, 416, 181], [1, 8, 74, 303, 264, 399], [2, 0, 0, 163, 599, 399], [3, 0, 0, 0, 599, 340]], [[1, 0, 285, 153, 317, 185], [1, 1, 259, 216, 325, 290], [1, 2, 523, 158, 555, 172], [1, 5, 318, 161, 347, 180], [1, 7, 399, 142, 419, 160], [1, 8, 202, 159, 270, 215], [2, 0, 0, 147, 599, 399], [3, 0, 0, 0, 599, 380]], [[1, 2, 256, 190, 330, 260], [2, 0, 0, 148, 520, 399], [3, 0, 0, 0, 599, 399], [3, 60, 349, 129, 356, 137]], [[1, 0, 409, 162, 434, 185], [1, 1, 408, 191, 435, 217], [1, 3, 251, 188, 334, 265], [1, 5, 435, 169, 460, 184], [1, 7, 516, 154, 548, 171], [1, 8, 364, 165, 401, 194], [2, 0, 0, 154, 599, 399], [3, 0, 0, 0, 599, 269]], [[1, 0, 520, 159, 541, 173], [1, 1, 541, 172, 559, 184], [1, 3, 493, 163, 537, 189], [1, 4, 254, 227, 335, 284], [1, 5, 541, 163, 561, 173], [1, 8, 495, 159, 519, 174], [2, 0, 0, 153, 599, 399], [3, 0, 0, 0, 599, 227]], [[1, 0, 152, 200, 264, 296], [1, 2, 573, 180, 599, 199], [1, 5, 264, 210, 332, 255], [1, 7, 405, 162, 450, 190], [2, 0, 0, 166, 599, 399], [3, 0, 0, 0, 599, 399]], [[1, 0, 342, 143, 362, 160], [1, 1, 313, 160, 332, 175], [1, 3, 203, 152, 249, 186], [1, 5, 363, 148, 380, 159], [1, 6, 251, 228, 343, 282], [1, 7, 431, 138, 453, 151], [1, 8, 303, 145, 327, 164], [2, 0, 0, 137, 599, 399], [3, 0, 0, 0, 599, 311], [6, 1, 412, 145, 523, 209]], [[1, 2, 393, 169, 420, 187], [1, 7, 262, 157, 341, 228], [2, 0, 0, 164, 531, 399], [3, 0, 0, 0, 599, 399]], [[1, 0, 309, 172, 344, 205], [1, 1, 429, 262, 567, 359], [1, 2, 471, 165, 494, 177], [1, 5, 328, 179, 362, 197], [1, 7, 378, 155, 402, 171], [1, 8, 265, 187, 328, 255], [2, 0, 0, 158, 599, 399], [3, 0, 0, 0, 599, 303]], [[1, 9, 257, 195, 353, 298], [2, 0, 0, 158, 599, 399], [3, 0, 0, 0, 599, 237], [3, 13, 274, 136, 283, 157], [3, 15, 279, 138, 288, 156], [3, 113, 296, 145, 307, 157], [3, 115, 295, 136, 305, 157], [3, 118, 298, 146, 303, 153]]], "distance_down_track": [159.8936767578125, 152.8573760986328, 186.3520965576172, 146.37181091308594, 138.266357421875, 160.8863525390625, 139.98370361328125, 167.9942626953125, 154.8527374267578, 34.00511932373047], "velocity": [[-13.442360877990723, -0.1411704123020172, 18.419113159179688], [-6.90100622177124, -0.3192589581012726, 8.46343994140625], [12.698907852172852, -0.013628040440380573, 15.014985084533691], [-19.904254913330078, -1.634347677230835, 10.943559646606445], [-12.236869812011719, -0.6088009476661682, 4.346075057983398], [-16.156696319580078, -0.10799399018287659, 18.319971084594727], [-11.1134672164917, -1.4173625707626343, 5.401234149932861], [1.884383201599121, -0.7546747922897339, 20.96998405456543], [-10.601583480834961, -0.6094284653663635, 24.443695068359375], [-4.850766181945801, 0.06303277611732483, 13.077394485473633]]}