{"track": "hacienda", "karts": ["adiumy", "tux", "puffy", "pidgin", "nolok", "emule", "beastie", "sara_the_wizard", "gavroche", "konqi"], "detections": [[[1, 0, 270, 197, 332, 253], [1, 1, 181, 182, 220, 214], [1, 6, 171, 155, 184, 164], [1, 7, 128, 152, 132, 157], [1, 9, 154, 157, 166, 167], [2, 0, 0, 138, 599, 399], [3, 0, 0, 0, 599, 252], [4, 12, 137, 162, 156, 179]], [[1, 1, 273, 198, 337, 255], [1, 6, 244, 155, 256, 163], [1, 7, 206, 152, 209, 156], [1, 9, 228, 157, 239, 166], [2, 0, 0, 139, 599, 399], [3, 0, 0, 0, 599, 311], [4, 12, 212, 162, 230, 181]], [[1, 0, 292, 155, 319, 178], [1, 1, 210, 159, 238, 179], [1, 2, 264, 199, 355, 271], [1, 6, 98, 147, 115, 157], [1, 7, 7, 149, 14, 155], [1, 9, 81, 151, 98, 161], [2, 0, 0, 128, 599, 399], [3, 0, 0, 0, 599, 399], [4, 12, 102, 154, 124, 170]], [[1, 0, 140, 172, 152, 181], [1, 2, 165, 174, 187, 184], [1, 3, 245, 235, 355, 294], [2, 0, 0, 162, 599, 399], [3, 0, 0, 0, 599, 330]], [[1, 1, 105, 176, 114, 182], [1, 2, 174, 173, 188, 177], [1, 3, 265, 181, 288, 188], [1, 4, 271, 203, 327, 255], [1, 5, 349, 213, 445, 289], [2, 0, 0, 166, 599, 399], [3, 0, 0, 0, 599, 276], [3, 109, 254, 0, 286, 26], [3, 111, 214, 0, 249, 28], [3, 113, 174, 0, 207, 30]], [[1, 0, 163, 169, 166, 172], [1, 1, 120, 174, 129, 179], [1, 2, 184, 171, 193, 174], [1, 3, 250, 178, 270, 185], [1, 4, 211, 192, 259, 231], [1, 5, 274, 199, 325, 251], [2, 0, 0, 166, 599, 399], [3, 0, 0, 0, 599, 291], [3, 109, 263, 0, 295, 32], [3, 111, 226, 0, 259, 35], [3, 113, 188, 1, 219, 36]], [[1, 6, 260, 190, 340, 258], [1, 7, 303, 155, 308, 163], [1, 9, 33, 212, 203, 312], [2, 0, 0, 142, 599, 399], [3, 0, 0, 0, 599, 343]], [[1, 7, 281, 188, 320, 263], [2, 0, 0, 141, 599, 399], [3, 0, 0, 0, 599, 277]], [[1, 3, 278, 162, 285, 164], [1, 4, 285, 161, 291, 166], [1, 5, 296, 161, 303, 167], [1, 8, 271, 203, 325, 255], [2, 0, 0, 162, 599, 399], [3, 0, 0, 0, 599, 396], [3, 109, 263, 53, 282, 78], [3, 111, 239, 54, 259, 79], [3, 113, 223, 59, 230, 74]], [[1, 6, 356, 174, 428, 226], [1, 7, 283, 156, 288, 163], [1, 9, 266, 192, 339, 262], [2, 0, 0, 142, 599, 399], [3, 0, 0, 0, 599, 283]]], "distance_down_track": [840.28125, 844.4247436523438, 835.6055908203125, 810.741943359375, 803.6166381835938, 802.7650756835938, 866.2048950195312, 888.7734985351562, 778.868408203125, 865.0191650390625], "velocity": [[-12.82876968383789, -1.2436825037002563, -15.988923072814941], [-9.599297523498535, -1.2578177452087402, -20.456754684448242], [-17.521469116210938, -2.393399238586426, -11.660526275634766], [-9.92039966583252, -1.2239736318588257, 6.774450778961182], [-17.683557510375977, -2.1662027835845947, 14.546457290649414], [-20.743148803710938, -2.4737796783447266, 15.479090690612793], [-0.8726221323013306, -0.42335647344589233, -23.476823806762695], [-2.291872978210449, -0.09224124252796173, -21.497982025146484], [-16.284805297851562, -1.6887385845184326, 16.154048919677734], [-3.7659342288970947, -0.4836347997188568, -21.821138381958008]]}