{"track": "volcano_island", "karts": ["gavroche", "adiumy", "amanda", "nolok", "tux", "konqi", "kiki", "pidgin", "sara_the_racer", "suzanne"], "detections": [[[1, 0, 271, 203, 334, 266], [1, 6, 197, 155, 204, 163], [2, 0, 0, 159, 599, 399], [3, 0, 0, 0, 599, 340]], [[1, 0, 232, 361, 250, 379], [1, 1, 274, 208, 333, 259], [2, 0, 177, 355, 599, 399], [3, 0, 0, 0, 599, 399]], [[1, 2, 262, 191, 343, 261], [1, 5, 242, 165, 260, 179], [2, 0, 0, 161, 599, 399], [3, 0, 0, 0, 599, 321], [3, 169, 598, 186, 599, 189], [3, 350, 591, 184, 599, 195], [5, 16, 195, 164, 199, 168], [6, 35, 191, 111, 191, 112]], [[1, 2, 271, 172, 306, 202], [1, 3, 276, 203, 331, 256], [1, 5, 225, 165, 241, 177], [2, 0, 0, 158, 599, 399], [3, 0, 0, 0, 599, 344], [3, 18, 525, 169, 526, 169], [3, 21, 539, 186, 543, 188], [3, 65, 523, 172, 529, 174], [3, 169, 507, 173, 537, 188], [3, 350, 501, 175, 523, 187], [3, 367, 526, 183, 538, 188], [6, 33, 262, 118, 262, 119], [6, 35, 156, 115, 156, 116]], [[1, 4, 270, 198, 336, 256], [2, 0, 0, 163, 599, 399], [3, 0, 0, 0, 599, 340]], [[1, 5, 266, 191, 342, 266], [2, 0, 0, 163, 599, 399], [3, 0, 0, 0, 599, 328], [5, 15, 212, 163, 217, 168], [5, 16, 259, 159, 263, 163], [5, 28, 237, 161, 241, 166], [6, 33, 398, 92, 398, 92]], [[1, 2, 251, 165, 272, 182], [1, 3, 257, 175, 278, 194], [1, 5, 210, 164, 223, 173], [1, 6, 273, 183, 333, 251], [2, 0, 0, 158, 599, 399], [3, 0, 0, 0, 599, 305], [3, 169, 450, 172, 458, 178], [3, 350, 446, 173, 458, 179], [6, 33, 235, 123, 235, 123]], [[1, 7, 266, 210, 340, 263], [2, 0, 0, 154, 599, 399], [3, 0, 0, 0, 599, 292], [3, 95, 398, 154, 401, 155], [3, 201, 404, 156, 406, 157], [3, 224, 394, 151, 399, 154], [3, 228, 361, 146, 380, 157], [3, 362, 313, 150, 320, 157]], [[1, 8, 280, 177, 320, 253], [2, 0, 0, 158, 599, 399], [3, 0, 0, 0, 599, 233], [4, 10, 291, 158, 307, 172], [4, 13, 333, 158, 350, 171], [4, 14, 246, 159, 263, 172]], [[1, 4, 196, 156, 206, 163], [1, 9, 248, 201, 357, 287], [2, 0, 0, 156, 599, 399], [3, 0, 0, 0, 599, 320]]], "distance_down_track": [1040.513427734375, 1027.527099609375, 1082.3577880859375, 1078.3095703125, 993.6251831054688, 1095.776123046875, 1071.9208984375, 1183.689208984375, 907.777099609375, 967.0023803710938], "velocity": [[10.44201374053955, -0.7719364166259766, 16.101337432861328], [14.349944114685059, -0.740352988243103, 10.244606018066406], [-9.96116828918457, -1.099310040473938, 19.286699295043945], [-7.425322532653809, -0.9937304854393005, 22.168378829956055], [21.146625518798828, -0.8587324023246765, -6.609106063842773], [-14.727413177490234, -1.1976770162582397, 14.496855735778809], [-4.123979091644287, -0.7300482988357544, 21.9693660736084], [-9.439042091369629, -1.2896548509597778, -19.535900115966797], [-10.6600341796875, -0.4735172986984253, -19.06730079650879], [5.371232032775879, -0.1610293835401535, -10.571120262145996]]}