{"track": "tutorial", "karts": ["puffy", "hexley", "tux", "suzanne", "pidgin", "nolok", "beastie", "gavroche", "amanda", "adiumy"], "detections": [[[1, 0, 220, 203, 404, 330], [1, 1, 317, 221, 321, 226], [1, 5, 283, 213, 290, 218], [1, 7, 416, 374, 563, 399], [1, 9, 269, 227, 274, 233], [2, 0, 0, 169, 599, 399], [3, 0, 0, 12, 599, 336], [3, 8, 48, 36, 61, 49]], [[1, 1, 242, 193, 349, 349], [1, 5, 0, 204, 26, 236], [2, 0, 93, 116, 267, 155], [3, 0, 0, 31, 599, 399]], [[1, 0, 277, 145, 305, 160], [1, 2, 264, 198, 328, 255], [1, 7, 306, 171, 325, 187], [2, 0, 0, 156, 599, 399], [3, 0, 0, 0, 599, 384], [3, 6, 186, 0, 207, 16], [3, 7, 61, 0, 62, 1], [3, 8, 222, 57, 227, 60]], [[1, 0, 353, 157, 365, 163], [1, 2, 343, 168, 355, 177], [1, 3, 260, 200, 331, 258], [1, 7, 363, 168, 372, 173], [2, 0, 0, 167, 599, 399], [3, 0, 0, 39, 599, 399], [3, 6, 302, 26, 318, 51], [3, 7, 206, 31, 222, 49]], [[1, 0, 369, 165, 378, 169], [1, 2, 356, 171, 363, 176], [1, 3, 307, 169, 322, 179], [1, 4, 255, 209, 329, 260], [1, 7, 375, 173, 381, 176], [2, 0, 0, 172, 599, 399], [3, 0, 0, 63, 599, 349], [3, 6, 350, 52, 364, 73], [3, 7, 267, 59, 279, 74]], [[1, 5, 234, 205, 351, 321], [2, 0, 196, 117, 351, 159], [3, 0, 0, 22, 599, 399]], [[1, 6, 260, 190, 339, 256], [2, 0, 0, 164, 599, 399], [3, 0, 0, 89, 599, 287], [3, 6, 244, 137, 245, 139], [3, 7, 192, 125, 199, 130]], [[1, 0, 186, 131, 269, 173], [1, 1, 367, 201, 378, 205], [1, 5, 342, 192, 350, 198], [1, 7, 268, 203, 323, 257], [2, 0, 0, 153, 599, 399], [3, 0, 0, 0, 599, 365], [3, 8, 179, 43, 185, 53]], [[1, 6, 276, 162, 292, 175], [1, 8, 262, 192, 337, 254], [2, 0, 0, 163, 599, 399], [3, 0, 0, 113, 599, 312], [3, 6, 219, 139, 219, 139], [3, 7, 162, 126, 170, 133]], [[1, 1, 497, 192, 542, 235], [1, 5, 352, 177, 382, 200], [1, 9, 272, 196, 327, 249], [2, 0, 345, 134, 478, 166], [3, 0, 0, 0, 599, 399], [3, 8, 119, 47, 130, 58]]], "distance_down_track": [712.6583862304688, 712.6583862304688, 400.4352722167969, 400.4352722167969, 400.4352722167969, 491.73480224609375, 383.7624206542969, 455.9293518066406, 365.0060729980469, 365.0060729980469], "velocity": [[-0.07045938819646835, 0.08182968944311142, 0.0018470962531864643], [-4.933028221130371, 0.09978070855140686, -0.7948216199874878], [-10.763076782226562, -3.16089129447937, -20.078968048095703], [-2.9484670162200928, -2.8497231006622314, -22.63151741027832], [6.20104455947876, -1.5856139659881592, -23.286378860473633], [-4.833622455596924, 0.09681318700313568, -1.300335168838501], [-3.647815227508545, 1.281994342803955, -23.838464736938477], [-12.70108413696289, -2.1232948303222656, -17.90768814086914], [-6.035614013671875, 1.478163480758667, -23.33685874938965], [-6.407512664794922, -0.6067475080490112, -6.710877418518066]]}