{"track": "snowtuxpeak", "karts": ["pidgin", "amanda", "xue", "tux", "gavroche", "emule", "puffy", "sara_the_wizard", "beastie", "gnu"], "detections": [[[1, 0, 265, 210, 338, 260], [1, 1, 336, 159, 343, 161], [1, 3, 318, 156, 323, 158], [1, 6, 337, 180, 382, 210], [2, 0, 0, 156, 599, 399], [3, 0, 0, 0, 599, 277]], [[1, 1, 241, 226, 359, 290], [1, 3, 260, 156, 275, 167], [1, 9, 223, 147, 229, 155], [2, 0, 0, 152, 599, 399], [3, 0, 0, 0, 599, 269]], [[1, 2, 266, 187, 334, 264], [1, 7, 285, 162, 293, 174], [2, 0, 0, 165, 599, 399], [3, 0, 0, 0, 599, 273]], [[1, 3, 269, 198, 333, 253], [1, 9, 245, 154, 262, 170], [2, 0, 0, 155, 599, 399], [3, 0, 0, 0, 599, 347]], [[1, 0, 275, 163, 288, 172], [1, 1, 306, 157, 310, 158], [1, 3, 294, 155, 297, 157], [1, 4, 272, 203, 328, 258], [1, 6, 292, 161, 305, 168], [2, 0, 0, 156, 599, 399], [3, 0, 0, 0, 599, 323]], [[1, 2, 271, 145, 274, 149], [1, 5, 270, 199, 331, 261], [1, 7, 267, 143, 268, 145], [2, 0, 25, 144, 599, 399], [3, 0, 0, 0, 599, 399]], [[1, 1, 288, 159, 295, 162], [1, 3, 269, 156, 275, 159], [1, 6, 256, 201, 343, 261], [2, 0, 0, 157, 599, 399], [3, 0, 0, 0, 599, 256]], [[1, 7, 279, 188, 319, 265], [2, 0, 0, 165, 599, 399], [3, 0, 0, 0, 599, 288]], [[1, 0, 586, 173, 594, 176], [1, 4, 577, 173, 589, 179], [1, 8, 250, 187, 334, 261], [2, 0, 0, 0, 599, 399], [3, 0, 0, 0, 599, 399]], [[1, 9, 273, 158, 332, 229], [2, 0, 214, 151, 599, 399], [3, 0, 0, 0, 599, 399]]], "distance_down_track": [964.1459350585938, 4.276151657104492, 109.36972045898438, 18.789514541625977, 950.029541015625, 59.06071472167969, 967.4378662109375, 123.76277160644531, 910.2268676757812, 30.21092987060547], "velocity": [[-5.953281879425049, 0.07777976989746094, 21.796249389648438], [-2.314781904220581, 0.08172423392534256, 11.85076904296875], [-20.552562713623047, 2.437685966491699, 0.3739932179450989], [-12.127972602844238, 0.10753445327281952, 19.75217056274414], [-2.769382953643799, 0.07529038190841675, 21.67526626586914], [-20.615800857543945, 1.1789039373397827, 3.120950698852539], [-0.6692199110984802, 0.07760542631149292, 22.70193862915039], [-20.558034896850586, 2.171952486038208, -1.0676249265670776], [-18.14224624633789, 0.6283537745475769, 13.316946983337402], [-16.238122940063477, 0.5728757977485657, 14.157709121704102]]}