{"track": "overworld", "karts": ["beastie", "kiki", "hexley", "emule", "amanda", "wilber", "adiumy", "xue", "suzanne", "nolok"], "detections": [[[1, 0, 252, 188, 338, 263], [3, 0, 206, 106, 599, 198]], [[1, 1, 272, 183, 332, 253], [1, 2, 255, 173, 259, 174], [3, 0, 0, 124, 528, 176], [3, 2, 73, 164, 80, 167], [3, 3, 72, 157, 77, 162], [3, 4, 70, 148, 77, 156], [3, 7, 15, 144, 41, 168], [3, 24, 37, 144, 67, 167], [3, 25, 49, 146, 49, 146]], [[1, 2, 275, 196, 325, 265], [1, 3, 230, 154, 233, 156], [3, 0, 0, 96, 455, 158], [3, 1, 144, 148, 167, 161], [3, 2, 161, 132, 172, 144], [3, 3, 159, 124, 166, 132], [3, 4, 157, 110, 168, 123], [3, 7, 174, 115, 198, 154], [3, 8, 174, 117, 183, 127], [3, 24, 193, 115, 218, 153], [3, 25, 200, 116, 217, 143], [255, 16777215, 0, 139, 400, 183]], [[1, 3, 273, 200, 330, 257], [1, 6, 288, 150, 289, 151], [2, 24, 299, 149, 303, 149], [3, 0, 0, 0, 599, 173], [3, 2, 77, 69, 134, 116], [3, 3, 62, 28, 110, 66], [3, 4, 62, 0, 114, 32], [3, 7, 251, 86, 283, 149], [3, 8, 252, 89, 266, 104], [3, 24, 280, 85, 313, 149], [3, 25, 293, 88, 313, 134]], [[1, 4, 263, 191, 344, 262], [2, 0, 391, 131, 395, 135], [3, 0, 0, 0, 599, 231]], [[1, 5, 258, 190, 333, 259], [3, 0, 0, 99, 485, 164], [3, 4, 197, 141, 197, 141], [3, 7, 204, 141, 207, 142], [3, 24, 208, 141, 212, 142]], [[1, 6, 249, 190, 353, 305], [2, 7, 217, 155, 290, 173], [2, 24, 291, 157, 388, 176], [3, 0, 0, 0, 599, 192], [3, 7, 134, 0, 292, 168], [3, 24, 291, 0, 469, 175]], [[1, 7, 263, 187, 330, 264], [1, 8, 120, 217, 251, 307], [1, 9, 274, 147, 276, 149], [3, 0, 0, 0, 599, 161]], [[1, 7, 324, 177, 382, 234], [1, 8, 261, 201, 337, 259], [1, 9, 273, 143, 276, 145], [3, 0, 0, 0, 599, 176]], [[1, 9, 273, 203, 334, 261], [3, 0, 8, 0, 599, 184]]], "distance_down_track": [1107.000244140625, 195.050048828125, 195.050048828125, 195.050048828125, 1435.5543212890625, 120.5733413696289, 621.7353515625, 1261.2769775390625, 1260.2103271484375, 1315.996826171875], "velocity": [[0.14307951927185059, 2.511728525161743, -21.588905334472656], [19.99223518371582, -1.011988878250122, 8.75836181640625], [8.972670555114746, -2.653975486755371, 19.745128631591797], [0.7676020860671997, -3.0023438930511475, 22.7902774810791], [-14.416220664978027, -4.6023125648498535, 15.601327896118164], [8.044173240661621, -0.5433596968650818, 17.93622589111328], [-0.007113893982023001, -0.03817998245358467, 0.11060113459825516], [-0.5672910213470459, 2.36171293258667, -20.557004928588867], [-0.7731340527534485, 2.2751076221466064, -20.560060501098633], [1.5680880546569824, 2.812613010406494, -20.44799041748047]]}