{"track": "overworld", "karts": ["beastie", "kiki", "hexley", "emule", "amanda", "wilber", "adiumy", "xue", "suzanne", "nolok"], "detections": [[[1, 0, 258, 189, 344, 262], [3, 0, 0, 95, 518, 195]], [[1, 1, 261, 181, 333, 261], [1, 2, 421, 180, 422, 182], [1, 4, 380, 167, 386, 171], [3, 0, 0, 31, 599, 198]], [[1, 2, 274, 196, 329, 271], [1, 8, 350, 145, 356, 148], [1, 9, 386, 142, 391, 145], [2, 0, 413, 137, 416, 141], [3, 0, 0, 5, 599, 185], [3, 5, 454, 104, 455, 104]], [[1, 3, 260, 199, 339, 280], [2, 7, 36, 146, 262, 197], [2, 24, 261, 147, 572, 200], [3, 7, 0, 0, 260, 188], [3, 24, 254, 0, 599, 198]], [[1, 2, 321, 179, 328, 187], [1, 4, 260, 192, 341, 260], [1, 8, 367, 175, 372, 177], [1, 9, 398, 173, 400, 174], [3, 0, 0, 87, 599, 224]], [[1, 5, 262, 190, 332, 255], [1, 7, 269, 146, 272, 148], [3, 0, 0, 63, 577, 154], [3, 7, 261, 146, 261, 146], [3, 24, 262, 146, 264, 146]], [[1, 3, 288, 164, 313, 188], [1, 6, 260, 192, 344, 281], [2, 7, 157, 146, 280, 174], [2, 24, 280, 146, 444, 175], [3, 0, 0, 0, 599, 180], [3, 7, 12, 0, 279, 169], [3, 24, 277, 0, 573, 174]], [[1, 7, 265, 188, 331, 261], [3, 0, 0, 70, 599, 171], [3, 5, 161, 151, 161, 151], [3, 7, 320, 144, 323, 145], [3, 24, 324, 144, 327, 145]], [[1, 5, 418, 141, 422, 144], [1, 8, 260, 200, 336, 259], [1, 9, 347, 160, 361, 171], [2, 0, 354, 148, 363, 157], [3, 0, 0, 5, 599, 159], [3, 7, 382, 121, 384, 122], [3, 24, 385, 121, 388, 122]], [[1, 5, 333, 146, 337, 149], [1, 7, 313, 134, 314, 136], [1, 9, 266, 203, 324, 258], [2, 0, 268, 154, 284, 171], [3, 0, 0, 13, 599, 166], [3, 7, 288, 128, 288, 128], [3, 24, 289, 128, 291, 129]]], "distance_down_track": [1066.2335205078125, 1360.4193115234375, 1419.120361328125, 621.5364379882812, 1399.091064453125, 67.62387084960938, 615.575927734375, 113.2799072265625, 1466.386962890625, 19.756168365478516], "velocity": [[7.231354713439941, -0.5074869990348816, -20.490489959716797], [-18.184852600097656, 1.98565673828125, -0.791379451751709], [-15.074386596679688, -4.014337062835693, 11.973309516906738], [-0.37483328580856323, -2.143134117126465, 15.573180198669434], [-18.73862075805664, -1.2392504215240479, 10.942509651184082], [3.357588052749634, -0.06229870766401291, 21.590396881103516], [-0.7327094078063965, -1.7135621309280396, 12.589698791503906], [-2.2827749252319336, -0.7157951593399048, 21.85746192932129], [-3.978269100189209, -2.5684304237365723, 20.151092529296875], [3.626450777053833, -2.077364206314087, 22.390371322631836]]}