{"track": "tutorial", "karts": ["puffy", "hexley", "tux", "suzanne", "pidgin", "nolok", "beastie", "gavroche", "amanda", "adiumy"], "detections": [[[1, 0, 203, 201, 387, 323], [1, 2, 212, 155, 237, 172], [1, 5, 339, 156, 351, 166], [1, 9, 299, 153, 310, 163], [2, 0, 217, 130, 319, 155], [3, 0, 0, 37, 599, 399]], [[1, 0, 338, 179, 372, 202], [1, 1, 264, 195, 332, 290], [1, 2, 325, 151, 339, 161], [1, 3, 304, 102, 334, 127], [1, 4, 399, 363, 508, 399], [1, 5, 420, 151, 432, 158], [1, 9, 388, 147, 396, 154], [2, 0, 325, 124, 410, 147], [3, 0, 0, 0, 599, 399], [3, 8, 95, 24, 106, 37]], [[1, 2, 229, 196, 359, 313], [1, 5, 427, 164, 450, 183], [1, 9, 346, 157, 366, 176], [2, 0, 189, 114, 357, 160], [3, 0, 0, 19, 599, 399]], [[1, 0, 339, 331, 411, 399], [1, 2, 336, 200, 355, 214], [1, 3, 265, 200, 332, 256], [1, 5, 462, 193, 478, 204], [1, 9, 417, 183, 429, 193], [2, 0, 340, 147, 484, 182], [3, 0, 0, 0, 599, 399], [3, 8, 125, 42, 136, 54]], [[1, 0, 439, 147, 502, 173], [1, 1, 226, 93, 326, 155], [1, 2, 481, 134, 506, 148], [1, 3, 403, 56, 442, 88], [1, 4, 218, 221, 361, 322], [2, 0, 504, 103, 599, 131], [3, 0, 0, 0, 599, 399], [3, 6, 269, 0, 269, 0], [3, 7, 150, 3, 173, 25], [3, 8, 303, 59, 310, 60]], [[1, 5, 238, 205, 359, 320], [2, 0, 0, 93, 145, 207], [3, 0, 0, 59, 599, 399]], [[1, 6, 259, 190, 340, 258], [1, 8, 245, 151, 250, 155], [2, 0, 0, 140, 599, 399], [3, 0, 0, 0, 599, 271], [3, 6, 305, 61, 315, 75], [3, 7, 250, 56, 260, 67]], [[1, 7, 268, 202, 323, 258], [1, 9, 408, 182, 412, 184], [2, 0, 0, 157, 599, 399], [3, 0, 0, 0, 599, 378], [3, 6, 186, 0, 207, 14], [3, 8, 222, 55, 223, 57]], [[1, 8, 263, 193, 338, 255], [2, 0, 0, 154, 599, 399], [3, 0, 0, 61, 599, 317], [3, 6, 447, 51, 465, 71], [3, 7, 369, 65, 381, 78]], [[1, 9, 247, 191, 353, 306], [2, 0, 0, 106, 320, 212], [3, 0, 0, 66, 599, 399]]], "distance_down_track": [712.6583862304688, 710.3404541015625, 532.0, 532.0, 532.0, 590.8922729492188, 512.133544921875, 547.9110717773438, 491.73480224609375, 491.73480224609375], "velocity": [[-4.627969741821289, 0.11299527436494827, -1.8760658502578735], [-5.970841884613037, -15.077999114990234, -6.287312030792236], [-4.785798072814941, 0.09322117269039154, -1.1251158714294434], [-14.569594383239746, -13.09967041015625, -17.09891128540039], [-1.621708869934082, -0.046999700367450714, -4.756219863891602], [-0.10561478137969971, 0.08182163536548615, 0.008946138434112072], [3.126673460006714, -3.7932565212249756, -23.602725982666016], [-10.75687313079834, -3.1435227394104004, -19.900447845458984], [13.12063980102539, -0.9271932244300842, -20.253681182861328], [-0.20435510575771332, 0.08653980493545532, -0.012839460745453835]]}