{"track": "volcano_island", "karts": ["gavroche", "adiumy", "amanda", "nolok", "tux", "konqi", "kiki", "pidgin", "sara_the_racer", "suzanne"], "detections": [[[1, 0, 273, 203, 330, 258], [1, 2, 229, 156, 231, 157], [1, 3, 237, 155, 241, 158], [1, 5, 230, 155, 234, 158], [1, 6, 253, 154, 259, 161], [2, 0, 0, 157, 599, 399], [3, 0, 0, 0, 599, 271], [6, 36, 263, 151, 267, 157], [6, 37, 225, 154, 230, 158]], [[1, 1, 269, 194, 336, 262], [1, 4, 244, 160, 257, 170], [2, 0, 0, 155, 599, 399], [3, 0, 0, 0, 599, 376], [3, 61, 299, 154, 305, 157], [3, 212, 331, 147, 332, 149], [3, 220, 331, 146, 331, 147], [3, 362, 567, 158, 599, 182]], [[1, 2, 260, 192, 340, 258], [2, 0, 0, 167, 599, 399], [3, 0, 0, 0, 599, 253], [3, 87, 155, 155, 194, 181], [3, 302, 113, 146, 126, 157]], [[1, 2, 257, 161, 289, 187], [1, 3, 254, 205, 346, 292], [1, 5, 92, 186, 211, 285], [2, 0, 0, 161, 599, 399], [3, 0, 0, 1, 599, 225], [3, 87, 183, 150, 209, 167], [3, 302, 140, 145, 140, 145]], [[1, 0, 196, 154, 204, 159], [1, 4, 270, 198, 336, 255], [2, 0, 0, 152, 599, 399], [3, 0, 0, 0, 599, 313], [3, 61, 394, 157, 408, 166], [3, 216, 413, 157, 431, 167], [3, 220, 409, 153, 431, 164]], [[1, 2, 328, 168, 358, 192], [1, 3, 384, 211, 483, 287], [1, 5, 268, 192, 345, 266], [2, 0, 0, 166, 599, 399], [3, 0, 0, 1, 599, 269], [3, 87, 245, 155, 267, 171]], [[1, 2, 271, 159, 280, 167], [1, 3, 283, 162, 291, 170], [1, 5, 262, 160, 276, 170], [1, 6, 269, 183, 332, 254], [2, 0, 0, 164, 599, 399], [3, 0, 0, 0, 599, 245], [3, 87, 225, 155, 236, 164], [6, 36, 333, 153, 367, 175], [6, 37, 219, 155, 258, 178]], [[1, 7, 265, 210, 340, 262], [2, 0, 0, 141, 599, 399], [2, 19, 231, 151, 243, 155], [2, 20, 197, 150, 206, 152], [2, 22, 244, 150, 255, 154], [3, 0, 0, 0, 599, 273], [3, 19, 230, 146, 242, 151], [3, 22, 244, 145, 254, 150], [3, 71, 2, 79, 79, 163], [3, 298, 183, 146, 185, 147]], [[1, 8, 282, 178, 323, 254], [2, 0, 0, 153, 599, 399], [3, 0, 0, 0, 599, 269], [3, 189, 294, 141, 294, 146], [3, 192, 279, 148, 279, 155], [3, 347, 315, 152, 318, 154]], [[1, 1, 209, 158, 215, 163], [1, 9, 268, 200, 338, 256], [2, 0, 0, 156, 599, 399], [3, 0, 0, 0, 599, 297], [3, 95, 369, 155, 371, 156], [3, 189, 585, 152, 587, 156], [3, 192, 547, 157, 553, 181], [3, 198, 350, 161, 350, 161], [3, 201, 374, 157, 375, 158], [3, 224, 364, 152, 370, 155], [3, 228, 335, 148, 352, 159], [3, 362, 291, 152, 297, 158]]], "distance_down_track": [1263.4769287109375, 1212.324951171875, 1317.4720458984375, 1311.5098876953125, 1229.1536865234375, 1311.8673095703125, 1293.6895751953125, 1406.214599609375, 1139.7882080078125, 1179.342041015625], "velocity": [[19.872976303100586, 0.4975174367427826, -7.643433570861816], [3.2389540672302246, -0.6766510009765625, -16.548831939697266], [22.093652725219727, 0.22275327146053314, -0.09965205937623978], [6.823868274688721, 0.17275899648666382, 0.021169692277908325], [11.36741828918457, -0.639796257019043, -18.918214797973633], [19.777503967285156, 0.28032588958740234, 6.104233741760254], [20.654769897460938, 0.5732747316360474, -1.8457939624786377], [12.306499481201172, -0.9896900057792664, 17.88800621032715], [-20.880725860595703, -1.546614646911621, -6.2470598220825195], [-11.478532791137695, -1.5776290893554688, -19.868425369262695]]}