{"track": "overworld", "karts": ["beastie", "kiki", "hexley", "emule", "amanda", "wilber", "adiumy", "xue", "suzanne", "nolok"], "detections": [[[1, 0, 257, 189, 343, 261], [1, 1, 541, 175, 547, 178], [1, 7, 348, 143, 353, 147], [1, 9, 445, 165, 449, 166], [3, 0, 0, 100, 523, 167]], [[1, 1, 267, 183, 328, 253], [1, 2, 456, 139, 456, 139], [1, 9, 300, 152, 308, 159], [3, 0, 233, 53, 599, 145]], [[1, 2, 274, 196, 329, 271], [3, 0, 0, 0, 599, 164]], [[1, 3, 270, 199, 331, 262], [3, 0, 0, 141, 402, 174], [3, 4, 314, 152, 314, 155], [3, 7, 286, 152, 292, 155], [3, 24, 293, 152, 300, 155], [255, 16777215, 122, 164, 413, 200]], [[1, 4, 263, 191, 344, 262], [3, 0, 0, 49, 599, 184]], [[1, 4, 325, 175, 333, 181], [1, 5, 259, 190, 335, 257], [3, 0, 0, 74, 599, 202]], [[1, 6, 251, 190, 355, 304], [2, 7, 214, 152, 289, 169], [2, 24, 290, 153, 388, 170], [3, 0, 0, 0, 599, 179], [3, 7, 127, 0, 289, 166], [3, 24, 289, 0, 465, 169]], [[1, 1, 563, 196, 573, 202], [1, 2, 308, 171, 309, 172], [1, 7, 263, 187, 332, 264], [1, 9, 414, 184, 421, 187], [3, 0, 108, 57, 599, 191]], [[1, 0, 167, 180, 170, 181], [1, 1, 384, 168, 392, 177], [1, 7, 285, 169, 285, 170], [1, 8, 259, 200, 330, 257], [1, 9, 434, 171, 439, 174], [3, 0, 402, 76, 599, 168]], [[1, 2, 562, 155, 576, 161], [1, 9, 274, 203, 330, 256], [3, 0, 193, 43, 599, 159]]], "distance_down_track": [1079.04443359375, 198.29638671875, 1207.6143798828125, 362.431884765625, 1407.066162109375, 1379.7742919921875, 607.9967041015625, 1124.0797119140625, 171.2042694091797, 221.09361267089844], "velocity": [[6.164433479309082, 0.8823208212852478, -20.823820114135742], [19.533710479736328, -0.6237799525260925, -9.770750045776367], [-3.101482629776001, 0.4596792459487915, -19.413440704345703], [9.878885269165039, 0.38738954067230225, 18.186466217041016], [-18.13832664489746, -3.6193461418151855, 11.415412902832031], [-18.973207473754883, 0.46373432874679565, 5.149227142333984], [-0.17492236196994781, -0.39317893981933594, 2.4236161708831787], [-2.951911449432373, 1.1869062185287476, -20.45403289794922], [22.61713981628418, 1.318021297454834, 3.965832471847534], [21.491374969482422, 0.584217369556427, -8.171873092651367]]}