{"track": "tutorial", "karts": ["puffy", "hexley", "tux", "suzanne", "pidgin", "nolok", "beastie", "gavroche", "amanda", "adiumy"], "detections": [[[1, 0, 202, 201, 389, 327], [1, 1, 398, 195, 411, 201], [1, 2, 404, 198, 414, 204], [1, 3, 391, 193, 401, 199], [1, 5, 429, 202, 441, 209], [1, 6, 383, 190, 394, 195], [1, 9, 384, 193, 391, 198], [2, 0, 0, 159, 599, 399], [3, 0, 0, 0, 599, 259], [3, 8, 121, 43, 131, 54]], [[1, 1, 238, 192, 346, 350], [1, 2, 339, 196, 513, 313], [1, 3, 0, 206, 213, 382], [1, 5, 457, 184, 554, 240], [1, 6, 0, 221, 76, 304], [1, 9, 0, 332, 1, 346], [3, 0, 0, 0, 599, 399]], [[1, 1, 115, 185, 285, 309], [1, 2, 230, 196, 352, 315], [1, 3, 0, 186, 161, 282], [1, 5, 462, 187, 599, 259], [1, 6, 0, 177, 63, 232], [2, 0, 0, 67, 29, 80], [3, 0, 0, 5, 599, 399]], [[1, 1, 395, 198, 552, 382], [1, 2, 514, 253, 599, 374], [1, 3, 219, 201, 371, 323], [1, 6, 69, 175, 257, 287], [1, 9, 41, 203, 233, 393], [2, 0, 0, 89, 155, 199], [3, 0, 0, 45, 599, 399]], [[1, 4, 264, 210, 337, 260], [2, 0, 0, 154, 599, 399], [3, 0, 0, 61, 599, 311], [3, 6, 450, 50, 468, 71], [3, 7, 371, 64, 384, 77]], [[1, 5, 234, 206, 359, 323], [3, 0, 0, 12, 599, 399]], [[1, 1, 276, 172, 364, 220], [1, 2, 327, 171, 364, 196], [1, 3, 277, 183, 370, 241], [1, 5, 292, 168, 317, 185], [1, 6, 204, 180, 379, 330], [1, 9, 343, 183, 446, 293], [3, 0, 0, 42, 599, 399]], [[1, 1, 347, 158, 365, 170], [1, 2, 359, 160, 376, 172], [1, 3, 332, 157, 347, 168], [1, 5, 405, 164, 424, 175], [1, 6, 316, 154, 335, 166], [1, 7, 235, 205, 349, 317], [1, 9, 320, 156, 332, 167], [2, 0, 199, 124, 311, 155], [3, 0, 0, 20, 599, 399]], [[1, 4, 263, 152, 273, 158], [1, 8, 260, 192, 341, 260], [2, 0, 0, 136, 599, 399], [3, 0, 0, 45, 599, 295], [3, 6, 370, 44, 383, 61], [3, 7, 307, 49, 319, 60]], [[1, 1, 500, 198, 599, 369], [1, 3, 342, 191, 476, 301], [1, 6, 240, 166, 363, 247], [1, 9, 250, 190, 355, 305], [2, 0, 0, 95, 270, 179], [3, 0, 0, 40, 599, 399]]], "distance_down_track": [700.88037109375, 712.6583862304688, 590.8922729492188, 576.2125244140625, 576.2125244140625, 619.34228515625, 576.2125244140625, 605.3455200195312, 561.7310180664062, 561.7310180664062], "velocity": [[-3.2769711017608643, -0.40603187680244446, -3.634153127670288], [-1.0989478826522827, 0.14434294402599335, -1.5730940103530884], [-4.546225547790527, 0.15205663442611694, 2.499746084213257], [-0.9754128456115723, 0.1828254908323288, 1.4796195030212402], [12.47598648071289, -0.8422971963882446, -19.196306228637695], [0.6657008528709412, 0.0969969853758812, 0.9501190185546875], [0.05912558734416962, 0.05773233249783516, 1.5271644592285156], [-4.636225700378418, 0.11618596315383911, -1.7133270502090454], [8.204242706298828, -3.3329193592071533, -20.722991943359375], [0.33660876750946045, 0.04150586947798729, 2.2894771099090576]]}