{"track": "tutorial", "karts": ["puffy", "hexley", "tux", "suzanne", "pidgin", "nolok", "beastie", "gavroche", "amanda", "adiumy"], "detections": [[[1, 0, 205, 203, 394, 327], [1, 1, 0, 257, 184, 399], [1, 4, 102, 280, 236, 381], [2, 0, 0, 127, 64, 157], [3, 0, 0, 52, 599, 399]], [[1, 0, 415, 133, 599, 243], [1, 1, 244, 192, 354, 350], [1, 3, 0, 211, 69, 271], [1, 4, 336, 218, 478, 311], [2, 0, 0, 93, 127, 197], [3, 0, 0, 56, 599, 399]], [[1, 2, 227, 196, 360, 315], [1, 9, 279, 166, 301, 186], [2, 0, 0, 168, 599, 399], [3, 0, 0, 84, 599, 262], [3, 6, 259, 137, 261, 142], [3, 7, 217, 128, 217, 128]], [[1, 1, 502, 198, 599, 264], [1, 3, 223, 201, 375, 323], [1, 7, 0, 219, 226, 399], [2, 0, 0, 86, 218, 226], [3, 0, 0, 39, 599, 399]], [[1, 0, 342, 128, 599, 238], [1, 1, 80, 185, 255, 364], [1, 4, 227, 217, 373, 318], [2, 0, 0, 106, 79, 138], [3, 0, 0, 64, 599, 399]], [[1, 5, 268, 203, 326, 259], [2, 0, 0, 174, 599, 399], [3, 0, 0, 67, 599, 337], [3, 6, 423, 56, 440, 77], [3, 7, 338, 70, 350, 83], [3, 8, 454, 98, 454, 98]], [[1, 0, 577, 160, 599, 179], [1, 1, 521, 168, 545, 188], [1, 3, 443, 164, 467, 180], [1, 4, 544, 175, 575, 191], [1, 6, 217, 182, 355, 311], [1, 7, 421, 163, 442, 178], [1, 8, 371, 160, 399, 182], [2, 0, 301, 127, 443, 164], [3, 0, 0, 6, 599, 399]], [[1, 1, 521, 188, 599, 237], [1, 3, 336, 191, 457, 278], [1, 7, 234, 205, 351, 332], [2, 0, 0, 77, 250, 221], [3, 0, 0, 26, 599, 399]], [[1, 0, 563, 152, 599, 177], [1, 1, 486, 170, 560, 211], [1, 3, 377, 167, 421, 202], [1, 4, 545, 180, 597, 210], [1, 7, 340, 167, 376, 204], [1, 8, 217, 185, 374, 321], [2, 0, 0, 81, 334, 167], [3, 0, 0, 1, 599, 399]], [[1, 9, 270, 195, 330, 254], [2, 0, 0, 166, 599, 399], [3, 0, 0, 50, 599, 268], [3, 6, 254, 131, 258, 137], [3, 7, 208, 123, 209, 129]]], "distance_down_track": [712.6583862304688, 712.6583862304688, 512.133544921875, 532.0, 532.0, 576.2125244140625, 512.133544921875, 547.9110717773438, 491.73480224609375, 473.2306823730469], "velocity": [[-0.06961604207754135, 0.08198755234479904, 0.0005869204760529101], [-0.14382027089595795, 0.08278506994247437, 0.01113127451390028], [-0.05393506959080696, 0.08683871477842331, -0.5571145415306091], [-0.12982429563999176, 0.07271640747785568, 0.041698671877384186], [-0.03973013907670975, 0.0972590297460556, 0.024178702384233475], [7.437618732452393, -1.1885687112808228, -20.437246322631836], [-4.622817516326904, 0.11340092867612839, -2.072011709213257], [-0.6662178635597229, 0.11372428387403488, 0.2684013545513153], [-4.893986225128174, 0.08421893417835236, -0.1335880160331726], [-2.228372097015381, 1.0074537992477417, -21.233110427856445]]}