{"track": "tutorial", "karts": ["puffy", "hexley", "tux", "suzanne", "pidgin", "nolok", "beastie", "gavroche", "amanda", "adiumy"], "detections": [[[1, 0, 203, 201, 387, 323], [1, 1, 43, 298, 268, 399], [1, 5, 234, 159, 257, 176], [1, 6, 282, 151, 299, 163], [1, 8, 298, 146, 313, 159], [2, 0, 217, 130, 319, 155], [3, 0, 0, 36, 599, 399]], [[1, 0, 311, 180, 383, 235], [1, 1, 241, 193, 348, 347], [1, 5, 274, 157, 292, 172], [1, 6, 310, 151, 326, 162], [1, 8, 325, 146, 339, 159], [2, 0, 251, 131, 345, 155], [3, 0, 0, 28, 599, 399]], [[1, 2, 267, 198, 331, 252], [1, 9, 257, 159, 262, 162], [2, 0, 0, 144, 599, 399], [3, 0, 0, 46, 599, 271], [3, 6, 294, 68, 304, 81], [3, 7, 241, 62, 250, 73]], [[1, 2, 286, 175, 286, 175], [1, 3, 256, 201, 344, 263], [1, 7, 290, 165, 303, 176], [2, 0, 0, 174, 599, 399], [3, 0, 0, 75, 599, 271], [3, 6, 272, 118, 279, 127], [3, 7, 225, 111, 229, 118]], [[1, 3, 287, 154, 296, 160], [1, 4, 224, 217, 369, 319], [1, 7, 285, 155, 289, 158], [2, 0, 0, 157, 599, 399], [3, 0, 0, 52, 599, 246], [3, 6, 259, 124, 262, 127], [3, 7, 214, 116, 214, 121]], [[1, 5, 234, 205, 350, 321], [1, 6, 300, 153, 327, 174], [1, 8, 328, 145, 351, 168], [2, 0, 189, 117, 346, 159], [3, 0, 0, 22, 599, 399]], [[1, 6, 201, 179, 375, 344], [1, 8, 329, 128, 462, 237], [2, 0, 0, 73, 268, 220], [3, 0, 0, 14, 599, 399]], [[1, 2, 286, 177, 295, 184], [1, 7, 265, 203, 335, 268], [1, 9, 258, 179, 261, 181], [2, 0, 0, 170, 599, 399], [3, 0, 0, 104, 599, 260], [3, 6, 281, 105, 289, 115], [3, 7, 234, 98, 241, 105]], [[1, 6, 0, 277, 234, 399], [1, 8, 216, 184, 376, 339], [2, 0, 0, 116, 246, 271], [3, 0, 0, 10, 599, 399]], [[1, 9, 273, 195, 328, 250], [2, 0, 0, 141, 599, 399], [3, 0, 0, 56, 599, 305], [3, 6, 402, 47, 417, 64], [3, 7, 335, 54, 346, 66]]], "distance_down_track": [712.6583862304688, 712.6583862304688, 512.133544921875, 512.133544921875, 512.133544921875, 576.2125244140625, 512.133544921875, 532.0, 491.73480224609375, 473.2306823730469], "velocity": [[-4.59271240234375, 0.11614592373371124, -1.846785306930542], [-4.436129093170166, 0.11222007870674133, -2.2840030193328857], [2.084096670150757, -3.2811367511749268, -22.669157028198242], [-0.13142354786396027, 0.9800704717636108, -18.118314743041992], [-0.723745584487915, 0.46704939007759094, -8.011798858642578], [-4.695696830749512, 0.0948740541934967, -1.458321213722229], [-0.44474267959594727, 0.10067248344421387, 0.27196407318115234], [0.35739022493362427, -0.9928452372550964, -17.192819595336914], [-0.18717451393604279, 0.08315949887037277, 0.14717549085617065], [10.586690902709961, -2.6601204872131348, -20.244646072387695]]}