{"track": "overworld", "karts": ["beastie", "kiki", "hexley", "emule", "amanda", "wilber", "adiumy", "xue", "suzanne", "nolok"], "detections": [[[1, 0, 254, 189, 336, 261], [2, 0, 269, 154, 285, 171], [3, 0, 0, 14, 599, 165], [3, 7, 288, 128, 288, 128], [3, 24, 289, 128, 291, 129]], [[1, 1, 266, 183, 330, 255], [1, 2, 560, 148, 564, 151], [3, 0, 0, 89, 196, 148], [3, 7, 128, 145, 132, 146], [3, 24, 133, 145, 133, 145]], [[1, 2, 273, 196, 328, 271], [1, 5, 555, 149, 562, 152], [1, 8, 550, 150, 556, 152], [1, 9, 526, 149, 533, 152], [3, 0, 205, 52, 599, 152]], [[1, 3, 239, 199, 359, 322], [1, 6, 261, 203, 355, 287], [2, 7, 215, 159, 289, 175], [2, 24, 290, 159, 387, 176], [3, 0, 0, 0, 599, 188], [3, 7, 128, 0, 289, 173], [3, 24, 288, 0, 462, 175]], [[1, 4, 241, 189, 351, 284], [3, 0, 316, 156, 488, 175]], [[1, 5, 258, 189, 334, 260], [1, 8, 345, 371, 493, 399], [3, 0, 0, 0, 599, 160]], [[1, 3, 237, 186, 358, 307], [1, 6, 260, 190, 355, 287], [2, 7, 216, 156, 290, 174], [2, 24, 291, 158, 388, 175], [3, 0, 0, 0, 599, 190], [3, 7, 132, 0, 290, 170], [3, 24, 291, 0, 466, 175]], [[1, 4, 366, 139, 370, 141], [1, 7, 269, 187, 337, 265], [3, 0, 0, 118, 574, 161]], [[1, 5, 254, 168, 293, 204], [1, 8, 256, 200, 332, 261], [3, 0, 0, 0, 599, 157]], [[1, 5, 287, 166, 308, 185], [1, 8, 305, 175, 334, 197], [1, 9, 273, 204, 333, 259], [3, 0, 0, 0, 599, 155]]], "distance_down_track": [19.689409255981445, 137.72286987304688, 211.8214569091797, 621.9114379882812, 505.4222106933594, 1226.664306640625, 621.824951171875, 422.9262390136719, 1223.464599609375, 1218.6429443359375], "velocity": [[3.764704704284668, -2.142566442489624, 23.121089935302734], [11.640181541442871, -0.08758728951215744, 16.682619094848633], [18.046070098876953, -0.06250090152025223, -7.813297271728516], [0.03605891764163971, 0.5567528009414673, 0.6205321550369263], [11.563130378723145, 1.6866497993469238, -8.517379760742188], [-3.0353331565856934, 0.058966029435396194, -19.429243087768555], [0.20076538622379303, 0.36277279257774353, 0.09426438808441162], [19.522260665893555, -2.183528184890747, 6.527132034301758], [-6.592857837677002, -0.8508172631263733, -19.603578567504883], [-3.9912774562835693, -0.783683717250824, -20.571739196777344]]}