{"track": "tutorial", "karts": ["puffy", "hexley", "tux", "suzanne", "pidgin", "nolok", "beastie", "gavroche", "amanda", "adiumy"], "detections": [[[1, 0, 206, 203, 395, 327], [1, 3, 0, 201, 193, 322], [1, 9, 0, 224, 36, 255], [2, 0, 0, 99, 55, 122], [3, 0, 0, 36, 599, 399]], [[1, 0, 433, 202, 447, 209], [1, 1, 239, 193, 348, 350], [1, 2, 396, 210, 406, 218], [1, 3, 423, 199, 434, 205], [1, 4, 318, 181, 366, 213], [1, 5, 366, 207, 373, 214], [1, 6, 399, 198, 410, 205], [1, 7, 410, 190, 418, 195], [1, 9, 415, 194, 422, 200], [2, 0, 0, 162, 599, 399], [3, 0, 0, 0, 599, 253], [3, 8, 166, 50, 174, 59]], [[1, 0, 314, 159, 343, 180], [1, 2, 232, 196, 362, 312], [1, 3, 278, 158, 304, 178], [1, 6, 201, 155, 246, 189], [1, 7, 228, 140, 254, 158], [1, 9, 245, 154, 267, 175], [2, 0, 0, 108, 235, 158], [3, 0, 0, 34, 599, 399]], [[1, 0, 394, 205, 599, 337], [1, 3, 223, 201, 376, 319], [1, 7, 0, 111, 133, 215], [1, 9, 43, 187, 186, 296], [2, 0, 0, 95, 135, 159], [3, 0, 0, 60, 599, 399]], [[1, 0, 458, 206, 474, 214], [1, 2, 413, 217, 426, 226], [1, 3, 446, 202, 458, 210], [1, 4, 247, 212, 341, 282], [1, 5, 376, 212, 387, 220], [1, 6, 417, 201, 430, 209], [1, 7, 430, 192, 440, 198], [1, 9, 436, 197, 444, 204], [2, 0, 0, 161, 599, 399], [3, 0, 0, 0, 599, 399], [3, 8, 183, 50, 189, 57]], [[1, 0, 405, 159, 433, 177], [1, 2, 457, 177, 575, 239], [1, 3, 371, 158, 393, 175], [1, 5, 237, 205, 355, 319], [1, 6, 328, 155, 358, 182], [1, 7, 327, 142, 345, 158], [1, 9, 341, 154, 355, 170], [2, 0, 149, 119, 316, 158], [3, 0, 0, 33, 599, 399]], [[1, 0, 421, 174, 518, 222], [1, 3, 355, 171, 414, 214], [1, 6, 210, 180, 381, 330], [1, 7, 248, 132, 294, 173], [1, 9, 278, 162, 317, 195], [2, 0, 0, 79, 238, 167], [3, 0, 0, 8, 599, 399]], [[1, 0, 590, 302, 599, 324], [1, 3, 461, 287, 599, 399], [1, 7, 241, 205, 357, 319], [1, 9, 300, 264, 398, 379], [2, 0, 0, 124, 220, 267], [3, 0, 0, 62, 599, 399]], [[1, 1, 294, 183, 297, 185], [1, 4, 304, 185, 306, 185], [1, 8, 234, 184, 388, 326], [2, 0, 0, 185, 599, 399], [3, 0, 0, 55, 599, 349], [3, 6, 253, 59, 267, 80], [3, 7, 153, 45, 170, 63]], [[1, 0, 562, 239, 599, 274], [1, 3, 427, 218, 599, 352], [1, 7, 135, 111, 290, 244], [1, 9, 252, 192, 353, 307], [2, 0, 0, 42, 194, 191], [3, 0, 0, 0, 599, 399]]], "distance_down_track": [712.6583862304688, 700.1058959960938, 694.2288208007812, 694.2288208007812, 675.6192626953125, 712.6583862304688, 675.6192626953125, 712.6583862304688, 675.6192626953125, 656.4569091796875], "velocity": [[-0.10955704003572464, 0.08728460967540741, 0.015198108740150928], [-2.119877576828003, -0.29322075843811035, -2.827767848968506], [-4.808559417724609, 0.08708532899618149, -0.41931670904159546], [-0.10670217126607895, 0.0939779058098793, 0.009420733898878098], [-9.219690322875977, -2.1983323097229004, -12.687943458557129], [-4.762326240539551, 0.08904372155666351, -1.0408724546432495], [-6.165923595428467, 0.12124373018741608, 0.02385788969695568], [-0.10366253554821014, 0.08156532794237137, 0.01460067369043827], [-0.07214253395795822, 0.0932084172964096, -0.0004086563130840659], [5.234607696533203, 1.014559030532837, -0.13585124909877777]]}