{"track": "overworld", "karts": ["beastie", "kiki", "hexley", "emule", "amanda", "wilber", "adiumy", "xue", "suzanne", "nolok"], "detections": [[[1, 0, 258, 189, 343, 263], [3, 0, 0, 0, 599, 165]], [[1, 1, 270, 183, 331, 252], [1, 2, 268, 162, 270, 165], [3, 0, 0, 98, 599, 170], [3, 1, 159, 155, 193, 175], [3, 2, 194, 135, 208, 151], [3, 3, 192, 124, 203, 135], [3, 4, 189, 106, 204, 122], [3, 7, 232, 120, 255, 163], [3, 8, 232, 121, 243, 134], [3, 24, 252, 119, 277, 162], [3, 25, 261, 121, 276, 145], [255, 16777215, 0, 147, 508, 194]], [[1, 2, 274, 197, 324, 266], [1, 3, 287, 162, 289, 165], [1, 6, 293, 162, 295, 164], [2, 7, 266, 160, 288, 162], [2, 24, 289, 159, 317, 163], [3, 0, 0, 18, 599, 200], [3, 7, 244, 70, 288, 162], [3, 8, 248, 78, 261, 91], [3, 24, 285, 69, 330, 163], [3, 25, 307, 76, 330, 111]], [[1, 3, 246, 202, 356, 320], [2, 7, 32, 233, 281, 298], [2, 24, 318, 220, 599, 295], [3, 0, 0, 365, 8, 367], [3, 7, 0, 0, 301, 296], [3, 24, 296, 0, 599, 230]], [[1, 4, 257, 192, 338, 261], [3, 0, 0, 54, 589, 139], [3, 7, 256, 137, 258, 137], [3, 24, 259, 137, 260, 137]], [[1, 0, 429, 149, 438, 153], [1, 5, 263, 190, 338, 258], [3, 0, 204, 53, 599, 151]], [[1, 3, 255, 160, 280, 187], [1, 6, 260, 192, 344, 281], [2, 7, 158, 145, 280, 173], [2, 24, 281, 146, 443, 175], [3, 0, 0, 0, 599, 181], [3, 7, 15, 0, 280, 168], [3, 24, 278, 0, 571, 174]], [[1, 7, 259, 184, 341, 271], [1, 8, 177, 253, 368, 399], [3, 0, 0, 0, 599, 208]], [[1, 7, 266, 174, 318, 227], [1, 8, 254, 201, 339, 268], [3, 0, 0, 0, 599, 211]], [[1, 9, 270, 203, 331, 260], [3, 0, 0, 77, 599, 214]]], "distance_down_track": [1195.0653076171875, 195.050048828125, 195.050048828125, 195.050048828125, 63.75084686279297, 210.34295654296875, 615.4727172851562, 1345.222412109375, 1343.806396484375, 1394.339111328125], "velocity": [[-2.8477888107299805, 0.9945200085639954, -21.5246639251709], [3.9385344982147217, -1.849369764328003, 21.412385940551758], [0.21495948731899261, -1.6516300439834595, 21.786426544189453], [0.03034614585340023, 0.21220791339874268, 0.04905064404010773], [3.9598779678344727, -0.2684452533721924, 21.369544982910156], [17.966876983642578, -0.050171732902526855, -7.993805408477783], [-0.7313881516456604, -1.7034022808074951, 12.524460792541504], [-8.059279441833496, 1.9679652452468872, -12.495443344116211], [-9.756324768066406, 2.035560369491577, -11.271981239318848], [-18.37105369567871, -1.2714271545410156, 9.453980445861816]]}