{"track": "tutorial", "karts": ["puffy", "hexley", "tux", "suzanne", "pidgin", "nolok", "beastie", "gavroche", "amanda", "adiumy"], "detections": [[[1, 0, 235, 200, 362, 292], [1, 1, 428, 139, 441, 148], [1, 3, 385, 136, 398, 144], [1, 4, 292, 148, 306, 157], [1, 9, 307, 143, 320, 154], [2, 0, 324, 113, 407, 136], [3, 0, 0, 0, 599, 399], [3, 8, 90, 9, 102, 23]], [[1, 1, 243, 192, 354, 350], [2, 0, 0, 95, 97, 144], [3, 0, 0, 55, 599, 399]], [[1, 2, 264, 198, 328, 255], [1, 6, 82, 243, 341, 399], [2, 0, 0, 166, 599, 399], [3, 0, 0, 36, 599, 399], [3, 6, 299, 23, 315, 48], [3, 7, 201, 29, 218, 47]], [[1, 1, 484, 161, 599, 229], [1, 3, 215, 201, 364, 338], [2, 0, 0, 61, 180, 231], [3, 0, 0, 0, 599, 399]], [[1, 3, 480, 163, 511, 179], [1, 4, 254, 213, 337, 272], [1, 9, 329, 183, 382, 231], [2, 0, 352, 128, 506, 164], [3, 0, 0, 0, 599, 399], [3, 8, 109, 41, 117, 46]], [[1, 5, 270, 203, 328, 257], [2, 0, 0, 162, 599, 399], [3, 0, 0, 107, 599, 293], [3, 6, 221, 133, 224, 137], [3, 7, 171, 124, 180, 129]], [[1, 2, 269, 183, 294, 212], [1, 6, 250, 189, 329, 263], [2, 0, 0, 165, 599, 399], [3, 0, 0, 27, 599, 328], [3, 6, 227, 25, 244, 50], [3, 7, 110, 16, 132, 37]], [[1, 7, 267, 204, 336, 271], [2, 0, 0, 156, 599, 399], [3, 0, 0, 119, 599, 381], [5, 6, 401, 165, 413, 182], [5, 7, 342, 166, 352, 184], [5, 8, 268, 167, 278, 186], [5, 17, 196, 158, 199, 164], [5, 18, 218, 158, 221, 163], [5, 19, 235, 158, 237, 162], [5, 20, 107, 152, 110, 155], [5, 21, 94, 152, 98, 155], [5, 22, 79, 154, 81, 154]], [[1, 2, 313, 169, 323, 177], [1, 6, 299, 167, 317, 178], [1, 8, 257, 191, 332, 258], [2, 0, 0, 174, 599, 399], [3, 0, 0, 69, 599, 329], [3, 6, 362, 59, 376, 79], [3, 7, 281, 67, 294, 80]], [[1, 1, 545, 167, 573, 189], [1, 3, 428, 161, 455, 177], [1, 4, 42, 294, 247, 399], [1, 9, 256, 195, 341, 279], [2, 0, 299, 125, 445, 161], [3, 0, 0, 3, 599, 399], [3, 8, 3, 11, 9, 14]]], "distance_down_track": [708.8021850585938, 712.6583862304688, 365.0060729980469, 365.0060729980469, 365.0060729980469, 433.4427490234375, 343.6702575683594, 392.1418762207031, 321.3812561035156, 321.3812561035156], "velocity": [[-4.623562335968018, -14.991575241088867, -4.678406238555908], [-0.14361850917339325, 0.08524464815855026, 0.01053872611373663], [-3.1193959712982178, -2.8607189655303955, -22.60720443725586], [0.13553881645202637, 0.06134648621082306, 0.4062349498271942], [-5.975807189941406, 0.13156268000602722, -5.643024921417236], [-4.850677967071533, 1.2897818088531494, -20.958362579345703], [-2.2244722843170166, -2.8360071182250977, -23.8795166015625], [-11.505395889282227, 0.5054633617401123, 12.557672500610352], [7.4080810546875, -1.4290101528167725, -22.941246032714844], [-8.047513008117676, 0.15930691361427307, -5.029736518859863]]}