{"track": "fortmagma", "karts": ["nolok", "beastie", "sara_the_wizard", "adiumy", "puffy", "konqi", "pidgin", "emule", "xue", "gnu"], "detections": [[[1, 0, 265, 200, 325, 261], [1, 2, 304, 172, 334, 213], [1, 9, 378, 158, 393, 172], [2, 0, 0, 118, 599, 399], [3, 0, 0, 0, 599, 161], [6, 31, 315, 149, 337, 164]], [[1, 1, 256, 188, 350, 271], [1, 4, 235, 184, 280, 218], [1, 8, 189, 184, 258, 264], [2, 0, 170, 68, 599, 399], [3, 0, 0, 0, 599, 399], [3, 15, 156, 0, 599, 159], [6, 20, 273, 79, 274, 79], [6, 24, 248, 77, 255, 77], [6, 33, 285, 163, 321, 170], [6, 41, 494, 88, 520, 101], [6, 42, 496, 89, 524, 105], [6, 43, 492, 91, 506, 102]], [[1, 0, 270, 329, 327, 399], [1, 2, 268, 180, 328, 318], [1, 9, 334, 146, 349, 163], [2, 0, 0, 96, 599, 399], [3, 0, 0, 0, 599, 359], [6, 31, 252, 137, 281, 156]], [[1, 3, 262, 194, 335, 268], [2, 0, 0, 41, 599, 399], [3, 0, 0, 0, 599, 274], [3, 15, 217, 0, 322, 50], [4, 29, 590, 203, 594, 208], [6, 32, 305, 47, 314, 49], [6, 36, 296, 115, 323, 135]], [[1, 1, 237, 237, 513, 399], [1, 4, 258, 201, 347, 262], [1, 8, 135, 205, 291, 377], [2, 0, 196, 77, 599, 399], [3, 0, 0, 0, 599, 399], [3, 15, 228, 0, 599, 165], [6, 33, 362, 172, 409, 181]], [[1, 5, 270, 191, 340, 259], [2, 0, 199, 162, 599, 399], [3, 0, 0, 0, 599, 399], [3, 15, 199, 0, 599, 174], [6, 32, 205, 181, 226, 186]], [[1, 6, 270, 208, 330, 249], [2, 0, 0, 175, 599, 399], [3, 0, 0, 0, 599, 250], [3, 15, 199, 140, 379, 174], [6, 7, 316, 166, 320, 174], [6, 8, 262, 166, 266, 174]], [[1, 7, 272, 198, 336, 259], [2, 0, 0, 144, 599, 399], [3, 0, 0, 0, 599, 248], [3, 15, 80, 124, 168, 175]], [[1, 1, 346, 188, 448, 269], [1, 4, 276, 184, 342, 217], [1, 8, 269, 184, 338, 263], [2, 0, 193, 67, 599, 399], [3, 0, 0, 0, 599, 399], [3, 15, 191, 0, 599, 155], [6, 20, 284, 77, 285, 77], [6, 24, 261, 75, 263, 75], [6, 33, 306, 161, 342, 168], [6, 41, 508, 83, 533, 97], [6, 42, 510, 85, 541, 102], [6, 43, 517, 88, 520, 98]], [[1, 9, 263, 155, 327, 235], [2, 0, 0, 115, 483, 399], [3, 0, 0, 0, 599, 399], [6, 31, 53, 137, 159, 190]]], "distance_down_track": [848.6785888671875, 826.2512817382812, 852.70556640625, 910.3228149414062, 828.4562377929688, 862.9524536132812, 691.413818359375, 765.6959838867188, 826.8692626953125, 865.01953125], "velocity": [[20.618452072143555, -1.7809792757034302, -0.44436150789260864], [11.287137985229492, -1.9085354804992676, -14.569708824157715], [9.732672691345215, -1.407117486000061, -2.361628770828247], [-1.7035555839538574, -4.073846340179443, -13.617920875549316], [16.167633056640625, -3.1562893390655518, -13.393442153930664], [20.578529357910156, -3.336613655090332, 9.090702056884766], [-28.646921157836914, -0.38353782892227173, 0.17118455469608307], [-17.936410903930664, 0.08043912053108215, -13.427454948425293], [13.65325927734375, -2.498167037963867, -13.592782020568848], [17.614351272583008, -2.88550066947937, -8.581217765808105]]}