{"track": "snowtuxpeak", "karts": ["pidgin", "amanda", "xue", "tux", "gavroche", "emule", "puffy", "sara_the_wizard", "beastie", "gnu"], "detections": [[[1, 0, 253, 210, 328, 261], [2, 0, 0, 200, 599, 399], [3, 0, 0, 0, 599, 339]], [[1, 1, 260, 192, 339, 257], [1, 4, 307, 160, 316, 167], [1, 5, 596, 182, 599, 185], [2, 0, 0, 144, 599, 399], [3, 0, 0, 79, 599, 243]], [[1, 2, 258, 203, 325, 295], [1, 8, 524, 188, 543, 191], [2, 0, 0, 194, 599, 399], [3, 0, 0, 43, 599, 374], [4, 14, 422, 262, 445, 284], [4, 15, 361, 264, 383, 287], [4, 16, 300, 290, 300, 290], [4, 17, 215, 267, 245, 293]], [[1, 3, 238, 196, 361, 302], [2, 0, 0, 164, 599, 399], [3, 0, 0, 0, 599, 282], [3, 1, 232, 63, 249, 96], [6, 18, 397, 164, 407, 172]], [[1, 0, 566, 141, 587, 148], [1, 4, 268, 203, 325, 260], [1, 9, 544, 136, 569, 148], [2, 0, 0, 138, 599, 399], [3, 0, 0, 2, 599, 291]], [[1, 2, 322, 136, 339, 161], [1, 5, 264, 199, 327, 264], [1, 7, 358, 148, 363, 152], [1, 8, 533, 95, 554, 104], [2, 0, 0, 82, 599, 399], [3, 0, 0, 0, 599, 267], [4, 14, 407, 156, 420, 167], [4, 15, 370, 156, 383, 167], [4, 16, 338, 162, 343, 167], [4, 17, 298, 156, 311, 167]], [[1, 3, 314, 170, 356, 205], [1, 6, 204, 201, 389, 326], [2, 0, 0, 176, 599, 399], [3, 0, 0, 24, 599, 236], [3, 1, 237, 92, 269, 104], [6, 18, 408, 175, 416, 182]], [[1, 7, 278, 187, 326, 266], [2, 0, 0, 0, 599, 399], [3, 0, 0, 0, 599, 399], [6, 23, 463, 156, 470, 156]], [[1, 1, 230, 171, 265, 197], [1, 4, 302, 159, 309, 164], [1, 5, 555, 174, 572, 183], [1, 8, 259, 190, 334, 255], [2, 0, 0, 145, 599, 399], [3, 0, 0, 85, 599, 311]], [[1, 0, 174, 165, 214, 184], [1, 5, 533, 200, 569, 217], [1, 9, 261, 160, 341, 228], [2, 0, 0, 175, 599, 399], [3, 0, 0, 18, 599, 391]]], "distance_down_track": [848.32080078125, 790.4942626953125, 875.2896118164062, 683.8024291992188, 810.9913940429688, 863.9716796875, 679.3739013671875, 916.0128784179688, 786.1336669921875, 846.3179931640625], "velocity": [[-13.008207321166992, 0.06950831413269043, -18.61251449584961], [22.341472625732422, -3.3478806018829346, -1.6718573570251465], [-14.486367225646973, -0.7114850282669067, 5.073821544647217], [3.108492136001587, -0.2914045453071594, -8.711970329284668], [20.061851501464844, -2.8326914310455322, -5.9412994384765625], [-19.979398727416992, -0.89955073595047, 4.560361862182617], [2.4187936782836914, 0.3004252016544342, -5.4456400871276855], [-10.38298511505127, 0.03223821148276329, 17.907611846923828], [25.211509704589844, -3.868523120880127, -2.213548421859741], [-10.937077522277832, 0.0966719388961792, -19.754846572875977]]}