{"track": "snowtuxpeak", "karts": ["pidgin", "amanda", "xue", "tux", "gavroche", "emule", "puffy", "sara_the_wizard", "beastie", "gnu"], "detections": [[[1, 0, 263, 209, 335, 258], [1, 3, 284, 155, 288, 158], [1, 8, 263, 154, 265, 156], [2, 0, 0, 156, 599, 399], [3, 0, 0, 0, 599, 253], [6, 23, 291, 160, 302, 161]], [[1, 1, 271, 192, 334, 246], [1, 6, 226, 158, 239, 165], [1, 9, 223, 151, 229, 159], [2, 0, 190, 146, 599, 399], [3, 0, 0, 0, 599, 399]], [[1, 2, 264, 186, 336, 264], [1, 5, 318, 174, 345, 198], [1, 7, 294, 156, 300, 165], [2, 0, 197, 141, 599, 399], [3, 0, 0, 0, 599, 399], [4, 4, 283, 152, 288, 156], [4, 5, 261, 151, 266, 155]], [[1, 1, 219, 156, 233, 165], [1, 3, 268, 198, 334, 255], [1, 8, 250, 161, 269, 177], [2, 0, 0, 154, 599, 399], [3, 0, 0, 0, 599, 269]], [[1, 0, 547, 168, 558, 172], [1, 3, 588, 164, 595, 166], [1, 4, 265, 202, 327, 258], [2, 0, 0, 0, 599, 399], [3, 0, 0, 0, 599, 399], [6, 23, 591, 167, 599, 168]], [[1, 5, 269, 199, 330, 261], [1, 7, 269, 158, 277, 169], [2, 0, 10, 141, 599, 399], [3, 0, 0, 0, 599, 399], [4, 4, 265, 153, 270, 157], [4, 5, 240, 153, 245, 156]], [[1, 6, 256, 201, 344, 261], [1, 9, 284, 155, 313, 190], [2, 0, 0, 145, 599, 399], [3, 0, 0, 0, 599, 393]], [[1, 7, 278, 187, 318, 265], [2, 0, 0, 143, 599, 399], [3, 0, 0, 0, 599, 310], [4, 4, 303, 156, 311, 163], [4, 5, 267, 156, 276, 162]], [[1, 1, 257, 159, 279, 176], [1, 8, 261, 189, 344, 261], [2, 0, 69, 151, 599, 399], [3, 0, 0, 0, 599, 399]], [[1, 6, 193, 364, 390, 399], [1, 9, 272, 160, 328, 230], [2, 0, 0, 147, 599, 399], [3, 0, 0, 0, 599, 348]]], "distance_down_track": [957.437255859375, 36.87553024291992, 179.81045532226562, 15.273427963256836, 913.0150146484375, 184.1392822265625, 59.74220657348633, 199.77188110351562, 27.674236297607422, 62.85874938964844], "velocity": [[-0.5902260541915894, 0.07783663272857666, 23.63578224182129], [-27.12357521057129, 0.9793387055397034, 14.592781066894531], [-1.2072354555130005, 0.4632391035556793, -20.65957260131836], [-10.771135330200195, 0.08170338720083237, 19.142549514770508], [-16.345964431762695, 0.0017344951629638672, 15.31190013885498], [-4.951033592224121, 0.4921623468399048, -20.093158721923828], [-21.741504669189453, 1.2466801404953003, 2.952845811843872], [-1.7694134712219238, 0.4844246208667755, -20.618545532226562], [-16.925405502319336, 0.2806592583656311, 15.198108673095703], [-22.333255767822266, 1.3231017589569092, 2.5411975383758545]]}