{"track": "tutorial", "karts": ["puffy", "hexley", "tux", "suzanne", "pidgin", "nolok", "beastie", "gavroche", "amanda", "adiumy"], "detections": [[[1, 0, 203, 202, 392, 328], [1, 1, 383, 197, 393, 204], [2, 0, 0, 162, 599, 399], [3, 0, 0, 0, 599, 324], [3, 8, 113, 37, 123, 49]], [[1, 1, 243, 191, 354, 345], [2, 0, 0, 126, 136, 220], [3, 0, 0, 92, 599, 399]], [[1, 0, 302, 148, 323, 159], [1, 2, 264, 198, 328, 255], [2, 0, 0, 154, 599, 399], [3, 0, 0, 0, 599, 399], [3, 6, 218, 0, 238, 20], [3, 7, 92, 0, 113, 11]], [[1, 3, 220, 201, 372, 330], [2, 0, 0, 149, 599, 399], [3, 0, 0, 31, 599, 281], [3, 2, 301, 148, 308, 154], [5, 5, 148, 141, 149, 142], [5, 12, 153, 142, 153, 142], [5, 14, 236, 150, 237, 152], [5, 15, 227, 150, 228, 151], [5, 16, 216, 149, 218, 151]], [[1, 0, 441, 173, 449, 176], [1, 4, 265, 209, 334, 255], [1, 6, 385, 170, 386, 170], [1, 9, 375, 169, 377, 170], [2, 0, 0, 172, 599, 399], [3, 0, 0, 72, 599, 269], [3, 6, 461, 61, 480, 82], [3, 7, 375, 78, 387, 90]], [[1, 4, 232, 150, 235, 151], [1, 5, 269, 203, 328, 257], [1, 9, 243, 143, 243, 144], [2, 0, 0, 144, 599, 399], [3, 0, 0, 46, 599, 267], [3, 6, 296, 68, 306, 81], [3, 7, 243, 63, 252, 73]], [[1, 0, 338, 153, 352, 160], [1, 2, 315, 169, 335, 186], [1, 6, 255, 189, 334, 259], [1, 9, 146, 277, 301, 399], [2, 0, 0, 161, 599, 399], [3, 0, 0, 24, 599, 399], [3, 6, 276, 11, 293, 37], [3, 7, 170, 14, 188, 34]], [[1, 0, 382, 75, 405, 83], [1, 7, 225, 206, 338, 325], [2, 0, 372, 75, 533, 122], [3, 0, 0, 0, 599, 399]], [[1, 4, 231, 156, 234, 157], [1, 5, 286, 176, 306, 193], [1, 8, 262, 192, 337, 253], [2, 0, 0, 151, 599, 399], [3, 0, 0, 77, 599, 268], [3, 6, 288, 78, 297, 90], [3, 7, 237, 72, 246, 82]], [[1, 0, 346, 157, 358, 164], [1, 2, 326, 170, 342, 183], [1, 6, 300, 176, 338, 213], [1, 9, 274, 195, 325, 247], [2, 0, 0, 166, 599, 399], [3, 0, 0, 35, 599, 384], [3, 6, 288, 22, 305, 46], [3, 7, 188, 26, 205, 44]]], "distance_down_track": [712.6583862304688, 712.6583862304688, 321.3812561035156, 321.3812561035156, 321.3812561035156, 383.7624206542969, 310.5081787109375, 365.0060729980469, 268.0081787109375, 268.0081787109375], "velocity": [[-0.07058295607566833, 0.0832158699631691, 0.0016645485302433372], [-0.05883931368589401, -0.14750134944915771, 0.008015967905521393], [-8.937908172607422, -2.865670680999756, -20.8968448638916], [-0.38251250982284546, 0.07705716043710709, 0.2790250778198242], [12.280497550964355, -0.28636476397514343, -20.680267333984375], [2.027547836303711, -3.0096323490142822, -21.17327308654785], [-5.822458267211914, -2.7804086208343506, -23.272104263305664], [4.92578125, 0.5695388317108154, 0.17428641021251678], [1.6128275394439697, -2.9784653186798096, -23.91129493713379], [-4.647768497467041, -3.271501064300537, -25.371156692504883]]}