{"track": "overworld", "karts": ["beastie", "kiki", "hexley", "emule", "amanda", "wilber", "adiumy", "xue", "suzanne", "nolok"], "detections": [[[1, 0, 256, 189, 338, 260], [3, 0, 0, 0, 599, 186], [3, 4, 316, 166, 317, 167], [3, 7, 322, 165, 327, 168], [3, 24, 328, 165, 334, 168], [3, 25, 332, 166, 332, 166]], [[1, 0, 107, 143, 111, 146], [1, 1, 263, 184, 323, 253], [3, 0, 0, 84, 599, 176], [3, 4, 122, 143, 122, 143], [3, 7, 133, 143, 135, 144], [3, 24, 137, 143, 141, 144]], [[1, 2, 275, 196, 327, 267], [1, 5, 586, 150, 592, 153], [1, 8, 353, 154, 361, 159], [1, 9, 409, 151, 416, 155], [3, 0, 204, 54, 599, 153]], [[1, 3, 240, 198, 360, 320], [1, 6, 302, 168, 316, 180], [2, 7, 214, 169, 288, 185], [2, 24, 288, 169, 384, 185], [3, 0, 0, 0, 599, 201], [3, 7, 125, 0, 287, 182], [3, 24, 284, 0, 458, 184]], [[1, 2, 484, 197, 488, 199], [1, 4, 255, 191, 336, 262], [1, 8, 355, 183, 356, 184], [1, 9, 355, 183, 355, 183], [3, 0, 231, 108, 599, 191]], [[1, 5, 258, 190, 334, 260], [1, 7, 286, 143, 291, 148], [3, 0, 0, 0, 599, 178]], [[1, 6, 250, 191, 354, 295], [2, 7, 0, 179, 233, 239], [2, 24, 231, 184, 589, 249], [3, 7, 0, 0, 230, 183], [3, 24, 218, 0, 599, 248]], [[1, 7, 268, 187, 336, 265], [3, 0, 0, 0, 599, 176]], [[1, 5, 360, 163, 363, 165], [1, 7, 354, 155, 355, 156], [1, 8, 249, 201, 334, 270], [1, 9, 331, 164, 346, 176], [3, 0, 0, 0, 599, 162]], [[1, 5, 311, 168, 315, 172], [1, 7, 302, 160, 304, 161], [1, 9, 261, 202, 324, 263], [3, 0, 0, 0, 599, 169]]], "distance_down_track": [215.62554931640625, 137.190673828125, 211.23472595214844, 621.8806762695312, 1102.37646484375, 1240.0699462890625, 621.7880859375, 1275.1844482421875, 1180.992919921875, 1191.8514404296875], "velocity": [[-2.1982438564300537, -0.021832168102264404, 23.214370727539062], [12.336065292358398, -0.733224630355835, 18.019611358642578], [19.470426559448242, -0.07172638177871704, -8.535802841186523], [0.25593292713165283, -0.6016771793365479, -3.1622090339660645], [1.443029522895813, 3.2946178913116455, -21.43532943725586], [-1.8514333963394165, 1.3331348896026611, -19.532207489013672], [-0.4360496401786804, -0.641650378704071, -3.1611247062683105], [0.5520467162132263, 2.1817383766174316, -20.510690689086914], [0.0981551855802536, 0.7528868913650513, -18.448097229003906], [-2.711663246154785, 0.37532347440719604, -20.305866241455078]]}