{"track": "tutorial", "karts": ["puffy", "hexley", "tux", "suzanne", "pidgin", "nolok", "beastie", "gavroche", "amanda", "adiumy"], "detections": [[[1, 0, 205, 203, 394, 327], [2, 0, 0, 118, 70, 150], [3, 0, 0, 51, 599, 399]], [[1, 0, 191, 246, 202, 252], [1, 1, 209, 186, 400, 316], [1, 5, 138, 254, 148, 260], [1, 6, 123, 251, 136, 259], [1, 8, 136, 250, 149, 256], [2, 0, 0, 213, 599, 399], [3, 0, 0, 100, 599, 378]], [[1, 2, 256, 198, 339, 269], [1, 7, 352, 191, 419, 241], [1, 9, 307, 163, 325, 180], [2, 0, 0, 162, 599, 399], [3, 0, 0, 79, 599, 303], [3, 6, 266, 130, 268, 136], [3, 7, 221, 123, 221, 123]], [[1, 2, 268, 153, 281, 163], [1, 3, 232, 201, 364, 304], [1, 7, 288, 154, 298, 163], [1, 9, 277, 151, 284, 158], [2, 0, 0, 154, 599, 399], [3, 0, 0, 103, 599, 246], [3, 6, 231, 127, 231, 133], [3, 7, 183, 119, 185, 127]], [[1, 2, 270, 157, 279, 165], [1, 3, 274, 167, 311, 195], [1, 4, 223, 217, 371, 322], [1, 7, 285, 158, 293, 164], [1, 9, 276, 156, 281, 161], [2, 0, 0, 159, 599, 399], [3, 0, 0, 114, 599, 249], [3, 6, 227, 139, 227, 139], [3, 7, 179, 125, 183, 129]], [[1, 0, 561, 170, 599, 194], [1, 5, 237, 205, 351, 322], [1, 6, 34, 160, 188, 271], [1, 8, 183, 163, 282, 250], [2, 0, 0, 60, 290, 171], [3, 0, 0, 0, 599, 399]], [[1, 0, 409, 166, 465, 189], [1, 5, 405, 195, 543, 272], [1, 6, 201, 179, 375, 334], [1, 8, 311, 176, 406, 253], [2, 0, 0, 55, 241, 226], [3, 0, 0, 43, 599, 399]], [[1, 2, 0, 249, 148, 399], [1, 7, 238, 205, 352, 318], [1, 9, 271, 158, 293, 179], [2, 0, 0, 159, 599, 399], [3, 0, 0, 63, 599, 257], [3, 6, 260, 125, 265, 133], [3, 7, 216, 116, 219, 122]], [[1, 5, 385, 283, 584, 399], [1, 6, 0, 187, 216, 399], [1, 8, 211, 186, 367, 341], [2, 0, 0, 58, 296, 199], [3, 0, 0, 8, 599, 399]], [[1, 9, 272, 195, 328, 250], [2, 0, 0, 167, 599, 399], [3, 0, 0, 37, 599, 287], [3, 6, 244, 130, 250, 138], [3, 7, 197, 121, 204, 129]]], "distance_down_track": [712.6583862304688, 712.6583862304688, 491.73480224609375, 491.73480224609375, 491.73480224609375, 561.7310180664062, 491.73480224609375, 512.133544921875, 473.2306823730469, 455.9293518066406], "velocity": [[-0.07069136947393417, 0.08369646966457367, 0.0010335455881431699], [-0.14440488815307617, 0.08209194242954254, 0.012007019482553005], [-1.778465986251831, 0.9027167558670044, -16.663373947143555], [-2.103577136993408, 0.6577742695808411, -9.999839782714844], [-1.1026880741119385, 0.35133469104766846, -4.649685859680176], [-7.94169282913208, 0.13099007308483124, 0.3614973723888397], [-0.46590888500213623, 0.1574714034795761, 1.3594050407409668], [-0.6792998313903809, 0.4147867262363434, -7.101878643035889], [-0.4948921203613281, 0.42028552293777466, 0.5064272880554199], [-2.947282075881958, 1.0777570009231567, -22.7849063873291]]}