{"track": "minigolf", "karts": ["nolok", "sara_the_racer", "emule", "adiumy", "gavroche", "konqi", "amanda", "xue", "sara_the_wizard", "puffy"], "detections": [[[1, 0, 270, 203, 329, 258], [1, 2, 227, 132, 231, 134], [1, 4, 280, 258, 439, 399], [1, 7, 276, 147, 293, 163], [2, 0, 0, 106, 599, 399], [3, 0, 0, 0, 599, 399], [3, 2, 468, 0, 571, 96], [4, 29, 430, 171, 499, 223]], [[1, 0, 253, 178, 259, 187], [1, 1, 279, 177, 322, 257], [1, 4, 256, 176, 280, 192], [1, 7, 204, 160, 215, 170], [2, 0, 0, 122, 599, 399], [3, 0, 0, 0, 599, 392], [3, 2, 319, 0, 368, 117], [3, 12, 394, 140, 435, 182], [4, 28, 410, 186, 502, 279], [4, 29, 290, 165, 309, 181]], [[1, 2, 271, 199, 332, 262], [2, 0, 0, 138, 599, 399], [3, 0, 0, 0, 599, 348], [5, 25, 184, 134, 188, 139]], [[1, 3, 270, 194, 331, 256], [2, 0, 0, 166, 599, 399], [3, 0, 0, 0, 599, 297], [3, 2, 302, 78, 327, 156], [3, 11, 412, 158, 570, 191], [3, 12, 334, 168, 356, 183], [4, 27, 134, 151, 146, 157], [5, 22, 324, 185, 338, 201], [5, 23, 264, 193, 270, 201], [255, 16777215, 471, 48, 487, 145]], [[1, 0, 250, 188, 290, 222], [1, 2, 184, 134, 189, 137], [1, 4, 266, 202, 329, 258], [1, 7, 242, 149, 256, 164], [2, 0, 0, 108, 599, 399], [3, 0, 0, 0, 599, 399], [3, 2, 406, 0, 481, 101], [3, 12, 514, 126, 595, 194], [4, 29, 360, 165, 401, 199]], [[1, 3, 361, 73, 365, 77], [1, 5, 234, 185, 350, 299], [1, 9, 439, 72, 453, 90], [2, 0, 0, 77, 482, 399], [3, 0, 0, 0, 599, 399], [3, 2, 316, 0, 320, 16], [3, 11, 384, 62, 439, 74], [4, 18, 317, 132, 339, 154], [4, 19, 399, 142, 429, 172], [4, 20, 470, 87, 481, 97], [4, 21, 350, 99, 359, 108], [5, 22, 360, 75, 361, 77], [255, 16777215, 430, 0, 439, 48]], [[1, 5, 381, 139, 391, 145], [1, 6, 258, 191, 351, 273], [2, 0, 0, 134, 578, 399], [3, 0, 0, 0, 599, 399], [4, 16, 218, 129, 239, 149], [4, 17, 308, 124, 320, 128], [4, 18, 561, 162, 588, 180], [4, 19, 503, 161, 531, 178]], [[1, 2, 235, 158, 240, 161], [1, 7, 261, 186, 338, 270], [2, 0, 0, 127, 599, 399], [3, 0, 0, 0, 599, 350], [3, 2, 520, 0, 599, 115]], [[1, 8, 272, 187, 320, 265], [2, 0, 44, 157, 599, 399], [3, 0, 0, 0, 599, 399]], [[1, 3, 223, 287, 230, 293], [1, 9, 265, 194, 333, 297], [2, 0, 0, 290, 514, 399], [3, 0, 0, 0, 599, 399], [3, 2, 214, 226, 234, 286], [4, 20, 414, 309, 456, 351], [5, 22, 231, 292, 233, 293], [255, 16777215, 328, 229, 332, 272]]], "distance_down_track": [392.79962158203125, 382.9608459472656, 449.7872619628906, 348.5851745605469, 390.73211669921875, 289.3376159667969, 255.6323699951172, 406.4140625, 502.8050231933594, 317.21258544921875], "velocity": [[19.874343872070312, -2.706713914871216, 6.129122257232666], [19.398271560668945, -1.1270043849945068, -5.318474292755127], [16.003814697265625, 0.08181941509246826, 13.128640174865723], [19.243234634399414, 0.22923511266708374, -5.783179759979248], [20.5611629486084, -2.6368212699890137, 3.4943134784698486], [10.476007461547852, -4.374660968780518, -6.472003936767578], [-4.53436279296875, 1.892542839050293, 17.056833267211914], [16.189674377441406, -1.8467518091201782, 3.4349753856658936], [-20.089160919189453, 1.1014238595962524, -4.868514537811279], [1.3579100370407104, -5.569740295410156, -2.238553524017334]]}