{"track": "xr591", "karts": ["sara_the_racer", "tux", "gavroche", "konqi", "beastie", "kiki", "gnu", "hexley", "nolok", "pidgin"], "detections": [[[1, 0, 267, 187, 328, 357], [1, 2, 407, 155, 411, 158], [2, 0, 0, 116, 599, 399], [3, 0, 0, 0, 599, 271], [4, 18, 399, 149, 403, 151], [5, 19, 425, 149, 426, 151]], [[1, 1, 265, 198, 334, 256], [1, 4, 274, 164, 283, 170], [2, 0, 0, 0, 599, 399], [3, 0, 0, 0, 599, 240], [3, 1, 0, 14, 66, 134], [3, 8, 278, 73, 282, 76], [6, 6, 395, 102, 396, 104], [6, 58, 245, 183, 292, 192]], [[1, 2, 227, 231, 352, 363], [2, 0, 0, 0, 599, 399], [3, 0, 0, 0, 599, 250], [3, 1, 401, 94, 404, 98], [3, 6, 237, 159, 240, 161], [4, 18, 232, 179, 260, 203], [5, 19, 357, 189, 371, 203]], [[1, 3, 250, 189, 332, 271], [1, 9, 589, 157, 599, 163], [2, 0, 0, 74, 599, 399], [3, 0, 0, 0, 599, 399], [3, 4, 44, 31, 51, 37], [3, 5, 339, 42, 343, 46], [6, 1, 60, 107, 60, 109]], [[1, 1, 316, 182, 323, 188], [1, 4, 241, 210, 359, 375], [1, 5, 290, 187, 290, 187], [2, 0, 0, 0, 599, 399], [3, 0, 0, 0, 599, 237], [5, 46, 497, 200, 499, 202], [6, 1, 308, 182, 315, 187], [6, 58, 315, 188, 336, 190], [8, 23, 269, 187, 270, 188]], [[1, 1, 339, 154, 341, 155], [1, 5, 247, 174, 348, 287], [2, 0, 0, 66, 599, 399], [3, 0, 0, 0, 599, 306], [3, 1, 243, 90, 291, 142], [3, 2, 342, 127, 351, 129], [3, 8, 393, 89, 396, 92], [3, 10, 258, 106, 259, 110], [3, 15, 129, 158, 146, 164], [5, 46, 49, 159, 53, 161], [6, 1, 330, 150, 336, 156]], [[1, 6, 258, 158, 338, 228], [1, 9, 195, 164, 195, 164], [2, 0, 0, 101, 599, 399], [3, 0, 0, 0, 599, 399], [3, 4, 114, 72, 118, 76], [4, 21, 308, 157, 311, 160], [5, 23, 314, 158, 315, 159], [5, 28, 224, 159, 232, 169], [5, 29, 408, 163, 420, 176], [6, 1, 21, 141, 26, 145], [6, 2, 266, 157, 267, 157], [8, 23, 290, 156, 292, 157]], [[1, 1, 230, 145, 233, 146], [1, 5, 236, 142, 255, 164], [1, 7, 272, 196, 335, 271], [2, 0, 0, 52, 599, 399], [3, 0, 0, 0, 599, 399], [3, 1, 109, 76, 171, 135], [3, 2, 229, 120, 238, 122], [3, 4, 514, 47, 520, 53], [3, 8, 271, 83, 274, 86], [3, 10, 130, 95, 130, 99], [6, 1, 222, 141, 226, 146]], [[1, 3, 424, 169, 468, 199], [1, 8, 266, 202, 321, 253], [2, 0, 0, 0, 599, 399], [3, 0, 0, 0, 599, 399], [3, 2, 192, 85, 209, 92], [3, 4, 282, 62, 285, 66], [6, 1, 299, 120, 300, 123]], [[1, 9, 267, 210, 340, 261], [2, 0, 0, 163, 599, 399], [3, 0, 0, 0, 599, 324]]], "distance_down_track": [116.11310577392578, 1234.2857666015625, 62.532371520996094, 1064.4716796875, 19.277013778686523, 1169.2069091796875, 980.255859375, 1159.5457763671875, 1054.3126220703125, 1099.184326171875], "velocity": [[-4.325948715209961, 0.11649275571107864, 19.18292999267578], [1.5938981771469116, 0.40838032960891724, 20.634502410888672], [5.2152419090271, -5.2165141105651855, 19.34112548828125], [18.64821434020996, -0.012518882751464844, -6.5272064208984375], [-2.537466049194336, 0.2209848165512085, 21.58523941040039], [-4.917776107788086, 0.9717634916305542, 10.94464111328125], [21.334470748901367, 0.8487354516983032, 6.914029121398926], [-2.195805549621582, 2.882237672805786, 18.73678207397461], [23.4268741607666, 0.12551414966583252, 9.091513633728027], [6.549490451812744, 1.4501696825027466, -21.45962905883789]]}