{"track": "tutorial", "karts": ["puffy", "hexley", "tux", "suzanne", "pidgin", "nolok", "beastie", "gavroche", "amanda", "adiumy"], "detections": [[[1, 0, 205, 201, 389, 328], [2, 0, 0, 102, 211, 160], [3, 0, 0, 34, 599, 399]], [[1, 0, 372, 202, 386, 209], [1, 1, 238, 193, 348, 352], [2, 0, 0, 157, 599, 399], [3, 0, 0, 0, 599, 261], [3, 8, 128, 36, 137, 46]], [[1, 1, 303, 137, 306, 138], [1, 2, 267, 198, 332, 252], [1, 5, 244, 134, 247, 136], [1, 7, 279, 164, 293, 175], [1, 9, 252, 147, 259, 152], [2, 0, 0, 136, 599, 399], [3, 0, 0, 38, 599, 281], [3, 6, 333, 50, 344, 65], [3, 7, 275, 49, 286, 61]], [[1, 2, 281, 165, 292, 173], [1, 3, 264, 200, 334, 255], [1, 5, 231, 143, 233, 145], [1, 7, 272, 162, 278, 167], [1, 9, 246, 154, 250, 157], [2, 0, 0, 144, 599, 399], [3, 0, 0, 21, 599, 270], [3, 6, 301, 66, 311, 79], [3, 7, 248, 61, 257, 72]], [[1, 2, 276, 176, 281, 179], [1, 3, 285, 175, 295, 182], [1, 4, 265, 208, 334, 255], [1, 5, 226, 164, 227, 165], [1, 7, 267, 176, 270, 178], [1, 9, 244, 172, 246, 173], [2, 0, 0, 165, 599, 399], [3, 0, 0, 97, 599, 266], [3, 6, 280, 98, 289, 108], [3, 7, 232, 90, 240, 99]], [[1, 1, 410, 172, 418, 177], [1, 5, 267, 203, 326, 259], [2, 0, 0, 173, 599, 399], [3, 0, 0, 59, 599, 383], [3, 6, 392, 47, 408, 69], [3, 7, 307, 60, 319, 74]], [[1, 6, 248, 187, 355, 278], [2, 0, 53, 152, 599, 399], [3, 0, 0, 116, 599, 399], [5, 6, 526, 178, 573, 211], [5, 7, 411, 180, 452, 214], [5, 8, 266, 182, 301, 217], [5, 17, 203, 157, 209, 163], [5, 18, 229, 156, 234, 162], [5, 19, 248, 156, 253, 161], [5, 20, 119, 149, 122, 153], [5, 21, 105, 149, 109, 152], [5, 22, 86, 148, 90, 151]], [[1, 1, 333, 138, 333, 138], [1, 5, 263, 134, 266, 136], [1, 7, 273, 203, 328, 257], [1, 9, 262, 147, 271, 155], [2, 0, 0, 136, 599, 399], [3, 0, 0, 46, 599, 294], [3, 6, 366, 45, 379, 62], [3, 7, 305, 48, 315, 61]], [[1, 6, 240, 161, 259, 176], [1, 8, 251, 189, 351, 272], [2, 0, 64, 158, 599, 399], [3, 0, 0, 116, 599, 399], [5, 6, 304, 163, 312, 171], [5, 7, 273, 163, 282, 172], [5, 8, 232, 163, 242, 172], [5, 17, 127, 158, 133, 162], [5, 18, 148, 158, 153, 162], [5, 19, 163, 159, 167, 162]], [[1, 1, 417, 158, 417, 158], [1, 5, 318, 149, 324, 153], [1, 9, 273, 186, 329, 241], [2, 0, 0, 154, 599, 399], [3, 0, 0, 60, 599, 311], [3, 6, 452, 50, 469, 69], [3, 7, 373, 64, 385, 77]]], "distance_down_track": [712.6583862304688, 699.861083984375, 400.4352722167969, 400.4352722167969, 400.4352722167969, 491.73480224609375, 392.1418762207031, 455.9293518066406, 374.73779296875, 365.0060729980469], "velocity": [[-4.901045799255371, 0.09349722415208817, -0.23558880388736725], [-1.499395489692688, -0.2688261866569519, -1.7078136205673218], [5.48589563369751, -3.791898727416992, -22.011960983276367], [2.6308186054229736, -3.685224771499634, -22.549898147583008], [0.6197166442871094, -3.520648241043091, -23.88395881652832], [4.844561576843262, -1.3935940265655518, -20.621797561645508], [-12.230937004089355, 0.17956942319869995, 11.686714172363281], [7.8013916015625, -3.2508721351623535, -20.373544692993164], [-6.558515548706055, 0.7102233171463013, 15.779099464416504], [12.431929588317871, -0.9078571796417236, -19.329330444335938]]}