{"track": "fortmagma", "karts": ["nolok", "beastie", "sara_the_wizard", "adiumy", "puffy", "konqi", "pidgin", "emule", "xue", "gnu"], "detections": [[[1, 0, 252, 201, 315, 265], [2, 0, 0, 128, 514, 399], [2, 1, 491, 169, 504, 173], [3, 0, 0, 0, 599, 399], [3, 1, 467, 167, 508, 191], [3, 13, 428, 86, 545, 210], [4, 35, 423, 206, 435, 216], [6, 29, 387, 196, 399, 205], [6, 34, 476, 219, 492, 231]], [[1, 1, 214, 180, 385, 323], [2, 0, 0, 91, 599, 399], [3, 0, 0, 0, 599, 238], [3, 15, 565, 76, 599, 92], [5, 28, 516, 106, 523, 110]], [[1, 2, 278, 188, 319, 263], [1, 7, 239, 167, 257, 180], [2, 0, 199, 160, 599, 399], [3, 0, 0, 0, 599, 399], [3, 15, 207, 0, 599, 172]], [[1, 3, 270, 195, 329, 252], [1, 8, 317, 173, 347, 201], [2, 0, 0, 127, 599, 399], [3, 0, 0, 0, 599, 252], [4, 31, 235, 161, 263, 183], [4, 37, 403, 184, 410, 190]], [[1, 0, 222, 148, 239, 156], [1, 4, 262, 202, 350, 262], [2, 0, 60, 69, 599, 399], [3, 0, 0, 0, 599, 399], [4, 36, 277, 140, 289, 150], [4, 37, 282, 81, 286, 85]], [[1, 5, 246, 191, 335, 266], [1, 9, 300, 161, 334, 199], [2, 0, 0, 132, 599, 399], [3, 0, 0, 0, 599, 169], [3, 15, 351, 0, 554, 107]], [[1, 0, 194, 167, 206, 173], [1, 4, 258, 180, 278, 193], [1, 6, 267, 209, 341, 261], [2, 0, 166, 96, 599, 399], [3, 0, 0, 0, 599, 399], [3, 15, 579, 117, 599, 160], [4, 36, 237, 160, 245, 167], [4, 37, 229, 110, 233, 113]], [[1, 6, 221, 188, 234, 195], [1, 7, 274, 199, 334, 262], [2, 0, 204, 174, 599, 399], [3, 0, 0, 0, 599, 399], [3, 15, 294, 0, 599, 176]], [[1, 8, 261, 185, 330, 265], [2, 0, 0, 120, 599, 399], [3, 0, 0, 0, 599, 322], [4, 31, 66, 160, 143, 215], [4, 37, 364, 173, 375, 183]], [[1, 5, 0, 243, 317, 399], [1, 9, 274, 163, 325, 226], [2, 0, 0, 131, 599, 399], [3, 0, 0, 0, 599, 170], [3, 15, 360, 0, 585, 100]]], "distance_down_track": [936.33349609375, 749.9805297851562, 863.57666015625, 861.0092163085938, 910.579833984375, 807.1387939453125, 900.1539916992188, 877.0192260742188, 866.4899291992188, 809.4891967773438], "velocity": [[-17.28648567199707, -4.365353107452393, -10.348240852355957], [-6.819501876831055, -1.5097907781600952, 0.10780135542154312], [19.26862144470215, -3.1425321102142334, 9.071905136108398], [19.883018493652344, -3.227620840072632, -7.725642681121826], [-1.4708095788955688, -6.3248772621154785, 20.742294311523438], [8.60710620880127, -2.9028353691101074, 20.542194366455078], [4.021503448486328, -4.776582717895508, 20.818788528442383], [13.899910926818848, -2.469489574432373, 15.82366943359375], [17.900671005249023, -2.1842198371887207, -11.631160736083984], [14.259581565856934, -3.6198930740356445, 21.35894203186035]]}