{"track": "overworld", "karts": ["beastie", "kiki", "hexley", "emule", "amanda", "wilber", "adiumy", "xue", "suzanne", "nolok"], "detections": [[[1, 0, 256, 188, 346, 266], [3, 0, 0, 66, 474, 159], [3, 4, 304, 153, 304, 153], [3, 7, 311, 152, 314, 154], [3, 24, 315, 152, 318, 154]], [[1, 1, 270, 184, 331, 252], [1, 2, 275, 161, 277, 164], [2, 24, 280, 162, 281, 162], [3, 0, 0, 92, 599, 172], [3, 1, 144, 155, 187, 179], [3, 2, 191, 132, 208, 150], [3, 3, 188, 118, 202, 131], [3, 4, 185, 99, 203, 116], [3, 7, 241, 117, 266, 163], [3, 8, 241, 118, 253, 133], [3, 24, 262, 116, 288, 162], [3, 25, 272, 118, 289, 162], [255, 16777215, 0, 148, 544, 195]], [[1, 2, 272, 196, 323, 265], [1, 3, 289, 171, 292, 174], [1, 6, 295, 170, 299, 174], [2, 7, 265, 168, 291, 173], [2, 24, 292, 166, 323, 173], [3, 0, 0, 1, 599, 175], [3, 7, 239, 63, 291, 173], [3, 24, 286, 63, 339, 171], [3, 25, 332, 89, 339, 134]], [[1, 3, 273, 199, 329, 257], [1, 6, 326, 171, 361, 203], [2, 7, 206, 147, 301, 169], [2, 24, 301, 143, 423, 168], [3, 0, 0, 0, 599, 191], [3, 7, 86, 0, 300, 168], [3, 24, 296, 0, 515, 162]], [[1, 4, 261, 191, 342, 260], [3, 0, 0, 96, 475, 220]], [[1, 5, 260, 189, 335, 258], [3, 0, 0, 0, 599, 162]], [[1, 6, 260, 192, 344, 280], [2, 7, 155, 144, 280, 174], [2, 24, 281, 146, 447, 177], [3, 0, 0, 0, 599, 183], [3, 7, 10, 0, 280, 168], [3, 24, 279, 0, 580, 176]], [[1, 7, 265, 187, 333, 263], [3, 0, 0, 123, 560, 156]], [[1, 8, 265, 200, 341, 262], [1, 9, 355, 157, 359, 160], [3, 0, 0, 55, 599, 193]], [[1, 9, 267, 203, 327, 259], [2, 0, 389, 148, 397, 156], [3, 0, 0, 26, 486, 147], [3, 7, 434, 118, 438, 120], [3, 8, 434, 119, 434, 119], [3, 24, 438, 119, 443, 121]]], "distance_down_track": [187.01226806640625, 232.3894500732422, 233.90414428710938, 233.90414428710938, 1049.73095703125, 1220.22265625, 615.7839965820312, 453.665283203125, 1405.6973876953125, 1462.464599609375], "velocity": [[-1.440732717514038, 0.054273515939712524, 20.753175735473633], [2.754556655883789, -1.7825793027877808, 21.602252960205078], [-0.015517251566052437, -1.5450828075408936, 21.795297622680664], [-0.860630989074707, -3.1402106285095215, 22.76836395263672], [6.497511863708496, -0.7553574442863464, -20.727323532104492], [-2.8438258171081543, -0.5909484624862671, -19.449308395385742], [-0.734858512878418, -1.7341868877410889, 12.71969223022461], [20.36077308654785, -2.234187602996826, 2.9895215034484863], [-17.521751403808594, -3.504352569580078, 10.449769020080566], [-7.143003463745117, -3.043959379196167, 19.18858528137207]]}