{"track": "overworld", "karts": ["beastie", "kiki", "hexley", "emule", "amanda", "wilber", "adiumy", "xue", "suzanne", "nolok"], "detections": [[[1, 0, 255, 189, 342, 262], [3, 0, 0, 77, 599, 207]], [[1, 1, 231, 169, 358, 308], [1, 2, 380, 137, 384, 141], [1, 3, 403, 136, 406, 137], [3, 0, 0, 0, 492, 153], [3, 5, 470, 143, 509, 154], [3, 6, 404, 134, 408, 135]], [[1, 2, 270, 183, 324, 251], [1, 3, 307, 157, 314, 162], [3, 0, 0, 0, 599, 162], [3, 6, 287, 157, 292, 159]], [[1, 3, 267, 198, 325, 257], [3, 0, 0, 82, 448, 178], [3, 6, 247, 155, 255, 158], [3, 7, 370, 145, 375, 147], [3, 24, 375, 144, 380, 146]], [[1, 4, 256, 191, 337, 261], [3, 0, 0, 0, 599, 197], [3, 4, 309, 141, 312, 144], [3, 7, 315, 138, 324, 145], [3, 8, 315, 139, 320, 144], [3, 24, 324, 138, 334, 145], [3, 25, 331, 140, 334, 143]], [[1, 5, 260, 190, 336, 258], [3, 0, 0, 0, 599, 177], [3, 7, 228, 133, 228, 133], [3, 24, 231, 134, 232, 134]], [[1, 6, 251, 191, 355, 295], [2, 7, 0, 177, 255, 237], [2, 24, 254, 181, 599, 243], [3, 7, 0, 0, 253, 225], [3, 24, 247, 0, 599, 242]], [[1, 1, 290, 163, 292, 166], [1, 2, 391, 156, 394, 157], [1, 7, 267, 187, 335, 265], [3, 0, 0, 51, 479, 157], [3, 5, 378, 163, 384, 164], [255, 16777215, 534, 172, 599, 182]], [[1, 8, 257, 200, 333, 261], [3, 0, 118, 0, 599, 150]], [[1, 9, 268, 203, 329, 260], [3, 0, 0, 0, 599, 161]]], "distance_down_track": [1388.141845703125, 233.90414428710938, 233.90414428710938, 233.90414428710938, 262.1747741699219, 41.922264099121094, 621.8235473632812, 192.1004638671875, 232.96522521972656, 1216.9158935546875], "velocity": [[-19.70768928527832, -0.2289813607931137, 9.163228988647461], [-4.356112480163574, 0.05943851172924042, 7.737712860107422], [-0.8023443222045898, 0.6177663207054138, 21.826522827148438], [2.2445764541625977, -0.03579419478774071, 22.89018440246582], [-1.398044466972351, -1.228739619255066, 21.6551570892334], [5.761537075042725, -0.8250629305839539, 18.783931732177734], [-0.22826004028320312, -0.6428122520446777, -3.155820608139038], [-18.274869918823242, 0.31821805238723755, 9.71688175201416], [17.243568420410156, -0.06962791085243225, -11.451830863952637], [-3.2992703914642334, -0.040315739810466766, -20.435340881347656]]}