{"track": "volcano_island", "karts": ["gavroche", "adiumy", "amanda", "nolok", "tux", "konqi", "kiki", "pidgin", "sara_the_racer", "suzanne"], "detections": [[[1, 0, 273, 203, 327, 255], [1, 4, 296, 157, 300, 159], [1, 6, 280, 154, 281, 157], [1, 8, 279, 155, 280, 156], [2, 0, 0, 156, 599, 399], [3, 0, 0, 77, 599, 234], [4, 10, 295, 154, 299, 158], [4, 13, 308, 155, 312, 157], [4, 14, 281, 155, 285, 158], [6, 34, 336, 154, 375, 182], [6, 35, 278, 154, 297, 167]], [[1, 1, 272, 195, 329, 250], [1, 3, 260, 173, 281, 192], [1, 5, 223, 161, 239, 173], [2, 0, 0, 164, 599, 399], [3, 0, 0, 0, 599, 313]], [[1, 0, 309, 158, 313, 161], [1, 2, 261, 192, 339, 257], [1, 4, 312, 155, 314, 156], [2, 0, 0, 155, 599, 399], [3, 0, 0, 89, 599, 235], [4, 10, 312, 154, 314, 155], [4, 13, 320, 154, 323, 155], [4, 14, 304, 155, 306, 156], [6, 33, 279, 154, 291, 163], [6, 34, 322, 153, 327, 159], [6, 35, 305, 155, 309, 158]], [[1, 3, 266, 204, 336, 270], [1, 5, 239, 161, 261, 179], [2, 0, 0, 159, 599, 399], [3, 0, 0, 0, 599, 314]], [[1, 1, 242, 156, 243, 158], [1, 4, 267, 198, 333, 253], [1, 6, 264, 156, 270, 163], [1, 8, 267, 155, 270, 160], [1, 9, 270, 157, 277, 162], [2, 0, 0, 158, 599, 399], [3, 0, 0, 0, 599, 233], [3, 189, 563, 195, 566, 197], [4, 10, 290, 160, 312, 178], [4, 13, 346, 160, 368, 177], [4, 14, 233, 160, 254, 179]], [[1, 5, 267, 191, 342, 265], [2, 0, 0, 162, 599, 399], [3, 0, 0, 0, 599, 342]], [[1, 1, 295, 162, 307, 171], [1, 3, 272, 161, 281, 168], [1, 6, 271, 184, 329, 249], [1, 8, 349, 162, 366, 187], [1, 9, 349, 182, 395, 214], [2, 0, 0, 162, 599, 399], [3, 0, 0, 0, 599, 295]], [[1, 7, 267, 210, 341, 263], [2, 0, 0, 160, 599, 399], [3, 0, 0, 0, 599, 327]], [[1, 1, 254, 166, 271, 181], [1, 3, 238, 165, 249, 173], [1, 5, 201, 160, 214, 168], [1, 8, 283, 179, 322, 252], [2, 0, 0, 163, 599, 399], [3, 0, 0, 0, 599, 264]], [[1, 1, 250, 156, 264, 168], [1, 3, 229, 156, 239, 164], [1, 5, 199, 158, 200, 159], [1, 8, 299, 156, 324, 195], [1, 9, 249, 201, 354, 284], [2, 0, 0, 156, 599, 399], [3, 0, 0, 0, 599, 255]]], "distance_down_track": [868.8599853515625, 959.4630737304688, 835.5250854492188, 966.2242431640625, 911.7735595703125, 976.509765625, 941.4951782226562, 1038.0784912109375, 948.9212036132812, 944.7424926757812], "velocity": [[-11.658498764038086, -0.5012993812561035, -19.81989097595215], [6.3741021156311035, -0.39152655005455017, -21.902305603027344], [-10.920042991638184, -0.47331106662750244, -21.20668601989746], [7.065886497497559, -0.38343116641044617, -17.580026626586914], [-10.58643627166748, -0.49217042326927185, -19.71052360534668], [14.38219165802002, -0.3658497929573059, -15.169750213623047], [-1.207261562347412, -0.5117143988609314, -23.138076782226562], [12.441858291625977, -0.8642855286598206, 17.800655364990234], [1.5879132747650146, -0.5060087442398071, -23.19981575012207], [-1.1829317808151245, -0.1985742300748825, -12.669672966003418]]}