{"track": "overworld", "karts": ["beastie", "kiki", "hexley", "emule", "amanda", "wilber", "adiumy", "xue", "suzanne", "nolok"], "detections": [[[1, 0, 254, 189, 336, 261], [1, 2, 314, 164, 329, 181], [1, 8, 335, 146, 339, 150], [1, 9, 330, 142, 333, 143], [2, 0, 271, 154, 286, 170], [3, 0, 0, 16, 599, 165], [3, 24, 290, 128, 293, 129], [3, 25, 292, 128, 292, 128]], [[1, 0, 389, 142, 396, 145], [1, 1, 268, 182, 334, 257], [1, 2, 418, 140, 424, 143], [3, 0, 0, 9, 599, 182]], [[1, 2, 273, 196, 323, 265], [1, 8, 306, 151, 311, 155], [1, 9, 299, 145, 302, 147], [2, 0, 178, 163, 216, 201], [3, 0, 0, 0, 599, 171], [3, 7, 255, 132, 256, 132], [3, 24, 258, 133, 258, 133]], [[1, 3, 242, 199, 359, 319], [2, 7, 221, 149, 305, 167], [2, 24, 306, 148, 419, 168], [3, 0, 0, 0, 599, 178], [3, 7, 124, 0, 306, 164], [3, 24, 306, 0, 510, 167]], [[1, 4, 242, 189, 350, 282], [3, 0, 200, 156, 475, 177]], [[1, 5, 261, 190, 335, 257], [3, 0, 0, 100, 186, 153], [3, 4, 108, 150, 108, 150], [3, 7, 121, 150, 121, 150], [3, 24, 127, 149, 127, 149]], [[1, 3, 134, 176, 219, 235], [1, 6, 251, 190, 353, 303], [2, 7, 203, 141, 280, 160], [2, 24, 281, 143, 383, 163], [3, 0, 0, 0, 599, 178], [3, 7, 113, 0, 280, 156], [3, 24, 280, 0, 465, 162]], [[1, 7, 261, 187, 329, 265], [3, 0, 198, 97, 599, 194]], [[1, 5, 310, 151, 312, 153], [1, 8, 263, 201, 333, 255], [1, 9, 283, 153, 294, 162], [3, 0, 0, 62, 599, 153], [3, 7, 259, 144, 260, 145], [3, 24, 261, 145, 262, 145], [3, 25, 263, 145, 263, 145]], [[1, 5, 338, 168, 342, 171], [1, 9, 267, 203, 324, 257], [3, 0, 0, 86, 377, 171], [3, 7, 282, 162, 284, 162], [3, 24, 285, 162, 287, 162]]], "distance_down_track": [19.477996826171875, 1417.50390625, 28.19888687133789, 610.1508178710938, 507.14678955078125, 142.6169891357422, 608.4849243164062, 1108.5401611328125, 66.72872161865234, 80.98319244384766], "velocity": [[3.6635117530822754, -2.1457245349884033, 23.10712242126465], [-15.337320327758789, -4.0120673179626465, 11.635382652282715], [5.238198280334473, -1.0061540603637695, 21.188947677612305], [-0.4835491478443146, -0.9869330525398254, 5.373011589050293], [11.62030029296875, 1.7516682147979736, -9.239130020141602], [12.006357192993164, -0.06508655846118927, 16.285621643066406], [-0.34433549642562866, -0.6405790448188782, 4.108139514923096], [-0.14575889706611633, 2.385165214538574, -20.561607360839844], [3.6947340965270996, -0.27472421526908875, 22.699636459350586], [1.6266725063323975, 0.8452064990997314, 22.649938583374023]]}