{"track": "minigolf", "karts": ["nolok", "sara_the_racer", "emule", "adiumy", "gavroche", "konqi", "amanda", "xue", "sara_the_wizard", "puffy"], "detections": [[[1, 0, 267, 180, 332, 220], [2, 0, 0, 91, 599, 399], [3, 0, 0, 0, 599, 399], [3, 11, 560, 0, 599, 54], [5, 1, 372, 71, 391, 97]], [[1, 1, 281, 171, 326, 226], [2, 0, 0, 0, 599, 399], [3, 0, 0, 0, 599, 363]], [[1, 7, 19, 181, 118, 280], [2, 0, 7, 31, 554, 323], [3, 0, 0, 0, 599, 399], [3, 8, 484, 54, 540, 109], [4, 16, 222, 42, 249, 59], [4, 17, 354, 0, 356, 4], [6, 32, 575, 167, 599, 209], [6, 36, 217, 82, 283, 102]], [[1, 3, 256, 141, 329, 223], [1, 4, 200, 166, 279, 220], [2, 0, 0, 35, 537, 375], [3, 0, 0, 0, 599, 399]], [[1, 3, 307, 158, 362, 219], [1, 4, 265, 176, 324, 217], [2, 0, 0, 78, 523, 378], [3, 0, 0, 0, 599, 399]], [[1, 5, 267, 173, 332, 214], [2, 0, 0, 149, 599, 245], [3, 0, 0, 0, 599, 399]], [[1, 0, 342, 156, 342, 156], [1, 1, 322, 154, 322, 154], [1, 6, 262, 192, 339, 256], [2, 0, 0, 148, 599, 399], [3, 0, 0, 0, 599, 268], [3, 4, 297, 151, 304, 158], [3, 6, 271, 151, 279, 158], [4, 3, 272, 150, 274, 151], [4, 4, 301, 148, 303, 150], [5, 1, 376, 156, 377, 156], [6, 30, 378, 154, 380, 156], [255, 16777215, 137, 64, 143, 90]], [[1, 7, 272, 156, 332, 217], [2, 0, 0, 63, 599, 271], [3, 0, 0, 0, 599, 399], [3, 8, 587, 82, 599, 114], [4, 16, 405, 70, 423, 81], [4, 17, 497, 38, 498, 44], [6, 9, 1, 215, 121, 323], [6, 36, 401, 96, 444, 110]], [[1, 8, 282, 166, 322, 217], [2, 0, 0, 44, 599, 399], [3, 0, 0, 0, 599, 238], [3, 1, 550, 16, 599, 198], [3, 8, 162, 92, 197, 114], [3, 9, 154, 32, 227, 105], [4, 16, 77, 51, 102, 72], [4, 17, 314, 25, 334, 39], [4, 18, 399, 98, 429, 124], [4, 19, 290, 93, 320, 118], [6, 36, 0, 85, 32, 97]], [[1, 6, 356, 154, 360, 157], [1, 9, 253, 200, 340, 262], [2, 0, 11, 149, 599, 399], [3, 0, 0, 0, 599, 399], [3, 3, 161, 139, 218, 198], [3, 4, 364, 151, 367, 154], [3, 5, 40, 129, 177, 237], [3, 6, 351, 151, 354, 154], [255, 16777215, 282, 0, 400, 161]]], "distance_down_track": [38.72087097167969, 68.10779571533203, 253.17340087890625, 196.20506286621094, 196.54544067382812, 109.97581481933594, 736.4222412109375, 248.642578125, 318.1112976074219, 664.8472900390625], "velocity": [[-14.237462043762207, 0.0816383808851242, 15.80865478515625], [-18.23712730407715, 0.15599532425403595, -7.35493278503418], [5.544308662414551, 0.08177299052476883, 19.943517684936523], [18.512371063232422, -0.7260264754295349, 6.8453450202941895], [21.53313636779785, -0.8587825894355774, 9.1184720993042], [-20.566322326660156, -2.2812681198120117, -0.5587454438209534], [-23.369234085083008, 0.08204047381877899, 3.4227421283721924], [11.351020812988281, 0.08177454769611359, 17.310043334960938], [16.27547264099121, 0.08181921392679214, -12.790319442749023], [-22.609907150268555, 0.07817411422729492, -0.08100953698158264]]}