{"track": "tutorial", "karts": ["puffy", "hexley", "tux", "suzanne", "pidgin", "nolok", "beastie", "gavroche", "amanda", "adiumy"], "detections": [[[1, 0, 207, 201, 387, 329], [1, 8, 0, 188, 26, 220], [2, 0, 0, 77, 122, 171], [3, 0, 0, 19, 599, 399]], [[1, 0, 405, 182, 419, 190], [1, 1, 251, 194, 339, 322], [1, 2, 346, 173, 356, 180], [1, 5, 207, 310, 233, 343], [1, 6, 363, 167, 373, 175], [1, 8, 373, 168, 384, 176], [1, 9, 327, 180, 336, 188], [2, 0, 324, 136, 527, 166], [3, 0, 0, 0, 599, 399], [3, 8, 98, 5, 109, 18]], [[1, 0, 542, 180, 599, 223], [1, 2, 231, 196, 360, 314], [1, 6, 272, 157, 320, 202], [1, 8, 324, 158, 367, 199], [2, 0, 0, 85, 320, 164], [3, 0, 0, 6, 599, 399]], [[1, 3, 243, 201, 353, 287], [1, 4, 313, 136, 318, 139], [1, 7, 288, 139, 296, 146], [2, 0, 0, 137, 599, 399], [3, 0, 0, 55, 599, 255], [3, 6, 439, 45, 456, 64], [3, 7, 366, 52, 377, 65]], [[1, 1, 409, 175, 414, 178], [1, 4, 258, 209, 332, 264], [2, 0, 0, 172, 599, 399], [3, 0, 0, 54, 599, 377], [3, 6, 360, 43, 375, 64], [3, 7, 272, 51, 285, 66]], [[1, 2, 475, 125, 493, 135], [1, 5, 223, 204, 341, 327], [1, 6, 498, 121, 520, 133], [1, 8, 519, 121, 541, 134], [1, 9, 451, 125, 467, 138], [2, 0, 429, 98, 557, 124], [3, 0, 0, 0, 599, 399], [3, 8, 202, 35, 210, 45]], [[1, 6, 203, 179, 378, 339], [1, 8, 332, 181, 456, 282], [2, 0, 0, 69, 272, 210], [3, 0, 0, 43, 599, 399]], [[1, 4, 343, 167, 354, 173], [1, 7, 259, 203, 332, 276], [2, 0, 0, 167, 599, 399], [3, 0, 0, 78, 599, 290], [3, 6, 477, 68, 497, 89], [3, 7, 388, 80, 401, 92], [3, 8, 515, 104, 515, 104]], [[1, 6, 0, 198, 216, 399], [1, 8, 212, 183, 372, 336], [2, 0, 0, 75, 249, 216], [3, 0, 0, 27, 599, 399]], [[1, 0, 479, 170, 539, 196], [1, 2, 294, 164, 331, 197], [1, 6, 310, 154, 340, 179], [1, 8, 341, 155, 366, 179], [1, 9, 249, 191, 352, 304], [2, 0, 169, 111, 349, 160], [3, 0, 0, 19, 599, 399]]], "distance_down_track": [712.6583862304688, 705.5972900390625, 605.3455200195312, 605.3455200195312, 605.3455200195312, 656.4569091796875, 605.3455200195312, 619.34228515625, 605.3455200195312, 590.8922729492188], "velocity": [[-8.11403751373291, 0.1343722641468048, 0.39199164509773254], [-6.23891019821167, -5.604450225830078, -6.6356072425842285], [-4.8950066566467285, 0.09150385856628418, -0.13859492540359497], [7.084554195404053, -1.3962877988815308, -11.443522453308105], [1.906678318977356, -2.1815292835235596, -22.379011154174805], [-3.400909185409546, -0.25926122069358826, -3.6639955043792725], [-0.4717450439929962, 0.09875380247831345, 0.20663465559482574], [8.509906768798828, -0.18174737691879272, -13.554871559143066], [0.14905616641044617, 0.06415322422981262, 0.21921057999134064], [-4.852043151855469, 0.09343981742858887, -0.9960052967071533]]}