{"track": "tutorial", "karts": ["puffy", "hexley", "tux", "suzanne", "pidgin", "nolok", "beastie", "gavroche", "amanda", "adiumy"], "detections": [[[1, 0, 204, 203, 394, 327], [1, 7, 0, 200, 119, 286], [2, 0, 0, 101, 80, 136], [3, 0, 0, 46, 599, 399]], [[1, 0, 330, 158, 354, 175], [1, 1, 242, 193, 350, 349], [1, 2, 512, 162, 567, 188], [1, 4, 0, 170, 78, 206], [1, 7, 276, 156, 301, 171], [2, 0, 63, 114, 258, 156], [3, 0, 0, 31, 599, 399]], [[1, 2, 227, 196, 358, 314], [1, 8, 535, 8, 564, 28], [2, 0, 498, 10, 599, 71], [3, 0, 0, 0, 599, 399]], [[1, 3, 221, 201, 374, 321], [1, 6, 280, 162, 293, 173], [2, 0, 0, 146, 599, 399], [3, 0, 0, 0, 599, 250], [3, 6, 308, 69, 318, 82], [3, 7, 255, 64, 265, 75]], [[1, 0, 499, 171, 563, 197], [1, 4, 220, 217, 366, 325], [1, 7, 417, 166, 456, 187], [2, 0, 148, 105, 356, 163], [3, 0, 0, 15, 599, 399]], [[1, 0, 463, 203, 484, 215], [1, 1, 396, 227, 417, 243], [1, 2, 584, 234, 599, 249], [1, 4, 342, 201, 357, 210], [1, 5, 271, 202, 325, 257], [1, 7, 432, 195, 449, 204], [2, 0, 338, 153, 537, 187], [3, 0, 0, 0, 599, 399], [3, 8, 127, 44, 136, 55]], [[1, 6, 243, 186, 355, 280], [1, 8, 318, 133, 320, 134], [2, 0, 0, 130, 599, 399], [3, 0, 0, 37, 599, 262], [3, 6, 343, 44, 355, 60], [3, 7, 284, 43, 294, 55]], [[1, 0, 290, 179, 370, 221], [1, 2, 349, 164, 373, 183], [1, 7, 233, 205, 347, 317], [3, 0, 0, 45, 599, 399]], [[1, 0, 414, 201, 428, 208], [1, 1, 362, 213, 375, 222], [1, 2, 469, 221, 484, 231], [1, 4, 336, 198, 346, 203], [1, 5, 309, 198, 315, 211], [1, 7, 399, 196, 409, 201], [1, 8, 259, 192, 334, 265], [2, 0, 0, 161, 599, 399], [3, 0, 0, 0, 599, 357], [3, 8, 154, 48, 163, 57]], [[1, 3, 291, 174, 305, 186], [1, 6, 280, 170, 287, 176], [1, 9, 242, 190, 347, 305], [2, 0, 0, 151, 599, 399], [3, 0, 0, 84, 599, 322], [3, 6, 301, 89, 311, 101], [3, 7, 253, 77, 261, 86]]], "distance_down_track": [712.6583862304688, 712.6583862304688, 590.8922729492188, 576.2125244140625, 590.8922729492188, 619.34228515625, 576.2125244140625, 605.3455200195312, 576.2125244140625, 576.2125244140625], "velocity": [[-0.06958184391260147, 0.08158636838197708, 0.001772343646734953], [-4.712023735046387, 0.08802856504917145, -0.6232774257659912], [1.703798532485962, 0.19660167396068573, 2.765162467956543], [-0.003303560893982649, -0.01873992569744587, -0.5087906718254089], [-4.977880477905273, 0.09810798615217209, -0.7684836387634277], [-14.343223571777344, -10.948168754577637, -17.460668563842773], [4.275134563446045, -2.608746290206909, -15.499429702758789], [-0.11561230570077896, 0.23285380005836487, 3.639909029006958], [-15.628260612487793, -2.605959177017212, -18.12220573425293], [-0.10289642214775085, 0.08164174854755402, 0.00966621283441782]]}