{"track": "minigolf", "karts": ["nolok", "sara_the_racer", "emule", "adiumy", "gavroche", "konqi", "amanda", "xue", "sara_the_wizard", "puffy"], "detections": [[[1, 0, 263, 203, 326, 265], [1, 1, 184, 278, 294, 399], [2, 0, 0, 132, 599, 399], [3, 0, 0, 0, 599, 399]], [[1, 0, 297, 178, 329, 209], [1, 1, 275, 178, 318, 257], [2, 0, 4, 0, 599, 399], [3, 0, 0, 0, 599, 399]], [[1, 2, 273, 198, 332, 259], [1, 3, 233, 145, 243, 153], [1, 7, 232, 148, 248, 162], [2, 0, 108, 98, 599, 399], [3, 0, 0, 0, 599, 399]], [[1, 3, 273, 195, 330, 252], [1, 8, 215, 145, 218, 151], [2, 0, 0, 38, 599, 399], [3, 0, 0, 0, 599, 341]], [[1, 0, 161, 169, 169, 176], [1, 1, 170, 168, 178, 179], [1, 4, 276, 202, 330, 254], [1, 7, 181, 149, 185, 151], [2, 0, 0, 140, 599, 399], [3, 0, 0, 0, 599, 348], [3, 2, 306, 30, 335, 123], [3, 11, 443, 127, 599, 188], [3, 12, 341, 134, 367, 163], [5, 22, 366, 184, 401, 223], [255, 16777215, 510, 0, 530, 105]], [[1, 4, 459, 181, 490, 196], [1, 5, 243, 227, 359, 304], [2, 0, 153, 162, 599, 399], [3, 0, 0, 0, 599, 399], [3, 2, 406, 68, 440, 154], [3, 11, 575, 169, 599, 175], [3, 12, 445, 165, 475, 185], [4, 26, 252, 159, 276, 182], [4, 27, 293, 152, 301, 161], [5, 22, 502, 178, 520, 194]], [[1, 2, 245, 175, 265, 190], [1, 3, 172, 161, 180, 167], [1, 6, 264, 190, 341, 257], [1, 7, 182, 163, 194, 172], [2, 0, 0, 122, 599, 399], [3, 0, 0, 0, 599, 353], [3, 2, 395, 0, 507, 118]], [[1, 3, 310, 173, 333, 193], [1, 7, 267, 188, 333, 261], [2, 0, 2, 91, 599, 399], [3, 0, 0, 0, 599, 399]], [[1, 8, 273, 188, 321, 265], [2, 0, 66, 160, 599, 399], [3, 0, 0, 0, 599, 399], [5, 24, 131, 159, 143, 172], [5, 25, 340, 172, 348, 186]], [[1, 4, 247, 165, 248, 165], [1, 5, 197, 160, 211, 165], [1, 9, 218, 198, 394, 328], [2, 0, 0, 160, 599, 399], [3, 0, 0, 0, 599, 259], [3, 2, 235, 98, 257, 163], [5, 22, 258, 165, 260, 165], [255, 16777215, 349, 93, 361, 154]]], "distance_down_track": [380.2215576171875, 377.3694152832031, 417.9843444824219, 438.1114501953125, 354.5707092285156, 344.2919006347656, 407.27581787109375, 432.1864013671875, 474.6559143066406, 322.2408142089844], "velocity": [[18.105417251586914, 1.569566249847412, 8.50142765045166], [18.328990936279297, 0.12447541952133179, 10.784567832946777], [20.71672821044922, -1.1871113777160645, 7.13156795501709], [18.096107482910156, 0.0860496237874031, 11.575831413269043], [22.492801666259766, -2.21482253074646, -4.262444019317627], [11.371365547180176, 1.192935585975647, 1.232460856437683], [23.12403106689453, -1.8496204614639282, -1.960729956626892], [17.683717727661133, 0.6829586029052734, 12.419506072998047], [-2.347100019454956, 2.252944231033325, 20.442731857299805], [7.145597457885742, 1.7131952047348022, -4.0093770027160645]]}