{"track": "overworld", "karts": ["beastie", "kiki", "hexley", "emule", "amanda", "wilber", "adiumy", "xue", "suzanne", "nolok"], "detections": [[[1, 0, 257, 180, 337, 250], [3, 0, 0, 0, 599, 179], [3, 3, 313, 147, 313, 147], [3, 4, 312, 142, 314, 145], [3, 7, 317, 140, 326, 147], [3, 8, 317, 142, 320, 146], [3, 24, 326, 140, 336, 146], [3, 25, 336, 145, 336, 145]], [[1, 1, 269, 182, 335, 258], [1, 2, 300, 129, 302, 130], [3, 0, 0, 0, 599, 179]], [[1, 2, 267, 196, 333, 274], [3, 0, 0, 0, 599, 399]], [[1, 3, 240, 199, 359, 321], [1, 6, 264, 175, 319, 228], [2, 7, 215, 149, 290, 166], [2, 24, 291, 149, 389, 167], [3, 0, 0, 0, 599, 177], [3, 7, 128, 0, 290, 163], [3, 24, 289, 0, 466, 166]], [[1, 4, 256, 191, 337, 261], [3, 0, 18, 0, 599, 158]], [[1, 5, 268, 190, 338, 257], [1, 9, 0, 325, 136, 399], [2, 0, 398, 135, 403, 140], [3, 0, 0, 0, 599, 251], [3, 6, 422, 99, 422, 99], [3, 7, 532, 98, 535, 100], [3, 24, 535, 97, 536, 99]], [[1, 3, 248, 392, 440, 399], [1, 6, 252, 190, 355, 302], [2, 7, 204, 139, 288, 158], [2, 24, 289, 140, 398, 159], [3, 0, 0, 0, 599, 174], [3, 7, 103, 0, 287, 155], [3, 24, 287, 0, 486, 159]], [[1, 4, 366, 142, 369, 144], [1, 7, 267, 187, 335, 265], [3, 0, 0, 94, 513, 199]], [[1, 5, 310, 161, 338, 189], [1, 8, 266, 201, 342, 262], [1, 9, 248, 184, 284, 215], [2, 0, 393, 131, 397, 136], [3, 0, 0, 0, 599, 231], [3, 6, 422, 95, 422, 95]], [[1, 5, 335, 167, 380, 204], [1, 8, 370, 274, 599, 399], [1, 9, 276, 203, 332, 256], [2, 0, 388, 136, 393, 140], [3, 0, 0, 0, 599, 248]]], "distance_down_track": [257.4784240722656, 1274.7449951171875, 1342.8515625, 608.0240478515625, 1144.256591796875, 1441.826171875, 609.72314453125, 1064.0711669921875, 1436.3751220703125, 1438.8402099609375], "velocity": [[-1.408923625946045, -1.140820026397705, 24.081859588623047], [0.4092860221862793, 2.076352834701538, -19.488021850585938], [-9.317336082458496, 2.078446865081787, -12.062189102172852], [-0.20036867260932922, -0.39573952555656433, 2.558156967163086], [-4.8161468505859375, 0.09533059597015381, -21.194475173950195], [-14.439900398254395, -4.375442981719971, 15.456542015075684], [-0.39003968238830566, -1.0374828577041626, 6.146609783172607], [6.9244279861450195, -0.45068803429603577, -19.50228500366211], [-13.787514686584473, -4.382363319396973, 14.805042266845703], [-14.454384803771973, -4.77271842956543, 17.054956436157227]]}