{"track": "overworld", "karts": ["beastie", "kiki", "hexley", "emule", "amanda", "wilber", "adiumy", "xue", "suzanne", "nolok"], "detections": [[[1, 0, 262, 188, 348, 265], [3, 0, 0, 80, 505, 241]], [[1, 1, 268, 183, 329, 252], [1, 2, 271, 140, 274, 143], [1, 8, 275, 143, 276, 144], [3, 0, 0, 0, 599, 176], [3, 24, 240, 135, 241, 135]], [[1, 2, 271, 195, 323, 263], [1, 7, 161, 165, 163, 167], [1, 8, 336, 177, 347, 184], [1, 9, 375, 175, 381, 179], [3, 0, 0, 91, 510, 179], [3, 4, 294, 163, 294, 163], [3, 7, 299, 163, 302, 164], [3, 24, 303, 163, 306, 164]], [[1, 3, 239, 199, 359, 322], [1, 6, 308, 162, 321, 176], [2, 7, 216, 163, 290, 180], [2, 24, 290, 164, 387, 180], [3, 0, 0, 0, 599, 196], [3, 7, 129, 0, 289, 177], [3, 24, 288, 0, 463, 179]], [[1, 4, 251, 190, 345, 269], [3, 0, 0, 15, 599, 202]], [[1, 5, 262, 190, 338, 262], [3, 0, 198, 34, 599, 150]], [[1, 6, 252, 190, 354, 301], [2, 7, 0, 241, 219, 304], [2, 24, 217, 243, 563, 308], [3, 7, 0, 0, 232, 242], [3, 24, 221, 0, 599, 305]], [[1, 7, 266, 187, 334, 264], [3, 0, 0, 4, 571, 149], [3, 5, 413, 157, 427, 161], [3, 6, 522, 143, 526, 144], [255, 16777215, 571, 169, 599, 176]], [[1, 8, 260, 200, 332, 258], [1, 9, 326, 162, 336, 170], [3, 0, 0, 99, 499, 169], [3, 7, 196, 144, 199, 145], [3, 24, 200, 144, 203, 145]], [[1, 5, 596, 155, 599, 157], [1, 9, 269, 203, 328, 257], [3, 0, 0, 99, 192, 152], [3, 4, 113, 149, 113, 149], [3, 7, 125, 149, 129, 150]]], "distance_down_track": [1005.3656005859375, 35.10426330566406, 101.5230484008789, 621.85693359375, 1361.4683837890625, 218.04493713378906, 621.8305053710938, 206.91648864746094, 121.85407257080078, 140.07887268066406], "velocity": [[6.039572715759277, -0.3205515146255493, -20.87656593322754], [6.291407108306885, -0.9344013929367065, 20.90376853942871], [-0.07255568355321884, -0.718835175037384, 21.466394424438477], [-0.11272916942834854, 0.5619365572929382, 0.6020792126655579], [-18.005849838256836, 1.950021743774414, -0.5458597540855408], [18.375905990600586, 0.5429363250732422, -6.981656551361084], [-0.026719601824879646, 0.524889349937439, 0.2820119857788086], [-18.539091110229492, -0.705879271030426, 9.181168556213379], [9.723753929138184, -0.6548590064048767, 19.889646530151367], [12.408612251281738, -0.11778364330530167, 17.844402313232422]]}