{"track": "overworld", "karts": ["beastie", "kiki", "hexley", "emule", "amanda", "wilber", "adiumy", "xue", "suzanne", "nolok"], "detections": [[[1, 0, 255, 189, 340, 261], [1, 1, 431, 144, 436, 149], [1, 7, 458, 147, 465, 153], [1, 8, 360, 159, 376, 169], [1, 9, 441, 142, 445, 145], [2, 0, 372, 149, 380, 157], [3, 0, 0, 24, 599, 159], [3, 7, 407, 120, 410, 122], [3, 24, 411, 120, 414, 122], [3, 25, 414, 121, 414, 121]], [[1, 1, 269, 183, 330, 251], [1, 2, 264, 157, 264, 157], [1, 9, 282, 172, 291, 179], [3, 0, 0, 73, 599, 173], [3, 7, 234, 151, 235, 151], [3, 24, 236, 151, 238, 152], [3, 25, 239, 152, 239, 152]], [[1, 2, 269, 196, 322, 267], [3, 0, 0, 100, 467, 162], [3, 4, 243, 142, 243, 142], [3, 5, 43, 148, 48, 148], [3, 7, 248, 141, 251, 142], [3, 24, 252, 141, 255, 142]], [[1, 3, 239, 199, 359, 321], [1, 6, 262, 180, 323, 232], [2, 7, 214, 154, 288, 171], [2, 24, 289, 154, 386, 171], [3, 0, 0, 0, 599, 180], [3, 7, 127, 0, 288, 168], [3, 24, 287, 0, 460, 170]], [[1, 4, 252, 190, 344, 268], [3, 0, 0, 100, 467, 162], [3, 24, 0, 131, 14, 164], [3, 25, 0, 130, 14, 161], [255, 16777215, 0, 148, 271, 180]], [[1, 5, 258, 190, 333, 260], [3, 0, 0, 0, 599, 168]], [[1, 3, 246, 314, 402, 399], [1, 6, 252, 190, 354, 303], [2, 7, 208, 140, 289, 159], [2, 24, 290, 141, 397, 159], [3, 0, 0, 0, 599, 172], [3, 7, 110, 0, 289, 155], [3, 24, 288, 0, 481, 158]], [[1, 1, 44, 167, 110, 218], [1, 2, 180, 144, 183, 146], [1, 5, 559, 190, 567, 192], [1, 7, 269, 187, 331, 253], [1, 9, 181, 161, 191, 168], [3, 0, 95, 107, 599, 185], [3, 7, 156, 138, 158, 139], [3, 24, 159, 138, 161, 139], [3, 25, 162, 139, 162, 139]], [[1, 1, 334, 148, 339, 155], [1, 2, 317, 135, 318, 136], [1, 7, 365, 151, 373, 158], [1, 8, 259, 200, 332, 258], [1, 9, 333, 147, 335, 149], [2, 0, 268, 154, 283, 171], [3, 0, 0, 13, 599, 166], [3, 7, 287, 128, 287, 128], [3, 24, 288, 128, 290, 129]], [[1, 2, 278, 146, 280, 148], [1, 9, 270, 203, 326, 256], [3, 0, 0, 62, 571, 153], [3, 7, 259, 144, 260, 144], [3, 24, 261, 144, 263, 145]]], "distance_down_track": [1464.4100341796875, 48.385074615478516, 113.29701232910156, 607.932861328125, 487.2508544921875, 1238.6387939453125, 609.2125854492188, 47.91123580932617, 19.875398635864258, 66.8466796875], "velocity": [[-5.896604061126709, -3.2944931983947754, 20.6588134765625], [5.64333438873291, -0.7491642832756042, 21.095355987548828], [5.460940361022949, -0.9449329376220703, 20.13998031616211], [1.179202675819397, -0.06568684428930283, 0.5156795978546143], [13.178987503051758, -0.6968757510185242, 7.9233078956604], [-1.8807220458984375, 1.1671041250228882, -19.5400333404541], [-0.8213993906974792, -0.8281092047691345, 5.021056175231934], [10.56644058227539, -0.9649072289466858, 23.7364559173584], [3.7177767753601074, -2.0769081115722656, 22.42925262451172], [3.6352968215942383, -0.27950507402420044, 22.70917320251465]]}