{"track": "tutorial", "karts": ["puffy", "hexley", "tux", "suzanne", "pidgin", "nolok", "beastie", "gavroche", "amanda", "adiumy"], "detections": [[[1, 0, 203, 201, 386, 323], [1, 1, 332, 157, 350, 172], [2, 0, 248, 133, 340, 155], [3, 0, 0, 32, 599, 399]], [[1, 1, 243, 193, 350, 349], [2, 0, 13, 110, 245, 157], [3, 0, 0, 31, 599, 399]], [[1, 2, 270, 198, 327, 245], [1, 5, 277, 163, 282, 167], [1, 7, 287, 166, 298, 176], [1, 9, 293, 169, 314, 188], [2, 0, 0, 148, 599, 399], [3, 0, 0, 75, 599, 273], [3, 6, 288, 75, 297, 87], [3, 7, 236, 68, 245, 78]], [[1, 3, 264, 201, 336, 255], [1, 4, 255, 160, 255, 160], [2, 0, 0, 161, 599, 399], [3, 0, 0, 116, 599, 314], [3, 6, 199, 136, 205, 138], [3, 7, 146, 123, 155, 131]], [[1, 2, 287, 163, 290, 165], [1, 4, 265, 210, 334, 257], [2, 0, 0, 165, 599, 399], [3, 0, 0, 94, 599, 281], [3, 6, 269, 109, 276, 118], [3, 7, 220, 101, 228, 109]], [[1, 5, 270, 203, 329, 258], [2, 0, 0, 134, 599, 399], [3, 0, 0, 38, 599, 281], [3, 6, 338, 47, 350, 63], [3, 7, 280, 46, 290, 58]], [[1, 6, 209, 180, 384, 343], [2, 0, 0, 175, 599, 399], [3, 0, 0, 109, 599, 350], [5, 6, 373, 179, 386, 190], [5, 7, 324, 182, 336, 194], [5, 8, 268, 186, 279, 199], [5, 17, 230, 175, 233, 179], [5, 18, 248, 173, 251, 176], [5, 19, 262, 171, 265, 175], [5, 20, 162, 172, 164, 175], [5, 21, 152, 173, 155, 175]], [[1, 5, 281, 164, 290, 171], [1, 7, 271, 203, 326, 257], [2, 0, 0, 141, 599, 399], [3, 0, 0, 5, 599, 267], [3, 6, 304, 63, 314, 76], [3, 7, 250, 58, 260, 68]], [[1, 6, 253, 161, 269, 173], [1, 8, 224, 184, 385, 330], [2, 0, 0, 180, 599, 399], [3, 0, 0, 137, 599, 312], [5, 5, 212, 185, 230, 200], [5, 6, 240, 174, 245, 179], [5, 7, 220, 175, 226, 180], [5, 8, 195, 176, 201, 181], [5, 12, 283, 181, 295, 186], [5, 13, 341, 178, 356, 192], [5, 17, 96, 179, 100, 181], [5, 18, 112, 179, 116, 181], [5, 19, 124, 178, 128, 181]], [[1, 5, 270, 165, 276, 170], [1, 7, 275, 174, 293, 191], [1, 9, 272, 195, 329, 250], [2, 0, 0, 147, 599, 399], [3, 0, 0, 56, 599, 270], [3, 6, 287, 71, 296, 84], [3, 7, 234, 65, 242, 75]]], "distance_down_track": [712.6583862304688, 712.6583862304688, 420.1153259277344, 433.4427490234375, 423.0719909667969, 512.133544921875, 420.1153259277344, 473.2306823730469, 400.4352722167969, 383.7624206542969], "velocity": [[-4.384828567504883, 0.11565513908863068, -2.2587661743164062], [-4.730550765991211, 0.0851707011461258, -0.4652918577194214], [1.5831242799758911, -3.00110125541687, -25.966753005981445], [-6.856439590454102, 1.475547432899475, -21.57147216796875], [-0.4762776494026184, 0.5850496292114258, -24.138214111328125], [5.468864917755127, -3.4153735637664795, -20.17786407470703], [0.1140056625008583, 0.09253856539726257, 0.3648452162742615], [2.6746134757995605, -3.4904849529266357, -21.637683868408203], [-0.18100564181804657, 0.07799939066171646, 0.11438213288784027], [-1.977125644683838, -3.1667706966400146, -22.694990158081055]]}