{"track": "overworld", "karts": ["beastie", "kiki", "hexley", "emule", "amanda", "wilber", "adiumy", "xue", "suzanne", "nolok"], "detections": [[[1, 0, 259, 188, 346, 266], [3, 0, 0, 72, 506, 241]], [[1, 1, 262, 180, 335, 263], [1, 2, 336, 155, 340, 157], [1, 3, 420, 148, 421, 148], [3, 0, 0, 0, 402, 159], [3, 6, 280, 155, 285, 157]], [[1, 2, 274, 196, 325, 266], [1, 3, 407, 145, 412, 148], [3, 0, 0, 142, 398, 176], [3, 4, 315, 152, 315, 155], [3, 7, 288, 152, 293, 156], [3, 24, 294, 152, 302, 156], [255, 16777215, 125, 164, 415, 201]], [[1, 3, 275, 199, 332, 257], [3, 0, 0, 118, 522, 170], [3, 2, 44, 159, 52, 163], [3, 3, 42, 151, 48, 157], [3, 4, 39, 140, 48, 150], [3, 7, 0, 138, 12, 165], [3, 24, 5, 138, 38, 164]], [[1, 4, 256, 190, 341, 262], [1, 9, 517, 148, 534, 153], [3, 0, 0, 0, 599, 202]], [[1, 5, 262, 190, 338, 258], [3, 0, 205, 53, 599, 151]], [[1, 6, 252, 190, 354, 302], [2, 7, 205, 140, 288, 159], [2, 24, 289, 140, 396, 159], [3, 0, 0, 0, 599, 172], [3, 7, 106, 0, 288, 156], [3, 24, 286, 0, 481, 158]], [[1, 4, 301, 127, 305, 129], [1, 7, 268, 187, 336, 266], [1, 8, 275, 133, 281, 137], [1, 9, 363, 118, 367, 119], [3, 0, 0, 0, 599, 177]], [[1, 4, 352, 153, 361, 159], [1, 8, 266, 201, 342, 262], [1, 9, 472, 140, 482, 143], [3, 0, 0, 0, 599, 176]], [[1, 9, 264, 203, 330, 266], [3, 0, 0, 30, 599, 200]]], "distance_down_track": [1002.2514038085938, 270.4015197753906, 270.4015197753906, 270.4015197753906, 1343.6181640625, 210.92245483398438, 609.3746948242188, 1275.4678955078125, 1310.7178955078125, 1363.08935546875], "velocity": [[6.862022399902344, -0.6691139936447144, -20.612499237060547], [0.16626344621181488, 0.6152380108833313, 17.930376052856445], [10.397305488586426, 0.29717159271240234, 19.215362548828125], [21.176511764526367, -1.2781434059143066, 8.88378620147705], [-8.807687759399414, 2.238447666168213, -15.036857604980469], [18.010847091674805, -0.05640973150730133, -7.894199848175049], [-0.4342833161354065, -1.09479558467865, 6.45886754989624], [0.5954457521438599, 2.194516181945801, -20.53571128845215], [2.5964558124542236, 2.689683198928833, -20.359617233276367], [-18.69051170349121, 1.9388312101364136, 0.2693002223968506]]}