{"track": "tutorial", "karts": ["puffy", "hexley", "tux", "suzanne", "pidgin", "nolok", "beastie", "gavroche", "amanda", "adiumy"], "detections": [[[1, 0, 209, 199, 386, 334], [1, 2, 452, 193, 598, 281], [1, 9, 0, 187, 79, 254], [2, 0, 0, 86, 79, 126], [3, 0, 0, 28, 599, 399]], [[1, 0, 380, 157, 397, 167], [1, 1, 240, 193, 348, 347], [1, 2, 418, 158, 437, 169], [1, 3, 245, 150, 259, 160], [1, 7, 296, 153, 308, 162], [1, 9, 348, 154, 358, 163], [2, 0, 249, 131, 344, 155], [3, 0, 0, 28, 599, 399]], [[1, 2, 230, 196, 362, 313], [3, 0, 0, 2, 599, 399]], [[1, 3, 215, 201, 365, 335], [1, 7, 570, 217, 599, 235], [2, 0, 220, 108, 558, 198], [3, 0, 0, 35, 599, 399]], [[1, 0, 445, 208, 465, 220], [1, 1, 299, 309, 332, 352], [1, 2, 484, 216, 505, 229], [1, 3, 331, 187, 341, 194], [1, 4, 263, 209, 331, 259], [1, 7, 371, 193, 382, 200], [1, 9, 417, 198, 428, 206], [2, 0, 335, 158, 557, 192], [3, 0, 0, 0, 599, 399], [3, 8, 130, 40, 140, 51]], [[1, 4, 426, 176, 426, 176], [1, 5, 265, 202, 325, 261], [2, 0, 0, 168, 599, 399], [3, 0, 0, 44, 599, 399], [3, 6, 348, 33, 363, 56], [3, 7, 258, 41, 272, 57]], [[1, 5, 243, 143, 245, 144], [1, 6, 205, 179, 380, 341], [1, 8, 234, 143, 237, 145], [2, 0, 0, 143, 599, 399], [3, 0, 0, 6, 599, 269], [3, 6, 313, 70, 323, 83], [3, 7, 260, 63, 269, 74], [3, 8, 344, 93, 344, 93]], [[1, 7, 241, 205, 351, 322], [1, 9, 478, 173, 563, 227], [2, 0, 0, 42, 347, 184], [3, 0, 0, 0, 599, 399]], [[1, 5, 334, 172, 346, 181], [1, 8, 260, 191, 336, 257], [2, 0, 0, 175, 599, 399], [3, 0, 0, 66, 599, 337], [3, 6, 422, 55, 438, 77], [3, 7, 336, 71, 348, 84]], [[1, 9, 250, 190, 354, 305], [2, 0, 0, 97, 204, 219], [3, 0, 0, 73, 599, 399]]], "distance_down_track": [712.6583862304688, 712.6583862304688, 590.8922729492188, 590.8922729492188, 590.8922729492188, 619.34228515625, 590.8922729492188, 605.3455200195312, 576.2125244140625, 576.2125244140625], "velocity": [[0.03257257491350174, 0.36788490414619446, 0.0011774636805057526], [-4.377902030944824, 0.12028681486845016, -2.2087788581848145], [0.4757517874240875, 0.18016141653060913, 1.4923174381256104], [-0.6805820465087891, 0.13462629914283752, 0.11728053539991379], [-15.162392616271973, -9.266091346740723, -18.27643394470215], [1.0914231538772583, -2.08174467086792, -21.4079647064209], [0.6978892087936401, 0.05263311043381691, 0.011893413960933685], [-7.972066402435303, 0.5654848217964172, 0.7180085778236389], [7.982253074645996, -1.3560242652893066, -22.752304077148438], [-0.10652322322130203, 0.08205469697713852, 0.013285363093018532]]}