{"track": "tutorial", "karts": ["puffy", "hexley", "tux", "suzanne", "pidgin", "nolok", "beastie", "gavroche", "amanda", "adiumy"], "detections": [[[1, 0, 205, 201, 389, 328], [1, 2, 90, 155, 144, 184], [1, 5, 239, 159, 275, 181], [1, 7, 173, 158, 210, 181], [1, 9, 56, 158, 109, 190], [2, 0, 0, 103, 216, 160], [3, 0, 0, 36, 599, 399]], [[1, 0, 359, 159, 381, 172], [1, 1, 240, 193, 348, 346], [1, 2, 312, 152, 321, 162], [1, 4, 228, 157, 253, 171], [1, 5, 359, 156, 374, 164], [1, 7, 333, 155, 345, 163], [1, 9, 304, 153, 315, 162], [2, 0, 256, 132, 348, 155], [3, 0, 0, 25, 599, 399]], [[1, 2, 218, 197, 341, 328], [1, 5, 459, 201, 524, 248], [1, 7, 361, 202, 443, 255], [1, 9, 291, 229, 599, 399], [2, 0, 0, 72, 289, 213], [3, 0, 0, 51, 599, 399]], [[1, 0, 398, 219, 418, 231], [1, 1, 291, 298, 320, 335], [1, 2, 373, 191, 385, 198], [1, 3, 263, 200, 332, 258], [1, 4, 313, 216, 321, 222], [1, 5, 416, 199, 430, 207], [1, 7, 394, 194, 406, 201], [1, 9, 368, 193, 377, 200], [2, 0, 333, 157, 567, 190], [3, 0, 0, 0, 599, 399], [3, 8, 132, 43, 141, 52]], [[1, 0, 564, 187, 599, 223], [1, 2, 349, 157, 372, 175], [1, 4, 223, 217, 361, 318], [1, 5, 438, 164, 468, 180], [1, 7, 391, 161, 410, 177], [1, 9, 349, 158, 369, 177], [2, 0, 254, 122, 396, 161], [3, 0, 0, 14, 599, 399]], [[1, 5, 220, 205, 339, 335], [3, 0, 0, 31, 599, 399]], [[1, 6, 262, 190, 341, 259], [2, 0, 0, 143, 599, 399], [3, 0, 0, 55, 599, 316], [3, 6, 418, 45, 434, 64], [3, 7, 347, 55, 359, 67]], [[1, 2, 0, 276, 46, 389], [1, 5, 436, 189, 553, 278], [1, 7, 232, 205, 350, 333], [2, 0, 0, 72, 231, 220], [3, 0, 0, 27, 599, 399]], [[1, 6, 261, 153, 271, 161], [1, 8, 262, 192, 337, 255], [2, 0, 0, 137, 599, 399], [3, 0, 0, 29, 599, 282], [3, 6, 328, 52, 341, 67], [3, 7, 271, 50, 282, 62]], [[1, 2, 241, 169, 319, 225], [1, 5, 458, 172, 524, 214], [1, 7, 363, 171, 416, 219], [1, 9, 252, 191, 352, 303], [2, 0, 0, 56, 319, 173], [3, 0, 0, 0, 599, 399]]], "distance_down_track": [712.6583862304688, 712.6583862304688, 383.7624206542969, 383.7624206542969, 383.7624206542969, 473.2306823730469, 365.0060729980469, 420.1153259277344, 343.6702575683594, 343.6702575683594], "velocity": [[-4.942943096160889, 0.09509406238794327, -0.27408644556999207], [-4.22590970993042, 0.12504087388515472, -2.237550735473633], [-1.0383442640304565, -0.32688823342323303, 1.390807867050171], [-14.729823112487793, -8.370445251464844, -17.0956974029541], [-4.52060079574585, 0.09008471667766571, -1.8202271461486816], [-0.25184792280197144, 0.06211315095424652, 1.2339060306549072], [12.29153060913086, -2.289905309677124, -20.661489486694336], [-0.5502670407295227, 0.10318982601165771, 0.35499677062034607], [5.355494499206543, -4.124439716339111, -23.184696197509766], [-8.443159103393555, 0.1310100108385086, 0.5707581639289856]]}