{"track": "tutorial", "karts": ["puffy", "hexley", "tux", "suzanne", "pidgin", "nolok", "beastie", "gavroche", "amanda", "adiumy"], "detections": [[[1, 0, 205, 201, 389, 328], [1, 2, 467, 164, 522, 200], [1, 6, 211, 154, 260, 188], [1, 8, 54, 154, 124, 193], [2, 0, 0, 99, 195, 162], [3, 0, 0, 29, 599, 399]], [[1, 0, 378, 203, 391, 210], [1, 1, 240, 193, 349, 350], [1, 2, 436, 207, 449, 215], [1, 6, 385, 191, 396, 198], [1, 8, 359, 186, 368, 193], [2, 0, 0, 159, 599, 399], [3, 0, 0, 0, 599, 258], [3, 8, 125, 41, 135, 52]], [[1, 2, 225, 196, 357, 316], [3, 0, 0, 0, 599, 399]], [[1, 3, 265, 200, 344, 262], [2, 0, 0, 153, 599, 399], [3, 0, 0, 120, 599, 377], [5, 6, 479, 179, 510, 199], [5, 7, 395, 177, 419, 197], [5, 8, 305, 174, 322, 194], [5, 17, 250, 158, 253, 163], [5, 18, 270, 158, 274, 163], [5, 19, 286, 159, 290, 163], [5, 20, 179, 150, 180, 153], [5, 21, 169, 149, 170, 152], [5, 22, 156, 149, 157, 151]], [[1, 3, 123, 181, 127, 182], [1, 4, 238, 218, 388, 329], [2, 0, 0, 171, 599, 399], [3, 0, 0, 0, 599, 290], [5, 7, 117, 183, 119, 183], [5, 8, 96, 184, 99, 185], [5, 12, 219, 170, 224, 176], [5, 13, 241, 169, 246, 174]], [[1, 1, 320, 137, 323, 138], [1, 5, 270, 203, 329, 258], [2, 0, 0, 135, 599, 399], [3, 0, 0, 41, 599, 284], [3, 6, 351, 47, 363, 63], [3, 7, 291, 48, 302, 60]], [[1, 2, 348, 169, 374, 192], [1, 6, 204, 180, 379, 330], [3, 0, 0, 38, 599, 399]], [[1, 7, 273, 203, 327, 253], [2, 0, 0, 176, 599, 399], [3, 0, 0, 84, 599, 285], [3, 6, 270, 119, 278, 128], [3, 7, 224, 113, 232, 119]], [[1, 6, 468, 160, 595, 241], [1, 8, 213, 183, 373, 335], [2, 0, 0, 79, 287, 218], [3, 0, 0, 26, 599, 399]], [[1, 3, 68, 149, 70, 150], [1, 4, 264, 154, 275, 159], [1, 9, 267, 194, 339, 267], [2, 0, 0, 155, 599, 399], [3, 0, 0, 90, 599, 298], [3, 2, 442, 135, 462, 151], [5, 7, 48, 150, 48, 150], [5, 8, 34, 149, 37, 150], [5, 12, 172, 150, 174, 151], [5, 13, 182, 150, 185, 152], [5, 14, 290, 152, 294, 158], [5, 16, 237, 153, 242, 160]]], "distance_down_track": [712.6583862304688, 700.3687744140625, 383.7624206542969, 374.73779296875, 374.73779296875, 455.9293518066406, 365.0060729980469, 400.4352722167969, 343.6702575683594, 332.51373291015625], "velocity": [[-5.296026229858398, 0.11040570586919785, -0.11871133744716644], [-3.217690944671631, -0.43154412508010864, -3.60418438911438], [0.20977899432182312, 0.08340784907341003, 0.9706685543060303], [-13.637700080871582, 0.49583542346954346, 14.915361404418945], [0.17153193056583405, 0.07640146464109421, 0.3439355790615082], [6.289723873138428, -3.4597349166870117, -20.051794052124023], [-0.02975451387465, 0.07778728008270264, 1.2583695650100708], [-0.2645505964756012, 1.1424938440322876, -22.55553436279297], [-0.2957557141780853, 0.0887012928724289, 0.17339250445365906], [13.856138229370117, 0.9705435037612915, 7.973525047302246]]}