{"track": "tutorial", "karts": ["puffy", "hexley", "tux", "suzanne", "pidgin", "nolok", "beastie", "gavroche", "amanda", "adiumy"], "detections": [[[1, 0, 257, 201, 345, 261], [2, 0, 0, 160, 599, 399], [3, 0, 0, 66, 599, 291], [3, 6, 451, 56, 469, 75], [3, 7, 371, 71, 383, 84], [3, 8, 491, 87, 491, 87]], [[1, 1, 268, 196, 323, 270], [2, 0, 0, 166, 599, 399], [3, 0, 0, 39, 599, 399], [3, 6, 305, 26, 321, 50], [3, 7, 210, 33, 225, 50]], [[1, 2, 226, 196, 357, 321], [2, 0, 0, 60, 143, 232], [3, 0, 0, 0, 599, 399]], [[1, 3, 254, 200, 346, 276], [1, 4, 135, 188, 143, 191], [1, 6, 50, 179, 56, 182], [2, 0, 0, 150, 599, 282], [3, 0, 0, 11, 599, 399]], [[1, 4, 242, 214, 352, 291], [1, 6, 285, 145, 291, 151], [2, 0, 0, 101, 599, 399], [3, 0, 0, 0, 599, 204]], [[1, 5, 212, 202, 329, 327], [2, 0, 302, 87, 433, 127], [3, 0, 0, 0, 599, 399]], [[1, 6, 247, 186, 359, 285], [2, 0, 0, 106, 599, 399], [3, 0, 0, 0, 599, 222]], [[1, 2, 334, 157, 348, 165], [1, 7, 233, 205, 347, 315], [2, 0, 260, 132, 351, 157], [3, 0, 0, 0, 599, 399], [3, 8, 0, 4, 3, 13]], [[1, 8, 262, 191, 344, 260], [1, 9, 223, 143, 229, 148], [2, 0, 62, 144, 599, 399], [3, 0, 0, 0, 599, 399]], [[1, 9, 271, 195, 330, 254], [2, 0, 0, 165, 599, 399], [3, 0, 0, 17, 599, 351]]], "distance_down_track": [631.027587890625, 672.7023315429688, 0.0, 753.8200073242188, 753.8200073242188, 0.0, 753.8200073242188, 0.0, 753.8200073242188, 753.8200073242188], "velocity": [[11.875314712524414, -0.44806772470474243, -18.19852638244629], [-2.108419418334961, -2.3983163833618164, -19.40399169921875], [-0.17545850574970245, 0.08030673116445541, 0.35609352588653564], [-15.128361701965332, -2.560302257537842, -1.2209516763687134], [-6.271120071411133, -0.5462896823883057, -10.3043794631958], [4.83421516418457, -0.6101765036582947, -1.1191095113754272], [-9.07492446899414, 0.43284231424331665, -13.0220947265625], [-4.163667678833008, 0.11629483848810196, -2.5833334922790527], [-17.85019874572754, 2.5256402492523193, 12.140910148620605], [-18.504718780517578, 3.4375216960906982, 8.616771697998047]]}