{"track": "overworld", "karts": ["beastie", "kiki", "hexley", "emule", "amanda", "wilber", "adiumy", "xue", "suzanne", "nolok"], "detections": [[[1, 0, 256, 189, 341, 263], [3, 0, 0, 70, 395, 156], [3, 5, 165, 151, 169, 151], [3, 7, 326, 144, 329, 145], [3, 24, 330, 144, 333, 145]], [[1, 1, 267, 181, 339, 262], [1, 2, 251, 153, 256, 158], [3, 0, 0, 95, 472, 166], [3, 1, 155, 157, 178, 168], [3, 2, 174, 140, 184, 151], [3, 3, 171, 133, 178, 140], [3, 4, 168, 119, 179, 130], [3, 7, 192, 122, 215, 160], [3, 8, 192, 125, 199, 134], [3, 24, 209, 122, 235, 158], [3, 25, 220, 124, 233, 145], [255, 16777215, 0, 135, 419, 203]], [[1, 2, 276, 196, 327, 265], [1, 3, 280, 164, 281, 165], [1, 6, 281, 163, 281, 163], [2, 24, 291, 163, 292, 163], [3, 0, 0, 89, 599, 174], [3, 1, 138, 156, 185, 182], [3, 2, 192, 131, 210, 151], [3, 3, 189, 116, 204, 130], [3, 4, 186, 95, 204, 115], [3, 7, 251, 116, 275, 164], [3, 8, 251, 118, 263, 132], [3, 24, 272, 116, 299, 163], [3, 25, 281, 117, 299, 156], [255, 16777215, 13, 149, 570, 195]], [[1, 3, 273, 190, 330, 247], [1, 6, 300, 148, 322, 169], [2, 7, 236, 151, 289, 164], [2, 24, 290, 148, 357, 162], [3, 0, 0, 0, 599, 174], [3, 7, 166, 0, 289, 163], [3, 24, 281, 0, 400, 158]], [[1, 4, 256, 192, 338, 260], [1, 7, 390, 147, 392, 148], [3, 0, 0, 107, 560, 168]], [[1, 0, 248, 138, 250, 139], [1, 5, 261, 190, 336, 259], [3, 0, 0, 54, 599, 177], [3, 24, 231, 134, 231, 134]], [[1, 6, 251, 190, 354, 304], [2, 7, 215, 165, 289, 181], [2, 24, 289, 165, 386, 181], [3, 0, 0, 0, 599, 196], [3, 7, 126, 0, 288, 178], [3, 24, 286, 0, 461, 180]], [[1, 7, 270, 187, 338, 266], [3, 0, 0, 73, 451, 212]], [[1, 8, 255, 200, 332, 262], [1, 9, 404, 166, 409, 168], [3, 0, 345, 62, 599, 162]], [[1, 9, 263, 203, 326, 266], [3, 0, 0, 0, 599, 150]]], "distance_down_track": [116.6878890991211, 434.1119689941406, 434.1119689941406, 434.1119689941406, 975.4910278320312, 42.85356140136719, 621.8214721679688, 1042.3861083984375, 180.560546875, 1171.578369140625], "velocity": [[-2.716459035873413, -0.6873918771743774, 21.553619384765625], [6.10441255569458, -2.0855414867401123, 17.713977813720703], [1.5787286758422852, -1.9492586851119995, 21.705543518066406], [-1.5962060689926147, -3.8605716228485107, 22.617429733276367], [14.148391723632812, -0.46325749158859253, -16.49298667907715], [5.561563014984131, -0.23390784859657288, 18.8607120513916], [0.0018098209984600544, 0.0818181037902832, 0.12930476665496826], [5.454583644866943, -0.31526583433151245, -19.96592140197754], [20.602970123291016, 0.4739183783531189, -1.9449968338012695], [8.02482795715332, 0.32629209756851196, -14.56139850616455]]}