{"track": "scotland", "karts": ["konqi", "sara_the_racer", "wilber", "beastie", "gavroche", "pidgin", "tux", "gnu", "xue", "hexley"], "detections": [[[1, 0, 254, 190, 329, 265], [1, 2, 394, 157, 396, 159], [1, 3, 377, 157, 382, 161], [1, 4, 393, 157, 394, 159], [1, 7, 317, 155, 332, 177], [1, 8, 389, 157, 394, 161], [2, 0, 0, 149, 453, 399], [3, 0, 0, 0, 599, 399], [3, 60, 291, 129, 297, 138], [4, 2, 360, 152, 362, 154], [5, 41, 265, 153, 323, 213]], [[1, 1, 274, 180, 321, 258], [1, 9, 189, 198, 275, 274], [2, 0, 0, 144, 528, 399], [3, 0, 0, 0, 599, 399], [4, 1, 444, 185, 565, 271]], [[1, 2, 265, 191, 334, 252], [1, 4, 126, 267, 291, 399], [2, 0, 0, 146, 599, 399], [3, 0, 0, 0, 599, 215], [3, 60, 147, 110, 168, 141], [4, 2, 226, 150, 234, 157], [4, 4, 307, 149, 315, 155]], [[1, 2, 295, 158, 306, 164], [1, 3, 257, 189, 342, 261], [1, 4, 296, 160, 305, 166], [1, 8, 360, 179, 422, 233], [2, 0, 0, 146, 599, 399], [3, 0, 0, 0, 599, 228], [3, 4, 422, 28, 426, 32], [3, 60, 118, 112, 136, 133], [4, 2, 228, 150, 233, 154], [4, 4, 277, 149, 281, 152]], [[1, 2, 294, 175, 338, 214], [1, 4, 271, 203, 329, 259], [2, 0, 0, 145, 599, 399], [3, 0, 0, 0, 599, 216], [3, 60, 132, 109, 155, 140], [4, 2, 220, 149, 229, 155], [4, 4, 298, 148, 305, 153]], [[1, 2, 319, 155, 322, 157], [1, 3, 313, 156, 319, 161], [1, 4, 319, 156, 322, 158], [1, 5, 261, 209, 333, 260], [1, 8, 325, 156, 331, 161], [2, 0, 0, 147, 599, 399], [3, 0, 0, 0, 599, 238], [3, 60, 196, 125, 203, 135], [4, 2, 280, 152, 282, 153], [4, 4, 308, 151, 310, 152]], [[1, 1, 244, 161, 248, 165], [1, 6, 272, 198, 336, 254], [1, 9, 238, 162, 243, 165], [2, 0, 0, 159, 599, 399], [3, 0, 0, 0, 599, 213], [4, 1, 254, 161, 257, 165]], [[1, 2, 346, 156, 349, 158], [1, 3, 335, 157, 341, 162], [1, 4, 346, 157, 348, 159], [1, 5, 249, 179, 284, 199], [1, 7, 269, 162, 322, 230], [1, 8, 347, 157, 352, 162], [2, 0, 0, 149, 599, 399], [3, 0, 0, 0, 599, 362], [3, 60, 237, 127, 244, 137], [4, 2, 312, 153, 314, 154], [4, 4, 339, 153, 341, 154]], [[1, 2, 281, 157, 291, 165], [1, 3, 0, 207, 186, 327], [1, 4, 280, 160, 288, 167], [1, 8, 266, 188, 334, 264], [2, 0, 0, 146, 599, 399], [3, 0, 0, 0, 599, 208], [3, 60, 117, 112, 139, 141], [4, 2, 221, 150, 226, 154], [4, 4, 272, 149, 276, 152]], [[1, 1, 340, 179, 380, 250], [1, 9, 269, 196, 325, 265], [2, 0, 0, 149, 599, 399], [3, 0, 0, 0, 599, 360], [4, 1, 489, 182, 599, 257]]], "distance_down_track": [191.2903594970703, 145.7480926513672, 259.24407958984375, 236.2986297607422, 256.43768310546875, 202.83221435546875, 92.44099426269531, 199.489501953125, 237.51132202148438, 145.76116943359375], "velocity": [[18.540119171142578, 0.07921341806650162, 11.605422973632812], [-17.16023063659668, -1.979048252105713, 13.237093925476074], [19.081018447875977, 0.08169275522232056, 11.666244506835938], [20.747861862182617, 0.08174345642328262, 6.946196556091309], [18.238372802734375, 0.08169068396091461, 9.79004955291748], [21.18840980529785, 0.08241153508424759, 8.079851150512695], [-22.921165466308594, -1.474069595336914, -1.2030564546585083], [21.625497817993164, 0.0838036760687828, 11.49733829498291], [19.6063175201416, 0.08176130801439285, 6.920467853546143], [-16.60565757751465, -1.7946045398712158, 13.951423645019531]]}