{"track": "tutorial", "karts": ["puffy", "hexley", "tux", "suzanne", "pidgin", "nolok", "beastie", "gavroche", "amanda", "adiumy"], "detections": [[[1, 0, 205, 203, 394, 327], [1, 1, 42, 266, 219, 399], [2, 0, 0, 134, 74, 170], [3, 0, 0, 55, 599, 399]], [[1, 0, 376, 116, 599, 225], [1, 1, 244, 192, 355, 350], [2, 0, 0, 98, 119, 188], [3, 0, 0, 55, 599, 399]], [[1, 0, 506, 182, 534, 197], [1, 1, 482, 188, 502, 201], [1, 2, 268, 197, 329, 253], [1, 9, 359, 190, 375, 204], [2, 0, 342, 143, 477, 178], [3, 0, 0, 0, 599, 399], [3, 8, 124, 40, 135, 52]], [[1, 3, 260, 200, 331, 258], [1, 7, 314, 170, 331, 185], [2, 0, 0, 159, 599, 399], [3, 0, 0, 12, 599, 395], [3, 6, 236, 2, 255, 30], [3, 7, 115, 0, 138, 23]], [[1, 4, 265, 209, 334, 255], [2, 0, 0, 172, 599, 399], [3, 0, 0, 72, 599, 269], [3, 6, 461, 61, 480, 82], [3, 7, 375, 78, 387, 91]], [[1, 4, 237, 148, 240, 149], [1, 5, 239, 204, 349, 310], [2, 0, 0, 143, 599, 399], [3, 0, 0, 69, 599, 259], [3, 6, 299, 72, 309, 85], [3, 7, 248, 65, 257, 75]], [[1, 5, 289, 186, 298, 192], [1, 6, 257, 188, 346, 263], [1, 8, 34, 221, 234, 358], [2, 0, 0, 186, 599, 399], [3, 0, 0, 125, 599, 329], [3, 6, 274, 124, 281, 133], [3, 7, 227, 117, 233, 119]], [[1, 0, 435, 184, 440, 185], [1, 7, 269, 203, 323, 258], [1, 9, 370, 184, 370, 184], [2, 0, 0, 155, 599, 399], [3, 0, 0, 0, 599, 371], [3, 6, 175, 0, 194, 9], [3, 8, 211, 52, 213, 57]], [[1, 5, 305, 185, 314, 192], [1, 6, 334, 179, 394, 227], [1, 8, 261, 191, 341, 255], [2, 0, 0, 187, 599, 399], [3, 0, 0, 54, 599, 339], [3, 6, 279, 126, 286, 136], [3, 7, 232, 120, 236, 122]], [[1, 0, 477, 146, 533, 169], [1, 1, 438, 161, 471, 185], [1, 9, 250, 191, 354, 304], [2, 0, 141, 108, 340, 160], [3, 0, 0, 18, 599, 399]]], "distance_down_track": [712.6583862304688, 712.6583862304688, 512.133544921875, 512.133544921875, 512.133544921875, 561.7310180664062, 491.73480224609375, 532.0, 473.2306823730469, 473.2306823730469], "velocity": [[-0.06960482150316238, 0.08166392147541046, 0.00116908666677773], [-0.1429644376039505, 0.08194320648908615, 0.012306492775678635], [-14.474727630615234, -13.728494644165039, -17.14909553527832], [-7.694687843322754, -3.176755666732788, -21.440616607666016], [12.326236724853516, -0.289668470621109, -20.765417098999023], [0.7697126269340515, -1.1577070951461792, -9.517433166503906], [0.09429620206356049, -0.14768898487091064, -21.37647247314453], [-11.114945411682129, -3.179875135421753, -19.64350128173828], [0.38060882687568665, 0.31823861598968506, -22.90406608581543], [-4.990237236022949, 0.10031042248010635, -0.8321200013160706]]}