{"track": "tutorial", "karts": ["puffy", "hexley", "tux", "suzanne", "pidgin", "nolok", "beastie", "gavroche", "amanda", "adiumy"], "detections": [[[1, 0, 203, 202, 392, 328], [1, 1, 385, 198, 394, 204], [1, 2, 356, 190, 364, 196], [1, 4, 373, 195, 381, 199], [1, 6, 339, 191, 348, 197], [1, 8, 305, 196, 320, 204], [1, 9, 382, 196, 387, 201], [2, 0, 0, 162, 599, 399], [3, 0, 0, 0, 599, 319], [3, 8, 113, 37, 123, 48]], [[1, 1, 243, 192, 354, 350], [1, 4, 0, 207, 162, 299], [1, 9, 148, 189, 262, 290], [2, 0, 0, 96, 112, 170], [3, 0, 0, 53, 599, 399]], [[1, 1, 542, 201, 599, 252], [1, 2, 225, 199, 345, 328], [1, 4, 402, 202, 504, 263], [1, 9, 474, 190, 573, 253], [2, 0, 0, 58, 255, 208], [3, 0, 0, 30, 599, 399]], [[1, 3, 265, 200, 341, 258], [2, 0, 36, 165, 599, 399], [3, 0, 0, 138, 599, 399], [5, 5, 208, 160, 218, 168], [5, 6, 151, 159, 154, 160], [5, 7, 132, 158, 136, 159], [5, 8, 107, 156, 112, 158], [5, 12, 247, 161, 255, 169], [5, 13, 275, 162, 282, 169]], [[1, 1, 274, 173, 377, 230], [1, 4, 212, 217, 362, 328], [1, 9, 263, 179, 341, 248], [3, 0, 0, 41, 599, 399]], [[1, 0, 415, 169, 425, 173], [1, 5, 268, 203, 326, 258], [2, 0, 0, 172, 599, 399], [3, 0, 0, 61, 599, 350], [3, 6, 407, 50, 423, 71], [3, 7, 321, 64, 333, 77]], [[1, 1, 534, 174, 599, 223], [1, 2, 328, 166, 380, 221], [1, 4, 428, 176, 494, 211], [1, 6, 210, 180, 380, 331], [1, 9, 484, 170, 548, 213], [2, 0, 0, 62, 328, 169], [3, 0, 0, 0, 599, 399]], [[1, 7, 274, 203, 328, 251], [2, 0, 0, 188, 599, 399], [3, 0, 0, 58, 599, 283], [3, 6, 272, 129, 279, 137], [3, 7, 225, 122, 228, 125]], [[1, 1, 447, 201, 463, 211], [1, 2, 395, 189, 409, 199], [1, 4, 424, 196, 439, 204], [1, 6, 368, 189, 383, 200], [1, 8, 261, 191, 335, 257], [1, 9, 439, 197, 451, 206], [2, 0, 335, 152, 549, 187], [3, 0, 0, 0, 599, 399], [3, 8, 128, 39, 137, 51]], [[1, 1, 338, 190, 546, 349], [1, 4, 15, 215, 237, 350], [1, 9, 249, 190, 352, 307], [2, 0, 0, 96, 77, 131], [3, 0, 0, 33, 599, 399]]], "distance_down_track": [712.6583862304688, 712.6583862304688, 343.6702575683594, 332.51373291015625, 343.6702575683594, 400.4352722167969, 321.3812561035156, 365.0060729980469, 310.5081787109375, 298.94915771484375], "velocity": [[-0.06966755539178848, 0.0816696360707283, 0.001221802900545299], [-0.5682939887046814, 0.18452532589435577, 0.5505008101463318], [-0.5094572901725769, 0.2697317600250244, 1.442010760307312], [6.758511066436768, 1.6839284896850586, 20.199745178222656], [0.0053026266396045685, 0.08368340134620667, 1.1063514947891235], [6.455646514892578, -1.2746472358703613, -20.78736114501953], [-6.510425567626953, 0.117952860891819, 0.14593066275119781], [-0.12190567702054977, 0.7950990200042725, -22.59468650817871], [-15.5150785446167, -10.611360549926758, -17.708873748779297], [0.16975517570972443, 0.027510525658726692, 1.72072434425354]]}