{"track": "overworld", "karts": ["beastie", "kiki", "hexley", "emule", "amanda", "wilber", "adiumy", "xue", "suzanne", "nolok"], "detections": [[[1, 0, 258, 189, 343, 262], [3, 0, 224, 132, 583, 158], [3, 4, 291, 154, 294, 157], [3, 7, 298, 151, 307, 157], [3, 8, 298, 154, 300, 156], [3, 24, 308, 151, 317, 157], [3, 25, 313, 152, 316, 154]], [[1, 1, 266, 182, 332, 257], [1, 2, 276, 147, 279, 150], [1, 9, 288, 154, 294, 159], [3, 0, 0, 0, 599, 161]], [[1, 2, 277, 196, 333, 271], [3, 0, 0, 0, 599, 218]], [[1, 3, 240, 202, 359, 322], [1, 6, 250, 154, 357, 257], [2, 7, 215, 158, 289, 174], [2, 24, 290, 158, 387, 175], [3, 0, 0, 0, 599, 185], [3, 7, 127, 0, 289, 172], [3, 24, 287, 0, 461, 173]], [[1, 1, 283, 150, 283, 151], [1, 4, 256, 191, 338, 262], [1, 8, 283, 151, 285, 152], [3, 0, 0, 0, 599, 157]], [[1, 5, 259, 190, 330, 256], [2, 0, 271, 154, 286, 170], [3, 0, 0, 16, 599, 167], [3, 7, 292, 128, 292, 128], [3, 24, 293, 128, 296, 129]], [[1, 3, 238, 238, 355, 361], [1, 6, 250, 190, 355, 285], [2, 7, 216, 161, 290, 179], [2, 24, 291, 163, 387, 180], [3, 0, 0, 0, 599, 198], [3, 7, 132, 0, 290, 175], [3, 24, 291, 0, 466, 180]], [[1, 7, 263, 187, 331, 264], [3, 0, 0, 55, 372, 182], [3, 4, 369, 146, 371, 147], [3, 6, 189, 156, 203, 162], [3, 7, 344, 146, 349, 149], [3, 24, 350, 146, 356, 148], [255, 16777215, 208, 157, 481, 188]], [[1, 1, 290, 154, 300, 167], [1, 2, 271, 133, 273, 135], [1, 8, 259, 201, 335, 261], [1, 9, 284, 141, 287, 144], [3, 0, 0, 0, 599, 162]], [[1, 2, 281, 157, 287, 163], [1, 9, 270, 203, 330, 259], [3, 0, 0, 0, 599, 168]]], "distance_down_track": [288.60064697265625, 1242.4405517578125, 1294.8489990234375, 621.9219970703125, 1149.9464111328125, 19.582143783569336, 621.8298950195312, 342.90521240234375, 1227.553466796875, 1267.0877685546875], "velocity": [[0.3230148255825043, 0.4363498389720917, 21.728219985961914], [-1.7070139646530151, 1.3004878759384155, -19.547557830810547], [2.364553213119507, 2.715991497039795, -19.33247184753418], [-0.02268904633820057, 0.5193494558334351, 0.3724808692932129], [-4.662636756896973, 0.2060677707195282, -21.227989196777344], [3.153876304626465, -1.9887608289718628, 21.529525756835938], [0.18839910626411438, 0.30135342478752136, 0.40621137619018555], [4.830312728881836, -0.18326622247695923, 20.127702713012695], [-2.7033557891845703, -0.23696552217006683, -20.521347045898438], [-0.29308611154556274, 2.338148832321167, -20.5654354095459]]}