{"track": "tutorial", "karts": ["puffy", "hexley", "tux", "suzanne", "pidgin", "nolok", "beastie", "gavroche", "amanda", "adiumy"], "detections": [[[1, 0, 255, 201, 344, 262], [2, 0, 15, 89, 599, 399], [2, 1, 259, 162, 284, 166], [2, 3, 315, 162, 340, 166], [3, 0, 0, 57, 599, 264], [3, 1, 258, 143, 284, 166], [3, 2, 285, 144, 287, 146], [3, 3, 315, 144, 341, 166], [3, 4, 274, 118, 302, 146], [3, 5, 301, 119, 328, 143], [4, 4, 421, 248, 599, 399], [4, 10, 0, 247, 176, 399]], [[1, 1, 273, 196, 328, 271], [2, 0, 0, 152, 599, 399], [3, 0, 0, 115, 599, 314], [3, 2, 370, 145, 383, 155], [5, 12, 160, 145, 161, 146], [5, 13, 168, 146, 169, 147], [5, 14, 265, 152, 267, 156], [5, 15, 249, 152, 252, 155], [5, 16, 230, 151, 233, 155]], [[1, 2, 268, 185, 338, 241], [2, 0, 24, 144, 599, 399], [3, 0, 0, 115, 599, 399], [5, 17, 236, 164, 245, 178], [5, 18, 291, 163, 299, 176], [5, 19, 331, 164, 339, 175], [5, 20, 193, 149, 196, 153], [5, 21, 175, 148, 178, 153], [5, 22, 151, 147, 154, 152]], [[1, 3, 264, 200, 334, 254], [2, 0, 0, 183, 599, 399], [3, 0, 0, 0, 599, 266], [3, 6, 261, 143, 269, 147], [3, 7, 216, 135, 224, 140]], [[1, 4, 267, 209, 336, 257], [1, 9, 580, 168, 584, 170], [2, 0, 0, 144, 599, 399], [3, 0, 0, 55, 599, 318], [3, 6, 416, 45, 431, 64], [3, 7, 345, 55, 357, 67]], [[1, 5, 267, 202, 323, 258], [1, 6, 373, 172, 381, 174], [1, 9, 534, 173, 539, 176], [2, 0, 0, 162, 599, 399], [3, 0, 0, 23, 599, 399], [3, 6, 260, 11, 277, 38], [3, 7, 149, 12, 169, 33]], [[1, 6, 247, 188, 333, 266], [1, 7, 229, 203, 243, 213], [1, 8, 270, 182, 281, 191], [1, 9, 328, 154, 333, 158], [2, 0, 210, 148, 362, 180], [3, 0, 0, 30, 599, 399]], [[1, 7, 238, 205, 352, 321], [1, 8, 323, 155, 350, 181], [2, 0, 156, 110, 345, 160], [3, 0, 0, 19, 599, 399]], [[1, 8, 214, 183, 374, 336], [2, 0, 0, 70, 260, 216], [3, 0, 0, 15, 599, 399]], [[1, 9, 256, 190, 358, 305], [2, 0, 0, 166, 599, 399], [3, 0, 0, 0, 599, 218]]], "distance_down_track": [271.8766174316406, 345.375, 0.0, 0.0, 0.0, 0.0, 0.0, 0.0, 0.0, 753.8200073242188], "velocity": [[21.73499870300293, 0.002570368116721511, 0.0026243203319609165], [18.368547439575195, 0.9457396864891052, 6.958034515380859], [-22.55574607849121, 0.31193971633911133, 4.4878764152526855], [-1.3433805704116821, 0.24205589294433594, -22.959457397460938], [12.11069107055664, -2.1838386058807373, -20.7794246673584], [-6.512574672698975, -3.043774366378784, -21.84769630432129], [-15.470053672790527, -10.131574630737305, -17.843782424926758], [-4.966750621795654, 0.0999094545841217, -0.9326767921447754], [-0.23448018729686737, 0.07107691466808319, 0.2096937894821167], [-1.9800060987472534, -0.10695046186447144, 1.3546785116195679]]}