{"track": "hacienda", "karts": ["adiumy", "tux", "puffy", "pidgin", "nolok", "emule", "beastie", "sara_the_wizard", "gavroche", "konqi"], "detections": [[[1, 0, 269, 194, 335, 260], [2, 0, 0, 141, 599, 399], [3, 0, 0, 0, 599, 271]], [[1, 1, 265, 198, 330, 254], [1, 4, 426, 147, 438, 153], [1, 5, 413, 147, 427, 155], [1, 7, 450, 140, 460, 149], [1, 8, 409, 149, 416, 156], [2, 0, 0, 153, 521, 399], [3, 0, 0, 0, 599, 399], [5, 2, 353, 155, 360, 163], [5, 29, 390, 161, 390, 161], [5, 30, 321, 150, 334, 164]], [[1, 2, 258, 201, 346, 263], [1, 6, 268, 157, 280, 167], [1, 9, 272, 159, 285, 169], [2, 0, 0, 136, 599, 399], [3, 0, 0, 0, 599, 303], [4, 14, 298, 151, 307, 159], [4, 21, 274, 152, 284, 161], [4, 22, 248, 153, 259, 162]], [[1, 2, 334, 166, 347, 174], [1, 3, 260, 210, 339, 264], [1, 6, 336, 164, 340, 169], [1, 9, 338, 165, 344, 169], [2, 0, 0, 152, 599, 399], [3, 0, 0, 0, 599, 338], [4, 14, 355, 161, 361, 165], [4, 21, 340, 162, 346, 166], [4, 22, 324, 162, 330, 166]], [[1, 2, 417, 164, 419, 165], [1, 3, 357, 166, 371, 172], [1, 4, 270, 203, 326, 254], [1, 5, 272, 322, 395, 399], [1, 7, 387, 176, 448, 245], [1, 8, 117, 282, 294, 399], [2, 0, 0, 160, 599, 399], [3, 0, 0, 0, 599, 349]], [[1, 3, 368, 164, 380, 171], [1, 4, 284, 183, 316, 210], [1, 5, 269, 198, 328, 259], [1, 7, 360, 166, 387, 205], [1, 8, 232, 199, 289, 245], [2, 0, 0, 160, 581, 399], [3, 0, 0, 0, 599, 399]], [[1, 6, 218, 181, 386, 322], [1, 9, 219, 334, 410, 399], [2, 0, 0, 134, 599, 399], [3, 0, 0, 0, 599, 393], [4, 14, 439, 147, 485, 183], [4, 21, 343, 149, 389, 189], [4, 22, 227, 148, 275, 191]], [[1, 3, 325, 160, 340, 167], [1, 4, 0, 228, 151, 361], [1, 7, 271, 178, 340, 329], [2, 0, 0, 155, 392, 399], [3, 0, 0, 0, 599, 399]], [[1, 3, 366, 164, 378, 170], [1, 4, 306, 183, 340, 213], [1, 5, 321, 203, 396, 278], [1, 7, 382, 166, 419, 208], [1, 8, 269, 203, 326, 259], [2, 0, 0, 160, 599, 399], [3, 0, 0, 0, 599, 317]], [[1, 6, 266, 173, 321, 222], [1, 9, 265, 192, 342, 266], [2, 0, 0, 135, 599, 399], [3, 0, 0, 0, 599, 380], [4, 14, 381, 153, 409, 177], [4, 21, 316, 155, 345, 181], [4, 22, 238, 154, 271, 183]]], "distance_down_track": [871.4622192382812, 957.8175048828125, 1023.4309692382812, 1004.8248291015625, 986.2924194335938, 983.3632202148438, 1043.315185546875, 986.5762939453125, 983.8657836914062, 1041.567626953125], "velocity": [[-2.5797083377838135, -0.22957271337509155, -18.40705680847168], [-19.302459716796875, 3.2783524990081787, -10.355947494506836], [-9.940208435058594, 0.5603340268135071, 19.3206729888916], [-12.982291221618652, 1.8150161504745483, 15.924237251281738], [-20.600481033325195, 3.2958309650421143, 9.726489067077637], [-19.9549503326416, 3.1644651889801025, 7.374359130859375], [-6.153703689575195, 0.8434001803398132, 5.39893913269043], [-5.841134071350098, 0.9259335994720459, 2.1957314014434814], [-19.587736129760742, 3.067750930786133, 7.800467491149902], [-14.963760375976562, 1.6231215000152588, 14.210603713989258]]}