{"track": "scotland", "karts": ["konqi", "sara_the_racer", "wilber", "beastie", "gavroche", "pidgin", "tux", "gnu", "xue", "hexley"], "detections": [[[1, 0, 257, 190, 330, 263], [1, 2, 377, 161, 384, 166], [1, 3, 359, 162, 367, 169], [1, 4, 386, 162, 392, 166], [1, 5, 302, 172, 324, 184], [1, 7, 373, 159, 380, 166], [1, 8, 351, 162, 360, 170], [2, 0, 0, 160, 599, 399], [3, 0, 0, 86, 599, 264]], [[1, 0, 389, 157, 395, 161], [1, 1, 279, 180, 316, 244], [1, 9, 420, 183, 483, 224], [2, 0, 0, 159, 599, 399], [3, 0, 0, 118, 599, 336], [5, 23, 579, 186, 599, 217]], [[1, 2, 262, 191, 330, 253], [1, 4, 315, 185, 349, 218], [2, 0, 0, 132, 599, 399], [3, 0, 0, 57, 599, 227], [4, 15, 441, 149, 447, 154]], [[1, 2, 299, 162, 320, 179], [1, 3, 256, 189, 339, 263], [1, 4, 320, 164, 334, 176], [1, 7, 418, 163, 599, 335], [1, 8, 183, 351, 301, 399], [2, 0, 0, 153, 599, 399], [3, 0, 0, 48, 599, 248]], [[1, 2, 48, 244, 276, 399], [1, 4, 268, 203, 325, 261], [2, 0, 0, 133, 599, 399], [3, 0, 0, 47, 599, 237], [4, 15, 424, 149, 431, 153]], [[1, 2, 356, 160, 362, 166], [1, 3, 343, 162, 352, 172], [1, 4, 367, 161, 374, 166], [1, 5, 262, 209, 332, 256], [1, 7, 360, 157, 369, 168], [1, 8, 334, 163, 345, 174], [2, 0, 0, 157, 599, 399], [3, 0, 0, 73, 599, 253]], [[1, 1, 260, 166, 262, 170], [1, 5, 313, 170, 315, 171], [1, 6, 272, 198, 336, 253], [1, 9, 278, 168, 281, 171], [2, 0, 0, 168, 599, 399], [3, 0, 0, 0, 599, 223], [5, 23, 293, 168, 295, 170], [5, 24, 308, 168, 310, 171]], [[1, 2, 269, 165, 287, 178], [1, 3, 208, 182, 254, 219], [1, 4, 288, 166, 297, 173], [1, 7, 279, 169, 321, 222], [1, 8, 114, 205, 212, 295], [2, 0, 0, 155, 599, 399], [3, 0, 0, 34, 599, 304]], [[1, 2, 310, 157, 326, 170], [1, 3, 289, 169, 330, 206], [1, 4, 327, 159, 339, 168], [1, 7, 366, 155, 423, 205], [1, 8, 268, 186, 335, 264], [2, 0, 0, 150, 599, 399], [3, 0, 0, 43, 599, 244]], [[1, 0, 361, 155, 364, 159], [1, 1, 0, 259, 2, 270], [1, 9, 274, 196, 325, 265], [2, 0, 0, 157, 599, 399], [3, 0, 0, 113, 599, 219], [5, 23, 472, 201, 529, 258]]], "distance_down_track": [485.6512145996094, 435.23052978515625, 524.5772094726562, 514.3496704101562, 526.3756103515625, 494.1440734863281, 391.2850341796875, 512.4059448242188, 511.1197509765625, 436.78424072265625], "velocity": [[21.943681716918945, -0.5880404114723206, 0.7682734131813049], [16.901247024536133, -0.9091606736183167, 18.194608688354492], [20.12427520751953, -0.8263885974884033, -10.605027198791504], [21.22042465209961, -0.8333091139793396, -7.007026195526123], [17.84648323059082, -0.8118244409561157, -11.08009147644043], [23.047325134277344, -1.0433543920516968, -0.1283695250749588], [19.61141586303711, 0.7823481559753418, 11.99084186553955], [31.173744201660156, -1.4112985134124756, -8.398441314697266], [20.777585983276367, -0.9198822379112244, -4.99778938293457], [14.836441993713379, -0.7787604331970215, 16.02173614501953]]}