{"track": "tutorial", "karts": ["puffy", "hexley", "tux", "suzanne", "pidgin", "nolok", "beastie", "gavroche", "amanda", "adiumy"], "detections": [[[1, 0, 205, 201, 389, 328], [1, 7, 522, 167, 579, 201], [2, 0, 0, 101, 203, 161], [3, 0, 0, 32, 599, 399]], [[1, 0, 346, 159, 370, 174], [1, 1, 241, 193, 349, 349], [1, 3, 257, 155, 278, 168], [1, 7, 461, 160, 488, 174], [2, 0, 217, 129, 322, 155], [3, 0, 0, 33, 599, 399]], [[1, 2, 267, 198, 332, 252], [2, 0, 0, 137, 599, 399], [3, 0, 0, 36, 599, 281], [3, 6, 323, 53, 334, 67], [3, 7, 267, 51, 277, 62]], [[1, 3, 221, 201, 369, 322], [2, 0, 59, 97, 323, 162], [3, 0, 0, 16, 599, 399]], [[1, 4, 266, 210, 335, 258], [1, 9, 278, 159, 280, 160], [2, 0, 0, 161, 599, 399], [3, 0, 0, 98, 599, 284], [3, 6, 266, 104, 274, 114], [3, 7, 218, 97, 224, 104]], [[1, 4, 230, 158, 230, 158], [1, 5, 271, 203, 329, 256], [2, 0, 0, 158, 599, 399], [3, 0, 0, 121, 599, 348], [3, 6, 159, 131, 166, 139], [3, 7, 97, 118, 107, 127]], [[1, 2, 283, 166, 296, 177], [1, 6, 260, 190, 339, 257], [2, 0, 0, 144, 599, 399], [3, 0, 0, 19, 599, 272], [3, 6, 301, 66, 311, 79], [3, 7, 247, 61, 257, 72]], [[1, 7, 236, 205, 349, 319], [2, 0, 491, 17, 599, 76], [3, 0, 0, 0, 599, 399]], [[1, 5, 250, 161, 261, 168], [1, 8, 268, 192, 343, 256], [2, 0, 0, 155, 599, 399], [3, 0, 0, 124, 599, 317], [3, 6, 56, 124, 67, 134], [5, 20, 487, 189, 531, 220], [5, 21, 365, 187, 400, 217]], [[1, 2, 267, 166, 276, 173], [1, 6, 284, 167, 305, 185], [1, 9, 275, 196, 326, 245], [2, 0, 0, 150, 599, 399], [3, 0, 0, 75, 599, 332], [3, 6, 262, 75, 271, 87], [3, 7, 207, 68, 216, 78]]], "distance_down_track": [712.6583862304688, 712.6583862304688, 321.3812561035156, 321.3812561035156, 321.3812561035156, 383.7624206542969, 308.81024169921875, 365.0060729980469, 268.0081787109375, 268.0081787109375], "velocity": [[-4.985787391662598, 0.09866812825202942, -0.17028048634529114], [-4.608771324157715, 0.1150011196732521, -1.8012611865997314], [4.718287944793701, -3.8361456394195557, -22.086153030395508], [-4.9440226554870605, 0.09771465510129929, -0.4687111973762512], [-0.6558629870414734, -0.03664596751332283, -24.044429779052734], [-9.16169548034668, 1.5050727128982544, -19.371999740600586], [2.7651853561401367, -3.8748795986175537, -23.676179885864258], [2.3949573040008545, 0.3034193515777588, 3.4319498538970947], [-16.44257926940918, 1.6909135580062866, -17.606956481933594], [-0.3389604985713959, -3.427669048309326, -25.77083969116211]]}