{"track": "sandtrack", "karts": ["wilber", "tux", "beastie", "hexley", "adiumy", "gnu", "gavroche", "sara_the_wizard", "puffy", "emule"], "detections": [[[1, 0, 231, 184, 361, 306], [1, 3, 411, 102, 412, 102], [1, 6, 349, 137, 367, 150], [1, 9, 328, 101, 334, 105], [2, 0, 0, 101, 599, 399], [3, 0, 0, 0, 599, 389], [3, 133, 223, 86, 238, 102], [3, 183, 154, 0, 268, 103], [3, 185, 74, 0, 167, 104], [5, 29, 373, 101, 373, 101]], [[1, 1, 269, 198, 334, 256], [2, 0, 0, 66, 599, 399], [3, 0, 0, 0, 599, 373]], [[1, 2, 259, 189, 336, 258], [2, 0, 0, 148, 599, 399], [3, 0, 0, 0, 599, 209], [5, 34, 237, 167, 256, 184], [5, 35, 327, 160, 336, 167], [5, 36, 217, 145, 222, 150], [5, 37, 215, 143, 219, 147]], [[1, 3, 270, 196, 325, 265], [1, 5, 497, 112, 499, 114], [1, 8, 507, 111, 511, 113], [2, 0, 0, 108, 592, 399], [3, 0, 0, 0, 599, 399], [3, 147, 574, 19, 599, 152], [3, 151, 405, 94, 442, 132], [3, 153, 365, 75, 409, 140], [3, 167, 479, 3, 597, 90], [3, 169, 411, 32, 492, 129], [3, 171, 446, 61, 488, 125], [3, 173, 500, 6, 596, 149], [3, 175, 476, 0, 599, 148], [3, 177, 390, 66, 451, 135], [3, 179, 331, 0, 432, 146], [3, 181, 435, 0, 599, 149]], [[1, 1, 268, 174, 301, 203], [1, 4, 272, 196, 329, 249], [2, 0, 0, 73, 599, 399], [3, 0, 0, 0, 599, 364]], [[1, 5, 269, 160, 324, 231], [1, 8, 356, 175, 399, 200], [2, 0, 0, 158, 599, 399], [3, 0, 0, 0, 599, 280], [3, 171, 0, 0, 38, 49], [3, 173, 316, 0, 511, 72]], [[1, 3, 427, 136, 428, 136], [1, 6, 277, 203, 332, 256], [1, 9, 322, 130, 330, 136], [2, 0, 0, 133, 599, 399], [3, 0, 0, 0, 599, 239], [3, 133, 231, 119, 245, 129], [3, 183, 140, 0, 267, 129], [3, 185, 75, 15, 168, 129], [3, 197, 213, 109, 239, 129], [3, 199, 200, 110, 218, 129]], [[1, 7, 282, 188, 321, 262], [2, 0, 0, 155, 599, 399], [3, 0, 0, 0, 599, 328]], [[1, 8, 258, 201, 346, 263], [2, 0, 0, 162, 599, 399], [3, 0, 0, 0, 599, 245], [3, 173, 325, 0, 486, 58]], [[1, 3, 474, 193, 486, 198], [1, 9, 268, 198, 326, 257], [2, 0, 0, 177, 599, 399], [3, 0, 0, 0, 599, 329], [3, 133, 97, 142, 118, 170], [3, 157, 314, 176, 336, 183], [3, 163, 227, 165, 252, 173], [3, 183, 59, 0, 92, 26], [3, 197, 63, 126, 112, 170], [3, 199, 22, 125, 75, 170], [5, 28, 392, 189, 398, 193], [5, 29, 365, 184, 370, 190]]], "distance_down_track": [772.4984741210938, 839.6581420898438, 997.3267822265625, 841.1510009765625, 836.1492309570312, 931.4754638671875, 784.52978515625, 895.4805908203125, 935.3287353515625, 815.6748046875], "velocity": [[3.134701728820801, -0.14942426979541779, 6.332326412200928], [21.19957160949707, -7.110799312591553, -3.184666633605957], [23.904273986816406, -3.527045726776123, -10.56717586517334], [19.373489379882812, 2.244258165359497, -8.892919540405273], [21.145517349243164, -6.8660888671875, -4.473873138427734], [9.775321960449219, 3.9355666637420654, -20.892927169799805], [7.051571369171143, 1.8604419231414795, 21.81316375732422], [17.335161209106445, 7.945645809173584, 9.536453247070312], [8.454655647277832, 3.7405078411102295, -19.67072868347168], [16.64048957824707, 5.330554008483887, 14.955913543701172]]}