{"track": "overworld", "karts": ["beastie", "kiki", "hexley", "emule", "amanda", "wilber", "adiumy", "xue", "suzanne", "nolok"], "detections": [[[1, 0, 256, 189, 337, 259], [2, 0, 240, 155, 261, 176], [3, 0, 0, 0, 599, 165], [3, 24, 270, 127, 273, 128]], [[1, 1, 264, 183, 329, 258], [1, 2, 495, 156, 500, 160], [1, 8, 474, 159, 479, 161], [1, 9, 516, 159, 522, 161], [3, 0, 437, 72, 599, 155]], [[1, 2, 271, 196, 334, 263], [1, 7, 571, 166, 573, 168], [1, 8, 156, 187, 190, 205], [1, 9, 277, 173, 290, 181], [3, 0, 90, 51, 599, 165]], [[1, 3, 252, 200, 349, 302], [1, 6, 290, 154, 312, 175], [2, 7, 173, 140, 282, 164], [2, 24, 283, 139, 427, 165], [3, 0, 0, 0, 599, 173], [3, 7, 41, 0, 282, 160], [3, 24, 279, 0, 540, 163]], [[1, 4, 243, 189, 350, 281], [3, 0, 193, 156, 469, 180]], [[1, 5, 259, 191, 335, 260], [3, 0, 0, 0, 599, 174]], [[1, 6, 264, 194, 339, 270], [2, 7, 41, 145, 263, 196], [2, 24, 262, 147, 567, 199], [3, 7, 0, 0, 261, 187], [3, 24, 255, 0, 599, 198]], [[1, 5, 293, 138, 301, 146], [1, 7, 262, 187, 330, 265], [3, 0, 0, 0, 599, 170]], [[1, 8, 259, 201, 335, 261], [1, 9, 396, 156, 417, 169], [3, 0, 146, 0, 599, 143]], [[1, 5, 424, 152, 426, 154], [1, 7, 427, 158, 429, 160], [1, 9, 258, 203, 327, 272], [3, 0, 0, 0, 599, 156]]], "distance_down_track": [23.317607879638672, 162.6195068359375, 223.52395629882812, 613.9967041015625, 508.7730407714844, 1260.42919921875, 621.3084716796875, 1235.7796630859375, 231.66946411132812, 1175.44482421875], "velocity": [[4.719836711883545, -2.165592908859253, 23.46994972229004], [18.629154205322266, 1.1999881267547607, 6.84604024887085], [21.222740173339844, 0.48640763759613037, -7.039315223693848], [-0.691107988357544, -1.519026279449463, 11.45909595489502], [11.581581115722656, 1.9406805038452148, -9.619894981384277], [-0.7444034814834595, 2.214635133743286, -19.525711059570312], [-0.4526308476924896, -2.1361777782440186, 15.512475967407227], [-1.6377345323562622, -0.21154643595218658, -20.63402557373047], [18.298744201660156, -0.1178966835141182, -9.676363945007324], [4.038055419921875, 1.0860016345977783, -16.954797744750977]]}