{"track": "tutorial", "karts": ["puffy", "hexley", "tux", "suzanne", "pidgin", "nolok", "beastie", "gavroche", "amanda", "adiumy"], "detections": [[[1, 0, 232, 200, 364, 295], [1, 1, 438, 143, 452, 152], [1, 2, 391, 142, 404, 149], [1, 4, 425, 147, 438, 154], [1, 6, 374, 140, 387, 149], [1, 8, 338, 143, 352, 153], [1, 9, 434, 140, 443, 148], [2, 0, 324, 116, 408, 141], [3, 0, 0, 0, 599, 399], [3, 8, 90, 9, 102, 21]], [[1, 1, 244, 192, 354, 350], [1, 4, 94, 247, 242, 341], [1, 9, 170, 172, 273, 273], [2, 0, 0, 121, 60, 148], [3, 0, 0, 49, 599, 399]], [[1, 1, 420, 152, 518, 196], [1, 2, 229, 196, 361, 316], [1, 4, 390, 185, 458, 228], [1, 6, 0, 267, 177, 399], [1, 9, 413, 144, 473, 189], [2, 0, 0, 71, 28, 93], [3, 0, 0, 30, 599, 399]], [[1, 3, 266, 200, 336, 254], [2, 0, 73, 143, 599, 399], [3, 0, 0, 115, 599, 399], [5, 17, 238, 162, 246, 173], [5, 18, 283, 162, 291, 171], [5, 19, 316, 162, 324, 171], [5, 20, 177, 147, 180, 151], [5, 21, 160, 146, 163, 151], [5, 22, 137, 145, 140, 150]], [[1, 1, 289, 141, 388, 211], [1, 4, 220, 218, 369, 325], [1, 9, 252, 124, 350, 219], [3, 0, 0, 15, 599, 399]], [[1, 1, 423, 194, 434, 201], [1, 2, 392, 188, 402, 193], [1, 4, 415, 195, 422, 201], [1, 5, 267, 203, 325, 257], [1, 6, 379, 186, 389, 192], [1, 8, 348, 191, 358, 198], [1, 9, 420, 191, 426, 197], [2, 0, 0, 158, 599, 399], [3, 0, 0, 0, 599, 353], [3, 8, 166, 48, 174, 57]], [[1, 1, 577, 170, 599, 182], [1, 2, 349, 181, 432, 258], [1, 4, 518, 177, 599, 226], [1, 6, 202, 179, 375, 345], [1, 9, 558, 134, 599, 176], [2, 0, 0, 69, 246, 221], [3, 0, 0, 4, 599, 399]], [[1, 5, 302, 139, 304, 139], [1, 7, 273, 203, 327, 255], [2, 0, 0, 137, 599, 399], [3, 0, 0, 27, 599, 279], [3, 6, 327, 53, 338, 67], [3, 7, 270, 51, 281, 62]], [[1, 1, 518, 155, 574, 186], [1, 2, 362, 161, 399, 187], [1, 4, 466, 171, 511, 194], [1, 6, 315, 156, 351, 189], [1, 8, 217, 185, 373, 321], [1, 9, 490, 148, 532, 176], [2, 0, 114, 103, 343, 163], [3, 0, 0, 17, 599, 399]], [[1, 1, 336, 212, 521, 399], [1, 4, 159, 275, 313, 390], [1, 9, 251, 190, 354, 305], [2, 0, 0, 143, 88, 182], [3, 0, 0, 82, 599, 399]]], "distance_down_track": [708.4210205078125, 712.6583862304688, 343.6702575683594, 332.51373291015625, 343.6702575683594, 400.4352722167969, 321.3812561035156, 365.0060729980469, 306.0667724609375, 298.9955749511719], "velocity": [[-4.651594638824463, -13.962320327758789, -4.738032817840576], [-0.14350280165672302, 0.08651226758956909, 0.007108765188604593], [-0.33281925320625305, 0.08159656822681427, 0.5918702483177185], [-21.353008270263672, 0.26812174916267395, 8.542665481567383], [0.1863798052072525, 0.18227556347846985, 2.209223985671997], [-13.051969528198242, -1.9996308088302612, -17.351139068603516], [-0.24447809159755707, 0.08031181246042252, 0.3330106735229492], [4.8902788162231445, -3.8791840076446533, -21.730253219604492], [-4.855885028839111, 0.09102395176887512, -0.6765055656433105], [-0.30272844433784485, 0.15080364048480988, 0.039032306522130966]]}