{"track": "xr591", "karts": ["sara_the_racer", "tux", "gavroche", "konqi", "beastie", "kiki", "gnu", "hexley", "nolok", "pidgin"], "detections": [[[1, 0, 281, 176, 325, 259], [2, 0, 0, 133, 599, 399], [3, 0, 0, 0, 599, 309], [4, 24, 271, 142, 276, 147], [4, 25, 284, 142, 289, 147], [4, 26, 313, 142, 318, 147], [5, 27, 300, 144, 302, 146]], [[1, 1, 262, 197, 336, 255], [1, 3, 459, 149, 474, 159], [1, 6, 271, 110, 284, 122], [1, 7, 297, 107, 313, 118], [1, 8, 277, 143, 292, 155], [2, 0, 0, 85, 599, 399], [3, 0, 0, 0, 599, 261], [3, 1, 369, 93, 429, 121], [4, 32, 0, 153, 94, 224], [5, 31, 181, 182, 221, 219], [6, 45, 327, 103, 329, 107]], [[1, 0, 338, 135, 340, 138], [1, 2, 268, 202, 324, 255], [1, 4, 330, 165, 342, 175], [1, 5, 367, 136, 370, 140], [2, 0, 0, 117, 599, 399], [3, 0, 0, 0, 599, 254], [3, 15, 239, 149, 265, 155], [5, 47, 390, 143, 392, 145], [6, 48, 365, 136, 369, 139]], [[1, 2, 448, 177, 455, 181], [1, 3, 248, 190, 327, 269], [2, 0, 0, 0, 599, 399], [3, 0, 0, 0, 599, 250], [3, 1, 0, 0, 371, 146]], [[1, 0, 262, 152, 265, 156], [1, 4, 255, 189, 337, 262], [1, 5, 305, 149, 310, 155], [2, 0, 0, 139, 599, 399], [3, 0, 0, 0, 599, 272], [3, 15, 61, 173, 85, 180], [4, 26, 213, 148, 214, 148], [5, 46, 49, 149, 53, 152], [5, 47, 344, 153, 348, 158], [6, 48, 303, 152, 304, 154]], [[1, 0, 234, 171, 241, 183], [1, 5, 269, 182, 334, 256], [2, 0, 0, 149, 599, 399], [3, 0, 0, 0, 599, 296], [3, 6, 140, 0, 146, 3], [4, 24, 177, 158, 181, 162], [4, 25, 189, 158, 193, 162], [4, 26, 213, 158, 217, 161], [5, 27, 202, 159, 204, 161], [6, 48, 308, 165, 352, 193]], [[1, 6, 265, 162, 337, 230], [1, 7, 364, 175, 422, 208], [1, 9, 530, 188, 554, 195], [2, 0, 0, 203, 599, 399], [3, 0, 0, 0, 599, 211], [3, 1, 534, 144, 599, 203], [3, 8, 355, 71, 360, 76]], [[1, 3, 394, 161, 414, 174], [1, 7, 240, 182, 337, 274], [1, 9, 254, 151, 273, 158], [2, 0, 0, 60, 599, 399], [3, 0, 0, 0, 599, 399], [3, 1, 257, 0, 589, 164], [3, 5, 481, 27, 482, 30], [3, 11, 546, 50, 550, 55], [4, 34, 346, 56, 352, 60], [4, 35, 345, 60, 345, 60], [6, 7, 345, 119, 345, 119]], [[1, 3, 587, 180, 599, 192], [1, 6, 236, 109, 270, 142], [1, 7, 291, 116, 324, 137], [1, 8, 258, 201, 319, 261], [2, 0, 0, 32, 599, 399], [3, 0, 0, 0, 599, 155], [3, 1, 403, 97, 599, 152], [6, 10, 278, 119, 278, 119]], [[1, 3, 598, 258, 599, 265], [1, 9, 249, 217, 318, 249], [2, 0, 317, 62, 599, 399], [3, 0, 0, 0, 599, 399], [3, 1, 255, 13, 599, 307], [4, 34, 421, 60, 430, 64]]], "distance_down_track": [900.9807739257812, 753.1353149414062, 822.7984008789062, 787.8939819335938, 843.3681030273438, 879.3773803710938, 770.1554565429688, 773.69921875, 767.2876586914062, 779.5558471679688], "velocity": [[6.2950520515441895, -1.995729923248291, -18.56939125061035], [-3.517310380935669, -7.8806071281433105, 22.55733299255371], [-2.260671854019165, -6.63502836227417, -21.4223575592041], [13.817275047302246, -2.7795462608337402, -15.159546852111816], [-10.057623863220215, -1.994424819946289, -20.766441345214844], [-1.9833022356033325, -0.8420777916908264, -20.0521183013916], [7.132943153381348, 1.7954368591308594, 21.46586799621582], [15.260902404785156, -2.090147018432617, -1.0334737300872803], [13.730062484741211, -2.048295021057129, 18.046140670776367], [24.131689071655273, -0.9014231562614441, 0.26764869689941406]]}