{"track": "minigolf", "karts": ["nolok", "sara_the_racer", "emule", "adiumy", "gavroche", "konqi", "amanda", "xue", "sara_the_wizard", "puffy"], "detections": [[[1, 0, 268, 203, 328, 260], [1, 2, 346, 171, 362, 183], [2, 0, 0, 168, 443, 399], [3, 0, 0, 0, 599, 399]], [[1, 1, 281, 176, 325, 259], [1, 4, 288, 138, 294, 142], [2, 0, 94, 140, 599, 399], [3, 0, 0, 0, 599, 399], [4, 3, 209, 145, 219, 153], [4, 4, 306, 139, 313, 147], [4, 5, 248, 138, 256, 146]], [[1, 2, 267, 198, 328, 262], [2, 0, 0, 161, 444, 399], [3, 0, 0, 0, 599, 399]], [[1, 0, 341, 153, 349, 158], [1, 3, 271, 194, 331, 253], [1, 7, 318, 150, 329, 160], [2, 0, 0, 157, 599, 399], [3, 0, 0, 0, 599, 273]], [[1, 4, 271, 203, 328, 259], [2, 0, 0, 211, 599, 399], [3, 0, 0, 0, 599, 259]], [[1, 1, 171, 158, 189, 179], [1, 4, 53, 135, 61, 140], [1, 5, 269, 190, 345, 266], [2, 0, 0, 137, 599, 399], [3, 0, 0, 0, 599, 306], [4, 4, 85, 138, 95, 146], [4, 5, 0, 136, 1, 143], [6, 30, 369, 153, 403, 176]], [[1, 6, 261, 192, 336, 254], [2, 0, 0, 171, 453, 399], [3, 0, 0, 0, 599, 399], [3, 3, 439, 149, 457, 164], [3, 5, 419, 148, 439, 165], [4, 14, 157, 160, 176, 175], [4, 15, 257, 158, 269, 170]], [[1, 0, 320, 177, 340, 193], [1, 2, 377, 182, 390, 188], [1, 7, 262, 186, 332, 264], [2, 0, 0, 184, 485, 399], [3, 0, 0, 0, 599, 399]], [[1, 8, 278, 188, 319, 265], [2, 0, 0, 136, 460, 399], [2, 8, 299, 153, 299, 153], [3, 0, 0, 0, 599, 399], [3, 2, 430, 87, 439, 121], [3, 8, 296, 146, 303, 151], [3, 9, 314, 147, 321, 153], [3, 13, 356, 135, 419, 166], [4, 7, 338, 172, 352, 188], [4, 8, 302, 169, 316, 183], [4, 16, 236, 139, 240, 143], [4, 17, 208, 132, 212, 134], [4, 18, 269, 146, 269, 146], [4, 19, 265, 145, 265, 145], [4, 20, 343, 150, 345, 151], [4, 21, 313, 147, 315, 149], [6, 9, 354, 155, 360, 159], [255, 16777215, 503, 80, 526, 116]], [[1, 1, 157, 157, 161, 163], [1, 5, 252, 167, 285, 194], [1, 9, 259, 201, 347, 263], [2, 0, 0, 137, 599, 399], [3, 0, 0, 0, 599, 249], [4, 4, 24, 137, 35, 145], [6, 30, 306, 153, 327, 168]]], "distance_down_track": [136.79457092285156, 61.279510498046875, 149.66598510742188, 109.02845001220703, 93.2854232788086, 46.31299591064453, 639.5536499023438, 129.18746948242188, 199.7670135498047, 40.585079193115234], "velocity": [[-17.535316467285156, -2.4027082920074463, 10.734505653381348], [-18.60732078552246, 0.21499523520469666, -6.358741760253906], [-11.524467468261719, -2.130044937133789, 17.06281089782715], [-20.526884078979492, -2.6157946586608887, -0.5427302718162537], [-19.940786361694336, 4.699211120605469, -1.6255531311035156], [-18.67647933959961, 0.08172717690467834, 8.925943374633789], [-8.928582191467285, 0.0724470317363739, -23.582042694091797], [-19.745574951171875, -0.6626930832862854, 6.177624225616455], [19.83396339416504, -1.1514915227890015, 5.8118767738342285], [-15.438740730285645, 0.08172127604484558, 15.298651695251465]]}