{"track": "overworld", "karts": ["beastie", "kiki", "hexley", "emule", "amanda", "wilber", "adiumy", "xue", "suzanne", "nolok"], "detections": [[[1, 0, 257, 190, 336, 259], [3, 0, 0, 89, 489, 171], [3, 7, 297, 160, 300, 161], [3, 24, 301, 161, 303, 161]], [[1, 1, 271, 182, 337, 259], [1, 2, 381, 144, 386, 145], [3, 0, 0, 0, 599, 182]], [[1, 2, 268, 195, 328, 278], [1, 5, 527, 194, 530, 196], [1, 8, 448, 176, 452, 178], [1, 9, 470, 183, 474, 186], [3, 0, 0, 0, 599, 399]], [[1, 3, 240, 199, 358, 320], [1, 6, 379, 220, 481, 319], [2, 7, 0, 227, 265, 287], [2, 24, 265, 226, 558, 286], [3, 7, 0, 0, 269, 227], [3, 24, 266, 0, 599, 275]], [[1, 4, 259, 191, 340, 262], [1, 7, 367, 146, 372, 150], [3, 0, 0, 101, 547, 180]], [[1, 0, 512, 155, 516, 157], [1, 5, 261, 190, 336, 258], [2, 0, 408, 168, 414, 174], [3, 0, 0, 0, 599, 176], [3, 4, 503, 138, 505, 140], [3, 7, 508, 137, 515, 140], [3, 8, 507, 140, 507, 140], [3, 24, 515, 138, 522, 140], [3, 25, 520, 138, 520, 138]], [[1, 3, 0, 140, 204, 324], [1, 6, 255, 190, 353, 299], [2, 7, 0, 203, 99, 290], [2, 24, 150, 210, 412, 282], [3, 0, 471, 0, 599, 256], [3, 7, 0, 0, 149, 206], [3, 24, 138, 0, 483, 257]], [[1, 7, 272, 186, 340, 265], [3, 0, 0, 85, 574, 233]], [[1, 5, 339, 157, 345, 162], [1, 8, 265, 200, 342, 260], [1, 9, 305, 171, 318, 182], [3, 0, 0, 39, 599, 181], [3, 5, 473, 112, 473, 112]], [[1, 5, 322, 150, 329, 157], [1, 9, 272, 204, 332, 260], [2, 0, 405, 137, 409, 140], [3, 0, 0, 0, 599, 193]]], "distance_down_track": [86.64104461669922, 1296.206298828125, 1354.9923095703125, 621.8928833007812, 981.8978271484375, 1449.78759765625, 621.7239990234375, 1024.3892822265625, 1411.6312255859375, 1421.8870849609375], "velocity": [[0.4269512891769409, 0.9149365425109863, 24.12888526916504], [2.5042340755462646, 2.7754900455474854, -19.306415557861328], [-17.302940368652344, 2.1862056255340576, -4.119325160980225], [0.16536881029605865, 0.3408629596233368, -0.8558340072631836], [12.304550170898438, -0.12666818499565125, -17.9162540435791], [-12.700407028198242, -1.2482961416244507, 14.961738586425781], [0.10710640996694565, 0.35308051109313965, -0.1272212415933609], [3.832058906555176, 0.21881107985973358, -20.341028213500977], [-16.96525764465332, -3.971515655517578, 11.17573356628418], [-15.294816017150879, -4.153541564941406, 13.315653800964355]]}