{"track": "overworld", "karts": ["beastie", "kiki", "hexley", "emule", "amanda", "wilber", "adiumy", "xue", "suzanne", "nolok"], "detections": [[[1, 0, 255, 189, 341, 262], [3, 0, 0, 85, 592, 168], [3, 5, 149, 158, 149, 158], [3, 7, 301, 151, 303, 152], [3, 24, 304, 151, 307, 152]], [[1, 1, 270, 183, 331, 252], [1, 2, 172, 159, 180, 163], [3, 0, 0, 101, 599, 180]], [[1, 2, 274, 196, 324, 263], [1, 3, 233, 154, 235, 155], [3, 0, 0, 97, 489, 159], [3, 1, 158, 148, 182, 162], [3, 2, 178, 132, 188, 145], [3, 3, 176, 124, 183, 131], [3, 4, 174, 110, 185, 123], [3, 7, 195, 116, 218, 155], [3, 8, 195, 118, 204, 129], [3, 24, 214, 116, 237, 154], [3, 25, 221, 117, 235, 131], [255, 16777215, 0, 141, 426, 183]], [[1, 3, 269, 200, 325, 257], [2, 7, 268, 167, 292, 171], [2, 24, 293, 165, 323, 171], [3, 0, 0, 9, 599, 180], [3, 7, 243, 68, 292, 171], [3, 8, 249, 90, 250, 91], [3, 24, 288, 67, 338, 169], [3, 25, 314, 75, 338, 112]], [[1, 4, 232, 183, 388, 325], [3, 0, 0, 143, 599, 197], [255, 16777215, 260, 180, 599, 213]], [[1, 5, 256, 189, 340, 265], [1, 6, 427, 166, 429, 168], [3, 0, 275, 98, 495, 161]], [[1, 0, 385, 159, 388, 160], [1, 6, 252, 193, 356, 302], [1, 7, 92, 157, 93, 158], [3, 0, 0, 94, 599, 161]], [[1, 6, 333, 167, 335, 168], [1, 7, 227, 177, 354, 330], [3, 0, 0, 0, 599, 170]], [[1, 8, 208, 201, 348, 324], [1, 9, 579, 30, 597, 42], [3, 0, 77, 0, 599, 120]], [[1, 9, 252, 205, 368, 321], [3, 0, 0, 0, 599, 218]]], "distance_down_track": [104.11993408203125, 0.0, 0.0, 0.0, 0.0, 0.0, 0.0, 0.0, 0.0, 0.0], "velocity": [[-0.5193286538124084, -0.6188352108001709, 21.719980239868164], [19.91781234741211, -1.7548707723617554, 8.810429573059082], [7.5696821212768555, -2.430548667907715, 20.352270126342773], [-0.12416370213031769, -1.7007596492767334, 22.936695098876953], [-3.7667956352233887, 0.7395005226135254, 3.2758548259735107], [4.5532636642456055, 0.5297685861587524, -17.44403076171875], [-2.60046648979187, 0.28830739855766296, -4.139881134033203], [-0.8084795475006104, 0.48169881105422974, 4.853346347808838], [-1.6431493759155273, -1.0801194906234741, -8.425581932067871], [-2.5969271659851074, 1.1254550218582153, -4.789173603057861]]}