{"track": "zengarden", "karts": ["nolok", "sara_the_wizard", "gnu", "beastie", "hexley", "gavroche", "puffy", "xue", "kiki", "sara_the_racer"], "detections": [[[1, 0, 266, 202, 321, 254], [1, 3, 302, 161, 325, 175], [1, 5, 409, 161, 418, 168], [1, 6, 423, 163, 442, 172], [1, 9, 431, 157, 435, 164], [2, 0, 0, 98, 504, 399], [3, 0, 0, 0, 599, 399]], [[1, 1, 281, 188, 322, 260], [1, 8, 310, 171, 335, 209], [2, 0, 0, 164, 459, 399], [3, 0, 0, 0, 599, 399], [3, 243, 144, 86, 176, 126], [3, 246, 317, 123, 329, 140], [3, 286, 125, 76, 191, 174], [3, 289, 311, 119, 336, 162]], [[1, 2, 268, 160, 327, 228], [2, 0, 0, 163, 599, 399], [3, 0, 0, 0, 599, 286], [3, 461, 208, 118, 216, 129], [4, 9, 228, 160, 248, 178], [4, 10, 332, 161, 351, 180]], [[1, 3, 245, 187, 348, 276], [1, 5, 361, 161, 376, 172], [1, 6, 426, 166, 463, 182], [1, 9, 352, 153, 357, 163], [2, 0, 21, 0, 599, 399], [3, 0, 0, 0, 599, 399]], [[1, 1, 313, 166, 329, 186], [1, 4, 277, 195, 332, 269], [1, 8, 324, 162, 339, 179], [2, 0, 0, 164, 380, 399], [3, 0, 0, 0, 599, 399], [3, 243, 240, 114, 255, 136], [3, 246, 350, 131, 359, 144], [3, 249, 7, 48, 69, 111], [3, 286, 231, 108, 266, 165], [3, 289, 345, 127, 365, 161], [3, 292, 0, 34, 95, 179]], [[1, 5, 270, 203, 326, 257], [1, 9, 307, 160, 318, 181], [2, 0, 0, 159, 599, 399], [3, 0, 0, 0, 599, 262]], [[1, 5, 183, 176, 215, 200], [1, 6, 261, 200, 343, 258], [1, 9, 229, 158, 238, 173], [2, 0, 0, 0, 599, 399], [3, 0, 0, 0, 599, 372]], [[1, 2, 240, 152, 243, 155], [1, 7, 260, 174, 336, 261], [2, 0, 0, 156, 599, 399], [3, 0, 0, 0, 599, 303], [4, 10, 248, 153, 251, 156]], [[1, 1, 199, 247, 317, 399], [1, 8, 261, 182, 326, 257], [2, 0, 0, 164, 433, 399], [3, 0, 0, 0, 599, 399], [3, 243, 26, 51, 84, 112], [3, 246, 285, 119, 298, 138], [3, 286, 0, 35, 106, 181], [3, 289, 277, 114, 306, 162]], [[1, 4, 390, 156, 401, 159], [1, 9, 277, 177, 320, 256], [2, 0, 0, 159, 599, 399], [3, 0, 0, 0, 599, 259], [3, 249, 372, 137, 379, 145], [3, 292, 368, 135, 383, 157]]], "distance_down_track": [370.85931396484375, 457.0925598144531, 338.4235534667969, 382.3570556640625, 449.5149230957031, 395.1251220703125, 390.7861633300781, 290.6878662109375, 459.6813049316406, 404.0691223144531], "velocity": [[-0.05097382515668869, 0.11411391198635101, -23.231441497802734], [-22.31192970275879, 0.09300412982702255, 7.051893711090088], [21.70352554321289, 0.08174481242895126, -7.612504005432129], [-7.30183219909668, 0.08478659391403198, -14.63907241821289], [-19.64406967163086, -0.3905284106731415, 0.8186770677566528], [-9.827983856201172, 0.08188033103942871, -19.385929107666016], [-13.998187065124512, 0.17287781834602356, -21.63039779663086], [16.772687911987305, 0.08053147792816162, -8.29533863067627], [-18.040813446044922, 0.3011547029018402, 7.819879055023193], [-10.242509841918945, 0.0818905383348465, -17.701759338378906]]}