{"track": "volcano_island", "karts": ["gavroche", "adiumy", "amanda", "nolok", "tux", "konqi", "kiki", "pidgin", "sara_the_racer", "suzanne"], "detections": [[[1, 0, 276, 202, 323, 246], [1, 1, 277, 163, 287, 172], [1, 2, 315, 157, 320, 160], [1, 4, 294, 163, 305, 172], [1, 6, 299, 157, 303, 161], [1, 8, 292, 157, 295, 162], [1, 9, 245, 178, 277, 202], [2, 0, 0, 139, 599, 399], [3, 0, 0, 0, 599, 239]], [[1, 1, 273, 195, 328, 250], [1, 2, 351, 157, 359, 162], [1, 4, 353, 200, 433, 256], [1, 6, 329, 157, 336, 165], [1, 8, 319, 156, 325, 166], [2, 0, 0, 130, 599, 399], [3, 0, 0, 0, 599, 231]], [[1, 2, 260, 191, 335, 255], [1, 5, 379, 159, 392, 168], [2, 0, 0, 69, 599, 399], [3, 0, 0, 0, 599, 297]], [[1, 3, 268, 202, 324, 256], [1, 7, 457, 158, 465, 161], [2, 0, 0, 159, 599, 399], [3, 0, 0, 104, 599, 376], [3, 85, 453, 147, 584, 220], [5, 23, 438, 158, 444, 163], [5, 24, 411, 158, 416, 162], [5, 32, 388, 157, 392, 161]], [[1, 1, 192, 193, 252, 246], [1, 2, 346, 156, 354, 162], [1, 4, 267, 198, 332, 252], [1, 6, 321, 157, 328, 165], [1, 8, 310, 156, 316, 165], [2, 0, 0, 131, 599, 399], [3, 0, 0, 0, 599, 252]], [[1, 3, 318, 171, 340, 189], [1, 5, 259, 191, 331, 261], [2, 0, 0, 162, 599, 399], [3, 0, 0, 0, 599, 370]], [[1, 2, 320, 164, 340, 180], [1, 6, 268, 184, 327, 250], [1, 8, 136, 202, 241, 349], [2, 0, 0, 107, 599, 399], [3, 0, 0, 0, 599, 262]], [[1, 7, 262, 210, 335, 260], [2, 0, 0, 155, 599, 399], [3, 0, 0, 22, 599, 243], [3, 61, 377, 136, 393, 159], [3, 83, 286, 151, 290, 155], [3, 198, 416, 154, 417, 154], [3, 201, 405, 154, 405, 154], [3, 212, 301, 132, 341, 136], [3, 216, 354, 134, 367, 156], [3, 220, 273, 135, 289, 155], [3, 304, 473, 131, 510, 163], [3, 362, 392, 145, 398, 147]], [[1, 2, 334, 163, 351, 177], [1, 6, 319, 175, 357, 216], [1, 8, 279, 180, 316, 248], [2, 0, 0, 112, 599, 399], [3, 0, 0, 0, 599, 241]], [[1, 1, 290, 159, 304, 172], [1, 2, 324, 153, 330, 156], [1, 4, 311, 160, 327, 172], [1, 6, 307, 153, 311, 158], [1, 8, 300, 153, 303, 158], [1, 9, 255, 201, 344, 269], [2, 0, 0, 133, 599, 399], [3, 0, 0, 0, 599, 234]]], "distance_down_track": [1890.0152587890625, 1905.877685546875, 1941.520751953125, 1971.6307373046875, 1905.9962158203125, 1964.324462890625, 1931.1702880859375, 2018.2509765625, 1929.101806640625, 1893.922607421875], "velocity": [[19.47005271911621, 0.03940373659133911, -20.851768493652344], [17.320323944091797, 0.08657634258270264, -16.063270568847656], [5.486303329467773, 0.08181030303239822, -23.468826293945312], [-14.087027549743652, 0.0839439183473587, -17.2404842376709], [17.332637786865234, 0.07522830367088318, -15.11866283416748], [-9.809408187866211, 0.08169221878051758, -20.165552139282227], [10.452471733093262, 0.08553801476955414, -20.43137550354004], [-22.21757698059082, 0.08166582137346268, -1.0419881343841553], [11.304386138916016, 0.08216702193021774, -22.12976837158203], [12.289534568786621, 0.0830373764038086, -12.674534797668457]]}