{"track": "tutorial", "karts": ["puffy", "hexley", "tux", "suzanne", "pidgin", "nolok", "beastie", "gavroche", "amanda", "adiumy"], "detections": [[[1, 0, 236, 201, 363, 287], [2, 0, 0, 152, 599, 399], [3, 0, 0, 0, 599, 250]], [[1, 1, 268, 196, 327, 277], [1, 2, 353, 151, 356, 154], [2, 0, 0, 140, 599, 399], [3, 0, 0, 0, 599, 326], [6, 1, 360, 151, 364, 153], [6, 2, 360, 149, 360, 152]], [[1, 2, 258, 198, 341, 268], [1, 3, 299, 152, 301, 153], [2, 0, 283, 136, 323, 158], [3, 0, 0, 0, 599, 399], [3, 1, 293, 149, 297, 152], [3, 2, 298, 149, 302, 152], [3, 3, 304, 149, 307, 152], [3, 4, 296, 145, 299, 148], [3, 5, 301, 145, 305, 148], [6, 1, 302, 150, 348, 178], [6, 2, 282, 150, 296, 159], [6, 3, 323, 150, 337, 159]], [[1, 3, 254, 201, 345, 271], [2, 0, 0, 103, 599, 399], [2, 1, 274, 156, 289, 158], [2, 2, 291, 156, 307, 158], [2, 3, 310, 156, 326, 158], [3, 0, 0, 77, 599, 256], [3, 1, 273, 144, 289, 158], [3, 2, 291, 144, 307, 155], [3, 3, 310, 144, 327, 158], [3, 4, 283, 128, 299, 143], [3, 5, 301, 128, 317, 143], [4, 4, 313, 155, 329, 173], [4, 9, 352, 156, 370, 173], [4, 10, 271, 155, 287, 173], [4, 11, 229, 156, 248, 173]], [[1, 4, 251, 197, 357, 268], [1, 5, 217, 145, 221, 147], [1, 6, 37, 135, 44, 136], [2, 0, 0, 147, 599, 399], [3, 0, 0, 116, 599, 276], [5, 5, 164, 140, 165, 141], [5, 7, 68, 137, 68, 137], [5, 12, 172, 141, 172, 141], [5, 13, 178, 142, 179, 142], [5, 14, 265, 147, 268, 150], [5, 15, 252, 146, 255, 149]], [[1, 5, 247, 203, 323, 280], [1, 6, 25, 161, 41, 165], [2, 0, 195, 170, 599, 399], [3, 0, 0, 129, 599, 399], [5, 5, 199, 161, 205, 170], [5, 6, 114, 164, 116, 164], [5, 7, 94, 163, 97, 164], [5, 12, 235, 161, 240, 169], [5, 13, 260, 162, 265, 169]], [[1, 6, 241, 185, 362, 289], [1, 7, 76, 140, 83, 143], [2, 0, 119, 146, 599, 399], [3, 0, 0, 111, 599, 399], [5, 17, 235, 154, 242, 161], [5, 18, 266, 153, 273, 160], [5, 19, 290, 153, 295, 159], [5, 20, 163, 144, 167, 148], [5, 21, 148, 144, 153, 148]], [[1, 4, 66, 202, 74, 205], [1, 7, 263, 203, 334, 272], [1, 8, 225, 154, 227, 155], [2, 0, 0, 156, 599, 399], [3, 0, 0, 123, 599, 399], [3, 6, 135, 129, 145, 137], [3, 7, 67, 117, 80, 126]], [[1, 8, 243, 189, 359, 287], [2, 0, 0, 161, 599, 399], [3, 0, 0, 100, 599, 255], [3, 6, 272, 111, 280, 120], [3, 7, 225, 105, 234, 110]], [[1, 9, 269, 194, 333, 260], [2, 0, 0, 135, 599, 399], [3, 0, 0, 0, 599, 267], [3, 6, 320, 49, 332, 63], [3, 7, 263, 48, 274, 59]]], "distance_down_track": [15.85991096496582, 109.36589813232422, 0.0, 0.0, 0.0, 0.0, 0.0, 0.0, 0.0, 0.0], "velocity": [[-0.0007019310723990202, 0.0730852335691452, 14.4144287109375], [17.938671112060547, 0.0955212414264679, 5.449915409088135], [16.842660903930664, 0.07255607843399048, 0.04920261725783348], [16.844303131103516, 0.012612879276275635, 0.030321568250656128], [13.380457878112793, 0.6120935678482056, 4.853898525238037], [10.171549797058105, 0.8059622049331665, 12.19494342803955], [-12.000164031982422, 0.1822868436574936, 7.464200496673584], [-9.089805603027344, 1.174497365951538, -13.599335670471191], [-0.09742625802755356, -0.06147846579551697, -13.575763702392578], [3.636082649230957, -3.0784122943878174, -18.294689178466797]]}