{"track": "volcano_island", "karts": ["gavroche", "adiumy", "amanda", "nolok", "tux", "konqi", "kiki", "pidgin", "sara_the_racer", "suzanne"], "detections": [[[1, 0, 261, 203, 336, 276], [1, 2, 321, 159, 344, 178], [1, 4, 342, 157, 353, 165], [1, 5, 381, 154, 390, 159], [1, 6, 392, 152, 397, 158], [2, 0, 0, 156, 599, 399], [3, 0, 0, 0, 599, 244]], [[1, 1, 271, 195, 330, 254], [1, 3, 389, 283, 599, 399], [1, 7, 0, 384, 147, 399], [2, 0, 0, 155, 599, 399], [3, 0, 0, 0, 599, 271]], [[1, 2, 253, 190, 343, 266], [1, 4, 318, 163, 337, 178], [1, 5, 366, 156, 377, 164], [1, 6, 377, 155, 384, 162], [1, 7, 397, 156, 399, 159], [1, 8, 391, 154, 396, 161], [2, 0, 0, 158, 599, 399], [3, 0, 0, 0, 599, 283]], [[1, 1, 248, 180, 286, 214], [1, 3, 269, 222, 324, 256], [1, 7, 52, 218, 174, 276], [2, 0, 0, 158, 599, 399], [3, 0, 0, 0, 599, 346], [3, 177, 328, 159, 328, 161]], [[1, 1, 373, 156, 380, 162], [1, 3, 377, 161, 384, 163], [1, 4, 265, 198, 332, 254], [1, 5, 331, 160, 345, 172], [1, 6, 341, 157, 350, 168], [1, 7, 354, 160, 363, 163], [1, 8, 355, 156, 360, 166], [2, 0, 0, 157, 599, 399], [3, 0, 0, 0, 599, 278]], [[1, 1, 334, 160, 345, 170], [1, 3, 345, 168, 356, 172], [1, 5, 263, 193, 332, 259], [1, 6, 294, 169, 323, 202], [1, 7, 307, 164, 322, 173], [1, 8, 318, 161, 331, 185], [2, 0, 0, 156, 599, 399], [3, 0, 0, 0, 599, 279], [3, 177, 373, 156, 373, 156]], [[1, 1, 326, 161, 340, 173], [1, 3, 341, 172, 355, 178], [1, 5, 269, 385, 293, 399], [1, 6, 268, 184, 328, 251], [1, 7, 292, 168, 313, 179], [1, 8, 311, 165, 329, 201], [2, 0, 0, 156, 599, 399], [3, 0, 0, 0, 599, 276], [3, 177, 360, 157, 360, 157]], [[1, 1, 328, 177, 362, 207], [1, 3, 393, 211, 462, 236], [1, 7, 263, 209, 332, 256], [2, 0, 0, 155, 599, 399], [3, 0, 0, 0, 599, 394]], [[1, 1, 312, 165, 330, 181], [1, 3, 332, 179, 352, 188], [1, 7, 264, 174, 294, 191], [1, 8, 278, 178, 317, 253], [2, 0, 0, 157, 599, 399], [3, 0, 0, 0, 599, 288], [3, 177, 347, 158, 347, 158]], [[1, 9, 268, 200, 330, 247], [2, 0, 0, 167, 599, 399], [3, 0, 0, 0, 599, 238]]], "distance_down_track": [565.8219604492188, 616.6682739257812, 574.9567260742188, 614.5242919921875, 585.1910400390625, 600.2987670898438, 603.9312133789062, 613.65625, 607.6935424804688, 449.0379638671875], "velocity": [[-8.529852867126465, 0.270882785320282, -13.057665824890137], [-20.69655990600586, 0.35603997111320496, -0.12477825582027435], [-12.922966003417969, 0.2366626262664795, -14.584896087646484], [-15.045706748962402, 0.331645131111145, -1.8827005624771118], [-17.787769317626953, 0.15890751779079437, -12.519158363342285], [-22.06612777709961, 0.14439383149147034, -7.786219120025635], [-21.475982666015625, 0.21065419912338257, -6.239475727081299], [-24.428512573242188, 0.33579742908477783, -0.45191624760627747], [-21.818378448486328, 0.1958300620317459, -4.910518169403076], [26.940452575683594, 2.268068790435791, -5.031680107116699]]}