{"track": "overworld", "karts": ["beastie", "kiki", "hexley", "emule", "amanda", "wilber", "adiumy", "xue", "suzanne", "nolok"], "detections": [[[1, 0, 257, 189, 343, 262], [2, 0, 405, 165, 411, 171], [3, 0, 0, 0, 599, 174], [3, 7, 504, 134, 510, 137], [3, 24, 511, 134, 517, 137], [3, 25, 516, 135, 516, 135]], [[1, 1, 266, 181, 337, 261], [1, 2, 407, 154, 411, 156], [3, 0, 3, 41, 533, 155], [3, 5, 403, 160, 412, 162]], [[1, 2, 272, 196, 322, 264], [1, 3, 336, 160, 339, 161], [3, 0, 0, 5, 502, 168], [3, 6, 293, 159, 297, 160]], [[1, 3, 272, 198, 329, 256], [3, 0, 0, 142, 408, 174], [3, 4, 333, 151, 333, 155], [3, 6, 9, 167, 39, 180], [3, 7, 305, 152, 311, 156], [3, 24, 312, 152, 319, 156], [255, 16777215, 153, 164, 437, 198]], [[1, 4, 259, 191, 341, 260], [3, 0, 0, 122, 599, 193], [3, 1, 250, 162, 260, 166], [3, 2, 259, 154, 263, 158], [3, 3, 258, 151, 260, 152], [3, 4, 257, 145, 262, 149], [3, 7, 267, 140, 280, 165], [3, 8, 267, 142, 272, 147], [3, 24, 279, 140, 293, 164], [3, 25, 286, 142, 293, 158]], [[1, 0, 388, 189, 390, 191], [1, 5, 260, 189, 335, 257], [3, 0, 0, 74, 599, 203], [3, 5, 597, 154, 599, 154]], [[1, 6, 254, 191, 354, 298], [2, 7, 194, 136, 286, 157], [2, 24, 287, 136, 407, 157], [3, 0, 0, 0, 599, 172], [3, 7, 84, 0, 286, 153], [3, 24, 284, 0, 501, 156]], [[1, 1, 194, 146, 197, 149], [1, 7, 267, 187, 335, 264], [3, 0, 0, 61, 465, 159], [3, 5, 184, 149, 185, 149], [3, 7, 358, 140, 360, 141], [3, 8, 357, 141, 357, 141], [3, 24, 361, 140, 364, 141], [3, 25, 365, 141, 365, 141]], [[1, 8, 263, 200, 333, 254], [1, 9, 514, 151, 524, 155], [3, 0, 0, 96, 232, 155], [3, 4, 166, 150, 166, 150], [3, 7, 177, 150, 178, 150]], [[1, 9, 265, 203, 326, 261], [3, 0, 260, 61, 599, 151]]], "distance_down_track": [1449.0103759765625, 160.1875, 160.1875, 160.1875, 319.06561279296875, 1380.1015625, 611.0490112304688, 132.2384033203125, 137.81985473632812, 192.108154296875], "velocity": [[-13.87887954711914, -1.3961231708526611, 16.66846466064453], [-17.44850730895996, 0.09530487656593323, 7.587815284729004], [-1.9740841388702393, 0.7342367768287659, 21.74825096130371], [9.010456085205078, -0.020978284999728203, 21.161550521850586], [2.4239697456359863, -1.5353702306747437, 21.544771194458008], [-18.965988159179688, 0.04210479184985161, 5.196313381195068], [-0.5692935585975647, -1.5194416046142578, 8.851640701293945], [-5.609748840332031, -0.5896158814430237, 19.91665267944336], [10.893656730651855, -0.15750861167907715, 20.709016799926758], [19.12245750427246, -0.5933507680892944, -7.903764724731445]]}