{"track": "volcano_island", "karts": ["gavroche", "adiumy", "amanda", "nolok", "tux", "konqi", "kiki", "pidgin", "sara_the_racer", "suzanne"], "detections": [[[1, 0, 272, 203, 328, 257], [1, 2, 208, 154, 212, 157], [1, 3, 259, 159, 266, 163], [1, 6, 260, 156, 266, 161], [2, 0, 0, 122, 599, 399], [3, 0, 0, 0, 599, 245]], [[1, 0, 224, 156, 228, 159], [1, 1, 269, 196, 330, 251], [1, 4, 251, 158, 259, 164], [1, 9, 270, 168, 291, 184], [2, 0, 0, 0, 599, 399], [3, 0, 0, 0, 599, 259]], [[1, 2, 260, 192, 341, 259], [1, 5, 254, 156, 260, 160], [2, 0, 0, 156, 599, 399], [3, 0, 0, 0, 599, 247], [8, 22, 235, 154, 235, 154]], [[1, 2, 245, 155, 252, 160], [1, 3, 270, 204, 330, 259], [1, 6, 296, 172, 333, 217], [2, 0, 0, 82, 599, 399], [3, 0, 0, 0, 599, 254]], [[1, 0, 268, 160, 276, 165], [1, 3, 235, 156, 239, 158], [1, 4, 267, 198, 334, 254], [1, 6, 235, 154, 236, 157], [2, 0, 0, 131, 599, 399], [3, 0, 0, 0, 599, 273]], [[1, 5, 262, 192, 339, 265], [1, 7, 250, 156, 254, 158], [2, 0, 0, 143, 599, 399], [3, 0, 0, 0, 599, 243], [4, 21, 240, 154, 245, 158], [4, 31, 276, 154, 281, 157], [8, 22, 283, 155, 286, 157]], [[1, 2, 251, 157, 258, 162], [1, 3, 173, 249, 308, 387], [1, 6, 270, 184, 331, 252], [2, 0, 0, 76, 599, 399], [3, 0, 0, 0, 599, 247]], [[1, 7, 263, 210, 338, 260], [2, 0, 0, 138, 599, 399], [3, 0, 0, 0, 599, 240]], [[1, 8, 281, 178, 321, 254], [2, 0, 0, 133, 599, 399], [3, 0, 0, 24, 599, 269], [3, 75, 287, 153, 293, 158], [3, 77, 320, 156, 326, 160], [3, 79, 320, 158, 321, 159], [3, 137, 61, 141, 128, 158], [3, 139, 17, 135, 119, 161], [3, 153, 0, 131, 71, 153], [3, 180, 250, 126, 252, 156], [3, 195, 180, 120, 185, 153], [3, 208, 195, 134, 240, 140], [3, 353, 121, 124, 172, 160], [3, 356, 101, 114, 171, 160], [4, 19, 222, 157, 228, 161], [4, 20, 268, 155, 275, 161], [4, 30, 246, 155, 253, 161]], [[1, 0, 240, 158, 245, 161], [1, 4, 266, 161, 276, 169], [1, 9, 268, 201, 334, 251], [2, 0, 0, 158, 599, 399], [3, 0, 0, 0, 599, 387]]], "distance_down_track": [1732.252685546875, 1683.902587890625, 1795.254638671875, 1758.964111328125, 1710.039794921875, 1832.59130859375, 1760.8006591796875, 1883.6436767578125, 1613.8515625, 1691.8848876953125], "velocity": [[-12.399543762207031, 0.051408037543296814, -17.4575252532959], [-21.12297248840332, 0.0820576399564743, -7.799267292022705], [1.115850567817688, 0.085778146982193, -21.706167221069336], [-6.668192386627197, 0.11050309985876083, -19.69340705871582], [-16.17550277709961, 0.08169189095497131, -14.791519165039062], [7.389553546905518, 0.08176001161336899, -19.335918426513672], [-6.128246307373047, 0.04760197177529335, -20.916860580444336], [14.557662963867188, 0.09326253831386566, -16.139266967773438], [-18.161026000976562, 0.08177105337381363, 12.148781776428223], [-21.190614700317383, 0.08509781211614609, -12.666169166564941]]}