{"track": "overworld", "karts": ["beastie", "kiki", "hexley", "emule", "amanda", "wilber", "adiumy", "xue", "suzanne", "nolok"], "detections": [[[1, 0, 258, 191, 342, 264], [3, 0, 0, 0, 599, 158], [3, 4, 303, 127, 304, 130], [3, 7, 308, 125, 317, 130], [3, 24, 317, 124, 326, 129], [3, 25, 322, 125, 327, 129]], [[1, 1, 265, 184, 321, 248], [1, 2, 463, 154, 472, 157], [1, 4, 471, 155, 474, 157], [1, 8, 266, 178, 295, 204], [1, 9, 478, 155, 485, 158], [3, 0, 30, 111, 599, 152], [3, 4, 69, 149, 71, 149], [3, 7, 84, 148, 88, 149]], [[1, 2, 265, 196, 327, 273], [1, 4, 192, 150, 201, 155], [1, 9, 327, 176, 360, 206], [3, 0, 290, 27, 599, 142]], [[1, 3, 240, 200, 360, 321], [1, 6, 248, 157, 357, 250], [2, 7, 215, 165, 284, 181], [2, 24, 311, 165, 386, 181], [3, 0, 0, 0, 599, 196], [3, 7, 126, 0, 288, 179], [3, 24, 286, 0, 460, 180]], [[1, 4, 256, 191, 337, 261], [3, 0, 4, 0, 599, 160]], [[1, 5, 265, 188, 341, 261], [3, 0, 0, 0, 599, 243]], [[1, 3, 242, 231, 358, 355], [1, 6, 249, 190, 356, 282], [2, 7, 211, 177, 285, 194], [2, 24, 286, 178, 380, 195], [3, 0, 0, 0, 599, 215], [3, 7, 128, 0, 285, 190], [3, 24, 285, 0, 454, 194]], [[1, 7, 266, 187, 331, 260], [3, 0, 0, 0, 599, 145], [3, 5, 436, 150, 453, 155], [3, 6, 547, 134, 549, 136]], [[1, 1, 391, 360, 506, 399], [1, 2, 482, 154, 491, 157], [1, 4, 481, 155, 484, 157], [1, 8, 263, 200, 333, 255], [1, 9, 498, 155, 505, 158], [3, 0, 26, 107, 599, 153], [3, 4, 70, 149, 71, 150], [3, 7, 84, 150, 84, 150], [3, 8, 83, 150, 83, 150]], [[1, 2, 41, 274, 249, 399], [1, 4, 151, 158, 163, 163], [1, 9, 269, 203, 321, 252], [3, 0, 263, 51, 599, 152]]], "distance_down_track": [272.74169921875, 139.9552459716797, 202.22412109375, 621.8968505859375, 1143.4508056640625, 1305.616943359375, 621.7685546875, 213.8422393798828, 143.26950073242188, 204.98495483398438], "velocity": [[-0.645685076713562, 0.32714778184890747, 22.079957962036133], [18.909793853759766, -0.05457126721739769, 14.85998821258545], [18.129255294799805, -0.012475311756134033, -6.88838529586792], [0.37320584058761597, -0.5875015258789062, -3.1855032444000244], [-4.783867835998535, 0.03247727081179619, -21.201974868774414], [2.6865742206573486, 2.836592674255371, -19.272993087768555], [-0.44237029552459717, -0.6717205047607422, -2.8056061267852783], [-19.952411651611328, -1.801671028137207, 10.127582550048828], [14.279694557189941, 0.0467047244310379, 18.030200958251953], [22.931997299194336, -0.08180186152458191, -10.039010047912598]]}