{"track": "scotland", "karts": ["konqi", "sara_the_racer", "wilber", "beastie", "gavroche", "pidgin", "tux", "gnu", "xue", "hexley"], "detections": [[[1, 0, 262, 192, 336, 262], [1, 2, 334, 157, 338, 161], [1, 3, 337, 157, 346, 164], [1, 4, 358, 157, 364, 161], [1, 5, 326, 188, 369, 213], [1, 7, 392, 159, 431, 188], [1, 8, 327, 157, 335, 164], [2, 0, 0, 158, 599, 399], [3, 0, 0, 114, 599, 218]], [[1, 0, 200, 173, 201, 174], [1, 1, 281, 179, 317, 252], [1, 3, 200, 173, 200, 173], [1, 5, 202, 173, 205, 174], [1, 7, 212, 170, 214, 173], [1, 9, 264, 171, 282, 190], [2, 0, 0, 172, 599, 399], [3, 0, 0, 0, 599, 232], [5, 23, 215, 171, 216, 173], [5, 24, 229, 171, 230, 173]], [[1, 2, 263, 191, 330, 252], [1, 4, 355, 175, 383, 195], [2, 0, 0, 159, 599, 399], [3, 0, 0, 83, 599, 227]], [[1, 2, 252, 163, 276, 178], [1, 3, 257, 189, 340, 264], [1, 4, 314, 163, 327, 172], [1, 8, 140, 198, 251, 301], [2, 0, 0, 158, 599, 399], [3, 0, 0, 101, 599, 238]], [[1, 4, 269, 203, 326, 260], [2, 0, 0, 160, 599, 399], [3, 0, 0, 90, 599, 260]], [[1, 0, 0, 260, 201, 399], [1, 2, 341, 155, 346, 160], [1, 3, 343, 157, 353, 164], [1, 4, 369, 156, 375, 160], [1, 5, 263, 209, 329, 252], [1, 7, 388, 160, 442, 203], [1, 8, 331, 156, 341, 164], [2, 0, 0, 157, 599, 399], [3, 0, 0, 113, 599, 231]], [[1, 1, 279, 156, 282, 162], [1, 6, 266, 198, 330, 253], [1, 9, 267, 158, 272, 161], [2, 0, 0, 160, 599, 399], [3, 0, 0, 22, 599, 205], [4, 7, 324, 159, 337, 171], [4, 10, 218, 160, 233, 171], [5, 18, 277, 171, 278, 171]], [[1, 2, 332, 169, 339, 174], [1, 3, 323, 169, 334, 178], [1, 4, 360, 173, 362, 173], [1, 5, 0, 233, 95, 311], [1, 7, 277, 167, 322, 224], [1, 8, 310, 169, 321, 177], [2, 0, 0, 170, 599, 399], [3, 0, 0, 128, 599, 337]], [[1, 2, 271, 161, 293, 176], [1, 3, 336, 181, 406, 241], [1, 4, 326, 161, 337, 170], [1, 8, 265, 187, 331, 264], [2, 0, 0, 157, 599, 399], [3, 0, 0, 99, 599, 216]], [[1, 0, 226, 168, 230, 171], [1, 2, 232, 169, 232, 169], [1, 3, 233, 169, 236, 171], [1, 4, 244, 171, 244, 171], [1, 5, 231, 170, 235, 171], [1, 7, 243, 167, 244, 170], [1, 8, 229, 169, 230, 170], [1, 9, 277, 196, 327, 264], [2, 0, 0, 170, 599, 399], [3, 0, 0, 0, 599, 250], [5, 21, 207, 168, 209, 171], [5, 23, 244, 168, 246, 171], [5, 24, 260, 168, 261, 171]]], "distance_down_track": [439.5354309082031, 382.8048400878906, 477.5521240234375, 465.3746643066406, 482.3714294433594, 441.7364196777344, 346.16864013671875, 443.6959533691406, 464.8260498046875, 390.57354736328125], "velocity": [[15.076499938964844, -0.8005179166793823, 15.985318183898926], [23.54969024658203, 1.2020176649093628, 7.841545581817627], [22.347986221313477, -0.6165858507156372, 4.537437438964844], [19.81157684326172, -0.9426676034927368, 10.537640571594238], [20.52877426147461, -0.5951124429702759, 4.378732681274414], [17.025012969970703, -0.758120059967041, 19.50490379333496], [22.967823028564453, 0.9621972441673279, -0.7438204288482666], [18.79497718811035, -0.2980399429798126, 24.909343719482422], [19.185781478881836, -0.8897913098335266, 9.467344284057617], [19.381385803222656, 0.777600884437561, 10.058813095092773]]}