{"track": "overworld", "karts": ["beastie", "kiki", "hexley", "emule", "amanda", "wilber", "adiumy", "xue", "suzanne", "nolok"], "detections": [[[1, 0, 261, 189, 347, 265], [1, 1, 314, 151, 319, 157], [1, 7, 330, 152, 335, 156], [1, 8, 289, 159, 299, 167], [1, 9, 384, 147, 389, 149], [3, 0, 0, 10, 599, 185]], [[1, 1, 271, 183, 331, 252], [1, 7, 301, 171, 320, 189], [1, 9, 395, 161, 408, 168], [3, 0, 0, 0, 599, 278]], [[1, 2, 273, 195, 329, 264], [3, 0, 0, 83, 599, 219]], [[1, 3, 268, 200, 329, 262], [1, 6, 295, 173, 299, 177], [2, 7, 260, 169, 290, 176], [2, 24, 291, 167, 329, 175], [3, 0, 0, 0, 599, 179], [3, 7, 227, 43, 290, 176], [3, 24, 283, 42, 347, 172], [3, 25, 340, 76, 347, 99], [255, 16777215, 0, 151, 599, 201]], [[1, 4, 259, 191, 342, 261], [3, 0, 0, 77, 599, 170], [3, 4, 297, 153, 298, 153], [3, 7, 304, 153, 308, 154], [3, 24, 309, 153, 313, 154]], [[1, 4, 90, 147, 98, 151], [1, 5, 262, 190, 331, 254], [3, 0, 0, 84, 599, 184], [3, 4, 118, 143, 120, 144], [3, 7, 129, 143, 134, 144], [3, 24, 135, 143, 137, 144]], [[1, 6, 263, 193, 342, 275], [2, 7, 123, 146, 275, 180], [2, 24, 275, 146, 478, 182], [3, 0, 0, 99, 599, 180], [3, 7, 0, 0, 274, 174], [3, 24, 270, 0, 599, 180]], [[1, 7, 264, 186, 337, 265], [1, 9, 436, 152, 459, 164], [3, 0, 0, 0, 599, 399]], [[1, 1, 337, 152, 349, 166], [1, 7, 356, 154, 367, 163], [1, 8, 264, 200, 341, 261], [1, 9, 435, 149, 444, 152], [3, 0, 6, 0, 599, 185]], [[1, 2, 441, 168, 443, 171], [1, 9, 264, 203, 333, 269], [3, 0, 0, 20, 599, 204]]], "distance_down_track": [1298.06640625, 1331.3455810546875, 1403.901611328125, 581.9267578125, 180.5274658203125, 137.190673828125, 617.8667602539062, 1342.15966796875, 1316.266845703125, 1355.194580078125], "velocity": [[2.929337501525879, 3.2828073501586914, -21.28502655029297], [-5.617639064788818, 2.5880446434020996, -21.49272918701172], [-16.87225341796875, -3.9881343841552734, 9.280844688415527], [-0.21018646657466888, -1.5736546516418457, 20.639026641845703], [-1.0775688886642456, 0.18650248646736145, 21.48777961730957], [11.710321426391602, -0.30026066303253174, 18.444528579711914], [-0.7603022456169128, -1.9181195497512817, 13.920269966125488], [-7.613321781158447, 2.2189340591430664, -16.22505760192871], [1.419219732284546, 2.8267195224761963, -20.45691680908203], [-16.968713760375977, 2.3446176052093506, -3.6315574645996094]]}