{"track": "tutorial", "karts": ["puffy", "hexley", "tux", "suzanne", "pidgin", "nolok", "beastie", "gavroche", "amanda", "adiumy"], "detections": [[[1, 0, 204, 203, 394, 327], [1, 4, 557, 229, 599, 271], [2, 0, 0, 101, 78, 136], [3, 0, 0, 46, 599, 399]], [[1, 0, 346, 157, 365, 171], [1, 1, 242, 193, 349, 349], [1, 4, 406, 160, 430, 173], [1, 8, 222, 152, 248, 169], [2, 0, 151, 123, 289, 155], [3, 0, 0, 35, 599, 399]], [[1, 0, 478, 199, 502, 213], [1, 1, 381, 246, 410, 273], [1, 2, 267, 197, 329, 254], [1, 4, 544, 214, 571, 226], [1, 8, 380, 186, 397, 198], [2, 0, 338, 148, 498, 183], [3, 0, 0, 0, 599, 399], [3, 8, 122, 39, 133, 51]], [[1, 3, 241, 201, 354, 289], [1, 7, 296, 157, 314, 173], [1, 9, 257, 130, 262, 134], [2, 0, 0, 128, 599, 399], [3, 0, 0, 44, 599, 253], [3, 6, 371, 39, 384, 56], [3, 7, 309, 41, 320, 53], [3, 8, 407, 69, 407, 69]], [[1, 4, 222, 218, 372, 322], [3, 0, 0, 40, 599, 399]], [[1, 0, 482, 203, 499, 211], [1, 1, 406, 227, 422, 239], [1, 2, 368, 205, 386, 221], [1, 4, 523, 214, 541, 223], [1, 5, 272, 201, 321, 253], [1, 6, 434, 228, 599, 355], [1, 8, 411, 190, 423, 198], [2, 0, 0, 155, 599, 399], [3, 0, 0, 0, 599, 399], [3, 8, 183, 45, 191, 53]], [[1, 0, 441, 201, 456, 209], [1, 1, 364, 222, 379, 233], [1, 2, 322, 200, 335, 214], [1, 4, 476, 211, 490, 218], [1, 5, 163, 180, 218, 220], [1, 6, 256, 187, 339, 264], [1, 8, 379, 190, 390, 197], [2, 0, 0, 158, 585, 399], [3, 0, 0, 0, 599, 399], [3, 8, 168, 47, 176, 57]], [[1, 7, 241, 205, 351, 315], [1, 9, 273, 130, 280, 136], [2, 0, 0, 130, 599, 399], [3, 0, 0, 53, 599, 251], [3, 6, 415, 43, 430, 61], [3, 7, 347, 46, 358, 59]], [[1, 0, 552, 178, 599, 216], [1, 8, 217, 185, 374, 322], [2, 0, 0, 65, 322, 169], [3, 0, 0, 0, 599, 399]], [[1, 9, 273, 195, 329, 249], [2, 0, 0, 173, 599, 399], [3, 0, 0, 74, 599, 276], [3, 6, 458, 64, 477, 84], [3, 7, 372, 80, 384, 93]]], "distance_down_track": [712.6583862304688, 712.6583862304688, 590.8922729492188, 590.8922729492188, 605.3455200195312, 633.04345703125, 590.8922729492188, 605.3455200195312, 590.8922729492188, 576.2125244140625], "velocity": [[-0.06953473389148712, 0.08165360242128372, 0.0016982168890535831], [-4.859987258911133, 0.11264565587043762, -1.1676907539367676], [-14.414652824401855, -12.462700843811035, -17.321229934692383], [4.452642440795898, -2.029202699661255, -12.258122444152832], [0.3466871678829193, 0.0722307488322258, 0.3749600946903229], [-2.4177064895629883, -8.665359497070312, -30.346559524536133], [-13.294882774353027, -13.047926902770996, -24.802831649780273], [3.908362627029419, -1.11764657497406, -7.618284225463867], [-6.167919158935547, 0.11804287135601044, 0.039761535823345184], [11.371265411376953, -0.3296382427215576, -19.989639282226562]]}