{"track": "overworld", "karts": ["beastie", "kiki", "hexley", "emule", "amanda", "wilber", "adiumy", "xue", "suzanne", "nolok"], "detections": [[[1, 0, 260, 188, 347, 265], [3, 0, 0, 97, 561, 240]], [[1, 1, 267, 182, 333, 257], [1, 4, 428, 153, 441, 160], [3, 0, 0, 0, 599, 200]], [[1, 2, 271, 196, 325, 269], [1, 5, 451, 188, 455, 189], [1, 8, 357, 185, 362, 188], [1, 9, 373, 189, 376, 191], [3, 0, 0, 72, 599, 204], [3, 5, 589, 154, 591, 154]], [[1, 3, 239, 198, 359, 322], [1, 6, 312, 167, 325, 179], [2, 7, 216, 164, 289, 181], [2, 24, 290, 165, 386, 182], [3, 0, 0, 0, 599, 199], [3, 7, 129, 0, 289, 177], [3, 24, 289, 0, 464, 181]], [[1, 2, 386, 160, 396, 169], [1, 4, 251, 190, 346, 270], [1, 8, 448, 184, 453, 186], [1, 9, 468, 190, 472, 192], [3, 0, 0, 11, 599, 204]], [[1, 5, 260, 190, 331, 255], [1, 7, 322, 145, 327, 149], [2, 0, 247, 155, 266, 174], [3, 0, 0, 0, 599, 168], [3, 7, 275, 127, 276, 127], [3, 24, 278, 128, 278, 128], [3, 25, 279, 128, 280, 129]], [[1, 6, 255, 191, 353, 292], [2, 7, 0, 176, 165, 246], [2, 24, 158, 175, 469, 239], [3, 0, 555, 81, 599, 214], [3, 7, 0, 0, 157, 176], [3, 24, 136, 0, 599, 218]], [[1, 7, 266, 188, 329, 259], [3, 0, 0, 63, 575, 154], [3, 7, 260, 145, 261, 145], [3, 24, 262, 145, 264, 146]], [[1, 5, 385, 141, 391, 144], [1, 8, 264, 201, 340, 261], [1, 9, 305, 164, 318, 175], [2, 0, 401, 137, 406, 141], [3, 0, 0, 0, 599, 202]], [[1, 5, 376, 138, 384, 142], [1, 9, 273, 203, 335, 261], [2, 0, 393, 134, 397, 139], [3, 0, 0, 0, 599, 237], [3, 6, 419, 98, 419, 98]]], "distance_down_track": [1022.6176147460938, 1322.841796875, 1379.6243896484375, 621.8397827148438, 1359.696533203125, 22.57459259033203, 621.7061767578125, 67.64801025390625, 1423.9713134765625, 1437.780517578125], "velocity": [[3.910486936569214, 0.20412103831768036, -21.379348754882812], [-3.151134967803955, 3.2718887329101562, -19.133146286010742], [-18.891250610351562, 0.25677725672721863, 5.455904483795166], [-0.25020405650138855, -0.6131572127342224, -3.1894946098327637], [-17.699825286865234, 2.006657361984253, -1.440764307975769], [3.90537166595459, -1.976583480834961, 21.407094955444336], [2.557541847229004, -0.6715848445892334, -1.8064683675765991], [3.583024740219116, -0.05962855741381645, 22.719118118286133], [-15.084850311279297, -3.6636126041412354, 13.69361686706543], [-13.646474838256836, -4.376585483551025, 14.936838150024414]]}