{"track": "overworld", "karts": ["beastie", "kiki", "hexley", "emule", "amanda", "wilber", "adiumy", "xue", "suzanne", "nolok"], "detections": [[[1, 0, 258, 189, 344, 263], [3, 0, 34, 0, 599, 169]], [[1, 1, 266, 184, 325, 251], [1, 2, 336, 144, 339, 147], [1, 4, 339, 148, 344, 152], [1, 9, 345, 150, 350, 153], [2, 0, 276, 156, 291, 171], [3, 0, 0, 21, 599, 164], [3, 24, 293, 129, 296, 130]], [[1, 2, 270, 196, 321, 265], [3, 0, 0, 84, 359, 169], [3, 7, 273, 161, 275, 161], [3, 24, 276, 161, 277, 161]], [[1, 3, 242, 197, 361, 317], [1, 6, 308, 186, 321, 198], [2, 7, 212, 178, 286, 194], [2, 24, 287, 178, 381, 195], [3, 0, 0, 0, 599, 214], [3, 7, 128, 0, 286, 191], [3, 24, 285, 0, 454, 194]], [[1, 2, 286, 153, 297, 166], [1, 4, 260, 192, 335, 256], [3, 0, 0, 54, 599, 145], [3, 7, 255, 137, 256, 137], [3, 24, 257, 137, 259, 138], [3, 25, 260, 138, 260, 138]], [[1, 5, 256, 191, 334, 260], [3, 0, 131, 0, 599, 147]], [[1, 6, 260, 192, 346, 279], [2, 7, 0, 159, 170, 225], [2, 24, 164, 159, 462, 219], [3, 0, 545, 40, 599, 200], [3, 7, 0, 0, 163, 158], [3, 24, 143, 0, 599, 203]], [[1, 7, 268, 187, 336, 264], [3, 0, 0, 85, 474, 218]], [[1, 1, 329, 158, 346, 178], [1, 2, 399, 141, 402, 143], [1, 4, 399, 144, 404, 148], [1, 8, 259, 201, 335, 261], [1, 9, 404, 146, 408, 149], [2, 0, 339, 150, 348, 160], [3, 0, 0, 0, 599, 161], [3, 7, 361, 123, 363, 124], [3, 24, 363, 124, 366, 125]], [[1, 2, 284, 153, 292, 163], [1, 4, 259, 172, 293, 201], [1, 9, 271, 203, 322, 251], [3, 0, 0, 53, 599, 154], [3, 7, 261, 138, 261, 138], [3, 24, 262, 138, 264, 138]]], "distance_down_track": [1198.3394775390625, 18.993013381958008, 73.96148681640625, 621.8397827148438, 61.74564743041992, 232.43563842773438, 621.7061767578125, 1049.3446044921875, 8.679428100585938, 57.919960021972656], "velocity": [[-2.8382415771484375, 0.9747824668884277, -21.526826858520508], [3.4539589881896973, -2.1496686935424805, 23.04532241821289], [2.302617311477661, 0.8696589469909668, 21.359045028686523], [-0.25020405650138855, -0.6131572127342224, -3.1894946098327637], [4.4782514572143555, -1.0882714986801147, 23.607772827148438], [16.281551361083984, -0.050261687487363815, -11.028182983398438], [2.557541847229004, -0.6715848445892334, -1.8064683675765991], [6.100959300994873, -0.7049348950386047, -19.767934799194336], [-2.0243260860443115, -2.3108789920806885, 20.80567741394043], [4.371894836425781, -1.195334553718567, 25.601911544799805]]}