{"track": "volcano_island", "karts": ["gavroche", "adiumy", "amanda", "nolok", "tux", "konqi", "kiki", "pidgin", "sara_the_racer", "suzanne"], "detections": [[[1, 0, 265, 203, 329, 263], [1, 2, 260, 167, 300, 199], [1, 3, 283, 183, 323, 219], [1, 4, 364, 149, 377, 157], [1, 7, 310, 169, 338, 186], [2, 0, 0, 148, 599, 399], [3, 0, 0, 0, 599, 276]], [[1, 1, 272, 195, 331, 253], [1, 5, 385, 172, 452, 214], [1, 8, 315, 164, 335, 200], [2, 0, 0, 159, 599, 399], [3, 0, 0, 0, 599, 254], [5, 7, 215, 161, 233, 184], [5, 8, 348, 148, 364, 176], [5, 11, 277, 155, 293, 180]], [[1, 2, 254, 190, 342, 264], [1, 3, 370, 272, 599, 399], [1, 4, 358, 152, 372, 162], [1, 7, 335, 185, 386, 216], [2, 0, 0, 149, 599, 399], [3, 0, 0, 0, 599, 245]], [[1, 0, 210, 266, 383, 399], [1, 2, 235, 177, 291, 219], [1, 3, 265, 203, 330, 263], [1, 4, 357, 153, 371, 162], [1, 7, 302, 177, 337, 199], [2, 0, 0, 152, 599, 399], [3, 0, 0, 0, 599, 274]], [[1, 1, 400, 152, 406, 158], [1, 4, 265, 198, 333, 253], [1, 6, 384, 152, 391, 161], [2, 0, 0, 158, 599, 399], [3, 0, 0, 0, 599, 289], [5, 7, 405, 150, 409, 154]], [[1, 1, 0, 244, 99, 336], [1, 5, 264, 193, 335, 258], [1, 8, 207, 176, 243, 222], [2, 0, 0, 165, 475, 399], [3, 0, 0, 0, 599, 399], [5, 7, 157, 167, 181, 193], [5, 8, 297, 153, 317, 185], [5, 11, 221, 161, 243, 188]], [[1, 1, 293, 172, 317, 192], [1, 5, 358, 164, 383, 185], [1, 6, 268, 183, 328, 251], [1, 8, 322, 161, 333, 181], [2, 0, 0, 160, 599, 399], [3, 0, 0, 0, 599, 281], [5, 7, 263, 160, 275, 177], [5, 8, 355, 150, 367, 169], [5, 11, 305, 156, 317, 173]], [[1, 2, 0, 309, 186, 399], [1, 4, 336, 152, 353, 164], [1, 7, 245, 214, 352, 284], [2, 0, 0, 149, 599, 399], [3, 0, 0, 0, 599, 267]], [[1, 5, 423, 215, 599, 359], [1, 8, 279, 179, 319, 251], [2, 0, 0, 159, 599, 399], [3, 0, 0, 0, 599, 280], [5, 7, 148, 165, 178, 198], [5, 8, 333, 149, 357, 188], [5, 11, 234, 157, 259, 193]], [[1, 9, 263, 200, 333, 254], [2, 0, 0, 156, 599, 399], [3, 0, 0, 0, 599, 280]]], "distance_down_track": [694.7662963867188, 747.1688842773438, 699.1537475585938, 696.70458984375, 714.9340209960938, 750.3680419921875, 742.4953002929688, 701.0752563476562, 751.6756591796875, 594.7767333984375], "velocity": [[3.2462308406829834, 2.7048463821411133, 18.218637466430664], [20.547405242919922, 2.5041213035583496, -0.15320581197738647], [5.931399345397949, 2.8770246505737305, 18.729124069213867], [4.109285354614258, 2.5294783115386963, 18.83772087097168], [13.863579750061035, 3.4530820846557617, 15.887921333312988], [23.185911178588867, 2.9699573516845703, 1.073702335357666], [21.704011917114258, 2.7640628814697266, 3.627134323120117], [4.493980884552002, 2.2368907928466797, 12.484696388244629], [21.91361427307129, 2.7017855644226074, -1.9157706499099731], [-20.729877471923828, 0.14261889457702637, -9.96252155303955]]}