{"track": "overworld", "karts": ["beastie", "kiki", "hexley", "emule", "amanda", "wilber", "adiumy", "xue", "suzanne", "nolok"], "detections": [[[1, 0, 255, 189, 340, 263], [1, 5, 342, 145, 343, 147], [3, 0, 0, 54, 599, 143], [3, 7, 256, 137, 256, 137], [3, 24, 257, 137, 258, 137], [3, 25, 259, 137, 259, 137]], [[1, 1, 270, 183, 331, 253], [1, 2, 417, 160, 418, 161], [1, 3, 390, 167, 392, 168], [3, 0, 0, 149, 392, 184], [3, 4, 278, 159, 279, 164], [3, 7, 248, 160, 255, 164], [3, 24, 256, 159, 264, 164]], [[1, 2, 274, 196, 325, 265], [1, 3, 200, 159, 208, 163], [1, 4, 384, 146, 389, 149], [3, 0, 0, 91, 599, 165]], [[1, 3, 272, 199, 328, 257], [3, 0, 0, 95, 454, 157], [3, 1, 143, 147, 166, 160], [3, 2, 160, 132, 171, 143], [3, 3, 158, 125, 165, 132], [3, 4, 156, 111, 167, 121], [3, 7, 172, 115, 196, 153], [3, 8, 172, 117, 180, 126], [3, 24, 191, 115, 216, 152], [3, 25, 199, 116, 214, 136], [255, 16777215, 0, 138, 393, 181]], [[1, 4, 237, 188, 354, 288], [3, 0, 0, 32, 510, 178]], [[1, 5, 257, 190, 333, 260], [3, 0, 426, 72, 599, 164]], [[1, 6, 264, 194, 338, 267], [2, 7, 28, 144, 261, 199], [2, 24, 260, 147, 582, 204], [3, 7, 0, 0, 259, 187], [3, 24, 254, 0, 599, 202]], [[1, 1, 353, 150, 357, 155], [1, 2, 500, 143, 500, 144], [1, 7, 262, 187, 330, 264], [3, 0, 0, 5, 469, 173], [3, 6, 261, 154, 269, 157], [3, 7, 382, 145, 387, 148], [3, 24, 388, 145, 392, 147]], [[1, 8, 266, 201, 342, 262], [1, 9, 312, 158, 315, 160], [3, 0, 0, 0, 599, 190]], [[1, 9, 264, 203, 329, 263], [3, 0, 0, 0, 599, 399]]], "distance_down_track": [61.53060531616211, 233.90414428710938, 233.90414428710938, 229.24168395996094, 501.9524230957031, 166.94931030273438, 621.8235473632812, 323.5307922363281, 1285.4056396484375, 1343.362060546875], "velocity": [[4.116455078125, -0.9743821024894714, 21.319372177124023], [12.95209789276123, 0.2587563693523407, 17.595415115356445], [19.489648818969727, -1.754564642906189, 9.720987319946289], [9.596593856811523, -2.804978847503662, 20.713220596313477], [11.00659465789795, 1.7136799097061157, -7.324608325958252], [18.818357467651367, 1.40767502784729, 5.531733989715576], [-0.22826004028320312, -0.6428122520446777, -3.155820608139038], [1.3906363248825073, 0.05249746888875961, 20.653167724609375], [1.231626033782959, 3.2068676948547363, -20.4129638671875], [-8.715470314025879, 2.0788044929504395, -13.01495361328125]]}