{"track": "tutorial", "karts": ["puffy", "hexley", "tux", "suzanne", "pidgin", "nolok", "beastie", "gavroche", "amanda", "adiumy"], "detections": [[[1, 0, 203, 201, 387, 323], [1, 1, 346, 155, 360, 167], [1, 2, 257, 154, 273, 165], [1, 3, 231, 155, 253, 167], [1, 4, 233, 158, 257, 171], [1, 5, 329, 156, 346, 166], [1, 7, 276, 154, 291, 164], [1, 9, 296, 153, 307, 164], [2, 0, 198, 129, 308, 155], [3, 0, 0, 37, 599, 399]], [[1, 1, 243, 192, 354, 350], [1, 5, 72, 201, 245, 294], [2, 0, 0, 97, 99, 147], [3, 0, 0, 54, 599, 399]], [[1, 1, 529, 175, 599, 219], [1, 2, 232, 196, 359, 314], [1, 5, 467, 173, 543, 212], [1, 7, 293, 173, 350, 228], [1, 9, 347, 165, 397, 210], [2, 0, 0, 62, 315, 169], [3, 0, 0, 0, 599, 399]], [[1, 1, 491, 167, 553, 202], [1, 2, 287, 168, 337, 215], [1, 3, 221, 201, 369, 322], [1, 5, 441, 168, 493, 194], [1, 7, 321, 164, 353, 196], [1, 9, 353, 161, 386, 190], [2, 0, 54, 93, 337, 164], [3, 0, 0, 11, 599, 399]], [[1, 1, 413, 163, 448, 189], [1, 2, 238, 161, 278, 195], [1, 3, 173, 174, 255, 232], [1, 4, 221, 217, 367, 325], [1, 5, 374, 164, 411, 184], [1, 7, 269, 160, 302, 184], [1, 9, 305, 158, 330, 181], [2, 0, 47, 97, 300, 160], [3, 0, 0, 16, 599, 399]], [[1, 1, 262, 175, 392, 247], [1, 5, 226, 205, 345, 325], [3, 0, 0, 31, 599, 399]], [[1, 6, 262, 190, 341, 258], [2, 0, 0, 138, 599, 399], [3, 0, 0, 53, 599, 310], [3, 6, 391, 44, 405, 62], [3, 7, 326, 51, 336, 63]], [[1, 5, 520, 194, 599, 260], [1, 7, 227, 207, 347, 335], [1, 9, 340, 186, 424, 261], [2, 0, 0, 58, 296, 194], [3, 0, 0, 1, 599, 399]], [[1, 6, 273, 159, 289, 172], [1, 8, 262, 192, 338, 255], [2, 0, 0, 136, 599, 399], [3, 0, 0, 39, 599, 289], [3, 6, 344, 48, 356, 64], [3, 7, 286, 49, 296, 61]], [[1, 5, 538, 209, 599, 276], [1, 7, 0, 212, 213, 399], [1, 9, 247, 191, 351, 307], [2, 0, 0, 97, 279, 212], [3, 0, 0, 56, 599, 399]]], "distance_down_track": [712.6583862304688, 712.6583862304688, 400.4352722167969, 400.4352722167969, 400.4352722167969, 491.73480224609375, 383.7624206542969, 455.9293518066406, 365.0060729980469, 365.0060729980469], "velocity": [[-4.666109085083008, 0.11639055609703064, -1.63327157497406], [-0.14328165352344513, 0.07399637997150421, 0.01729322224855423], [-7.895060062408447, 0.1286948025226593, 0.2985874116420746], [-4.902521133422852, 0.09183180332183838, -0.39692312479019165], [-4.812627792358398, 0.08461996912956238, -0.14289237558841705], [0.12836800515651703, 0.027998309582471848, 2.3464865684509277], [10.576803207397461, -2.9658286571502686, -21.507150650024414], [-0.5474929213523865, 0.48251214623451233, 0.6401429772377014], [6.808460235595703, -3.988156795501709, -22.824588775634766], [-1.3723210096359253, 0.2954179644584656, -0.1411622315645218]]}