{"track": "xr591", "karts": ["sara_the_racer", "tux", "gavroche", "konqi", "beastie", "kiki", "gnu", "hexley", "nolok", "pidgin"], "detections": [[[1, 0, 259, 184, 334, 274], [2, 0, 0, 113, 599, 399], [3, 0, 0, 0, 599, 399], [3, 5, 278, 42, 282, 46]], [[1, 1, 267, 198, 337, 258], [1, 5, 304, 142, 308, 148], [2, 0, 0, 133, 599, 399], [3, 0, 0, 0, 599, 240], [4, 24, 280, 142, 287, 148], [4, 25, 297, 145, 302, 149], [4, 26, 335, 142, 342, 149], [5, 27, 316, 144, 320, 148]], [[1, 2, 271, 203, 338, 265], [2, 0, 0, 100, 599, 399], [3, 0, 0, 0, 599, 348], [3, 4, 106, 65, 110, 69], [4, 20, 287, 154, 288, 154], [4, 21, 305, 152, 308, 155], [5, 22, 299, 154, 299, 156], [5, 23, 313, 152, 313, 154], [5, 29, 479, 165, 503, 194], [6, 2, 260, 150, 261, 152]], [[1, 3, 249, 189, 329, 269], [1, 8, 528, 205, 536, 209], [1, 9, 282, 162, 310, 178], [2, 0, 0, 0, 599, 399], [3, 0, 0, 0, 599, 275], [3, 1, 0, 0, 427, 158], [3, 15, 562, 208, 562, 209]], [[1, 0, 455, 182, 470, 190], [1, 4, 258, 189, 345, 263], [1, 7, 279, 152, 283, 153], [2, 0, 0, 45, 599, 399], [3, 0, 0, 0, 599, 332], [3, 1, 318, 94, 406, 139], [3, 2, 541, 115, 566, 119], [3, 9, 214, 60, 218, 64], [3, 15, 287, 162, 307, 170], [5, 46, 306, 167, 310, 170], [5, 47, 224, 153, 224, 154]], [[1, 5, 269, 183, 335, 259], [2, 0, 0, 147, 599, 399], [3, 0, 0, 0, 599, 244], [4, 24, 54, 178, 149, 246], [4, 25, 184, 217, 257, 304], [5, 27, 473, 239, 587, 342], [6, 4, 218, 138, 231, 148]], [[1, 6, 236, 134, 358, 257], [2, 0, 0, 159, 599, 399], [3, 0, 0, 0, 599, 187], [6, 5, 361, 143, 402, 167], [6, 60, 214, 163, 243, 167]], [[1, 1, 207, 164, 212, 166], [1, 7, 269, 195, 324, 269], [2, 0, 0, 148, 599, 399], [3, 0, 0, 0, 599, 311], [4, 26, 181, 157, 183, 159], [5, 47, 328, 162, 333, 168], [6, 48, 280, 158, 282, 163]], [[1, 0, 108, 123, 110, 126], [1, 1, 295, 116, 297, 118], [1, 7, 336, 139, 345, 147], [1, 8, 268, 203, 329, 259], [2, 0, 0, 103, 599, 399], [3, 0, 0, 0, 599, 229], [3, 15, 203, 136, 228, 143], [5, 46, 172, 120, 174, 121], [5, 47, 372, 119, 374, 122], [6, 48, 345, 115, 350, 117]], [[1, 7, 454, 172, 461, 176], [1, 8, 401, 171, 404, 171], [1, 9, 209, 217, 353, 328], [2, 0, 0, 0, 599, 399], [3, 0, 0, 0, 599, 217], [3, 1, 0, 31, 261, 166], [3, 15, 383, 165, 391, 168], [5, 47, 511, 165, 513, 167], [6, 48, 498, 159, 500, 161]]], "distance_down_track": [1064.779296875, 911.5333862304688, 986.951171875, 789.4381713867188, 1012.8593139648438, 944.4329223632812, 639.379150390625, 850.0811157226562, 826.8457641601562, 796.5835571289062], "velocity": [[13.37575912475586, -0.4891541302204132, -7.654406547546387], [7.035150527954102, -1.7418487071990967, -19.389753341674805], [18.678298950195312, 0.825782299041748, 6.160284996032715], [15.466968536376953, -2.349656343460083, -13.555144309997559], [-9.8848295211792, 0.6635862588882446, 19.01833724975586], [8.12881088256836, 0.9637972116470337, -17.88031768798828], [-10.426267623901367, 0.024266034364700317, -6.131805419921875], [-9.249690055847168, -1.6530786752700806, -17.27491569519043], [-3.922785997390747, -5.716253757476807, -19.5045166015625], [2.3485662937164307, -0.8381938338279724, -6.221401214599609]]}