{"track": "overworld", "karts": ["beastie", "kiki", "hexley", "emule", "amanda", "wilber", "adiumy", "xue", "suzanne", "nolok"], "detections": [[[1, 0, 261, 188, 347, 265], [3, 0, 0, 0, 599, 187]], [[1, 1, 266, 183, 326, 253], [1, 6, 328, 174, 363, 207], [2, 7, 175, 155, 312, 187], [2, 24, 312, 149, 520, 187], [3, 0, 0, 0, 82, 191], [3, 7, 21, 0, 311, 184], [3, 24, 308, 0, 599, 182]], [[1, 2, 241, 193, 351, 352], [1, 3, 321, 226, 321, 227], [3, 0, 0, 0, 495, 174], [3, 5, 462, 160, 498, 170], [3, 6, 413, 143, 417, 144]], [[1, 3, 238, 199, 350, 318], [3, 0, 0, 0, 491, 153], [3, 5, 473, 143, 513, 154], [3, 6, 402, 134, 405, 136]], [[1, 4, 255, 191, 346, 267], [3, 0, 0, 80, 556, 166], [3, 4, 293, 152, 294, 152], [3, 7, 301, 151, 304, 152], [3, 24, 305, 151, 306, 152]], [[1, 5, 263, 189, 338, 260], [2, 0, 412, 137, 415, 140], [3, 0, 0, 1, 599, 188], [3, 5, 453, 104, 453, 104]], [[1, 6, 266, 194, 339, 269], [2, 7, 24, 148, 260, 201], [2, 24, 258, 150, 567, 203], [3, 7, 0, 0, 257, 191], [3, 24, 251, 0, 599, 201]], [[1, 4, 307, 153, 310, 155], [1, 7, 263, 187, 331, 264], [1, 8, 389, 162, 397, 166], [3, 0, 0, 79, 595, 167], [3, 5, 148, 154, 150, 154], [3, 7, 302, 149, 304, 150], [3, 24, 305, 149, 309, 150], [3, 25, 308, 149, 308, 149]], [[1, 4, 17, 153, 33, 161], [1, 8, 261, 201, 337, 259], [1, 9, 536, 153, 545, 156], [3, 0, 0, 100, 185, 153], [3, 7, 119, 150, 119, 150]], [[1, 9, 272, 204, 333, 260], [3, 0, 205, 60, 599, 150]]], "distance_down_track": [1309.4188232421875, 270.4015197753906, 270.4015197753906, 233.90414428710938, 176.62403869628906, 1420.3858642578125, 621.738525390625, 104.30770874023438, 142.31597900390625, 203.8023223876953], "velocity": [[2.779697895050049, 2.800485610961914, -21.373830795288086], [-0.5385379195213318, -2.9667983055114746, 21.640949249267578], [-0.21955135464668274, 0.06264690309762955, 0.3083057403564453], [-4.23897123336792, 0.05939744412899017, 7.6812825202941895], [-0.6606520414352417, 0.06601619720458984, 19.108362197875977], [-15.013456344604492, -4.017798900604248, 12.048469543457031], [-0.08250389248132706, 0.8609513640403748, 1.0685943365097046], [-0.5247821807861328, -0.676440954208374, 20.682287216186523], [12.054635047912598, -0.07117532938718796, 16.827674865722656], [18.245746612548828, -0.18138693273067474, -9.774959564208984]]}