{"track": "overworld", "karts": ["beastie", "kiki", "hexley", "emule", "amanda", "wilber", "adiumy", "xue", "suzanne", "nolok"], "detections": [[[1, 0, 262, 188, 348, 265], [3, 0, 0, 72, 505, 239]], [[1, 1, 270, 183, 331, 254], [1, 2, 573, 149, 587, 154], [3, 0, 199, 37, 599, 153]], [[1, 2, 274, 195, 329, 268], [1, 5, 268, 143, 270, 145], [1, 8, 278, 149, 280, 151], [1, 9, 273, 146, 275, 147], [3, 0, 0, 0, 599, 165]], [[1, 3, 242, 199, 361, 321], [1, 6, 132, 252, 246, 356], [2, 7, 29, 247, 266, 308], [2, 24, 269, 247, 599, 316], [3, 7, 0, 0, 273, 296], [3, 24, 268, 0, 599, 247]], [[1, 4, 253, 190, 343, 266], [1, 7, 352, 168, 360, 174], [3, 0, 0, 42, 599, 202]], [[1, 4, 465, 138, 471, 139], [1, 5, 266, 189, 341, 262], [3, 0, 0, 17, 599, 192]], [[1, 3, 362, 130, 538, 249], [1, 6, 255, 193, 349, 294], [2, 7, 44, 202, 286, 261], [2, 24, 312, 202, 599, 263], [3, 7, 0, 0, 303, 253], [3, 24, 304, 0, 599, 201]], [[1, 7, 266, 187, 335, 264], [3, 0, 0, 78, 599, 212]], [[1, 4, 390, 125, 392, 126], [1, 5, 279, 147, 288, 156], [1, 7, 494, 110, 494, 110], [1, 8, 264, 201, 341, 262], [1, 9, 284, 153, 298, 166], [3, 0, 0, 0, 599, 205]], [[1, 4, 416, 140, 421, 143], [1, 5, 279, 166, 296, 183], [1, 7, 544, 124, 548, 126], [1, 9, 274, 203, 335, 260], [3, 0, 0, 0, 599, 197]]], "distance_down_track": [1004.7709350585938, 218.67332458496094, 1210.6195068359375, 621.8707885742188, 1370.228271484375, 1299.6422119140625, 621.9423828125, 1393.2911376953125, 1278.1263427734375, 1288.625732421875], "velocity": [[6.1718058586120605, -0.2067151665687561, -20.83929443359375], [20.375898361206055, 0.5786718726158142, -7.868320465087891], [-3.097893714904785, -0.4734838306903839, -19.41368293762207], [-0.05423353612422943, 0.10930877178907394, 0.10422069579362869], [-18.939239501953125, 1.0914610624313354, 3.343076705932617], [2.693704843521118, 3.069495916366577, -19.236276626586914], [-0.011393130756914616, 0.287780225276947, 0.30988144874572754], [-18.428361892700195, -1.3800231218338013, 9.3263578414917], [0.9171216487884521, 2.997681140899658, -20.46124839782715], [1.7543329000473022, 2.4805715084075928, -20.47581672668457]]}