{"track": "overworld", "karts": ["beastie", "kiki", "hexley", "emule", "amanda", "wilber", "adiumy", "xue", "suzanne", "nolok"], "detections": [[[1, 0, 252, 188, 338, 265], [1, 8, 351, 186, 352, 187], [3, 0, 223, 110, 599, 195]], [[1, 1, 238, 169, 361, 300], [1, 2, 293, 159, 298, 165], [2, 24, 302, 153, 304, 153], [3, 0, 0, 62, 599, 165], [3, 1, 128, 136, 180, 166], [3, 2, 193, 115, 214, 134], [3, 3, 190, 96, 207, 112], [3, 4, 187, 72, 209, 96], [3, 7, 262, 103, 287, 152], [3, 8, 264, 104, 276, 116], [3, 24, 286, 102, 311, 153], [3, 25, 296, 104, 312, 134]], [[1, 2, 272, 197, 327, 273], [1, 3, 294, 151, 294, 152], [2, 24, 311, 149, 313, 149], [3, 0, 0, 0, 599, 166], [3, 2, 4, 28, 84, 94], [3, 3, 0, 0, 41, 23], [3, 7, 258, 79, 291, 147], [3, 8, 260, 83, 275, 98], [3, 24, 290, 79, 323, 149], [3, 25, 305, 83, 324, 124]], [[1, 3, 256, 202, 351, 305], [2, 7, 76, 185, 284, 239], [2, 24, 283, 175, 599, 241], [3, 7, 0, 0, 282, 232], [3, 24, 277, 0, 599, 184]], [[1, 4, 268, 193, 335, 251], [3, 0, 0, 20, 592, 196], [3, 6, 416, 101, 417, 101], [3, 24, 535, 98, 536, 98]], [[1, 5, 261, 191, 329, 254], [1, 6, 65, 162, 99, 183], [3, 0, 0, 100, 484, 165], [3, 7, 218, 141, 222, 142], [3, 8, 219, 141, 219, 141], [3, 24, 223, 141, 225, 142], [3, 25, 227, 142, 227, 142]], [[1, 6, 269, 195, 330, 254], [1, 7, 32, 185, 151, 264], [3, 0, 0, 68, 430, 159], [3, 5, 169, 150, 169, 150], [3, 7, 340, 142, 343, 143], [3, 24, 344, 142, 347, 143], [3, 25, 346, 142, 346, 142]], [[1, 6, 431, 193, 502, 243], [1, 7, 269, 187, 331, 258], [3, 0, 0, 89, 417, 161], [3, 5, 149, 151, 151, 152], [3, 7, 322, 143, 324, 143], [3, 24, 325, 143, 329, 144]], [[1, 8, 249, 201, 334, 270], [1, 9, 363, 164, 366, 166], [3, 0, 0, 0, 599, 162]], [[1, 9, 265, 203, 326, 261], [3, 0, 0, 0, 599, 166]]], "distance_down_track": [1103.8134765625, 503.62255859375, 503.62255859375, 503.62255859375, 0.0, 119.767333984375, 127.78898620605469, 127.75227355957031, 1180.6845703125, 1234.8829345703125], "velocity": [[0.9834073185920715, 3.3151133060455322, -21.45816993713379], [0.23131349682807922, -1.2200169563293457, 9.449443817138672], [0.024015074595808983, -1.476243019104004, 19.609495162963867], [-0.05614003166556358, 0.5123881697654724, 0.2550075948238373], [-19.72612953186035, -5.816718578338623, 19.89118194580078], [8.328694343566895, -0.6229982376098633, 20.58926010131836], [-2.203808546066284, -0.8921123743057251, 20.563007354736328], [-2.4216272830963135, -0.8184611201286316, 23.25996208190918], [0.37006160616874695, 0.7787067294120789, -18.61855697631836], [-2.1058168411254883, -0.3516753017902374, -20.5896053314209]]}