{"track": "overworld", "karts": ["beastie", "kiki", "hexley", "emule", "amanda", "wilber", "adiumy", "xue", "suzanne", "nolok"], "detections": [[[1, 0, 255, 189, 341, 263], [3, 0, 0, 70, 409, 159], [3, 5, 168, 153, 170, 153], [3, 7, 332, 145, 336, 146], [3, 24, 337, 145, 340, 146], [3, 25, 339, 145, 339, 145]], [[1, 1, 268, 183, 329, 252], [1, 2, 478, 141, 483, 143], [3, 0, 0, 14, 565, 171], [3, 4, 387, 145, 387, 145], [3, 6, 223, 154, 233, 159], [3, 7, 360, 145, 366, 148], [3, 24, 367, 145, 373, 147], [255, 16777215, 229, 156, 509, 185]], [[1, 2, 277, 196, 328, 265], [1, 3, 100, 153, 106, 154], [3, 0, 0, 109, 599, 164]], [[1, 3, 272, 199, 328, 257], [2, 24, 274, 162, 279, 162], [3, 0, 0, 94, 599, 171], [3, 1, 148, 154, 189, 178], [3, 2, 192, 132, 208, 150], [3, 3, 189, 119, 203, 132], [3, 4, 186, 99, 203, 117], [3, 7, 239, 117, 263, 162], [3, 8, 239, 119, 250, 133], [3, 24, 260, 117, 286, 162], [3, 25, 269, 118, 285, 141], [255, 16777215, 0, 147, 532, 194]], [[1, 4, 257, 192, 338, 259], [3, 0, 0, 105, 561, 169]], [[1, 0, 247, 138, 249, 139], [1, 5, 260, 190, 336, 258], [3, 0, 0, 0, 599, 177], [3, 24, 232, 134, 232, 134], [3, 25, 233, 134, 233, 134]], [[1, 6, 255, 191, 351, 294], [2, 7, 188, 136, 285, 158], [2, 24, 286, 136, 413, 158], [3, 0, 0, 0, 599, 171], [3, 7, 72, 0, 285, 154], [3, 24, 283, 0, 513, 157]], [[1, 1, 376, 155, 378, 158], [1, 7, 260, 186, 328, 265], [3, 0, 0, 0, 482, 161], [3, 6, 366, 156, 370, 157]], [[1, 8, 257, 200, 333, 259], [1, 9, 292, 155, 296, 158], [3, 0, 0, 0, 599, 159]], [[1, 9, 268, 203, 328, 260], [3, 0, 0, 0, 599, 167]]], "distance_down_track": [121.2358169555664, 160.1875, 160.1875, 160.1875, 976.364990234375, 41.30006408691406, 611.9644775390625, 267.85986328125, 1203.50634765625, 1249.320068359375], "velocity": [[-3.157175064086914, -0.1746932566165924, 21.50376319885254], [3.072061061859131, -0.21118660271167755, 21.631929397583008], [21.009681701660156, -1.7926231622695923, 5.727328777313232], [3.1211538314819336, -1.8929376602172852, 22.70848274230957], [14.023887634277344, -0.34833595156669617, -16.601791381835938], [5.859280586242676, -0.816131591796875, 18.754064559936523], [-0.6208065152168274, -1.7033562660217285, 9.886209487915039], [-7.115330696105957, 0.8335130214691162, 19.420795440673828], [-3.6505095958709717, 0.19495494663715363, -20.3746337890625], [-1.4045765399932861, 1.4673945903778076, -20.600093841552734]]}