{"track": "overworld", "karts": ["beastie", "kiki", "hexley", "emule", "amanda", "wilber", "adiumy", "xue", "suzanne", "nolok"], "detections": [[[1, 0, 253, 189, 338, 265], [3, 0, 0, 0, 599, 154]], [[1, 1, 270, 182, 336, 258], [1, 2, 443, 134, 450, 138], [1, 4, 401, 137, 408, 142], [2, 0, 394, 135, 399, 140], [3, 0, 0, 0, 599, 249], [3, 6, 416, 101, 416, 101], [3, 24, 525, 101, 527, 103]], [[1, 2, 274, 197, 325, 266], [1, 8, 258, 139, 262, 141], [1, 9, 257, 141, 258, 142], [3, 0, 0, 55, 599, 178], [3, 7, 228, 134, 228, 134], [3, 24, 229, 134, 231, 135]], [[1, 3, 239, 198, 359, 322], [1, 6, 266, 254, 334, 284], [2, 7, 216, 161, 290, 178], [2, 24, 290, 162, 387, 179], [3, 0, 0, 0, 599, 194], [3, 7, 129, 0, 289, 175], [3, 24, 289, 0, 464, 178]], [[1, 2, 308, 160, 317, 172], [1, 4, 261, 192, 336, 255], [1, 8, 285, 139, 287, 141], [1, 9, 282, 140, 283, 141], [2, 0, 155, 168, 202, 213], [3, 0, 0, 0, 599, 171], [3, 24, 252, 133, 253, 133]], [[1, 0, 469, 158, 475, 160], [1, 5, 258, 190, 332, 258], [3, 0, 0, 85, 599, 156], [255, 16777215, 0, 167, 161, 180]], [[1, 3, 142, 81, 467, 376], [2, 7, 209, 143, 285, 160], [2, 24, 332, 143, 392, 161], [3, 0, 0, 0, 599, 171], [3, 7, 113, 0, 288, 158], [3, 24, 286, 0, 473, 160]], [[1, 7, 266, 187, 335, 264], [3, 0, 0, 15, 557, 151], [3, 5, 408, 159, 421, 163], [3, 6, 518, 145, 520, 146], [255, 16777215, 567, 171, 599, 178]], [[1, 5, 406, 172, 414, 176], [1, 7, 166, 165, 168, 166], [1, 8, 261, 201, 333, 257], [1, 9, 308, 178, 320, 189], [3, 0, 0, 90, 506, 179], [3, 7, 299, 163, 301, 164], [3, 24, 302, 163, 305, 164]], [[1, 5, 394, 151, 403, 156], [1, 7, 74, 145, 80, 148], [1, 9, 267, 202, 324, 258], [3, 0, 0, 103, 474, 163], [3, 5, 66, 148, 72, 148], [3, 7, 259, 141, 262, 142], [3, 24, 263, 141, 266, 143]]], "distance_down_track": [1154.65234375, 1440.7513427734375, 43.31060791015625, 621.7919311523438, 29.133960723876953, 154.71246337890625, 608.7257080078125, 205.0540008544922, 99.7633285522461, 112.08456420898438], "velocity": [[-4.445911884307861, 0.4493669271469116, -21.270687103271484], [-12.831871032714844, -4.03463077545166, 14.344929695129395], [6.1351776123046875, 0.2945595383644104, 20.968914031982422], [-0.27754339575767517, -0.6400988101959229, -3.141348123550415], [6.168298244476318, -1.089680790901184, 23.323532104492188], [17.41098403930664, 0.19963514804840088, 10.219083786010742], [-0.34957757592201233, -0.8553529381752014, 5.10006856918335], [-18.504497528076172, -0.7537188529968262, 9.246914863586426], [0.05643872171640396, 0.3115973174571991, 22.514772415161133], [5.18048095703125, -0.9927922487258911, 21.606460571289062]]}