{"track": "scotland", "karts": ["konqi", "sara_the_racer", "wilber", "beastie", "gavroche", "pidgin", "tux", "gnu", "xue", "hexley"], "detections": [[[1, 0, 260, 192, 332, 261], [1, 5, 338, 169, 358, 180], [1, 7, 301, 155, 325, 178], [2, 0, 0, 157, 599, 399], [3, 0, 0, 0, 599, 235], [4, 1, 421, 165, 438, 180]], [[1, 0, 301, 158, 309, 163], [1, 1, 280, 178, 320, 254], [1, 5, 325, 159, 332, 162], [1, 7, 310, 154, 316, 159], [1, 9, 200, 189, 257, 245], [2, 0, 0, 156, 599, 399], [3, 0, 0, 0, 599, 212], [4, 1, 356, 158, 361, 162]], [[1, 2, 264, 191, 332, 253], [1, 4, 149, 191, 216, 231], [2, 0, 0, 147, 599, 399], [3, 0, 0, 0, 599, 250], [3, 60, 162, 120, 169, 133], [4, 2, 249, 151, 252, 153], [4, 4, 283, 151, 286, 153]], [[1, 2, 441, 162, 455, 171], [1, 3, 251, 188, 334, 263], [1, 4, 413, 163, 422, 169], [1, 8, 463, 179, 533, 228], [2, 0, 0, 149, 599, 399], [3, 0, 0, 0, 599, 210], [3, 60, 282, 128, 288, 138], [4, 2, 359, 152, 361, 154]], [[1, 2, 429, 206, 599, 305], [1, 4, 270, 203, 328, 259], [2, 0, 0, 146, 599, 399], [3, 0, 0, 0, 599, 211], [3, 60, 150, 119, 161, 132], [4, 2, 246, 150, 249, 152], [4, 4, 280, 150, 283, 152]], [[1, 5, 259, 209, 330, 261], [2, 0, 0, 148, 599, 399], [3, 0, 0, 0, 599, 295], [4, 1, 460, 171, 522, 215]], [[1, 6, 266, 198, 339, 261], [2, 0, 0, 161, 599, 399], [3, 0, 0, 0, 599, 288], [3, 4, 459, 23, 471, 27], [3, 10, 286, 66, 296, 82], [3, 13, 306, 138, 316, 161], [3, 15, 318, 141, 326, 161], [3, 113, 331, 148, 343, 162], [3, 115, 329, 138, 341, 162], [3, 118, 334, 134, 340, 145]], [[1, 5, 325, 179, 348, 197], [1, 7, 266, 158, 329, 230], [2, 0, 0, 156, 599, 399], [3, 0, 0, 0, 599, 248], [4, 1, 433, 169, 459, 192]], [[1, 2, 376, 160, 388, 170], [1, 4, 349, 161, 358, 168], [1, 8, 261, 186, 331, 265], [2, 0, 0, 148, 599, 399], [3, 0, 0, 0, 599, 286], [3, 60, 249, 126, 255, 137], [4, 2, 323, 151, 325, 153], [4, 4, 351, 151, 353, 153]], [[1, 0, 309, 157, 316, 164], [1, 1, 377, 182, 446, 279], [1, 5, 330, 159, 337, 162], [1, 7, 316, 154, 322, 159], [1, 9, 275, 196, 326, 265], [2, 0, 0, 156, 599, 399], [3, 0, 0, 0, 599, 225], [4, 1, 361, 158, 367, 162]]], "distance_down_track": [126.91619110107422, 98.62567901611328, 215.26394653320312, 192.0760955810547, 215.2915802001953, 140.51893615722656, 40.30447769165039, 135.13511657714844, 194.9874725341797, 99.72577667236328], "velocity": [[-22.093544006347656, -1.565293788909912, 0.058264102786779404], [-21.027132034301758, -1.583208680152893, -4.9214558601379395], [20.972627639770508, 0.081305131316185, 7.767590522766113], [18.892807006835938, 0.08355392515659332, 11.434460639953613], [19.713998794555664, 0.08140718191862106, 6.31201696395874], [-20.155914306640625, -2.2060980796813965, 10.682838439941406], [-12.122773170471191, 0.06244128942489624, 15.835668563842773], [-21.190847396850586, -1.6797692775726318, 5.530609130859375], [18.044517517089844, 0.08228041231632233, 10.142906188964844], [-21.064559936523438, -1.5880091190338135, -4.656647205352783]]}