{"track": "overworld", "karts": ["beastie", "kiki", "hexley", "emule", "amanda", "wilber", "adiumy", "xue", "suzanne", "nolok"], "detections": [[[1, 0, 256, 189, 342, 264], [3, 0, 253, 108, 558, 177]], [[1, 1, 263, 181, 329, 257], [1, 2, 279, 134, 281, 136], [3, 0, 0, 0, 599, 165]], [[1, 2, 276, 195, 332, 268], [1, 5, 475, 132, 479, 134], [1, 8, 371, 148, 375, 150], [1, 9, 410, 142, 415, 144], [3, 0, 0, 0, 599, 198]], [[1, 3, 241, 200, 359, 321], [1, 6, 290, 159, 315, 183], [2, 7, 210, 143, 290, 160], [2, 24, 290, 143, 394, 161], [3, 0, 0, 0, 599, 172], [3, 7, 115, 0, 289, 157], [3, 24, 288, 0, 477, 160]], [[1, 4, 259, 190, 341, 259], [1, 7, 397, 155, 410, 165], [2, 0, 427, 149, 435, 157], [3, 0, 0, 24, 579, 148], [3, 4, 501, 116, 503, 116], [3, 7, 506, 114, 513, 117], [3, 24, 513, 115, 519, 117], [3, 25, 519, 116, 520, 117]], [[1, 4, 393, 189, 396, 190], [1, 5, 260, 189, 335, 257], [1, 7, 442, 188, 442, 189], [3, 0, 0, 75, 599, 203], [3, 5, 592, 153, 592, 153]], [[1, 6, 260, 192, 344, 282], [2, 7, 161, 146, 281, 172], [2, 24, 281, 146, 439, 173], [3, 0, 0, 0, 599, 178], [3, 7, 20, 0, 280, 168], [3, 24, 277, 0, 562, 171]], [[1, 7, 262, 186, 329, 262], [2, 0, 277, 154, 292, 169], [3, 0, 0, 16, 599, 165], [3, 7, 294, 128, 295, 128], [3, 24, 296, 128, 298, 129]], [[1, 4, 501, 193, 505, 194], [1, 5, 385, 160, 396, 168], [1, 8, 255, 201, 341, 267], [1, 9, 325, 165, 342, 178], [3, 0, 0, 21, 599, 202]], [[1, 4, 434, 193, 437, 194], [1, 5, 355, 165, 370, 179], [1, 9, 265, 203, 330, 264], [3, 0, 0, 44, 599, 201]]], "distance_down_track": [1093.4412841796875, 1229.812255859375, 1289.2108154296875, 608.9042358398438, 1456.677978515625, 1381.0833740234375, 615.1663818359375, 18.62132453918457, 1358.4271240234375, 1367.7720947265625], "velocity": [[3.5709939002990723, 3.2303004264831543, -21.194889068603516], [-2.194561243057251, -0.4620586633682251, -19.536699295043945], [1.7533893585205078, 2.1449062824249268, -19.468875885009766], [-0.38816970586776733, -0.8911800384521484, 5.299535274505615], [-12.851583480834961, -3.657280445098877, 17.14267349243164], [-18.87713623046875, 0.022211935371160507, 5.510481357574463], [-0.7273156642913818, -1.6686750650405884, 12.328140258789062], [3.1229872703552246, -2.0903160572052, 22.30196762084961], [-17.85000991821289, 2.0598440170288086, -1.9569000005722046], [-19.321849822998047, 1.4341111183166504, 2.3018057346343994]]}