{"track": "overworld", "karts": ["beastie", "kiki", "hexley", "emule", "amanda", "wilber", "adiumy", "xue", "suzanne", "nolok"], "detections": [[[1, 0, 257, 190, 343, 263], [3, 0, 0, 58, 599, 164], [3, 7, 228, 134, 229, 134], [3, 24, 230, 134, 232, 135]], [[1, 1, 231, 168, 361, 309], [1, 2, 321, 150, 328, 158], [1, 3, 456, 141, 458, 142], [3, 0, 0, 55, 480, 160], [3, 4, 387, 142, 387, 142], [3, 6, 247, 146, 256, 149], [3, 7, 364, 141, 369, 144], [3, 24, 370, 141, 375, 143]], [[1, 2, 271, 196, 328, 275], [1, 3, 438, 145, 440, 147], [1, 7, 448, 145, 450, 147], [3, 0, 0, 97, 344, 178], [3, 4, 341, 148, 341, 149], [3, 6, 126, 155, 146, 163], [3, 7, 316, 148, 320, 150], [3, 24, 321, 148, 327, 150], [255, 16777215, 170, 160, 440, 190]], [[1, 3, 274, 198, 331, 256], [1, 4, 344, 145, 348, 147], [1, 7, 292, 167, 319, 196], [3, 0, 0, 119, 581, 163]], [[1, 4, 229, 186, 364, 301], [3, 0, 221, 85, 511, 157]], [[1, 5, 259, 191, 335, 259], [1, 8, 513, 111, 518, 113], [3, 0, 0, 0, 599, 173]], [[1, 6, 251, 191, 355, 295], [2, 7, 0, 181, 255, 239], [2, 24, 254, 183, 599, 244], [3, 7, 0, 0, 253, 228], [3, 24, 246, 0, 599, 242]], [[1, 4, 343, 145, 347, 147], [1, 7, 265, 187, 333, 265], [3, 0, 0, 110, 515, 166]], [[1, 0, 469, 135, 474, 138], [1, 8, 263, 201, 339, 260], [1, 9, 373, 145, 377, 147], [3, 0, 0, 17, 599, 178]], [[1, 0, 375, 151, 383, 157], [1, 9, 266, 203, 326, 261], [2, 0, 323, 153, 333, 163], [3, 0, 0, 0, 599, 164], [3, 7, 342, 127, 343, 127], [3, 24, 344, 127, 346, 128]]], "distance_down_track": [44.4439697265625, 310.2080383300781, 310.2080383300781, 310.2080383300781, 494.3981018066406, 1260.134521484375, 621.8235473632812, 428.3216247558594, 1414.824462890625, 10.635251998901367], "velocity": [[5.936237812042236, 0.48956960439682007, 20.902908325195312], [1.0733548402786255, -0.05177471041679382, 8.282713890075684], [6.421733379364014, 0.14008736610412598, 18.462539672851562], [21.84414291381836, -2.2874231338500977, 6.826502323150635], [10.299520492553711, 0.5246176719665527, -2.3214802742004395], [-0.7719475030899048, 2.1711039543151855, -19.529531478881836], [-0.22826004028320312, -0.6428122520446777, -3.155820608139038], [19.758583068847656, -1.4746057987213135, 5.992824554443359], [-16.60224151611328, -4.104599952697754, 11.662238121032715], [-0.6419299244880676, -2.1419498920440674, 20.57887077331543]]}