{"track": "overworld", "karts": ["beastie", "kiki", "hexley", "emule", "amanda", "wilber", "adiumy", "xue", "suzanne", "nolok"], "detections": [[[1, 0, 256, 189, 341, 262], [1, 5, 407, 133, 407, 133], [3, 0, 0, 0, 599, 168]], [[1, 1, 267, 183, 329, 253], [1, 2, 287, 171, 290, 175], [1, 3, 328, 169, 333, 172], [1, 6, 297, 167, 302, 171], [2, 7, 265, 169, 291, 175], [2, 24, 292, 167, 325, 174], [3, 0, 0, 0, 599, 177], [3, 7, 238, 61, 291, 175], [3, 24, 286, 60, 340, 172], [3, 25, 334, 88, 341, 170], [255, 16777215, 0, 154, 599, 199]], [[1, 2, 246, 190, 356, 335], [2, 7, 129, 184, 349, 242], [2, 24, 350, 171, 599, 243], [3, 0, 0, 173, 349, 226], [3, 7, 0, 0, 348, 236], [3, 24, 345, 0, 599, 182], [255, 16777215, 349, 198, 349, 199]], [[1, 3, 241, 197, 358, 322], [3, 0, 145, 0, 567, 212], [3, 24, 0, 0, 145, 278]], [[1, 4, 257, 191, 339, 260], [3, 0, 0, 96, 362, 146], [3, 7, 269, 141, 271, 142], [3, 24, 272, 141, 275, 142], [3, 25, 274, 141, 274, 141]], [[1, 5, 260, 189, 335, 257], [3, 0, 0, 75, 599, 203], [3, 5, 592, 154, 592, 154]], [[1, 2, 271, 171, 282, 185], [1, 3, 401, 171, 424, 184], [1, 6, 248, 191, 355, 297], [2, 7, 216, 161, 290, 178], [2, 24, 291, 162, 387, 179], [3, 0, 0, 0, 599, 196], [3, 7, 131, 0, 290, 174], [3, 24, 290, 0, 465, 179]], [[1, 4, 258, 140, 261, 141], [1, 7, 263, 187, 331, 265], [1, 8, 275, 137, 280, 142], [1, 9, 329, 145, 331, 146], [3, 0, 0, 54, 584, 140], [3, 7, 256, 137, 257, 137], [3, 24, 258, 137, 259, 137]], [[1, 4, 285, 171, 291, 175], [1, 8, 258, 201, 335, 261], [1, 9, 408, 171, 413, 174], [3, 0, 0, 91, 505, 177], [3, 7, 298, 162, 300, 163], [3, 8, 297, 163, 297, 163], [3, 24, 301, 162, 304, 163]], [[1, 9, 266, 203, 326, 260], [3, 0, 481, 81, 599, 155]]], "distance_down_track": [1265.8775634765625, 270.4015197753906, 270.4015197753906, 270.4015197753906, 137.08090209960938, 1380.755859375, 621.8235473632812, 62.740867614746094, 98.46359252929688, 157.81338500976562], "velocity": [[-0.2706199884414673, 2.459024429321289, -21.593753814697266], [-0.12957265973091125, -1.6100175380706787, 21.790218353271484], [-0.25397294759750366, -0.5387621521949768, -0.5687952637672424], [4.779426097869873, 0.34302541613578796, 0.26038822531700134], [4.082351207733154, -0.5265278220176697, 21.3416805267334], [-18.90782356262207, 0.007659703493118286, 5.404294967651367], [-0.22826004028320312, -0.6428122520446777, -3.155820608139038], [3.833719253540039, -0.6253167390823364, 20.332277297973633], [0.14738883078098297, 0.8505223393440247, 20.68199348449707], [18.34773826599121, 0.20547904074192047, 9.581664085388184]]}