{"track": "tutorial", "karts": ["puffy", "hexley", "tux", "suzanne", "pidgin", "nolok", "beastie", "gavroche", "amanda", "adiumy"], "detections": [[[1, 0, 224, 200, 369, 305], [1, 1, 400, 162, 414, 171], [1, 6, 369, 150, 381, 158], [1, 8, 381, 149, 393, 158], [2, 0, 324, 123, 437, 150], [3, 0, 0, 0, 599, 399], [3, 8, 93, 2, 105, 16]], [[1, 1, 244, 193, 349, 347], [1, 6, 12, 153, 111, 206], [1, 8, 92, 146, 166, 193], [2, 0, 0, 91, 188, 162], [3, 0, 0, 18, 599, 399]], [[1, 2, 267, 198, 331, 252], [1, 7, 278, 164, 288, 173], [1, 9, 267, 158, 273, 162], [2, 0, 0, 162, 599, 399], [3, 0, 0, 112, 599, 307], [3, 6, 213, 134, 219, 141], [3, 7, 163, 124, 170, 132]], [[1, 2, 259, 161, 270, 170], [1, 3, 266, 200, 336, 253], [1, 7, 241, 159, 247, 163], [1, 9, 225, 156, 229, 159], [2, 0, 0, 159, 599, 399], [3, 0, 0, 123, 599, 374], [3, 6, 143, 132, 150, 138], [3, 7, 76, 119, 88, 128]], [[1, 2, 147, 148, 155, 152], [1, 3, 200, 153, 214, 160], [1, 4, 263, 211, 342, 265], [1, 7, 109, 146, 114, 148], [1, 9, 69, 142, 73, 144], [2, 0, 0, 146, 599, 399], [3, 0, 0, 106, 599, 399], [5, 20, 355, 165, 362, 176], [5, 21, 310, 163, 318, 176]], [[1, 5, 269, 203, 328, 258], [2, 0, 0, 150, 599, 399], [3, 0, 0, 69, 599, 263], [3, 6, 293, 77, 302, 89], [3, 7, 241, 71, 250, 80]], [[1, 6, 203, 179, 376, 343], [1, 8, 332, 156, 462, 253], [2, 0, 0, 77, 265, 224], [3, 0, 0, 8, 599, 399]], [[1, 7, 271, 203, 327, 256], [1, 9, 285, 159, 295, 168], [2, 0, 0, 164, 599, 399], [3, 0, 0, 81, 599, 274], [3, 6, 251, 135, 251, 135], [3, 7, 198, 123, 205, 126]], [[1, 6, 0, 224, 223, 399], [1, 8, 217, 184, 378, 329], [2, 0, 0, 99, 254, 236], [3, 0, 0, 43, 599, 399]], [[1, 9, 273, 195, 328, 248], [2, 0, 0, 180, 599, 399], [3, 0, 0, 0, 599, 261], [3, 6, 265, 138, 267, 142], [3, 7, 222, 135, 222, 135]]], "distance_down_track": [707.5197143554688, 712.6583862304688, 409.40948486328125, 409.40948486328125, 409.40948486328125, 491.73480224609375, 400.4352722167969, 455.9293518066406, 383.7624206542969, 365.0060729980469], "velocity": [[-4.738382339477539, -11.59195613861084, -4.829434394836426], [-7.832313537597656, 0.13148733973503113, 0.07443632930517197], [-5.77609920501709, 1.4113661050796509, -22.218116760253906], [-10.469861030578613, 1.6140377521514893, -20.415115356445312], [-17.913713455200195, 1.2759950160980225, -9.690521240234375], [1.615240216255188, -2.977090835571289, -20.957059860229492], [0.25656890869140625, 0.09381746500730515, 0.4127575159072876], [-3.0489940643310547, 1.171099305152893, -21.813833236694336], [-0.20684050023555756, 0.21090035140514374, 0.1841585636138916], [-1.3973439931869507, 0.9664736390113831, -22.93716049194336]]}