{"track": "tutorial", "karts": ["puffy", "hexley", "tux", "suzanne", "pidgin", "nolok", "beastie", "gavroche", "amanda", "adiumy"], "detections": [[[1, 0, 204, 201, 388, 327], [1, 7, 327, 158, 343, 172], [2, 0, 97, 119, 263, 156], [3, 0, 0, 35, 599, 399]], [[1, 0, 356, 205, 374, 212], [1, 1, 250, 194, 340, 324], [1, 4, 308, 195, 316, 200], [1, 5, 522, 223, 543, 237], [1, 7, 412, 179, 423, 185], [1, 8, 320, 159, 376, 205], [2, 0, 0, 136, 530, 399], [3, 0, 0, 0, 599, 399], [3, 8, 96, 6, 108, 20]], [[1, 2, 225, 196, 358, 316], [2, 0, 0, 143, 599, 399], [3, 0, 0, 22, 599, 317], [3, 6, 312, 72, 323, 84], [3, 7, 259, 63, 269, 74]], [[1, 2, 287, 156, 301, 168], [1, 3, 236, 201, 372, 311], [1, 6, 0, 6, 245, 399], [1, 9, 228, 166, 267, 203], [2, 0, 0, 153, 599, 399], [3, 0, 198, 85, 599, 258], [3, 6, 292, 84, 302, 95], [3, 7, 242, 77, 252, 86]], [[1, 0, 449, 193, 553, 234], [1, 4, 251, 213, 346, 279], [1, 5, 594, 185, 599, 198], [1, 7, 352, 162, 365, 173], [2, 0, 144, 113, 282, 155], [3, 0, 0, 16, 599, 399]], [[1, 1, 475, 26, 504, 42], [1, 5, 234, 206, 357, 323], [1, 8, 506, 3, 541, 25], [2, 0, 408, 35, 544, 87], [3, 0, 0, 0, 599, 399]], [[1, 2, 299, 170, 312, 181], [1, 3, 308, 240, 398, 310], [1, 6, 201, 179, 376, 334], [1, 9, 262, 192, 286, 217], [2, 0, 0, 155, 599, 399], [3, 0, 0, 87, 599, 309], [3, 6, 299, 90, 309, 101], [3, 7, 250, 80, 259, 89]], [[1, 7, 241, 204, 357, 315], [2, 0, 0, 124, 89, 160], [3, 0, 0, 78, 599, 399]], [[1, 0, 362, 228, 381, 241], [1, 1, 0, 286, 191, 399], [1, 4, 314, 220, 314, 220], [1, 5, 560, 264, 588, 283], [1, 7, 428, 205, 439, 212], [1, 8, 260, 191, 335, 259], [2, 0, 333, 158, 581, 190], [3, 0, 0, 0, 599, 399], [3, 8, 136, 39, 146, 50]], [[1, 2, 304, 156, 321, 170], [1, 9, 265, 194, 336, 264], [2, 0, 0, 151, 599, 399], [3, 0, 0, 72, 599, 284], [3, 6, 288, 77, 298, 89], [3, 7, 236, 72, 246, 82]]], "distance_down_track": [712.6583862304688, 705.0617065429688, 590.8922729492188, 561.7310180664062, 576.2125244140625, 619.34228515625, 561.7310180664062, 605.3455200195312, 561.7310180664062, 547.9110717773438], "velocity": [[-4.7846503257751465, 0.09380004554986954, -0.830898642539978], [-6.282590389251709, -4.570375442504883, -6.684668064117432], [-0.10561268031597137, 0.08185207098722458, -0.0014586112229153514], [-2.0822391510009766, 0.20419681072235107, -3.417240619659424], [-8.848217010498047, 0.15127529203891754, -2.452312469482422], [3.735590696334839, 0.20952510833740234, 1.9043803215026855], [4.065530776977539, 0.05289135128259659, -0.15117321908473969], [-0.04009080305695534, -0.037624187767505646, 0.0042935521341860294], [-15.412728309631348, -6.292153358459473, -18.153305053710938], [1.666286826133728, -2.0720338821411133, -16.808975219726562]]}