{"track": "minigolf", "karts": ["nolok", "sara_the_racer", "emule", "adiumy", "gavroche", "konqi", "amanda", "xue", "sara_the_wizard", "puffy"], "detections": [[[1, 0, 267, 202, 322, 256], [1, 7, 377, 165, 394, 177], [2, 0, 0, 170, 441, 399], [3, 0, 0, 0, 599, 399]], [[1, 0, 320, 164, 342, 182], [1, 1, 275, 178, 320, 259], [1, 7, 405, 158, 419, 168], [2, 0, 0, 162, 442, 399], [3, 0, 0, 0, 599, 399]], [[1, 2, 266, 198, 328, 278], [1, 8, 114, 159, 119, 161], [2, 0, 0, 149, 599, 399], [3, 0, 0, 0, 599, 383], [3, 1, 234, 156, 236, 163], [3, 2, 366, 112, 373, 157], [3, 8, 243, 165, 254, 175], [3, 9, 255, 165, 265, 176], [3, 13, 306, 147, 388, 182], [4, 16, 100, 152, 109, 159], [4, 17, 57, 141, 64, 147], [4, 19, 171, 165, 171, 165], [4, 20, 286, 171, 290, 172], [4, 26, 291, 162, 293, 163], [6, 9, 309, 171, 323, 182], [6, 32, 253, 175, 256, 175], [255, 16777215, 434, 104, 451, 125]], [[1, 0, 408, 185, 419, 191], [1, 1, 375, 182, 386, 193], [1, 3, 275, 196, 327, 243], [2, 0, 0, 187, 480, 399], [3, 0, 0, 0, 599, 399]], [[1, 1, 405, 176, 414, 182], [1, 3, 311, 168, 336, 188], [1, 4, 268, 203, 326, 260], [2, 0, 0, 178, 532, 399], [3, 0, 0, 0, 599, 399]], [[1, 5, 266, 192, 342, 265], [2, 0, 13, 140, 599, 399], [3, 0, 0, 0, 599, 399], [4, 3, 210, 145, 220, 153], [4, 4, 310, 140, 319, 147], [4, 5, 250, 138, 259, 146], [4, 6, 275, 147, 284, 155]], [[1, 6, 261, 192, 336, 255], [2, 0, 0, 170, 447, 399], [3, 0, 0, 0, 599, 399], [3, 3, 438, 149, 456, 164], [3, 5, 419, 148, 438, 165], [3, 7, 91, 145, 143, 186], [4, 14, 158, 160, 180, 175], [4, 15, 257, 158, 271, 170]], [[1, 7, 259, 185, 332, 266], [2, 0, 0, 166, 430, 399], [3, 0, 0, 0, 599, 399]], [[1, 8, 278, 188, 320, 268], [2, 0, 0, 171, 540, 399], [3, 0, 0, 0, 599, 399], [4, 16, 270, 166, 326, 215], [4, 17, 381, 154, 399, 168]], [[1, 5, 297, 153, 297, 153], [1, 9, 255, 201, 345, 263], [2, 0, 138, 147, 599, 399], [2, 6, 278, 154, 285, 160], [3, 0, 0, 0, 599, 399], [3, 4, 263, 150, 269, 156], [3, 6, 278, 149, 289, 160], [4, 3, 234, 149, 237, 151], [4, 4, 263, 148, 265, 149], [4, 5, 242, 147, 243, 148], [4, 6, 257, 150, 259, 151], [6, 30, 336, 153, 336, 154], [255, 16777215, 83, 56, 91, 86]]], "distance_down_track": [156.5666961669922, 149.2468719482422, 221.84864807128906, 130.8504638671875, 124.67338562011719, 62.78934860229492, 639.2906494140625, 173.140625, 270.1734924316406, 731.8040161132812], "velocity": [[-7.653077602386475, -2.2756147384643555, 21.995725631713867], [-11.092172622680664, -2.656280040740967, 15.975895881652832], [20.20127296447754, -4.098328113555908, 1.8979465961456299], [-27.046730041503906, -0.7729487419128418, 10.614255905151367], [-20.475271224975586, -0.561132550239563, 2.989712715148926], [-19.487977981567383, 0.20282939076423645, -6.976211071014404], [-8.474502563476562, 0.08173587173223495, -22.614124298095703], [5.4091796875, -2.4383647441864014, 19.831417083740234], [-1.4328994750976562, 4.33522367477417, 20.01275634765625], [-20.58841896057129, 0.07733020186424255, 7.352780818939209]]}