{"track": "tutorial", "karts": ["puffy", "hexley", "tux", "suzanne", "pidgin", "nolok", "beastie", "gavroche", "amanda", "adiumy"], "detections": [[[1, 0, 204, 203, 394, 327], [1, 7, 0, 173, 106, 269], [2, 0, 0, 100, 80, 136], [3, 0, 0, 47, 599, 399]], [[1, 0, 332, 157, 354, 174], [1, 1, 242, 193, 350, 349], [1, 2, 249, 152, 275, 167], [1, 3, 22, 166, 121, 210], [1, 4, 175, 158, 207, 174], [1, 7, 282, 151, 301, 166], [1, 9, 259, 154, 278, 171], [2, 0, 78, 115, 262, 156], [3, 0, 0, 31, 599, 399]], [[1, 0, 330, 172, 395, 206], [1, 2, 233, 196, 369, 322], [1, 7, 305, 169, 381, 226], [1, 9, 350, 195, 452, 296], [3, 0, 0, 38, 599, 399]], [[1, 0, 461, 167, 511, 191], [1, 2, 347, 157, 372, 176], [1, 3, 220, 201, 368, 322], [1, 4, 277, 165, 311, 187], [1, 7, 395, 156, 419, 177], [1, 9, 366, 161, 390, 183], [2, 0, 141, 109, 339, 161], [3, 0, 0, 18, 599, 399]], [[1, 0, 581, 195, 599, 209], [1, 2, 374, 165, 446, 209], [1, 4, 223, 217, 367, 327], [1, 7, 478, 162, 549, 207], [1, 9, 426, 176, 500, 230], [2, 0, 0, 57, 325, 172], [3, 0, 0, 0, 599, 399]], [[1, 5, 232, 206, 353, 319], [2, 0, 0, 143, 599, 399], [3, 0, 0, 108, 599, 280], [5, 20, 325, 168, 334, 178], [5, 21, 285, 165, 294, 176], [5, 22, 237, 161, 247, 173]], [[1, 6, 255, 189, 334, 259], [2, 0, 0, 168, 599, 399], [3, 0, 0, 43, 599, 399], [3, 6, 331, 30, 347, 54], [3, 7, 239, 39, 254, 55]], [[1, 0, 492, 226, 599, 311], [1, 2, 0, 222, 203, 344], [1, 7, 244, 205, 360, 321], [1, 9, 0, 252, 221, 399], [2, 0, 0, 116, 177, 241], [3, 0, 0, 62, 599, 399]], [[1, 6, 349, 169, 360, 176], [1, 8, 262, 192, 337, 253], [2, 0, 0, 174, 599, 399], [3, 0, 0, 73, 599, 291], [3, 6, 446, 62, 464, 82], [3, 7, 360, 78, 373, 91]], [[1, 0, 514, 189, 599, 254], [1, 2, 175, 173, 282, 255], [1, 7, 345, 165, 452, 243], [1, 9, 250, 190, 355, 305], [2, 0, 0, 61, 213, 189], [3, 0, 0, 23, 599, 399]]], "distance_down_track": [712.6583862304688, 712.6583862304688, 383.7624206542969, 383.7624206542969, 383.7624206542969, 473.2306823730469, 365.0060729980469, 420.1153259277344, 343.6702575683594, 343.6702575683594], "velocity": [[-0.07125510275363922, 0.08362796157598495, 0.0018158262828364968], [-4.829379558563232, 0.09734391421079636, -0.7075711488723755], [-1.1865005493164062, -0.07455696165561676, 0.8701109886169434], [-4.957200050354004, 0.09796155989170074, -0.8569326996803284], [-6.786555290222168, 0.11974921822547913, 0.23690927028656006], [-0.16703608632087708, 0.44163939356803894, 2.3615620136260986], [-1.1497713327407837, -2.510101318359375, -23.991662979125977], [-0.10643413662910461, 0.1407010853290558, 0.048422329127788544], [11.232643127441406, -0.40342289209365845, -21.37492561340332], [-0.31871306896209717, 0.0998399406671524, 1.0479650497436523]]}