{"track": "tutorial", "karts": ["puffy", "hexley", "tux", "suzanne", "pidgin", "nolok", "beastie", "gavroche", "amanda", "adiumy"], "detections": [[[1, 0, 203, 201, 388, 326], [1, 3, 242, 155, 264, 168], [1, 4, 297, 158, 316, 169], [1, 7, 267, 155, 286, 167], [2, 0, 128, 123, 274, 156], [3, 0, 0, 36, 599, 399]], [[1, 0, 342, 219, 357, 229], [1, 1, 237, 192, 348, 350], [1, 3, 364, 191, 373, 196], [1, 4, 386, 197, 394, 202], [1, 7, 375, 193, 382, 197], [2, 0, 0, 161, 599, 399], [3, 0, 0, 0, 599, 320], [3, 8, 128, 34, 137, 45]], [[1, 1, 415, 156, 421, 159], [1, 2, 266, 198, 337, 259], [1, 5, 287, 145, 300, 157], [1, 8, 378, 154, 378, 154], [2, 0, 0, 153, 599, 399], [3, 0, 0, 61, 599, 306], [3, 6, 453, 51, 471, 71], [3, 7, 374, 64, 386, 78]], [[1, 3, 208, 200, 357, 331], [1, 4, 416, 196, 502, 249], [1, 7, 321, 193, 406, 265], [2, 0, 0, 58, 206, 215], [3, 0, 0, 19, 599, 399]], [[1, 4, 227, 217, 377, 323], [1, 7, 194, 391, 230, 399], [3, 0, 0, 37, 599, 399]], [[1, 1, 441, 194, 449, 199], [1, 5, 231, 205, 352, 324], [1, 8, 401, 189, 402, 190], [2, 0, 0, 179, 599, 399], [3, 0, 0, 96, 599, 312], [3, 6, 464, 86, 482, 105], [3, 7, 379, 94, 391, 105]], [[1, 1, 378, 143, 383, 144], [1, 2, 286, 152, 302, 165], [1, 5, 280, 134, 287, 141], [1, 6, 244, 175, 352, 266], [1, 8, 347, 139, 347, 139], [2, 0, 0, 138, 599, 399], [3, 0, 0, 53, 599, 291], [3, 6, 421, 44, 436, 62], [3, 7, 351, 51, 362, 64]], [[1, 3, 66, 279, 350, 399], [1, 4, 332, 194, 405, 249], [1, 7, 240, 205, 355, 320], [3, 0, 0, 49, 599, 399]], [[1, 1, 318, 153, 332, 164], [1, 8, 258, 191, 333, 258], [2, 0, 0, 161, 599, 399], [3, 0, 0, 13, 599, 399], [3, 6, 241, 3, 260, 32], [3, 7, 123, 1, 145, 26]], [[1, 2, 251, 153, 256, 156], [1, 5, 239, 143, 242, 145], [1, 6, 265, 157, 272, 163], [1, 8, 267, 142, 268, 143], [1, 9, 242, 190, 349, 305], [2, 0, 0, 139, 599, 399], [3, 0, 0, 27, 599, 318], [3, 6, 321, 72, 331, 85], [3, 7, 269, 62, 278, 72]]], "distance_down_track": [712.6583862304688, 712.6583862304688, 590.8922729492188, 605.3455200195312, 605.3455200195312, 656.4569091796875, 590.8922729492188, 619.34228515625, 590.8922729492188, 590.8922729492188], "velocity": [[-4.922416687011719, 0.10661070048809052, -1.0506738424301147], [-0.14328165352344513, 0.07399637997150421, 0.01729322224855423], [12.920300483703613, -0.8004835844039917, -16.070735931396484], [-0.31477564573287964, 0.15679298341274261, 0.1939263790845871], [-0.030205897986888885, -0.054829761385917664, 1.7053261995315552], [-0.10328127443790436, 0.08166985958814621, 0.007751024328172207], [7.9042534828186035, -2.0402350425720215, -15.122140884399414], [1.4992008209228516, -0.5475379824638367, 1.848854422569275], [-7.942610263824463, -3.334683656692505, -22.561412811279297], [-0.09960438311100006, 0.08260527998209, 0.008851335383951664]]}