{"track": "overworld", "karts": ["beastie", "kiki", "hexley", "emule", "amanda", "wilber", "adiumy", "xue", "suzanne", "nolok"], "detections": [[[1, 0, 258, 189, 343, 263], [3, 0, 0, 0, 599, 214]], [[1, 1, 237, 168, 368, 307], [2, 7, 0, 152, 244, 211], [2, 24, 240, 146, 579, 210], [3, 7, 0, 0, 239, 156], [3, 24, 228, 0, 599, 199]], [[1, 2, 251, 192, 362, 350], [1, 3, 228, 168, 232, 171], [3, 0, 0, 58, 577, 166]], [[1, 3, 264, 198, 325, 261], [3, 0, 0, 0, 599, 179], [3, 5, 451, 171, 468, 177], [3, 6, 575, 170, 578, 171]], [[1, 4, 258, 191, 343, 262], [3, 0, 0, 61, 483, 159], [3, 7, 312, 152, 315, 153], [3, 24, 316, 152, 319, 153], [3, 25, 319, 152, 319, 152]], [[1, 0, 275, 142, 279, 144], [1, 5, 259, 189, 335, 258], [3, 0, 0, 0, 599, 174]], [[1, 1, 296, 143, 312, 164], [1, 6, 254, 192, 354, 298], [2, 7, 196, 136, 287, 157], [2, 24, 288, 136, 408, 158], [3, 0, 0, 0, 599, 173], [3, 7, 87, 0, 287, 153], [3, 24, 286, 0, 504, 157]], [[1, 7, 266, 187, 331, 259], [1, 8, 347, 177, 387, 205], [1, 9, 439, 145, 443, 147], [2, 0, 378, 150, 385, 157], [3, 0, 0, 36, 599, 158], [3, 4, 406, 122, 406, 122], [3, 7, 409, 122, 412, 123], [3, 24, 413, 122, 417, 124], [3, 25, 416, 122, 418, 124]], [[1, 7, 0, 378, 35, 399], [1, 8, 260, 200, 335, 259], [1, 9, 452, 144, 456, 146], [2, 0, 381, 148, 389, 157], [3, 0, 0, 29, 472, 148], [3, 7, 422, 119, 425, 121], [3, 24, 426, 119, 429, 121], [3, 25, 429, 120, 430, 121]], [[1, 9, 267, 203, 327, 260], [3, 0, 0, 54, 599, 142], [3, 7, 256, 137, 256, 137], [3, 24, 257, 137, 259, 137]]], "distance_down_track": [1324.09814453125, 195.050048828125, 160.1875, 160.1875, 188.928955078125, 1259.15966796875, 611.0476684570312, 1460.9583740234375, 1463.33837890625, 61.99018096923828], "velocity": [[-4.204839706420898, 3.4538042545318604, -21.042829513549805], [-0.0018666333053261042, 0.09075789153575897, 0.16550596058368683], [-1.3612148761749268, -0.030115332454442978, 1.2769994735717773], [-19.26667594909668, -1.8826496601104736, 8.857909202575684], [-1.5554169416427612, 0.049509286880493164, 20.975444793701172], [-0.8276846408843994, 1.8051949739456177, -19.56446647644043], [-1.2338331937789917, -1.513657808303833, 8.763348579406738], [-6.444643974304199, -3.2459959983825684, 22.259607315063477], [-6.468227386474609, -3.116020679473877, 19.415002822875977], [3.8960869312286377, -0.9250078201293945, 20.308982849121094]]}