{"track": "volcano_island", "karts": ["gavroche", "adiumy", "amanda", "nolok", "tux", "konqi", "kiki", "pidgin", "sara_the_racer", "suzanne"], "detections": [[[1, 0, 273, 203, 333, 262], [1, 1, 141, 182, 191, 219], [1, 3, 190, 164, 199, 170], [1, 4, 230, 163, 239, 171], [1, 7, 219, 166, 231, 173], [2, 0, 0, 161, 599, 399], [3, 0, 0, 0, 599, 276]], [[1, 0, 589, 277, 599, 285], [1, 1, 269, 195, 333, 258], [1, 3, 185, 162, 196, 169], [1, 4, 240, 161, 251, 170], [1, 7, 229, 164, 245, 173], [2, 0, 0, 158, 599, 399], [3, 0, 0, 0, 599, 339]], [[1, 2, 264, 191, 341, 257], [1, 5, 190, 158, 198, 165], [1, 6, 276, 167, 303, 199], [1, 8, 208, 156, 215, 165], [2, 0, 0, 161, 599, 399], [3, 0, 0, 0, 599, 340]], [[1, 2, 242, 162, 262, 177], [1, 3, 275, 203, 332, 257], [1, 6, 234, 158, 245, 171], [2, 0, 0, 159, 599, 399], [3, 0, 0, 0, 599, 349]], [[1, 2, 190, 159, 205, 169], [1, 3, 225, 170, 243, 185], [1, 4, 270, 198, 335, 254], [1, 6, 181, 157, 190, 167], [1, 7, 175, 229, 277, 299], [2, 0, 0, 159, 599, 399], [3, 0, 0, 0, 599, 275]], [[1, 5, 268, 191, 341, 264], [1, 8, 485, 383, 554, 399], [2, 0, 0, 158, 599, 399], [3, 0, 0, 0, 599, 314], [3, 65, 497, 171, 502, 173], [3, 169, 481, 172, 507, 184], [3, 350, 479, 174, 493, 183], [3, 367, 498, 181, 509, 185], [6, 33, 251, 120, 251, 120]], [[1, 5, 203, 161, 214, 168], [1, 6, 275, 184, 332, 249], [1, 8, 224, 159, 231, 168], [2, 0, 0, 162, 599, 399], [3, 0, 0, 0, 599, 315]], [[1, 2, 184, 159, 199, 169], [1, 3, 230, 168, 249, 183], [1, 4, 310, 187, 369, 232], [1, 6, 172, 157, 182, 166], [1, 7, 268, 210, 340, 261], [2, 0, 0, 159, 599, 399], [3, 0, 0, 0, 599, 318]], [[1, 5, 243, 174, 280, 208], [1, 8, 282, 178, 323, 255], [2, 0, 0, 158, 599, 399], [3, 0, 0, 0, 599, 282]], [[1, 0, 260, 161, 264, 164], [1, 9, 270, 200, 342, 258], [2, 0, 0, 160, 599, 399], [3, 0, 0, 0, 599, 299]]], "distance_down_track": [1001.7048950195312, 1003.9933471679688, 1042.5120849609375, 1029.9097900390625, 1021.1651611328125, 1074.879150390625, 1046.446533203125, 1020.2263793945312, 1071.3455810546875, 966.3648681640625], "velocity": [[20.427349090576172, -0.9146719574928284, 1.06186842918396], [19.696380615234375, -0.9164899587631226, -1.1032744646072388], [11.620444297790527, -0.7172510623931885, 20.410892486572266], [16.69332504272461, -1.0723522901535034, 15.312562942504883], [21.109376907348633, -0.9644840955734253, 7.063514232635498], [-5.979066848754883, -0.871459424495697, 20.78246307373047], [9.437602996826172, -0.8097313046455383, 22.138324737548828], [20.529314041137695, -0.9857051372528076, 7.949646472930908], [-3.5375688076019287, -0.7079959511756897, 21.1699161529541], [9.901676177978516, -0.4343830645084381, -20.754953384399414]]}