{"track": "tutorial", "karts": ["puffy", "hexley", "tux", "suzanne", "pidgin", "nolok", "beastie", "gavroche", "amanda", "adiumy"], "detections": [[[1, 0, 204, 203, 393, 326], [2, 0, 0, 104, 86, 142], [3, 0, 0, 52, 599, 399]], [[1, 0, 310, 166, 362, 204], [1, 1, 245, 193, 349, 345], [1, 2, 128, 161, 197, 198], [1, 3, 41, 162, 126, 206], [1, 7, 0, 197, 51, 216], [2, 0, 0, 90, 184, 163], [3, 0, 0, 18, 599, 399]], [[1, 0, 487, 187, 599, 252], [1, 2, 234, 196, 367, 313], [1, 3, 0, 222, 185, 399], [2, 0, 0, 75, 153, 225], [3, 0, 0, 12, 599, 399]], [[1, 0, 592, 207, 599, 218], [1, 2, 362, 187, 459, 271], [1, 3, 212, 201, 362, 338], [1, 7, 174, 364, 363, 399], [2, 0, 0, 69, 262, 212], [3, 0, 0, 32, 599, 399]], [[1, 0, 300, 163, 338, 191], [1, 1, 244, 170, 301, 233], [1, 2, 171, 155, 219, 183], [1, 3, 113, 155, 167, 185], [1, 4, 221, 217, 367, 325], [1, 7, 47, 159, 121, 193], [2, 0, 0, 92, 208, 158], [3, 0, 0, 23, 599, 399]], [[1, 5, 268, 203, 332, 263], [1, 6, 302, 134, 304, 135], [2, 0, 0, 135, 599, 399], [3, 0, 0, 50, 599, 282], [3, 6, 372, 46, 385, 62], [3, 7, 310, 48, 321, 60]], [[1, 6, 255, 189, 334, 261], [2, 0, 0, 162, 598, 399], [3, 0, 0, 22, 599, 399], [3, 6, 258, 10, 276, 37], [3, 7, 147, 11, 167, 32]], [[1, 0, 556, 185, 599, 214], [1, 2, 359, 171, 418, 225], [1, 3, 274, 174, 346, 242], [1, 7, 240, 205, 352, 322], [2, 0, 0, 56, 301, 172], [3, 0, 0, 0, 599, 399]], [[1, 1, 585, 185, 599, 203], [1, 2, 477, 165, 506, 182], [1, 3, 447, 164, 470, 180], [1, 7, 431, 166, 455, 181], [1, 8, 239, 188, 346, 286], [2, 0, 331, 130, 480, 165], [3, 0, 0, 0, 599, 399], [3, 8, 74, 36, 78, 38]], [[1, 9, 260, 193, 340, 276], [2, 0, 0, 153, 599, 399], [3, 0, 0, 116, 599, 256], [3, 6, 193, 127, 193, 127], [3, 7, 136, 115, 145, 123]]], "distance_down_track": [712.6583862304688, 712.6583862304688, 532.0, 532.0, 532.0, 576.2125244140625, 512.133544921875, 547.9110717773438, 491.73480224609375, 473.2306823730469], "velocity": [[-0.07004524022340775, 0.08972515910863876, -0.0006422933074645698], [-8.117010116577148, 0.13448429107666016, 0.11986924707889557], [-0.11524160206317902, 0.08540592342615128, 0.1581469476222992], [-0.41631871461868286, 0.09695158898830414, 0.15798094868659973], [-4.88210916519165, 0.08842836320400238, -0.2524619996547699], [7.253474235534668, -2.9920082092285156, -18.610456466674805], [-7.021175384521484, -3.2250430583953857, -22.88066291809082], [-7.85511589050293, 0.130059614777565, 0.41246166825294495], [-6.212899684906006, 0.12477271258831024, -4.000125408172607], [-4.789794445037842, 0.9272804260253906, -12.460777282714844]]}