{"track": "snowtuxpeak", "karts": ["pidgin", "amanda", "xue", "tux", "gavroche", "emule", "puffy", "sara_the_wizard", "beastie", "gnu"], "detections": [[[1, 0, 257, 211, 344, 270], [1, 1, 0, 369, 91, 399], [1, 3, 259, 145, 263, 147], [1, 5, 255, 142, 258, 143], [1, 9, 268, 141, 269, 144], [2, 0, 0, 143, 599, 399], [3, 0, 0, 0, 599, 302]], [[1, 0, 331, 179, 386, 211], [1, 1, 242, 225, 358, 289], [1, 3, 256, 140, 259, 143], [1, 5, 250, 137, 251, 139], [1, 9, 264, 137, 265, 140], [2, 0, 100, 139, 599, 399], [3, 0, 0, 0, 599, 399]], [[1, 2, 264, 187, 332, 264], [1, 7, 283, 159, 292, 171], [2, 0, 0, 142, 599, 399], [3, 0, 0, 0, 599, 337], [4, 4, 297, 155, 304, 161], [4, 5, 264, 154, 272, 160]], [[1, 3, 269, 198, 330, 249], [1, 5, 269, 162, 275, 166], [1, 9, 318, 158, 337, 177], [2, 0, 86, 166, 599, 399], [3, 0, 0, 0, 599, 399]], [[1, 0, 269, 159, 284, 168], [1, 1, 248, 164, 268, 172], [1, 3, 218, 143, 221, 145], [1, 4, 260, 204, 338, 278], [1, 5, 209, 140, 211, 141], [1, 6, 181, 204, 270, 243], [1, 9, 224, 140, 225, 142], [2, 0, 55, 141, 599, 399], [3, 0, 0, 0, 599, 399]], [[1, 5, 272, 198, 332, 261], [2, 0, 0, 171, 599, 399], [3, 0, 0, 0, 599, 329]], [[1, 0, 291, 159, 307, 168], [1, 1, 272, 164, 293, 173], [1, 3, 230, 142, 233, 144], [1, 4, 368, 244, 599, 399], [1, 5, 221, 140, 223, 140], [1, 6, 233, 223, 367, 298], [1, 9, 236, 139, 238, 141], [2, 0, 200, 141, 599, 399], [3, 0, 0, 0, 599, 399]], [[1, 7, 279, 187, 318, 266], [2, 0, 0, 142, 599, 399], [3, 0, 0, 0, 599, 283], [4, 4, 324, 158, 337, 169], [4, 5, 269, 156, 283, 167]], [[1, 4, 190, 155, 195, 159], [1, 8, 264, 189, 342, 258], [2, 0, 0, 155, 599, 399], [3, 0, 0, 0, 599, 258]], [[1, 5, 273, 160, 280, 166], [1, 9, 271, 159, 329, 227], [2, 0, 0, 165, 599, 399], [3, 0, 0, 0, 599, 288]]], "distance_down_track": [59.58437728881836, 57.28718566894531, 196.4671630859375, 110.87129211425781, 45.38594055175781, 143.23463439941406, 46.734378814697266, 210.7360076904297, 13.027883529663086, 118.34550476074219], "velocity": [[-18.17734146118164, 1.0583431720733643, 2.342536449432373], [-11.84127426147461, 0.645846962928772, 2.2743613719940186], [-2.4005813598632812, 0.49026617407798767, -20.55448341369629], [-24.46975326538086, 2.886469602584839, 2.358184576034546], [-13.42708683013916, 0.7640186548233032, 5.632354259490967], [-20.065092086791992, 1.8310489654541016, -6.38844108581543], [-11.393380165100098, 0.6661796569824219, 3.9436914920806885], [-0.6639222502708435, 0.4124990999698639, -20.68523597717285], [-11.081243515014648, 0.08170708268880844, 21.457443237304688], [-21.569114685058594, 2.3712332248687744, -0.7493266463279724]]}