{"track": "zengarden", "karts": ["nolok", "sara_the_wizard", "gnu", "beastie", "hexley", "gavroche", "puffy", "xue", "kiki", "sara_the_racer"], "detections": [[[1, 0, 267, 203, 347, 269], [1, 6, 303, 183, 362, 229], [2, 0, 0, 153, 599, 399], [3, 0, 0, 0, 599, 336], [3, 213, 255, 85, 261, 101], [3, 252, 401, 0, 435, 9], [3, 437, 368, 82, 389, 86], [3, 443, 220, 80, 220, 84], [3, 445, 192, 75, 206, 88], [3, 485, 177, 91, 208, 152], [8, 24, 305, 156, 343, 194]], [[1, 1, 282, 188, 323, 259], [1, 5, 350, 167, 366, 178], [2, 0, 0, 165, 412, 399], [3, 0, 0, 0, 599, 399], [3, 243, 292, 124, 304, 142], [3, 246, 391, 133, 400, 146], [3, 249, 168, 98, 195, 132], [3, 286, 285, 120, 313, 166], [3, 289, 386, 130, 402, 162], [3, 292, 149, 89, 210, 174]], [[1, 2, 262, 157, 339, 227], [1, 3, 419, 159, 430, 167], [1, 9, 338, 165, 360, 198], [2, 0, 0, 108, 431, 399], [3, 0, 0, 0, 599, 399]], [[1, 1, 385, 157, 387, 158], [1, 3, 253, 188, 341, 264], [1, 4, 337, 157, 344, 163], [1, 8, 408, 205, 559, 345], [2, 0, 0, 158, 599, 399], [3, 0, 0, 0, 599, 238]], [[1, 1, 374, 157, 387, 166], [1, 4, 270, 194, 325, 271], [1, 5, 442, 159, 449, 163], [2, 0, 0, 161, 599, 399], [3, 0, 0, 0, 599, 358], [3, 243, 433, 134, 442, 144], [3, 249, 363, 131, 372, 143], [3, 286, 430, 131, 448, 160], [3, 292, 358, 128, 378, 159]], [[1, 5, 266, 203, 326, 261], [2, 0, 0, 163, 452, 399], [3, 0, 0, 0, 599, 399], [3, 243, 112, 75, 150, 120], [3, 246, 307, 121, 319, 138], [3, 286, 89, 63, 167, 174], [3, 289, 300, 116, 326, 161]], [[1, 0, 193, 258, 374, 399], [1, 6, 255, 220, 350, 287], [2, 0, 0, 185, 599, 399], [3, 0, 0, 0, 599, 399], [3, 213, 170, 111, 174, 126], [3, 252, 339, 0, 390, 40], [3, 437, 285, 122, 307, 127], [3, 441, 270, 125, 270, 125], [3, 445, 79, 90, 98, 108], [3, 447, 175, 116, 177, 116], [3, 485, 44, 120, 97, 184], [8, 24, 260, 180, 318, 237]], [[1, 7, 268, 188, 333, 260], [2, 0, 0, 159, 599, 399], [3, 0, 0, 0, 599, 292], [3, 489, 304, 127, 306, 133], [4, 9, 302, 156, 310, 163], [4, 10, 346, 157, 355, 163], [6, 21, 310, 184, 363, 197]], [[1, 3, 189, 175, 260, 230], [1, 4, 333, 155, 339, 161], [1, 8, 260, 180, 336, 265], [2, 0, 0, 0, 599, 399], [3, 0, 0, 0, 599, 270]], [[1, 3, 347, 156, 359, 165], [1, 4, 410, 154, 415, 158], [1, 8, 361, 155, 370, 166], [1, 9, 276, 178, 320, 258], [2, 0, 0, 93, 444, 399], [3, 0, 0, 0, 599, 399]]], "distance_down_track": [250.6367950439453, 443.1594543457031, 366.1564636230469, 392.244384765625, 418.6557312011719, 457.868896484375, 252.24041748046875, 321.44598388671875, 390.8634948730469, 371.4935607910156], "velocity": [[-12.07484245300293, 0.30073535442352295, -5.618276596069336], [-23.32038688659668, 0.39936044812202454, -1.8868237733840942], [3.7584173679351807, 0.13418063521385193, -21.150239944458008], [-9.537992477416992, 0.07726606726646423, -19.306133270263672], [-12.334578514099121, 0.08172272145748138, -15.315471649169922], [-19.546783447265625, 0.1751411408185959, 6.810471057891846], [-11.114036560058594, -0.04119959846138954, -9.573564529418945], [22.486108779907227, 0.08173149079084396, -1.176264762878418], [-6.6553635597229, 0.0688466727733612, -15.864378929138184], [-1.433485984802246, 0.08620680123567581, -20.24778938293457]]}