{"track": "tutorial", "karts": ["puffy", "hexley", "tux", "suzanne", "pidgin", "nolok", "beastie", "gavroche", "amanda", "adiumy"], "detections": [[[1, 0, 203, 201, 387, 323], [1, 2, 358, 156, 377, 167], [1, 4, 301, 156, 314, 164], [1, 6, 274, 152, 292, 164], [1, 7, 323, 156, 338, 165], [1, 8, 218, 153, 248, 173], [2, 0, 204, 129, 312, 155], [3, 0, 0, 37, 599, 399]], [[1, 0, 324, 169, 366, 196], [1, 1, 247, 193, 343, 328], [1, 2, 406, 158, 423, 168], [1, 4, 356, 158, 367, 164], [1, 6, 334, 154, 349, 163], [1, 7, 375, 158, 388, 165], [1, 8, 298, 154, 316, 167], [2, 0, 281, 136, 367, 157], [3, 0, 0, 18, 599, 399], [3, 8, 0, 26, 16, 41]], [[1, 2, 226, 196, 357, 316], [3, 0, 0, 23, 599, 399]], [[1, 3, 267, 200, 337, 255], [2, 0, 97, 146, 599, 399], [3, 0, 0, 105, 599, 399], [5, 20, 278, 157, 285, 163], [5, 21, 250, 156, 258, 163], [5, 22, 214, 154, 221, 163]], [[1, 2, 397, 164, 445, 204], [1, 4, 209, 217, 355, 331], [1, 6, 7, 355, 150, 399], [1, 7, 344, 182, 409, 248], [3, 0, 0, 24, 599, 399]], [[1, 5, 257, 205, 353, 296], [2, 0, 0, 165, 599, 399], [3, 0, 0, 140, 599, 305], [5, 5, 217, 157, 223, 166], [5, 6, 174, 161, 176, 162], [5, 7, 157, 160, 159, 161], [5, 12, 256, 157, 261, 165], [5, 13, 285, 157, 289, 164], [5, 19, 0, 165, 2, 166]], [[1, 2, 537, 182, 599, 228], [1, 4, 334, 196, 419, 256], [1, 6, 201, 178, 373, 343], [1, 7, 436, 189, 507, 243], [2, 0, 0, 56, 253, 209], [3, 0, 0, 21, 599, 399]], [[1, 2, 316, 176, 366, 222], [1, 4, 216, 397, 230, 399], [1, 7, 246, 205, 361, 321], [3, 0, 0, 29, 599, 399]], [[1, 2, 432, 164, 470, 186], [1, 4, 320, 162, 349, 178], [1, 6, 277, 153, 309, 179], [1, 7, 363, 162, 395, 180], [1, 8, 216, 184, 372, 321], [2, 0, 116, 106, 316, 160], [3, 0, 0, 15, 599, 399]], [[1, 9, 243, 193, 353, 305], [2, 0, 138, 140, 458, 222], [2, 1, 291, 162, 294, 162], [2, 3, 305, 162, 308, 162], [3, 0, 0, 0, 599, 399], [3, 1, 290, 157, 296, 161], [3, 2, 290, 153, 292, 155], [3, 3, 304, 158, 309, 161], [3, 4, 294, 151, 300, 157], [3, 5, 301, 152, 306, 157], [4, 4, 302, 162, 304, 163], [4, 9, 309, 162, 312, 163], [4, 10, 295, 161, 297, 163], [4, 11, 288, 160, 290, 162]]], "distance_down_track": [712.6583862304688, 712.6583862304688, 299.49658203125, 268.0081787109375, 299.057861328125, 374.73779296875, 268.0081787109375, 343.6702575683594, 225.50819396972656, 225.50819396972656], "velocity": [[-4.691055774688721, 0.1134876161813736, -1.7237584590911865], [-4.10006046295166, 0.15938517451286316, -2.5730748176574707], [-0.12002946436405182, 0.07218098640441895, 1.8723275661468506], [-22.506975173950195, 1.0490312576293945, -4.619049549102783], [-0.09255047887563705, -0.11559789627790451, 1.9365795850753784], [2.9843335151672363, 0.9294211268424988, 11.048996925354004], [-0.2997545897960663, 0.1283794492483139, 0.3642641007900238], [0.6234163045883179, -0.0385126993060112, 3.794806957244873], [-4.950610160827637, 0.09651456773281097, -0.45561832189559937], [-0.11923747509717941, 0.10913972556591034, -0.008493760600686073]]}