{"track": "volcano_island", "karts": ["gavroche", "adiumy", "amanda", "nolok", "tux", "konqi", "kiki", "pidgin", "sara_the_racer", "suzanne"], "detections": [[[1, 0, 271, 202, 325, 253], [1, 4, 332, 167, 352, 182], [2, 0, 0, 166, 599, 399], [3, 0, 0, 0, 599, 298]], [[1, 1, 272, 195, 328, 249], [1, 5, 317, 161, 331, 174], [1, 6, 447, 168, 502, 210], [1, 8, 388, 166, 424, 211], [2, 0, 0, 155, 599, 399], [3, 0, 0, 109, 599, 234], [4, 10, 316, 154, 318, 155], [4, 13, 325, 154, 327, 155], [4, 14, 308, 155, 310, 156], [6, 33, 288, 154, 300, 164], [6, 34, 330, 153, 339, 159], [6, 35, 311, 155, 315, 158]], [[1, 0, 301, 177, 329, 200], [1, 2, 260, 192, 337, 256], [1, 3, 309, 232, 416, 335], [1, 4, 348, 163, 364, 175], [2, 0, 0, 166, 599, 399], [3, 0, 0, 0, 599, 296]], [[1, 0, 304, 175, 330, 193], [1, 2, 258, 182, 312, 224], [1, 3, 271, 202, 325, 250], [1, 4, 359, 163, 375, 173], [2, 0, 0, 166, 599, 399], [3, 0, 0, 0, 599, 351]], [[1, 1, 355, 163, 362, 168], [1, 4, 266, 198, 333, 254], [1, 5, 378, 161, 381, 165], [1, 6, 392, 160, 398, 167], [1, 8, 380, 160, 384, 167], [2, 0, 0, 161, 599, 399], [3, 0, 0, 0, 599, 322], [6, 33, 373, 160, 376, 164], [6, 34, 406, 160, 410, 162], [6, 35, 396, 160, 399, 162]], [[1, 5, 265, 193, 335, 259], [2, 0, 0, 156, 599, 399], [3, 0, 0, 100, 599, 231], [3, 238, 565, 192, 565, 192], [4, 10, 300, 154, 303, 156], [4, 13, 310, 154, 312, 156], [4, 14, 290, 154, 293, 156], [6, 33, 244, 155, 267, 173], [6, 34, 316, 153, 329, 162], [6, 35, 292, 153, 301, 160]], [[1, 5, 268, 163, 287, 178], [1, 6, 270, 184, 330, 251], [1, 8, 189, 178, 234, 245], [2, 0, 0, 155, 569, 399], [3, 0, 0, 108, 599, 399], [4, 10, 332, 154, 335, 155], [4, 13, 341, 154, 344, 155], [4, 14, 323, 154, 326, 155], [6, 33, 277, 154, 289, 164], [6, 34, 334, 152, 340, 159], [6, 35, 319, 153, 325, 158]], [[1, 0, 498, 150, 503, 155], [1, 2, 481, 149, 502, 164], [1, 3, 496, 153, 516, 165], [1, 4, 532, 146, 549, 155], [1, 7, 256, 211, 336, 267], [2, 0, 0, 154, 599, 399], [3, 0, 0, 130, 599, 264]], [[1, 1, 0, 269, 59, 323], [1, 5, 291, 163, 309, 178], [1, 6, 377, 185, 453, 261], [1, 8, 280, 178, 320, 253], [2, 0, 0, 155, 599, 399], [3, 0, 0, 108, 599, 276], [4, 10, 333, 153, 336, 155], [4, 13, 342, 153, 345, 155], [4, 14, 324, 154, 327, 155], [6, 33, 286, 154, 296, 164], [6, 34, 341, 153, 346, 159], [6, 35, 323, 153, 329, 158]], [[1, 9, 262, 200, 332, 254], [2, 0, 0, 151, 599, 399], [3, 0, 0, 0, 599, 304]]], "distance_down_track": [798.1785888671875, 837.066162109375, 794.2380981445312, 792.1417846679688, 807.7428588867188, 850.1561889648438, 839.7150268554688, 778.4642333984375, 839.7513427734375, 691.6724853515625], "velocity": [[3.2501745223999023, 1.1177963018417358, -22.75104522705078], [-8.659867286682129, -0.45149970054626465, -21.845844268798828], [7.718498229980469, 1.2624026536941528, -21.35338592529297], [7.4276204109191895, 1.4646106958389282, -21.693510055541992], [-2.644482374191284, 0.5354853868484497, -21.288700103759766], [-11.421467781066895, -0.48908454179763794, -20.04267692565918], [-7.676321029663086, -0.44261133670806885, -21.028162002563477], [14.628212928771973, 1.4023274183273315, -13.314123153686523], [-8.071846008300781, -0.44474542140960693, -20.879486083984375], [1.5212289094924927, 2.872908115386963, 22.769107818603516]]}