{"track": "overworld", "karts": ["beastie", "kiki", "hexley", "emule", "amanda", "wilber", "adiumy", "xue", "suzanne", "nolok"], "detections": [[[1, 0, 254, 189, 340, 262], [1, 1, 322, 174, 325, 178], [1, 7, 315, 174, 319, 178], [1, 8, 412, 183, 419, 187], [1, 9, 306, 171, 307, 172], [3, 0, 109, 58, 599, 190]], [[1, 1, 256, 180, 331, 266], [1, 2, 446, 153, 448, 155], [1, 9, 383, 152, 395, 160], [3, 0, 0, 0, 599, 151]], [[1, 2, 271, 196, 326, 270], [3, 0, 0, 0, 599, 167]], [[1, 3, 273, 199, 334, 261], [3, 0, 0, 124, 528, 176], [3, 2, 69, 164, 76, 167], [3, 3, 68, 157, 73, 162], [3, 4, 66, 148, 73, 156], [3, 7, 10, 144, 37, 168], [3, 24, 33, 144, 64, 167], [3, 25, 46, 146, 59, 154]], [[1, 4, 258, 192, 340, 259], [2, 0, 413, 171, 419, 177], [3, 0, 0, 0, 599, 170], [3, 4, 500, 140, 501, 141], [3, 7, 504, 139, 511, 141], [3, 24, 511, 139, 518, 142], [3, 25, 517, 140, 517, 140]], [[1, 4, 326, 148, 333, 154], [1, 5, 263, 189, 338, 260], [2, 0, 413, 137, 418, 141], [3, 0, 0, 3, 599, 186], [3, 5, 456, 104, 456, 104]], [[1, 6, 252, 190, 356, 301], [2, 7, 3, 247, 257, 309], [2, 24, 256, 247, 599, 312], [3, 7, 0, 0, 265, 297], [3, 24, 258, 0, 599, 248]], [[1, 1, 318, 163, 338, 184], [1, 2, 285, 152, 286, 153], [1, 7, 262, 187, 330, 265], [1, 9, 272, 152, 278, 157], [3, 0, 0, 0, 599, 153]], [[1, 1, 341, 164, 352, 175], [1, 7, 249, 165, 265, 175], [1, 8, 267, 201, 337, 256], [1, 9, 465, 157, 476, 163], [3, 0, 193, 43, 599, 159]], [[1, 2, 309, 166, 312, 168], [1, 9, 260, 202, 324, 264], [3, 0, 0, 0, 599, 169]]], "distance_down_track": [1123.97216796875, 1173.6336669921875, 1246.90380859375, 408.84674072265625, 1451.896240234375, 1419.437744140625, 621.855224609375, 1165.565673828125, 221.47874450683594, 1191.7994384765625], "velocity": [[-3.050635576248169, 1.4862661361694336, -21.468461990356445], [5.327470779418945, 0.35870039463043213, -15.404365539550781], [-1.4264605045318604, 1.390007495880127, -19.56387710571289], [18.977527618408203, -1.5615731477737427, 8.118185997009277], [-13.899128913879395, -2.3289098739624023, 16.546918869018555], [-15.163276672363281, -4.0169806480407715, 11.859642028808594], [0.04917808994650841, 0.51286780834198, 0.4850460886955261], [-4.047932147979736, 0.24444688856601715, -20.298879623413086], [21.510543823242188, 0.5746206045150757, -8.121969223022461], [-2.7794487476348877, 0.346662700176239, -19.915311813354492]]}