{"track": "snowtuxpeak", "karts": ["pidgin", "amanda", "xue", "tux", "gavroche", "emule", "puffy", "sara_the_wizard", "beastie", "gnu"], "detections": [[[1, 0, 224, 219, 370, 345], [1, 2, 463, 176, 471, 181], [1, 4, 337, 181, 353, 192], [1, 5, 483, 173, 490, 176], [1, 9, 451, 173, 455, 178], [2, 0, 0, 116, 599, 399], [3, 0, 0, 11, 599, 292], [4, 15, 475, 177, 486, 185], [4, 17, 423, 180, 423, 180]], [[1, 0, 567, 178, 599, 200], [1, 1, 249, 190, 334, 267], [1, 8, 347, 189, 427, 260], [2, 0, 0, 189, 599, 399], [3, 0, 0, 0, 593, 236], [3, 1, 450, 0, 526, 73], [5, 13, 530, 207, 561, 242]], [[1, 2, 258, 185, 342, 282], [1, 5, 293, 146, 308, 157], [1, 9, 0, 260, 119, 399], [2, 0, 0, 22, 599, 399], [3, 0, 0, 0, 599, 263]], [[1, 3, 262, 198, 336, 262], [2, 0, 0, 152, 599, 399], [3, 0, 0, 0, 599, 239], [3, 1, 99, 50, 140, 104], [6, 18, 405, 143, 479, 184]], [[1, 2, 399, 159, 406, 165], [1, 4, 261, 203, 328, 265], [1, 5, 405, 154, 411, 158], [1, 9, 388, 155, 392, 161], [2, 0, 0, 76, 599, 399], [3, 0, 0, 0, 599, 239], [4, 14, 470, 161, 483, 171], [4, 15, 430, 160, 442, 170], [4, 17, 365, 166, 366, 167]], [[1, 5, 265, 198, 326, 261], [2, 0, 0, 13, 599, 399], [3, 0, 0, 0, 599, 281]], [[1, 3, 286, 149, 304, 164], [1, 6, 243, 187, 356, 263], [2, 0, 0, 133, 599, 399], [3, 0, 0, 0, 599, 272], [3, 1, 75, 24, 118, 81], [6, 18, 343, 132, 371, 150]], [[1, 7, 280, 188, 319, 266], [2, 0, 0, 156, 599, 399], [3, 0, 0, 0, 599, 253], [6, 23, 293, 159, 304, 160]], [[1, 0, 518, 171, 575, 198], [1, 1, 111, 189, 239, 278], [1, 8, 248, 187, 332, 266], [2, 0, 0, 188, 599, 399], [3, 0, 0, 0, 599, 273], [3, 1, 428, 0, 500, 75], [5, 13, 459, 205, 490, 241]], [[1, 2, 331, 174, 374, 214], [1, 5, 305, 151, 316, 160], [1, 9, 271, 161, 327, 226], [2, 0, 0, 49, 599, 399], [3, 0, 0, 0, 599, 360]]], "distance_down_track": [854.6207885742188, 835.4943237304688, 891.8712158203125, 714.4362182617188, 859.82861328125, 904.9881591796875, 704.4781494140625, 958.233154296875, 836.30224609375, 889.6085205078125], "velocity": [[-14.316309928894043, -11.853397369384766, -10.938786506652832], [8.810909271240234, 0.21001800894737244, -17.865549087524414], [-15.458902359008789, -0.6970714330673218, 4.407649040222168], [2.792029619216919, -0.6265788078308105, -19.228519439697266], [-19.57174301147461, -0.7799919843673706, 0.3789936304092407], [-17.664260864257812, 1.247939944267273, 10.719446182250977], [0.6926773190498352, -1.6346583366394043, -16.804391860961914], [-0.7336314916610718, 0.08172529935836792, 20.68683433532715], [8.708122253417969, 0.3227933645248413, -19.968908309936523], [-21.704221725463867, -0.9935458302497864, 7.56486177444458]]}