{"track": "overworld", "karts": ["beastie", "kiki", "hexley", "emule", "amanda", "wilber", "adiumy", "xue", "suzanne", "nolok"], "detections": [[[1, 0, 253, 188, 339, 265], [3, 0, 0, 85, 369, 169], [3, 7, 278, 161, 280, 161], [3, 24, 281, 161, 283, 161]], [[1, 1, 267, 183, 328, 253], [1, 2, 394, 155, 398, 156], [3, 0, 0, 6, 579, 170], [3, 6, 317, 157, 321, 159]], [[1, 2, 276, 196, 327, 266], [1, 3, 360, 177, 362, 179], [3, 0, 0, 156, 381, 178], [3, 3, 222, 175, 223, 176], [3, 4, 222, 169, 224, 172], [3, 7, 187, 168, 197, 176], [3, 24, 197, 167, 210, 176]], [[1, 3, 272, 199, 329, 257], [3, 0, 0, 110, 388, 193], [3, 1, 100, 162, 123, 172], [3, 2, 114, 149, 124, 158], [3, 3, 112, 140, 118, 147], [3, 4, 109, 128, 120, 137], [3, 7, 119, 130, 141, 168], [3, 24, 135, 130, 163, 167], [3, 25, 147, 132, 161, 150], [255, 16777215, 0, 153, 333, 193]], [[1, 4, 242, 189, 344, 280], [3, 0, 167, 167, 477, 198]], [[1, 0, 489, 135, 494, 139], [1, 5, 258, 190, 333, 258], [2, 0, 402, 147, 411, 156], [3, 0, 0, 21, 515, 147], [3, 7, 459, 116, 464, 118], [3, 8, 460, 117, 460, 117], [3, 24, 465, 116, 470, 119]], [[1, 6, 258, 192, 350, 294], [2, 7, 27, 183, 262, 240], [2, 24, 262, 182, 599, 245], [3, 7, 0, 0, 261, 229], [3, 24, 260, 0, 599, 182]], [[1, 1, 424, 125, 428, 128], [1, 7, 265, 187, 333, 265], [3, 0, 0, 0, 599, 130], [3, 5, 435, 135, 456, 141], [3, 6, 528, 119, 530, 121]], [[1, 8, 256, 200, 333, 261], [3, 0, 96, 0, 599, 150]], [[1, 9, 271, 204, 332, 260], [3, 0, 0, 0, 599, 163]]], "distance_down_track": [77.80327606201172, 160.1875, 160.1875, 160.1875, 512.3361206054688, 1460.9049072265625, 621.855224609375, 220.90060424804688, 233.37208557128906, 1207.9727783203125], "velocity": [[1.8841044902801514, 0.8780115246772766, 21.635374069213867], [-3.312514305114746, 0.8528396487236023, 21.580602645874023], [16.17061424255371, 1.5084930658340454, 14.617051124572754], [13.834900856018066, -1.7962538003921509, 18.2857608795166], [11.879175186157227, 2.6728432178497314, -10.379316329956055], [-8.001628875732422, -3.0029449462890625, 17.71068572998047], [0.04917808994650841, 0.51286780834198, 0.4850460886955261], [-17.384113311767578, -1.5426188707351685, 11.131168365478516], [16.627166748046875, -0.04600167274475098, -12.329849243164062], [-3.5515027046203613, 0.4826112389564514, -20.387344360351562]]}