{"track": "tutorial", "karts": ["puffy", "hexley", "tux", "suzanne", "pidgin", "nolok", "beastie", "gavroche", "amanda", "adiumy"], "detections": [[[1, 0, 205, 202, 393, 327], [1, 1, 163, 160, 265, 240], [1, 3, 0, 173, 117, 237], [1, 7, 244, 182, 294, 243], [2, 0, 0, 83, 115, 177], [3, 0, 0, 28, 599, 399]], [[1, 0, 401, 258, 599, 399], [1, 1, 243, 192, 353, 350], [1, 3, 0, 238, 85, 358], [1, 7, 329, 221, 448, 324], [2, 0, 0, 100, 50, 124], [3, 0, 0, 20, 599, 399]], [[1, 0, 426, 166, 449, 180], [1, 1, 411, 159, 431, 173], [1, 2, 238, 197, 349, 294], [1, 3, 372, 160, 390, 172], [1, 7, 433, 165, 440, 177], [1, 8, 348, 156, 366, 170], [1, 9, 285, 157, 305, 176], [2, 0, 260, 130, 373, 160], [3, 0, 0, 18, 599, 399]], [[1, 1, 488, 177, 599, 289], [1, 3, 223, 200, 376, 315], [1, 7, 549, 271, 594, 288], [1, 8, 0, 141, 168, 359], [2, 0, 0, 125, 214, 229], [3, 0, 0, 108, 599, 399]], [[1, 4, 219, 217, 369, 325], [2, 0, 0, 174, 599, 399], [3, 0, 0, 63, 599, 380], [3, 6, 337, 53, 352, 74], [3, 7, 250, 55, 263, 69]], [[1, 0, 386, 159, 403, 168], [1, 1, 379, 154, 393, 163], [1, 2, 280, 160, 307, 182], [1, 3, 353, 155, 366, 164], [1, 5, 237, 205, 352, 313], [1, 6, 226, 12, 297, 90], [1, 7, 390, 158, 401, 163], [1, 8, 335, 153, 349, 163], [1, 9, 290, 154, 302, 165], [2, 0, 270, 134, 357, 156], [3, 0, 0, 20, 599, 399]], [[1, 0, 481, 191, 506, 204], [1, 1, 472, 181, 494, 194], [1, 2, 338, 240, 367, 269], [1, 3, 437, 178, 455, 189], [1, 6, 257, 188, 339, 263], [1, 7, 487, 187, 504, 196], [1, 8, 415, 173, 432, 186], [1, 9, 359, 184, 373, 196], [2, 0, 342, 140, 469, 173], [3, 0, 0, 0, 599, 399], [3, 8, 124, 36, 134, 47]], [[1, 0, 254, 244, 599, 399], [1, 1, 62, 164, 273, 334], [1, 3, 0, 213, 37, 265], [1, 7, 243, 205, 335, 321], [2, 0, 0, 101, 86, 139], [3, 0, 0, 50, 599, 399]], [[1, 1, 525, 192, 599, 244], [1, 3, 365, 196, 492, 278], [1, 7, 577, 237, 588, 241], [1, 8, 214, 186, 369, 339], [2, 0, 0, 63, 254, 206], [3, 0, 0, 27, 599, 399]], [[1, 0, 485, 171, 557, 198], [1, 1, 445, 157, 473, 183], [1, 3, 374, 160, 401, 182], [1, 7, 473, 166, 502, 189], [1, 8, 330, 154, 360, 183], [1, 9, 250, 191, 352, 304], [2, 0, 133, 107, 340, 161], [3, 0, 0, 18, 599, 399]]], "distance_down_track": [712.6583862304688, 712.6583862304688, 675.6192626953125, 675.6192626953125, 656.4569091796875, 694.2288208007812, 656.4569091796875, 694.2288208007812, 656.4569091796875, 633.04345703125], "velocity": [[-0.03639877960085869, -0.00405938271433115, 0.4209682047367096], [-0.14135733246803284, 0.08446364104747772, 0.11163966357707977], [-4.362466812133789, 0.17365458607673645, -2.3208112716674805], [-0.0473327673971653, -0.16256383061408997, 0.0020839236676692963], [0.06598003208637238, -0.0860479325056076, -1.9425173997879028], [-4.296404838562012, 0.11425858736038208, -2.5935609340667725], [-12.919632911682129, -13.476062774658203, -15.615400314331055], [-0.02640475146472454, 0.28220513463020325, -1.4208577871322632], [-0.27527356147766113, 0.12526190280914307, 0.6630653738975525], [-4.765107154846191, 0.08365846425294876, -0.7155199646949768]]}