{"track": "tutorial", "karts": ["puffy", "hexley", "tux", "suzanne", "pidgin", "nolok", "beastie", "gavroche", "amanda", "adiumy"], "detections": [[[1, 0, 204, 203, 394, 327], [2, 0, 0, 100, 79, 136], [3, 0, 0, 47, 599, 399]], [[1, 0, 388, 158, 405, 167], [1, 1, 241, 193, 347, 345], [2, 0, 262, 132, 353, 155], [3, 0, 0, 22, 599, 399]], [[1, 2, 267, 198, 332, 251], [1, 5, 452, 181, 455, 181], [1, 7, 305, 171, 321, 184], [1, 9, 366, 171, 371, 175], [2, 0, 0, 174, 599, 399], [3, 0, 0, 73, 599, 285], [3, 6, 447, 63, 465, 83], [3, 7, 362, 79, 374, 92]], [[1, 2, 294, 150, 304, 158], [1, 3, 265, 201, 336, 256], [1, 5, 424, 158, 424, 158], [1, 7, 305, 147, 312, 153], [2, 0, 0, 152, 599, 399], [3, 0, 0, 60, 599, 314], [3, 6, 445, 50, 463, 69], [3, 7, 368, 63, 380, 76]], [[1, 2, 255, 138, 261, 142], [1, 3, 264, 153, 276, 161], [1, 4, 266, 209, 335, 256], [1, 5, 346, 140, 346, 140], [1, 7, 259, 135, 263, 138], [1, 9, 291, 135, 291, 135], [2, 0, 0, 137, 599, 399], [3, 0, 0, 48, 599, 295], [3, 6, 370, 46, 383, 63], [3, 7, 308, 49, 318, 62]], [[1, 0, 414, 200, 427, 207], [1, 1, 302, 255, 310, 264], [1, 5, 267, 203, 325, 267], [2, 0, 0, 160, 599, 399], [3, 0, 0, 0, 599, 346], [3, 8, 151, 47, 159, 58]], [[1, 6, 262, 189, 346, 260], [2, 0, 0, 152, 599, 399], [3, 0, 0, 112, 599, 399], [5, 20, 394, 171, 408, 185], [5, 21, 338, 170, 351, 186], [5, 22, 266, 169, 278, 185]], [[1, 5, 444, 178, 451, 182], [1, 7, 270, 202, 325, 258], [1, 9, 357, 170, 366, 178], [2, 0, 0, 174, 599, 399], [3, 0, 0, 65, 599, 335], [3, 6, 421, 54, 438, 76], [3, 7, 335, 69, 347, 83]], [[1, 6, 192, 155, 213, 169], [1, 8, 264, 191, 343, 258], [2, 0, 0, 143, 599, 399], [3, 0, 0, 111, 599, 320], [5, 20, 238, 154, 244, 160], [5, 21, 211, 153, 217, 160], [5, 22, 174, 152, 180, 160]], [[1, 5, 371, 165, 379, 170], [1, 9, 271, 195, 327, 251], [2, 0, 0, 165, 599, 399], [3, 0, 0, 34, 599, 389], [3, 6, 293, 21, 310, 46], [3, 7, 194, 26, 211, 44]]], "distance_down_track": [712.6583862304688, 712.6583862304688, 400.4352722167969, 400.4352722167969, 400.4352722167969, 491.73480224609375, 392.1418762207031, 455.9293518066406, 374.73779296875, 365.0060729980469], "velocity": [[-0.07058515399694443, 0.08314233273267746, 0.0013724907767027617], [-4.397675514221191, 0.1121499314904213, -2.441864013671875], [10.850525856018066, -0.36778005957603455, -20.2763614654541], [12.49625301361084, -1.3845672607421875, -19.259456634521484], [8.82949447631836, -3.564159631729126, -22.193675994873047], [-13.49417781829834, -2.2729530334472656, -16.34212875366211], [-18.399627685546875, 1.5632727146148682, -12.977729797363281], [7.362671375274658, -1.2441000938415527, -20.75462532043457], [-22.714706420898438, 0.9103257656097412, -3.4913058280944824], [-3.636829137802124, -2.8724162578582764, -22.52826499938965]]}