{"track": "snowtuxpeak", "karts": ["pidgin", "amanda", "xue", "tux", "gavroche", "emule", "puffy", "sara_the_wizard", "beastie", "gnu"], "detections": [[[1, 0, 240, 239, 363, 360], [1, 1, 322, 178, 325, 181], [1, 3, 315, 185, 320, 189], [1, 4, 303, 187, 313, 196], [1, 8, 330, 177, 333, 179], [2, 0, 0, 174, 599, 399], [3, 0, 0, 0, 599, 286], [3, 1, 323, 131, 327, 139], [6, 22, 314, 181, 320, 181], [6, 24, 320, 189, 334, 190]], [[1, 1, 228, 212, 372, 367], [1, 8, 333, 185, 359, 208], [2, 0, 0, 180, 599, 399], [3, 0, 0, 0, 599, 350], [3, 1, 285, 125, 297, 143]], [[1, 2, 238, 185, 375, 390], [1, 9, 373, 185, 385, 193], [2, 0, 0, 197, 415, 399], [3, 0, 0, 0, 599, 399]], [[1, 1, 294, 175, 302, 182], [1, 3, 239, 225, 363, 362], [1, 8, 308, 174, 314, 179], [2, 0, 0, 172, 599, 399], [3, 0, 0, 0, 599, 263], [3, 1, 284, 120, 295, 138], [6, 22, 276, 181, 294, 184], [6, 24, 424, 358, 599, 399]], [[1, 1, 307, 174, 312, 178], [1, 3, 301, 185, 312, 194], [1, 4, 236, 231, 362, 362], [1, 8, 317, 173, 321, 176], [2, 0, 0, 170, 599, 399], [3, 0, 0, 0, 599, 277], [3, 1, 298, 118, 305, 135], [6, 22, 297, 178, 306, 179], [6, 24, 312, 193, 339, 197]], [[1, 2, 342, 179, 347, 184], [1, 5, 242, 214, 367, 365], [2, 0, 0, 184, 599, 399], [3, 0, 0, 0, 599, 277]], [[1, 6, 257, 201, 338, 258], [2, 0, 0, 155, 599, 399], [3, 0, 0, 0, 599, 290], [6, 23, 316, 157, 322, 157]], [[1, 5, 292, 166, 295, 169], [1, 7, 248, 217, 355, 352], [2, 0, 0, 165, 599, 399], [3, 0, 0, 0, 599, 270], [4, 4, 273, 168, 278, 174], [4, 5, 304, 168, 309, 174]], [[1, 8, 241, 211, 359, 375], [2, 0, 0, 182, 332, 399], [3, 0, 0, 0, 599, 399], [3, 1, 267, 125, 280, 135]], [[1, 1, 349, 181, 351, 183], [1, 3, 338, 186, 342, 189], [1, 4, 324, 186, 330, 190], [1, 8, 356, 181, 359, 182], [1, 9, 234, 154, 367, 303], [2, 0, 0, 179, 599, 399], [3, 0, 0, 0, 599, 315], [6, 22, 341, 184, 347, 184], [6, 24, 342, 189, 349, 189]]], "distance_down_track": [125.0392837524414, 66.72103881835938, 166.60348510742188, 92.87464904785156, 110.1208267211914, 212.43853759765625, 932.2830200195312, 262.3277587890625, 55.681175231933594, 140.89767456054688], "velocity": [[-21.568078994750977, 2.2682573795318604, -1.4433053731918335], [-22.864980697631836, 1.362276315689087, 1.548370361328125], [-12.276871681213379, 0.30521875619888306, -16.663591384887695], [-20.540882110595703, 2.0373568534851074, 1.5528202056884766], [-20.26299476623535, 2.387357473373413, 0.34695935249328613], [-0.556403398513794, 0.41236934065818787, -20.68840980529785], [-2.2038180828094482, 0.06369097530841827, 24.049150466918945], [-1.0574792623519897, 2.07888126373291, -20.568178176879883], [-25.08512306213379, 1.3544658422470093, 3.441457509994507], [-20.083744049072266, 1.8202930688858032, -4.6711506843566895]]}