{"track": "snowtuxpeak", "karts": ["pidgin", "amanda", "xue", "tux", "gavroche", "emule", "puffy", "sara_the_wizard", "beastie", "gnu"], "detections": [[[1, 0, 263, 210, 336, 259], [1, 4, 204, 158, 211, 160], [1, 9, 262, 153, 269, 161], [2, 0, 0, 157, 599, 399], [3, 0, 0, 0, 599, 265], [6, 23, 252, 177, 294, 184]], [[1, 1, 255, 190, 333, 256], [1, 8, 306, 177, 340, 212], [2, 0, 0, 0, 599, 399], [3, 0, 0, 0, 599, 337]], [[1, 2, 230, 177, 367, 389], [1, 9, 361, 174, 369, 182], [2, 0, 0, 172, 401, 399], [3, 0, 0, 0, 599, 399], [3, 1, 316, 133, 328, 151]], [[1, 1, 309, 147, 338, 170], [1, 3, 267, 199, 332, 255], [1, 8, 326, 142, 344, 160], [2, 0, 0, 0, 599, 399], [3, 0, 0, 0, 599, 274]], [[1, 0, 422, 178, 432, 181], [1, 4, 236, 267, 362, 368], [1, 9, 336, 172, 349, 184], [2, 0, 0, 151, 485, 399], [3, 0, 0, 0, 599, 399], [3, 1, 269, 132, 281, 151], [6, 23, 394, 182, 414, 184]], [[1, 2, 319, 177, 325, 182], [1, 5, 239, 214, 363, 366], [2, 0, 0, 179, 599, 399], [3, 0, 0, 0, 599, 279], [6, 22, 265, 191, 294, 195]], [[1, 3, 588, 137, 596, 140], [1, 6, 293, 199, 306, 213], [2, 0, 573, 138, 599, 182], [3, 0, 0, 0, 599, 399], [4, 17, 583, 137, 589, 144]], [[1, 2, 358, 175, 359, 177], [1, 5, 337, 183, 340, 186], [1, 7, 248, 237, 355, 355], [2, 0, 0, 176, 599, 399], [3, 0, 0, 0, 599, 314], [6, 22, 335, 182, 340, 182], [6, 24, 338, 188, 348, 189]], [[1, 1, 200, 351, 299, 399], [1, 8, 251, 188, 333, 260], [2, 0, 0, 0, 599, 399], [3, 0, 0, 0, 599, 399]], [[1, 0, 368, 185, 379, 191], [1, 1, 375, 180, 375, 180], [1, 8, 382, 180, 383, 180], [1, 9, 233, 154, 366, 302], [2, 0, 0, 138, 599, 399], [3, 0, 0, 0, 599, 257], [3, 1, 146, 130, 163, 152], [6, 23, 349, 194, 386, 200]]], "distance_down_track": [984.27587890625, 905.5651245117188, 37.51245880126953, 899.8942260742188, 30.56688690185547, 84.1472396850586, 855.4740600585938, 134.27920532226562, 910.1483154296875, 13.016584396362305], "velocity": [[0.6253913044929504, 0.08244544267654419, 22.23320198059082], [-20.351335525512695, 1.356229543685913, 10.98504638671875], [-17.18573570251465, 0.5697367191314697, 8.920223236083984], [-21.265562057495117, 2.214874744415283, 6.848384380340576], [-8.99199104309082, 0.3784094452857971, 7.158973217010498], [-20.600566864013672, 1.397571086883545, 1.4674545526504517], [-18.045427322387695, -13.134607315063477, -8.522899627685547], [-20.299514770507812, 2.0190765857696533, -3.5132663249969482], [-17.854785919189453, 0.6042486429214478, 14.544249534606934], [-9.40355110168457, 0.08241944015026093, 18.440616607666016]]}