{"track": "overworld", "karts": ["beastie", "kiki", "hexley", "emule", "amanda", "wilber", "adiumy", "xue", "suzanne", "nolok"], "detections": [[[1, 0, 261, 188, 347, 265], [3, 0, 0, 97, 563, 241]], [[1, 1, 271, 182, 336, 257], [1, 2, 425, 150, 436, 154], [1, 4, 407, 153, 413, 156], [1, 8, 241, 191, 294, 232], [1, 9, 404, 155, 407, 157], [3, 0, 0, 0, 599, 236]], [[1, 2, 272, 196, 323, 263], [1, 4, 0, 219, 93, 310], [3, 0, 0, 33, 599, 206]], [[1, 3, 240, 224, 360, 322], [1, 6, 251, 128, 358, 244], [2, 7, 215, 155, 282, 172], [2, 24, 317, 155, 387, 172], [3, 0, 0, 0, 599, 180], [3, 7, 127, 0, 288, 170], [3, 24, 286, 0, 460, 170]], [[1, 2, 480, 181, 599, 254], [1, 4, 249, 189, 352, 277], [1, 9, 102, 224, 246, 323], [3, 0, 0, 0, 599, 209]], [[1, 5, 262, 190, 332, 254], [3, 0, 0, 56, 599, 157], [3, 7, 245, 139, 245, 139], [3, 24, 246, 139, 249, 140], [3, 25, 248, 139, 248, 139]], [[1, 3, 235, 263, 349, 385], [1, 6, 248, 190, 354, 304], [2, 7, 216, 158, 290, 178], [2, 24, 290, 162, 387, 181], [3, 0, 0, 0, 599, 205], [3, 7, 136, 0, 294, 172], [3, 24, 291, 0, 471, 182]], [[1, 7, 265, 187, 333, 264], [3, 0, 0, 123, 560, 161]], [[1, 1, 340, 190, 463, 325], [1, 2, 422, 149, 432, 153], [1, 4, 406, 153, 411, 155], [1, 8, 265, 200, 342, 262], [1, 9, 396, 155, 397, 156], [3, 0, 0, 0, 599, 214]], [[1, 2, 499, 173, 599, 229], [1, 4, 334, 179, 419, 247], [1, 9, 262, 204, 337, 274], [3, 0, 0, 0, 599, 210]]], "distance_down_track": [1022.7861938476562, 1305.1934814453125, 1356.9049072265625, 621.9035034179688, 1355.0018310546875, 51.43373107910156, 621.691650390625, 449.791015625, 1306.641845703125, 1354.0357666015625], "velocity": [[3.872323989868164, 0.2192731648683548, -21.386144638061523], [3.686105251312256, 2.8158774375915527, -19.0985164642334], [-21.873044967651367, 2.5651087760925293, -3.8965725898742676], [-0.12229308485984802, 0.3567376732826233, -0.049808721989393234], [-13.971366882324219, 2.061781883239746, -5.831966400146484], [4.95908260345459, -0.8149122595787048, 21.26419448852539], [0.48083820939064026, -0.24938318133354187, 0.1976781189441681], [20.394041061401367, -1.2339434623718262, 3.324223756790161], [2.8448445796966553, 2.7777533531188965, -20.314550399780273], [-14.190077781677246, 2.0257654190063477, -5.73843240737915]]}