{"track": "tutorial", "karts": ["puffy", "hexley", "tux", "suzanne", "pidgin", "nolok", "beastie", "gavroche", "amanda", "adiumy"], "detections": [[[1, 0, 223, 200, 371, 306], [1, 1, 419, 157, 433, 166], [1, 2, 303, 168, 316, 178], [1, 3, 296, 180, 310, 193], [1, 4, 302, 0, 427, 47], [1, 5, 382, 152, 393, 159], [1, 7, 321, 165, 333, 173], [1, 9, 347, 156, 356, 164], [2, 0, 324, 123, 448, 150], [3, 0, 0, 0, 599, 399], [3, 8, 90, 4, 102, 17]], [[1, 1, 246, 195, 347, 346], [2, 0, 0, 117, 65, 144], [3, 0, 0, 53, 599, 399]], [[1, 1, 475, 163, 494, 183], [1, 2, 229, 196, 358, 312], [1, 5, 383, 160, 402, 175], [1, 7, 325, 179, 375, 228], [1, 9, 343, 161, 368, 184], [2, 0, 251, 123, 388, 160], [3, 0, 0, 16, 599, 399]], [[1, 1, 542, 166, 572, 184], [1, 2, 307, 173, 341, 200], [1, 3, 266, 200, 330, 258], [1, 5, 453, 160, 474, 173], [1, 7, 351, 171, 378, 192], [1, 9, 397, 162, 415, 178], [2, 0, 347, 128, 478, 160], [3, 0, 0, 0, 599, 399], [3, 8, 117, 38, 128, 50]], [[1, 0, 220, 368, 286, 399], [1, 1, 362, 194, 374, 203], [1, 2, 258, 213, 271, 222], [1, 3, 251, 238, 252, 245], [1, 4, 251, 209, 333, 265], [1, 5, 331, 189, 340, 195], [1, 7, 276, 208, 286, 216], [1, 9, 299, 196, 307, 203], [2, 0, 278, 156, 462, 185], [3, 0, 0, 14, 599, 399], [3, 8, 8, 9, 24, 25]], [[1, 1, 564, 210, 599, 239], [1, 5, 227, 205, 336, 329], [2, 0, 0, 50, 250, 199], [3, 0, 0, 1, 599, 399]], [[1, 6, 259, 190, 338, 258], [2, 0, 0, 139, 599, 399], [3, 0, 0, 65, 599, 270], [3, 6, 285, 65, 294, 77], [3, 7, 233, 58, 242, 68]], [[1, 1, 465, 163, 488, 186], [1, 5, 363, 159, 385, 177], [1, 7, 238, 205, 351, 320], [1, 9, 312, 162, 345, 195], [2, 0, 209, 117, 368, 160], [3, 0, 0, 20, 599, 399]], [[1, 6, 285, 184, 301, 196], [1, 8, 263, 192, 339, 253], [2, 0, 0, 187, 599, 399], [3, 0, 0, 126, 599, 277], [3, 6, 274, 125, 282, 134], [3, 7, 228, 120, 233, 126]], [[1, 1, 464, 163, 510, 198], [1, 5, 331, 161, 361, 189], [1, 9, 250, 191, 352, 305], [2, 0, 51, 95, 324, 162], [3, 0, 0, 14, 599, 399]]], "distance_down_track": [707.3504028320312, 712.6583862304688, 400.4352722167969, 400.4352722167969, 400.4352722167969, 491.73480224609375, 383.7624206542969, 455.9293518066406, 365.0060729980469, 365.0060729980469], "velocity": [[-4.7132062911987305, -11.130000114440918, -4.894120216369629], [0.5056519508361816, 0.35288357734680176, 0.19137004017829895], [-4.648250579833984, 0.09584411233663559, -1.791446328163147], [-7.234188556671143, -2.292027711868286, -8.213457107543945], [-15.39645004272461, -6.42750358581543, -18.243576049804688], [-2.211998462677002, 0.6459673047065735, 1.5755834579467773], [1.1297904253005981, -2.804349660873413, -23.96000099182129], [-4.854518890380859, 0.09805674850940704, -1.501749873161316], [0.12445095181465149, -0.24085724353790283, -24.148475646972656], [-4.908651828765869, 0.09241312742233276, -0.385128915309906]]}