{"track": "tutorial", "karts": ["puffy", "hexley", "tux", "suzanne", "pidgin", "nolok", "beastie", "gavroche", "amanda", "adiumy"], "detections": [[[1, 0, 260, 201, 348, 260], [2, 0, 155, 166, 599, 399], [3, 0, 0, 110, 599, 399], [5, 6, 268, 165, 274, 171], [5, 7, 244, 164, 250, 171], [5, 8, 211, 163, 218, 170], [5, 12, 458, 206, 493, 249], [5, 18, 118, 158, 123, 162], [5, 19, 133, 159, 137, 163]], [[1, 1, 275, 196, 330, 269], [2, 0, 0, 154, 599, 399], [3, 0, 0, 119, 599, 399], [5, 20, 541, 187, 582, 223], [5, 21, 429, 185, 461, 223], [5, 22, 292, 183, 315, 210]], [[1, 2, 267, 198, 331, 252], [1, 3, 248, 139, 250, 139], [2, 0, 0, 140, 599, 399], [3, 0, 0, 0, 599, 274], [3, 6, 305, 60, 316, 73], [3, 7, 251, 55, 260, 66]], [[1, 3, 261, 200, 331, 257], [2, 0, 0, 163, 599, 399], [3, 0, 0, 29, 599, 399], [3, 6, 290, 16, 306, 41], [3, 7, 189, 21, 206, 39]], [[1, 4, 222, 217, 367, 326], [1, 5, 369, 165, 411, 190], [1, 6, 588, 184, 599, 200], [1, 7, 531, 172, 588, 200], [2, 0, 74, 96, 340, 164], [3, 0, 0, 13, 599, 399]], [[1, 5, 226, 205, 347, 325], [1, 6, 413, 168, 464, 205], [1, 7, 386, 177, 426, 211], [3, 0, 0, 50, 599, 399]], [[1, 6, 208, 180, 381, 336], [1, 7, 0, 228, 218, 399], [3, 0, 0, 0, 599, 399]], [[1, 6, 270, 168, 384, 252], [1, 7, 240, 205, 355, 319], [3, 0, 0, 16, 599, 399]], [[1, 8, 235, 188, 354, 291], [1, 9, 253, 153, 262, 161], [2, 0, 0, 105, 599, 399], [3, 0, 0, 0, 599, 399]], [[1, 9, 260, 193, 341, 279], [2, 0, 0, 97, 599, 399], [3, 0, 0, 0, 599, 197]]], "distance_down_track": [405.83294677734375, 473.72503662109375, 0.0, 0.0, 0.0, 0.0, 0.0, 0.0, 753.8200073242188, 753.8200073242188], "velocity": [[-6.382139205932617, 1.1048555374145508, 20.747474670410156], [-14.406344413757324, 1.4325932264328003, -13.308533668518066], [3.175391912460327, -3.601609468460083, -22.493227005004883], [-3.8059937953948975, -2.806983709335327, -22.50855827331543], [-4.942047119140625, 0.09510727226734161, -0.45535901188850403], [-0.347563773393631, 0.13794243335723877, 1.1735678911209106], [-0.8824082016944885, 0.2777279019355774, 1.0419527292251587], [0.19589003920555115, 0.07537521421909332, 1.849898338317871], [-8.918957710266113, -1.2095005512237549, -8.049529075622559], [-5.750353813171387, -0.4703669250011444, -9.947973251342773]]}