{"track": "overworld", "karts": ["beastie", "kiki", "hexley", "emule", "amanda", "wilber", "adiumy", "xue", "suzanne", "nolok"], "detections": [[[1, 0, 224, 182, 366, 306], [1, 7, 466, 150, 471, 154], [3, 0, 226, 89, 522, 156]], [[1, 1, 270, 183, 331, 253], [1, 6, 325, 171, 359, 202], [2, 7, 219, 147, 302, 166], [2, 24, 302, 143, 410, 165], [3, 0, 0, 0, 599, 188], [3, 7, 113, 0, 301, 166], [3, 24, 297, 0, 491, 160]], [[1, 2, 239, 192, 348, 347], [1, 3, 203, 155, 208, 158], [3, 0, 0, 75, 475, 167], [3, 7, 372, 146, 375, 147], [3, 24, 376, 146, 379, 147]], [[1, 3, 272, 199, 333, 262], [3, 0, 0, 55, 464, 156], [3, 5, 369, 161, 370, 161], [255, 16777215, 525, 168, 599, 179]], [[1, 4, 257, 192, 338, 261], [3, 0, 0, 0, 599, 163]], [[1, 4, 292, 158, 302, 166], [1, 5, 260, 189, 335, 257], [3, 0, 0, 0, 599, 163]], [[1, 6, 259, 192, 347, 285], [2, 7, 172, 140, 282, 165], [2, 24, 283, 141, 429, 166], [3, 0, 0, 0, 599, 175], [3, 7, 40, 0, 282, 161], [3, 24, 280, 0, 545, 165]], [[1, 7, 264, 187, 332, 265], [3, 0, 132, 121, 530, 164]], [[1, 8, 261, 201, 337, 259], [1, 9, 439, 170, 446, 173], [2, 0, 407, 168, 414, 173], [3, 0, 0, 0, 599, 175], [3, 6, 410, 137, 410, 137], [3, 7, 506, 136, 513, 139], [3, 24, 514, 137, 520, 139]], [[1, 2, 257, 140, 257, 140], [1, 9, 268, 203, 328, 260], [3, 0, 0, 0, 599, 175], [3, 24, 238, 134, 238, 134]]], "distance_down_track": [494.0206298828125, 160.1875, 132.8970947265625, 189.00421142578125, 1241.3861083984375, 1219.5692138671875, 614.085693359375, 528.9103393554688, 1449.4580078125, 36.08180618286133], "velocity": [[10.423833847045898, 0.49666693806648254, -2.011972188949585], [-1.21495521068573, -3.709882974624634, 21.49844741821289], [0.04213826730847359, -0.1422266662120819, 4.191404819488525], [-18.223224639892578, 0.1936933398246765, 9.816644668579102], [-1.6420679092407227, 1.4762040376663208, -21.62255096435547], [-2.838719606399536, -0.6236685514450073, -19.449031829833984], [-0.7018469572067261, -1.5379323959350586, 11.594529151916504], [16.2437744140625, -0.05630170553922653, -12.830687522888184], [-13.294880867004395, -1.3226052522659302, 15.8109712600708], [6.03472375869751, -0.8745920658111572, 19.781484603881836]]}