{"track": "snowtuxpeak", "karts": ["pidgin", "amanda", "xue", "tux", "gavroche", "emule", "puffy", "sara_the_wizard", "beastie", "gnu"], "detections": [[[1, 0, 257, 209, 327, 261], [1, 5, 315, 161, 323, 166], [1, 9, 319, 167, 337, 189], [2, 0, 0, 155, 482, 399], [3, 0, 0, 0, 599, 399], [6, 18, 366, 170, 384, 181]], [[1, 0, 399, 150, 405, 153], [1, 1, 275, 191, 340, 248], [1, 3, 283, 165, 291, 171], [1, 4, 299, 163, 306, 168], [1, 5, 535, 158, 542, 161], [1, 6, 255, 172, 274, 182], [1, 8, 168, 175, 205, 198], [1, 9, 435, 151, 442, 156], [2, 0, 0, 115, 594, 399], [3, 0, 0, 0, 599, 399], [3, 1, 236, 11, 259, 51], [6, 18, 541, 169, 553, 177]], [[1, 2, 267, 188, 334, 264], [1, 7, 293, 160, 302, 174], [2, 0, 0, 146, 599, 399], [3, 0, 0, 99, 599, 240], [3, 1, 0, 3, 18, 66], [5, 12, 337, 147, 337, 149]], [[1, 0, 462, 125, 477, 131], [1, 3, 260, 198, 346, 272], [1, 4, 310, 166, 335, 189], [1, 9, 519, 124, 532, 132], [2, 0, 0, 102, 599, 399], [3, 0, 0, 0, 599, 272], [3, 1, 145, 0, 175, 11]], [[1, 0, 475, 131, 494, 139], [1, 4, 272, 202, 323, 251], [1, 9, 537, 131, 555, 141], [2, 0, 0, 115, 599, 399], [3, 0, 0, 0, 599, 399]], [[1, 5, 267, 198, 326, 258], [2, 0, 0, 178, 599, 399], [3, 0, 0, 0, 599, 325]], [[1, 0, 432, 133, 441, 137], [1, 3, 290, 160, 304, 172], [1, 4, 310, 156, 321, 164], [1, 5, 590, 138, 598, 143], [1, 6, 261, 201, 342, 257], [1, 9, 479, 133, 488, 140], [2, 0, 0, 99, 599, 399], [3, 0, 0, 23, 599, 304], [3, 1, 204, 0, 231, 31]], [[1, 7, 280, 188, 320, 266], [2, 0, 0, 145, 599, 399], [3, 0, 0, 89, 599, 236], [5, 12, 351, 146, 351, 148], [5, 13, 381, 145, 381, 145]], [[1, 0, 410, 136, 418, 139], [1, 3, 305, 162, 314, 169], [1, 4, 316, 158, 324, 164], [1, 5, 541, 133, 548, 137], [1, 6, 320, 172, 347, 188], [1, 8, 264, 190, 337, 252], [1, 9, 449, 134, 456, 139], [2, 0, 0, 100, 599, 399], [3, 0, 0, 0, 599, 308], [3, 1, 198, 2, 223, 46], [6, 18, 557, 143, 568, 151]], [[1, 5, 285, 145, 296, 153], [1, 9, 265, 158, 322, 233], [2, 0, 0, 139, 579, 399], [3, 0, 0, 0, 599, 399], [6, 18, 351, 155, 376, 170]]], "distance_down_track": [695.2286376953125, 629.294677734375, 768.8987426757812, 660.2281494140625, 666.0364379882812, 724.0159301757812, 648.3865966796875, 781.7081298828125, 640.6701049804688, 702.1246948242188], "velocity": [[3.4840569496154785, -1.7329683303833008, -23.442842483520508], [27.607898712158203, -11.849021911621094, 7.405984878540039], [20.60464859008789, -3.149289131164551, -1.8961577415466309], [6.4434895515441895, -2.0429179668426514, -0.9682232737541199], [23.260435104370117, -6.802860736846924, -8.209345817565918], [12.425668716430664, 0.76040118932724, -18.096569061279297], [22.218067169189453, -9.456729888916016, 0.38768476247787476], [20.396591186523438, -3.12208890914917, -1.649738073348999], [25.091590881347656, -10.326144218444824, -0.9514480233192444], [1.5919069051742554, -2.6903533935546875, -22.251699447631836]]}