{"track": "tutorial", "karts": ["puffy", "hexley", "tux", "suzanne", "pidgin", "nolok", "beastie", "gavroche", "amanda", "adiumy"], "detections": [[[1, 0, 193, 201, 382, 349], [1, 1, 346, 188, 480, 311], [2, 0, 0, 64, 234, 210], [3, 0, 0, 25, 599, 399]], [[1, 0, 0, 201, 241, 392], [1, 1, 243, 192, 354, 350], [2, 0, 0, 78, 214, 205], [3, 0, 0, 43, 599, 399]], [[1, 2, 248, 197, 348, 284], [1, 3, 301, 134, 305, 137], [2, 0, 0, 98, 599, 399], [3, 0, 0, 0, 599, 212]], [[1, 3, 265, 200, 346, 267], [2, 0, 0, 126, 599, 399], [3, 0, 0, 0, 599, 236]], [[1, 4, 267, 210, 341, 262], [1, 6, 203, 125, 208, 128], [2, 0, 0, 129, 599, 399], [3, 0, 0, 0, 599, 368]], [[1, 0, 109, 162, 198, 206], [1, 1, 191, 160, 240, 204], [1, 5, 242, 205, 349, 314], [1, 8, 150, 93, 155, 95], [2, 0, 0, 82, 197, 163], [3, 0, 0, 8, 599, 399]], [[1, 6, 255, 188, 340, 262], [2, 0, 0, 177, 480, 399], [3, 0, 0, 0, 599, 399]], [[1, 7, 247, 205, 360, 319], [1, 9, 119, 155, 157, 186], [2, 0, 0, 153, 599, 399], [3, 0, 0, 0, 599, 212]], [[1, 7, 329, 163, 340, 174], [1, 8, 221, 185, 378, 320], [1, 9, 280, 155, 290, 164], [2, 0, 0, 164, 599, 399], [3, 0, 0, 38, 599, 229]], [[1, 2, 148, 191, 148, 191], [1, 9, 267, 194, 333, 267], [2, 0, 0, 171, 599, 399], [3, 0, 0, 41, 599, 399]]], "distance_down_track": [721.3157958984375, 721.3157958984375, 753.8200073242188, 753.8200073242188, 753.8200073242188, 0.0, 753.8200073242188, 753.8200073242188, 741.5721435546875, 741.5721435546875], "velocity": [[-0.26571643352508545, 0.08106406033039093, 0.20171873271465302], [-0.14353664219379425, 0.08259665966033936, 0.019422687590122223], [-6.038222789764404, -0.5268468856811523, -9.773039817810059], [-15.484071731567383, 1.9961742162704468, -12.145773887634277], [-14.877086639404297, 1.6491395235061646, 15.759530067443848], [-9.298518180847168, 0.14194120466709137, 0.5408559441566467], [-8.933276176452637, 2.2102386951446533, 19.69064712524414], [-6.442352771759033, -0.4402071237564087, 3.59332013130188], [-5.898312091827393, -0.14401809871196747, 2.078672409057617], [-17.195825576782227, -1.6154711246490479, 2.4149086475372314]]}