{"track": "hacienda", "karts": ["adiumy", "tux", "puffy", "pidgin", "nolok", "emule", "beastie", "sara_the_wizard", "gavroche", "konqi"], "detections": [[[1, 0, 274, 195, 330, 250], [1, 1, 254, 150, 257, 153], [1, 4, 257, 153, 260, 156], [1, 7, 276, 143, 277, 143], [1, 8, 260, 155, 265, 159], [2, 0, 0, 141, 599, 399], [3, 0, 0, 0, 599, 282], [4, 12, 188, 173, 239, 214], [4, 13, 379, 159, 417, 198]], [[1, 1, 269, 198, 334, 254], [1, 7, 354, 143, 359, 149], [2, 0, 0, 136, 599, 399], [3, 0, 0, 0, 599, 260]], [[1, 2, 254, 201, 342, 262], [2, 0, 0, 154, 599, 399], [3, 0, 0, 0, 599, 386], [4, 14, 370, 162, 374, 166], [4, 21, 355, 163, 359, 167], [4, 22, 340, 163, 344, 167]], [[1, 2, 335, 167, 354, 177], [1, 3, 263, 209, 336, 259], [1, 6, 289, 175, 338, 217], [2, 0, 0, 160, 599, 399], [3, 0, 0, 0, 599, 377], [4, 22, 405, 166, 408, 167]], [[1, 1, 296, 159, 306, 167], [1, 4, 273, 203, 329, 255], [1, 7, 342, 144, 345, 146], [2, 0, 0, 139, 599, 399], [3, 0, 0, 0, 599, 275]], [[1, 2, 385, 159, 398, 166], [1, 3, 346, 165, 364, 176], [1, 5, 268, 198, 328, 261], [1, 6, 356, 159, 370, 172], [1, 9, 332, 208, 471, 323], [2, 0, 0, 157, 599, 399], [3, 0, 0, 0, 599, 281], [5, 29, 516, 305, 538, 317]], [[1, 2, 327, 168, 349, 181], [1, 3, 173, 308, 352, 399], [1, 6, 256, 189, 341, 262], [2, 0, 0, 159, 573, 399], [3, 0, 0, 0, 599, 399], [4, 21, 412, 165, 414, 166], [4, 22, 397, 165, 401, 168]], [[1, 5, 410, 142, 422, 149], [1, 7, 282, 188, 323, 263], [1, 9, 409, 141, 425, 150], [2, 0, 0, 144, 557, 399], [3, 0, 0, 0, 599, 399], [5, 29, 424, 148, 424, 148], [5, 30, 368, 141, 379, 152]], [[1, 1, 294, 156, 301, 162], [1, 4, 291, 166, 304, 177], [1, 7, 332, 144, 334, 147], [1, 8, 274, 203, 328, 255], [2, 0, 0, 142, 599, 399], [3, 0, 0, 0, 599, 285]], [[1, 2, 395, 157, 410, 164], [1, 3, 347, 163, 365, 173], [1, 5, 233, 189, 290, 235], [1, 6, 358, 158, 373, 170], [1, 9, 257, 192, 338, 269], [2, 0, 0, 164, 599, 399], [3, 0, 0, 0, 599, 347], [5, 29, 380, 259, 389, 268], [5, 30, 0, 187, 10, 203]]], "distance_down_track": [851.6320190429688, 914.2444458007812, 1002.9343872070312, 988.9759521484375, 895.94921875, 977.4888916015625, 991.9542236328125, 949.9251098632812, 885.2582397460938, 976.6438598632812], "velocity": [[-5.727159023284912, -0.8354870676994324, -22.25986671447754], [-3.346324920654297, 0.25022661685943604, -22.451614379882812], [-14.564634323120117, 2.1132702827453613, 15.99423885345459], [-19.313230514526367, 2.999192237854004, 10.301138877868652], [-2.277235746383667, -0.021899018436670303, -22.886978149414062], [-20.202722549438477, 3.3355772495269775, 4.815906047821045], [-18.44244384765625, 2.7757508754730225, 11.579167366027832], [-15.916402816772461, 2.656343460083008, -14.766179084777832], [-2.5476083755493164, -0.11150319874286652, -22.858200073242188], [-19.17504119873047, 3.2108938694000244, 2.889411687850952]]}