{"track": "tutorial", "karts": ["puffy", "hexley", "tux", "suzanne", "pidgin", "nolok", "beastie", "gavroche", "amanda", "adiumy"], "detections": [[[1, 0, 200, 202, 389, 330], [1, 1, 372, 203, 383, 210], [1, 3, 346, 192, 354, 197], [2, 0, 0, 160, 599, 399], [3, 0, 0, 0, 599, 311], [3, 8, 125, 37, 134, 48]], [[1, 1, 243, 193, 351, 349], [1, 3, 0, 195, 27, 219], [2, 0, 0, 97, 206, 161], [3, 0, 0, 27, 599, 399]], [[1, 0, 409, 155, 415, 157], [1, 2, 269, 198, 333, 254], [2, 0, 0, 153, 599, 399], [3, 0, 0, 60, 599, 315], [3, 6, 446, 49, 464, 70], [3, 7, 369, 63, 381, 76], [3, 8, 487, 80, 487, 80]], [[1, 3, 221, 201, 369, 323], [2, 0, 0, 74, 315, 166], [3, 0, 0, 1, 599, 399]], [[1, 0, 343, 155, 357, 162], [1, 4, 261, 209, 330, 258], [1, 9, 307, 170, 330, 191], [2, 0, 0, 163, 599, 399], [3, 0, 0, 28, 599, 399], [3, 6, 285, 15, 301, 41], [3, 7, 182, 19, 200, 39]], [[1, 5, 266, 204, 336, 270], [2, 0, 17, 146, 599, 399], [3, 0, 0, 106, 599, 399], [5, 20, 359, 163, 373, 175], [5, 21, 313, 162, 326, 175], [5, 22, 255, 160, 269, 174]], [[1, 0, 394, 147, 399, 149], [1, 2, 277, 169, 305, 193], [1, 6, 262, 190, 341, 258], [1, 9, 358, 145, 358, 145], [2, 0, 0, 145, 599, 399], [3, 0, 0, 54, 599, 311], [3, 6, 434, 44, 450, 64], [3, 7, 360, 56, 372, 68]], [[1, 5, 3, 176, 12, 177], [1, 7, 246, 205, 362, 321], [2, 0, 0, 174, 599, 399], [3, 0, 0, 135, 599, 269], [5, 5, 214, 170, 224, 188], [5, 6, 241, 169, 243, 174], [5, 7, 221, 169, 224, 173], [5, 8, 195, 170, 198, 176], [5, 12, 285, 167, 295, 183], [5, 13, 344, 165, 355, 180], [5, 17, 95, 175, 98, 177], [5, 19, 123, 174, 125, 176]], [[1, 0, 322, 135, 325, 136], [1, 2, 259, 149, 267, 157], [1, 6, 266, 152, 279, 163], [1, 8, 263, 192, 338, 255], [1, 9, 294, 134, 294, 134], [2, 0, 0, 135, 599, 399], [3, 0, 0, 40, 599, 293], [3, 6, 355, 45, 367, 62], [3, 7, 294, 47, 305, 59]], [[1, 0, 320, 155, 337, 164], [1, 9, 271, 195, 328, 252], [2, 0, 0, 161, 599, 399], [3, 0, 0, 17, 599, 382], [3, 6, 245, 6, 263, 34], [3, 7, 128, 6, 150, 28]]], "distance_down_track": [712.6583862304688, 712.6583862304688, 365.0060729980469, 365.0060729980469, 365.0060729980469, 433.4427490234375, 343.6702575683594, 392.1418762207031, 321.3812561035156, 321.3812561035156], "velocity": [[-0.06958410143852234, 0.08161665499210358, 0.0017762214411050081], [-6.05802583694458, 0.11536337435245514, -0.10746410489082336], [12.493172645568848, -1.2227286100387573, -19.27240562438965], [-6.23544454574585, 0.11828244477510452, -0.00849489588290453], [-4.476319789886475, -2.9144790172576904, -23.551876068115234], [-15.088817596435547, 1.0616117715835571, -8.646739959716797], [12.841096878051758, -1.9222474098205566, -20.36255645751953], [-0.2870613932609558, 0.17410904169082642, 2.2363078594207764], [7.869797706604004, -3.6831767559051514, -22.5327091217041], [-7.379518985748291, -3.1536996364593506, -21.55451011657715]]}