{"track": "overworld", "karts": ["beastie", "kiki", "hexley", "emule", "amanda", "wilber", "adiumy", "xue", "suzanne", "nolok"], "detections": [[[1, 0, 254, 189, 340, 261], [1, 8, 290, 158, 292, 159], [3, 0, 0, 0, 599, 166]], [[1, 1, 270, 183, 331, 253], [1, 2, 294, 155, 301, 162], [2, 7, 249, 151, 291, 161], [2, 24, 292, 149, 344, 160], [3, 0, 0, 0, 599, 166], [3, 7, 201, 0, 290, 160], [3, 24, 284, 0, 374, 157], [3, 25, 367, 16, 373, 83]], [[1, 2, 254, 195, 350, 331], [2, 7, 0, 190, 238, 251], [2, 24, 238, 189, 513, 247], [3, 7, 0, 0, 237, 191], [3, 24, 236, 0, 599, 232]], [[1, 3, 248, 200, 345, 301], [3, 0, 0, 93, 545, 150], [3, 1, 211, 140, 233, 151], [3, 2, 234, 127, 243, 138], [3, 3, 233, 117, 239, 125], [3, 4, 231, 104, 241, 116], [3, 7, 262, 111, 281, 148], [3, 8, 263, 112, 273, 122], [3, 24, 280, 111, 300, 149], [3, 25, 287, 112, 300, 128]], [[1, 4, 257, 192, 339, 261], [3, 0, 0, 61, 589, 149], [3, 7, 254, 140, 256, 140], [3, 24, 257, 140, 258, 140]], [[1, 0, 423, 151, 434, 156], [1, 5, 262, 190, 337, 259], [3, 0, 206, 51, 599, 152]], [[1, 6, 272, 194, 331, 254], [3, 0, 0, 20, 590, 160], [3, 4, 311, 150, 311, 150], [3, 7, 318, 149, 322, 151], [3, 8, 317, 151, 317, 151], [3, 24, 323, 149, 327, 151], [3, 25, 328, 151, 328, 151]], [[1, 7, 264, 187, 333, 264], [3, 0, 0, 0, 591, 136], [3, 5, 434, 141, 457, 147], [3, 6, 517, 126, 521, 127]], [[1, 8, 261, 201, 338, 259], [1, 9, 271, 151, 273, 153], [3, 0, 0, 0, 599, 164]], [[1, 9, 270, 203, 331, 261], [3, 0, 0, 0, 599, 189]]], "distance_down_track": [1191.8402099609375, 503.62255859375, 503.62255859375, 472.6982421875, 65.51287841796875, 211.78834533691406, 200.25448608398438, 223.3895721435547, 1262.5694580078125, 1317.623779296875], "velocity": [[-2.887218475341797, 0.7044347524642944, -21.530858993530273], [-0.8533701300621033, -3.5913922786712646, 21.535926818847656], [0.0735044777393341, 0.19498324394226074, 0.13262441754341125], [0.9732569456100464, -1.0594966411590576, 11.36701774597168], [3.927156925201416, -0.23281560838222504, 21.376001358032227], [18.065383911132812, -0.06099431589245796, -7.768550395965576], [-1.9074649810791016, -0.23752516508102417, 20.610559463500977], [-17.062795639038086, -1.8338326215744019, 11.5753173828125], [-0.6257115602493286, 2.3357560634613037, -20.55827522277832], [0.21464002132415771, 3.0287139415740967, -20.476102828979492]]}