{"track": "overworld", "karts": ["beastie", "kiki", "hexley", "emule", "amanda", "wilber", "adiumy", "xue", "suzanne", "nolok"], "detections": [[[1, 0, 251, 188, 345, 269], [3, 0, 0, 49, 599, 199]], [[1, 0, 390, 138, 391, 139], [1, 1, 268, 183, 328, 253], [1, 2, 281, 155, 285, 159], [1, 7, 281, 152, 285, 155], [1, 8, 270, 179, 307, 206], [1, 9, 284, 158, 290, 162], [3, 0, 0, 0, 599, 178]], [[1, 0, 516, 136, 523, 140], [1, 2, 277, 196, 332, 270], [1, 7, 304, 161, 315, 171], [3, 0, 0, 0, 599, 230]], [[1, 3, 260, 199, 341, 282], [2, 7, 72, 146, 266, 190], [2, 24, 265, 147, 527, 192], [3, 7, 0, 0, 264, 182], [3, 24, 259, 0, 599, 190]], [[1, 4, 259, 191, 341, 259], [3, 0, 0, 0, 599, 172], [3, 4, 307, 130, 309, 133], [3, 7, 313, 127, 321, 133], [3, 8, 313, 130, 315, 132], [3, 24, 322, 127, 331, 133], [3, 25, 327, 128, 332, 133]], [[1, 5, 263, 190, 332, 253], [3, 0, 0, 0, 599, 177], [3, 24, 238, 135, 239, 135]], [[1, 3, 294, 181, 307, 193], [1, 6, 250, 190, 354, 304], [2, 7, 214, 168, 288, 183], [2, 24, 288, 168, 384, 184], [3, 0, 0, 0, 599, 201], [3, 7, 125, 0, 287, 181], [3, 24, 285, 0, 460, 183]], [[1, 0, 551, 144, 567, 150], [1, 7, 267, 187, 335, 264], [3, 0, 0, 0, 599, 192]], [[1, 0, 387, 133, 388, 133], [1, 1, 344, 356, 540, 399], [1, 2, 277, 155, 281, 159], [1, 7, 277, 151, 281, 155], [1, 8, 262, 200, 338, 259], [1, 9, 281, 158, 287, 163], [3, 0, 0, 0, 599, 179]], [[1, 0, 475, 130, 483, 133], [1, 2, 284, 164, 302, 185], [1, 7, 296, 154, 305, 162], [1, 9, 274, 203, 335, 262], [3, 0, 0, 0, 599, 184]]], "distance_down_track": [1374.43701171875, 1267.5760498046875, 1304.12646484375, 620.3999633789062, 267.1686096191406, 37.64637756347656, 621.8668823242188, 1321.68994140625, 1270.8072509765625, 1297.0374755859375], "velocity": [[-19.061569213867188, 0.9694061279296875, 4.745669364929199], [0.09014903753995895, 2.4984285831451416, -21.658687591552734], [2.792685031890869, 3.039144515991211, -19.22697639465332], [-0.6803790926933289, -2.0721516609191895, 15.023286819458008], [-1.3117866516113281, -2.363361120223999, 21.566267013549805], [6.467175006866455, -0.9185764193534851, 20.850765228271484], [0.003317328402772546, 0.09514633566141129, 0.1619173288345337], [-2.707005023956299, 3.402808666229248, -20.238157272338867], [0.28337082266807556, 0.8542296886444092, -20.6804256439209], [2.7108640670776367, 2.9692890644073486, -20.305774688720703]]}