{"track": "tutorial", "karts": ["puffy", "hexley", "tux", "suzanne", "pidgin", "nolok", "beastie", "gavroche", "amanda", "adiumy"], "detections": [[[1, 0, 204, 201, 388, 327], [1, 2, 305, 156, 331, 171], [1, 6, 240, 151, 261, 170], [1, 9, 230, 154, 250, 171], [2, 0, 89, 118, 260, 156], [3, 0, 0, 34, 599, 399]], [[1, 0, 352, 213, 367, 222], [1, 1, 239, 193, 348, 350], [1, 2, 397, 195, 407, 201], [1, 3, 306, 186, 312, 192], [1, 6, 373, 189, 380, 195], [1, 9, 368, 190, 374, 196], [2, 0, 0, 160, 599, 399], [3, 0, 0, 0, 599, 261], [3, 8, 126, 39, 135, 50]], [[1, 2, 224, 196, 356, 316], [3, 0, 0, 30, 599, 399]], [[1, 3, 246, 201, 337, 281], [2, 0, 378, 106, 599, 181], [3, 0, 0, 0, 599, 399]], [[1, 1, 404, 174, 413, 179], [1, 4, 260, 209, 330, 260], [2, 0, 0, 174, 599, 399], [3, 0, 0, 58, 599, 395], [3, 6, 378, 47, 393, 69], [3, 7, 291, 57, 304, 72]], [[1, 4, 335, 157, 343, 160], [1, 5, 249, 204, 344, 294], [2, 0, 0, 158, 599, 399], [3, 0, 0, 72, 599, 260], [3, 6, 478, 61, 497, 82], [3, 7, 392, 74, 405, 87], [3, 8, 522, 95, 524, 101]], [[1, 2, 513, 167, 599, 244], [1, 6, 204, 179, 357, 323], [1, 9, 224, 236, 486, 399], [2, 0, 0, 79, 212, 231], [3, 0, 0, 1, 599, 399]], [[1, 2, 507, 166, 549, 186], [1, 3, 206, 157, 239, 183], [1, 6, 412, 157, 437, 179], [1, 7, 237, 205, 346, 318], [1, 9, 415, 161, 438, 180], [2, 0, 265, 121, 414, 162], [3, 0, 0, 9, 599, 399]], [[1, 1, 338, 136, 340, 137], [1, 4, 271, 132, 275, 133], [1, 5, 271, 144, 279, 150], [1, 8, 254, 191, 347, 269], [2, 0, 0, 134, 599, 399], [3, 0, 0, 44, 599, 290], [3, 6, 372, 42, 385, 59], [3, 7, 310, 46, 320, 58]], [[1, 2, 498, 179, 599, 244], [1, 6, 248, 163, 338, 240], [1, 9, 250, 191, 352, 306], [2, 0, 0, 56, 270, 174], [3, 0, 0, 0, 599, 399]]], "distance_down_track": [712.6583862304688, 700.5689086914062, 590.8922729492188, 590.8922729492188, 590.8922729492188, 619.34228515625, 590.8922729492188, 605.3455200195312, 576.2125244140625, 576.2125244140625], "velocity": [[-4.9409966468811035, 0.09735032171010971, -0.8187683820724487], [-3.6651501655578613, -0.4935554265975952, -4.094432830810547], [0.25174474716186523, 0.14589056372642517, 1.6483817100524902], [-5.83648681640625, -0.036938004195690155, -4.316930294036865], [3.2250847816467285, -2.2052135467529297, -23.831876754760742], [6.9740190505981445, -0.22971874475479126, -9.708187103271484], [-0.24875392019748688, 0.07283828407526016, 0.18289102613925934], [-4.562060832977295, 0.08736488223075867, -1.7315647602081299], [7.010166645050049, -2.798752784729004, -17.33713150024414], [-7.371609210968018, 0.13037632405757904, 0.258403480052948]]}