{"track": "tutorial", "karts": ["puffy", "hexley", "tux", "suzanne", "pidgin", "nolok", "beastie", "gavroche", "amanda", "adiumy"], "detections": [[[1, 0, 205, 201, 389, 328], [1, 1, 291, 149, 318, 178], [1, 2, 170, 156, 212, 180], [1, 3, 241, 160, 275, 182], [1, 4, 361, 164, 396, 186], [1, 5, 261, 166, 294, 193], [1, 7, 211, 159, 243, 181], [2, 0, 0, 103, 211, 160], [3, 0, 0, 35, 599, 399]], [[1, 1, 248, 192, 356, 345], [1, 3, 0, 241, 184, 376], [1, 4, 440, 245, 584, 327], [1, 5, 92, 327, 251, 399], [1, 7, 0, 280, 51, 300], [2, 0, 0, 136, 58, 159], [3, 0, 0, 66, 599, 399]], [[1, 1, 359, 138, 440, 181], [1, 2, 231, 196, 361, 316], [1, 3, 349, 166, 426, 219], [1, 4, 391, 156, 406, 174], [1, 5, 444, 156, 546, 201], [1, 7, 307, 182, 379, 250], [3, 0, 0, 19, 599, 399]], [[1, 1, 412, 146, 599, 310], [1, 2, 0, 193, 106, 286], [1, 3, 217, 201, 368, 323], [1, 5, 474, 302, 599, 399], [1, 7, 75, 202, 244, 298], [2, 0, 0, 92, 153, 207], [3, 0, 0, 58, 599, 399]], [[1, 4, 221, 218, 370, 324], [3, 0, 0, 0, 599, 399]], [[1, 1, 309, 150, 360, 223], [1, 2, 0, 164, 127, 224], [1, 3, 187, 174, 267, 231], [1, 4, 430, 182, 517, 230], [1, 5, 245, 205, 346, 305], [1, 7, 117, 172, 210, 222], [2, 0, 0, 70, 146, 169], [3, 0, 0, 14, 599, 399]], [[1, 6, 259, 180, 339, 247], [1, 8, 445, 176, 446, 176], [2, 0, 0, 169, 599, 399], [3, 0, 0, 73, 599, 270], [3, 6, 458, 62, 477, 82], [3, 7, 375, 78, 387, 92], [3, 8, 497, 95, 497, 95]], [[1, 0, 543, 139, 599, 177], [1, 1, 267, 150, 352, 198], [1, 2, 185, 264, 438, 399], [1, 3, 264, 181, 366, 248], [1, 4, 285, 188, 310, 193], [1, 5, 365, 170, 450, 215], [1, 7, 235, 205, 335, 313], [3, 0, 0, 37, 599, 399]], [[1, 0, 385, 204, 399, 212], [1, 1, 416, 194, 428, 200], [1, 2, 390, 188, 399, 193], [1, 3, 405, 193, 415, 199], [1, 4, 435, 202, 446, 208], [1, 5, 404, 198, 413, 203], [1, 7, 399, 191, 407, 196], [1, 8, 259, 192, 334, 255], [2, 0, 0, 158, 599, 399], [3, 0, 0, 0, 599, 359], [3, 8, 165, 48, 173, 57]], [[1, 9, 257, 195, 368, 304], [2, 0, 0, 180, 599, 399], [3, 0, 0, 100, 599, 372], [5, 6, 408, 177, 419, 190], [5, 7, 355, 184, 364, 196], [5, 8, 300, 191, 306, 199], [5, 17, 264, 183, 266, 187], [5, 18, 281, 181, 283, 184], [5, 19, 295, 179, 296, 182], [5, 20, 203, 185, 204, 187], [5, 21, 195, 186, 196, 188], [5, 22, 184, 187, 186, 189]]], "distance_down_track": [712.6583862304688, 712.6583862304688, 473.2306823730469, 473.2306823730469, 473.2306823730469, 547.9110717773438, 455.9293518066406, 491.73480224609375, 420.1153259277344, 420.1153259277344], "velocity": [[-5.046633720397949, 0.10156378149986267, -0.24833187460899353], [0.6854535341262817, 1.8312751054763794, 3.454141855239868], [-0.545573353767395, 0.23278971016407013, 1.8131002187728882], [0.64694744348526, -0.06322311609983444, 4.842102527618408], [-0.0951542928814888, 0.07109740376472473, 1.6185613870620728], [-0.7472250461578369, 0.1313197910785675, -1.3781189918518066], [12.98659896850586, -0.276825875043869, -20.359127044677734], [0.6900332570075989, 0.023433350026607513, 1.8853098154067993], [-14.577659606933594, -2.2186174392700195, -19.125690460205078], [-0.11689013242721558, 0.13463501632213593, -0.03132789954543114]]}