{"track": "overworld", "karts": ["beastie", "kiki", "hexley", "emule", "amanda", "wilber", "adiumy", "xue", "suzanne", "nolok"], "detections": [[[1, 0, 256, 189, 347, 266], [3, 0, 0, 88, 469, 163], [3, 7, 289, 152, 292, 153], [3, 24, 293, 152, 297, 153]], [[1, 0, 293, 162, 296, 164], [1, 1, 267, 183, 328, 253], [1, 2, 392, 167, 396, 169], [1, 8, 548, 172, 552, 173], [3, 0, 0, 85, 473, 170], [3, 7, 287, 159, 290, 160], [3, 24, 291, 159, 293, 160]], [[1, 2, 271, 197, 322, 268], [1, 8, 441, 158, 450, 162], [1, 9, 464, 159, 469, 161], [3, 0, 438, 79, 599, 156]], [[1, 3, 242, 200, 359, 322], [1, 6, 410, 291, 599, 399], [2, 7, 216, 154, 295, 171], [2, 24, 296, 154, 398, 172], [3, 0, 0, 0, 599, 188], [3, 7, 123, 0, 295, 168], [3, 24, 295, 0, 481, 171]], [[1, 4, 261, 192, 343, 261], [3, 0, 0, 89, 499, 199]], [[1, 5, 255, 189, 331, 259], [1, 7, 304, 162, 309, 167], [3, 0, 33, 0, 599, 162]], [[1, 3, 131, 137, 238, 216], [1, 6, 250, 190, 355, 300], [2, 7, 207, 141, 282, 160], [2, 24, 283, 143, 382, 162], [3, 0, 0, 0, 599, 177], [3, 7, 120, 0, 282, 155], [3, 24, 283, 0, 462, 162]], [[1, 7, 261, 187, 329, 266], [3, 0, 0, 0, 599, 177]], [[1, 5, 435, 149, 443, 152], [1, 7, 550, 150, 552, 151], [1, 8, 265, 201, 339, 258], [1, 9, 278, 163, 291, 174], [3, 0, 199, 56, 599, 152]], [[1, 5, 525, 155, 540, 162], [1, 9, 272, 204, 332, 259], [3, 0, 193, 42, 599, 159]]], "distance_down_track": [169.4697723388672, 86.26055908203125, 162.91647338867188, 608.95751953125, 1058.4656982421875, 1200.764892578125, 607.9398803710938, 1233.8204345703125, 209.51478576660156, 221.19189453125], "velocity": [[0.15555302798748016, 0.08147796988487244, 20.786529541015625], [1.0314005613327026, 0.7297852039337158, 21.813438415527344], [19.89179229736328, 1.2549216747283936, 7.398074626922607], [-3.6786036491394043, -1.6380844116210938, 2.4177603721618652], [6.982297897338867, -1.005615472793579, -20.558366775512695], [-2.905364751815796, 0.2658149302005768, -19.447376251220703], [3.3244550228118896, 0.23856793344020844, 0.7114126086235046], [-1.6106477975845337, -0.30441418290138245, -20.63499641418457], [19.265323638916016, -0.06123577803373337, -9.080110549926758], [19.66673469543457, 0.5358613729476929, -7.471575736999512]]}