{"track": "xr591", "karts": ["sara_the_racer", "tux", "gavroche", "konqi", "beastie", "kiki", "gnu", "hexley", "nolok", "pidgin"], "detections": [[[1, 0, 267, 188, 329, 357], [1, 2, 396, 160, 402, 164], [1, 4, 539, 138, 547, 142], [2, 0, 0, 129, 599, 399], [3, 0, 0, 0, 599, 246], [3, 16, 0, 139, 46, 198], [5, 49, 291, 163, 293, 166]], [[1, 1, 238, 224, 362, 362], [2, 0, 0, 0, 599, 399], [3, 0, 0, 0, 599, 237], [3, 5, 15, 54, 25, 61], [3, 6, 331, 102, 334, 105], [5, 46, 468, 207, 469, 208], [6, 1, 315, 190, 315, 193], [6, 58, 313, 193, 326, 194]], [[1, 2, 237, 231, 363, 362], [1, 4, 354, 168, 360, 173], [2, 0, 0, 121, 599, 399], [3, 0, 0, 0, 599, 245], [4, 18, 343, 162, 349, 166], [5, 19, 370, 163, 372, 165]], [[1, 3, 270, 192, 342, 264], [2, 0, 0, 149, 599, 399], [3, 0, 0, 0, 599, 321], [4, 20, 151, 158, 170, 172], [4, 21, 174, 154, 187, 164], [5, 22, 171, 159, 177, 166], [5, 23, 184, 156, 184, 156]], [[1, 4, 227, 207, 349, 376], [2, 0, 0, 0, 599, 399], [3, 0, 0, 0, 599, 257], [3, 1, 394, 106, 396, 110], [3, 6, 233, 167, 236, 169], [4, 18, 237, 185, 264, 207], [5, 19, 350, 195, 363, 208]], [[1, 5, 265, 182, 331, 257], [2, 0, 0, 0, 599, 399], [3, 0, 0, 0, 599, 269], [3, 1, 164, 50, 231, 138], [3, 2, 320, 100, 348, 106], [3, 10, 177, 82, 178, 88], [4, 44, 239, 131, 240, 131], [6, 1, 341, 147, 368, 168], [6, 6, 427, 110, 427, 112], [6, 58, 325, 155, 337, 156]], [[1, 6, 264, 159, 340, 233], [2, 0, 0, 0, 599, 399], [3, 0, 0, 0, 599, 275], [3, 1, 239, 104, 277, 113], [3, 2, 488, 85, 509, 89], [3, 9, 79, 1, 87, 8], [3, 15, 208, 143, 242, 163], [5, 46, 256, 153, 263, 163], [5, 47, 98, 131, 99, 134]], [[1, 5, 305, 166, 334, 199], [1, 7, 271, 196, 325, 271], [2, 0, 0, 0, 599, 399], [3, 0, 0, 0, 599, 266], [3, 1, 178, 58, 241, 140], [3, 2, 325, 105, 351, 111], [3, 10, 191, 88, 192, 93], [6, 1, 343, 148, 366, 164], [6, 58, 331, 155, 340, 156]], [[1, 3, 259, 175, 288, 195], [1, 8, 277, 202, 329, 250], [2, 0, 80, 171, 599, 399], [3, 0, 0, 0, 599, 399]], [[1, 9, 269, 210, 343, 261], [2, 0, 0, 72, 599, 399], [3, 0, 0, 0, 599, 242], [3, 2, 0, 105, 27, 111], [3, 4, 329, 79, 333, 82], [6, 2, 43, 161, 207, 281]]], "distance_down_track": [157.63412475585938, 34.29410171508789, 104.07666015625, 1110.8985595703125, 63.639339447021484, 1204.634521484375, 1030.9464111328125, 1200.91015625, 1102.8157958984375, 1151.34619140625], "velocity": [[-15.85477066040039, 3.2948222160339355, 11.157177925109863], [-2.9788882732391357, -0.6513115763664246, 20.474178314208984], [0.8408613801002502, -1.398162603378296, 20.635602951049805], [15.146204948425293, 1.3999897241592407, -16.3208065032959], [5.692549228668213, -4.743989944458008, 20.319028854370117], [-2.783787488937378, 0.7603475451469421, 19.45210838317871], [1.8805527687072754, -0.8403866291046143, 22.907581329345703], [-3.0364513397216797, 0.6305996775627136, 19.418920516967773], [7.89866828918457, -0.915550708770752, -23.79212188720703], [9.39100456237793, 1.0511544942855835, 20.348194122314453]]}