{"track": "volcano_island", "karts": ["gavroche", "adiumy", "amanda", "nolok", "tux", "konqi", "kiki", "pidgin", "sara_the_racer", "suzanne"], "detections": [[[1, 0, 273, 203, 326, 255], [1, 1, 288, 159, 296, 166], [1, 4, 257, 138, 263, 146], [2, 0, 0, 117, 599, 399], [3, 0, 0, 0, 599, 318], [3, 75, 550, 150, 599, 181], [3, 180, 403, 86, 416, 168], [3, 195, 239, 75, 249, 171], [3, 208, 274, 110, 390, 126], [4, 19, 276, 171, 326, 220], [4, 20, 571, 174, 599, 221], [4, 30, 422, 173, 490, 223]], [[1, 1, 272, 195, 328, 250], [1, 4, 255, 118, 275, 138], [1, 6, 251, 157, 259, 165], [1, 8, 208, 157, 210, 159], [2, 0, 0, 0, 599, 399], [3, 0, 0, 0, 599, 261]], [[1, 0, 245, 163, 255, 171], [1, 1, 228, 156, 233, 160], [1, 2, 265, 191, 340, 256], [2, 0, 0, 129, 599, 399], [3, 0, 0, 0, 599, 260], [3, 75, 345, 153, 356, 162], [3, 77, 401, 156, 417, 168], [3, 79, 394, 159, 404, 166], [3, 137, 4, 137, 42, 165], [3, 180, 296, 116, 299, 160], [3, 195, 201, 108, 207, 157], [3, 208, 222, 128, 283, 136], [3, 353, 41, 98, 146, 167], [3, 356, 0, 67, 124, 170], [4, 19, 241, 157, 254, 168], [4, 20, 317, 157, 330, 168], [4, 30, 281, 157, 294, 168]], [[1, 3, 271, 203, 329, 257], [1, 7, 219, 156, 224, 158], [2, 0, 0, 119, 599, 399], [3, 0, 0, 0, 599, 252]], [[1, 4, 272, 202, 327, 250], [1, 6, 280, 297, 294, 314], [1, 8, 234, 295, 237, 299], [1, 9, 213, 293, 215, 296], [2, 0, 35, 0, 599, 399], [3, 0, 0, 0, 599, 399]], [[1, 3, 340, 180, 373, 204], [1, 5, 268, 193, 335, 256], [1, 7, 228, 157, 232, 158], [1, 9, 414, 200, 511, 250], [2, 0, 0, 123, 599, 399], [3, 0, 0, 0, 599, 323]], [[1, 3, 229, 156, 233, 159], [1, 5, 222, 156, 227, 160], [1, 6, 271, 183, 332, 253], [1, 8, 254, 160, 259, 165], [1, 9, 237, 156, 243, 160], [2, 0, 0, 157, 599, 399], [3, 0, 0, 0, 599, 246]], [[1, 7, 263, 210, 338, 260], [2, 0, 0, 156, 599, 399], [3, 0, 0, 0, 599, 247]], [[1, 3, 269, 154, 278, 161], [1, 5, 247, 153, 259, 164], [1, 7, 199, 150, 203, 151], [1, 8, 268, 215, 332, 287], [1, 9, 281, 155, 294, 164], [2, 0, 0, 124, 599, 399], [3, 0, 0, 0, 599, 230]], [[1, 3, 252, 180, 280, 205], [1, 5, 73, 193, 184, 257], [1, 7, 216, 157, 221, 158], [1, 9, 267, 201, 334, 251], [2, 0, 0, 123, 599, 399], [3, 0, 0, 0, 599, 237]]], "distance_down_track": [1644.489013671875, 1667.3065185546875, 1628.802734375, 1736.2237548828125, 1680.57861328125, 1732.8607177734375, 1691.5352783203125, 1789.5006103515625, 1715.937744140625, 1732.7767333984375], "velocity": [[-22.829492568969727, 0.08171383291482925, 2.7942042350769043], [-22.577173233032227, 0.08177010715007782, -4.389136791229248], [-23.00650978088379, 0.08170751482248306, 7.342766761779785], [-12.100066184997559, 0.10309883952140808, -17.97201156616211], [-20.59297752380371, 0.014110468327999115, -9.33252239227295], [-13.669683456420898, 0.06163683906197548, -20.416189193725586], [-18.44950294494629, 0.08168311417102814, -11.166889190673828], [-0.11999067664146423, 0.11553254723548889, -21.734359741210938], [-7.694879055023193, 0.06851202249526978, -7.754983901977539], [-14.199918746948242, 0.057458482682704926, -20.082881927490234]]}