{"track": "snowtuxpeak", "karts": ["pidgin", "amanda", "xue", "tux", "gavroche", "emule", "puffy", "sara_the_wizard", "beastie", "gnu"], "detections": [[[1, 0, 239, 239, 363, 360], [2, 0, 0, 166, 432, 399], [3, 0, 0, 0, 599, 399], [3, 1, 261, 134, 272, 151]], [[1, 1, 263, 193, 335, 252], [1, 8, 176, 183, 243, 233], [2, 0, 0, 157, 599, 399], [3, 0, 0, 0, 599, 317], [6, 23, 289, 161, 298, 162]], [[1, 0, 322, 179, 327, 181], [1, 2, 232, 176, 369, 388], [1, 4, 299, 185, 300, 186], [1, 9, 312, 175, 318, 183], [2, 0, 0, 178, 599, 399], [3, 0, 0, 0, 599, 291], [3, 1, 362, 129, 365, 133], [6, 22, 256, 193, 289, 199]], [[1, 1, 374, 177, 416, 204], [1, 3, 274, 198, 324, 240], [1, 8, 323, 173, 355, 199], [2, 0, 0, 159, 599, 399], [3, 0, 0, 0, 599, 317], [6, 23, 308, 162, 316, 163]], [[1, 0, 325, 186, 338, 194], [1, 4, 238, 268, 364, 368], [2, 0, 0, 183, 574, 399], [3, 0, 0, 0, 599, 399], [3, 1, 339, 133, 349, 150]], [[1, 0, 338, 176, 338, 176], [1, 2, 319, 180, 323, 185], [1, 4, 325, 178, 327, 178], [1, 5, 240, 214, 364, 364], [1, 9, 330, 175, 331, 177], [2, 0, 0, 174, 599, 399], [3, 0, 0, 0, 599, 287], [6, 22, 315, 181, 320, 181], [6, 24, 320, 189, 335, 190]], [[1, 3, 586, 142, 590, 143], [1, 6, 211, 200, 377, 319], [2, 0, 0, 61, 599, 399], [3, 0, 0, 0, 599, 256], [4, 14, 427, 144, 438, 152], [4, 15, 396, 143, 407, 151], [4, 16, 369, 142, 379, 150], [4, 17, 343, 141, 352, 149]], [[1, 7, 254, 212, 361, 357], [2, 0, 0, 188, 599, 399], [3, 0, 0, 0, 599, 390]], [[1, 1, 385, 207, 529, 294], [1, 8, 258, 190, 340, 260], [2, 0, 0, 156, 599, 399], [3, 0, 0, 0, 599, 254], [6, 23, 291, 160, 303, 161]], [[1, 4, 178, 221, 243, 249], [1, 9, 233, 153, 366, 301], [2, 0, 0, 181, 358, 399], [3, 0, 0, 0, 599, 399], [3, 1, 334, 131, 345, 147]]], "distance_down_track": [36.26328659057617, 957.2274780273438, 80.80486297607422, 953.8286743164062, 55.119510650634766, 125.52232360839844, 852.7970581054688, 179.33706665039062, 958.1285400390625, 58.07103729248047], "velocity": [[-19.16445541381836, 0.6994763016700745, 10.229589462280273], [-1.4795340299606323, 0.08249233663082123, 25.613920211791992], [-20.600692749023438, 1.432693600654602, 1.4313647747039795], [-1.001908302307129, 0.07535254955291748, 32.210792541503906], [-11.328128814697266, 0.5426355004310608, 1.9050027132034302], [-20.537321090698242, 2.1639301776885986, -1.4233062267303467], [-9.692764282226562, -0.4714488387107849, -1.1560521125793457], [-6.752369403839111, 0.4697321951389313, -19.562076568603516], [-0.5709973573684692, 0.08233240246772766, 22.790300369262695], [-20.304096221923828, 1.138148546218872, 3.8650102615356445]]}