{"track": "snowtuxpeak", "karts": ["pidgin", "amanda", "xue", "tux", "gavroche", "emule", "puffy", "sara_the_wizard", "beastie", "gnu"], "detections": [[[1, 0, 264, 208, 333, 256], [1, 3, 350, 191, 361, 198], [2, 0, 0, 183, 599, 399], [3, 0, 0, 14, 599, 399]], [[1, 1, 256, 191, 335, 261], [1, 5, 583, 130, 591, 135], [1, 6, 427, 127, 451, 138], [1, 9, 318, 145, 352, 177], [2, 0, 0, 114, 599, 399], [3, 0, 0, 0, 599, 365], [3, 1, 514, 15, 555, 65]], [[1, 2, 266, 188, 334, 264], [2, 0, 0, 144, 599, 399], [3, 0, 0, 85, 599, 238], [5, 12, 354, 145, 356, 147], [5, 13, 386, 145, 387, 145]], [[1, 1, 338, 168, 345, 173], [1, 3, 266, 198, 332, 253], [1, 5, 574, 163, 579, 166], [1, 6, 406, 158, 413, 162], [1, 8, 321, 170, 329, 177], [1, 9, 352, 164, 357, 168], [2, 0, 0, 126, 599, 399], [3, 0, 0, 0, 599, 328], [6, 18, 569, 180, 583, 187]], [[1, 4, 267, 203, 326, 256], [2, 0, 0, 150, 599, 399], [3, 0, 0, 51, 599, 301], [4, 10, 287, 152, 296, 160], [4, 11, 267, 152, 276, 160], [5, 9, 318, 153, 323, 159]], [[1, 2, 183, 178, 188, 182], [1, 5, 270, 197, 331, 263], [1, 7, 193, 178, 197, 183], [2, 0, 154, 171, 599, 399], [3, 0, 0, 0, 599, 399], [3, 1, 338, 76, 365, 119]], [[1, 5, 330, 155, 334, 157], [1, 6, 247, 199, 333, 266], [2, 0, 0, 147, 409, 399], [3, 0, 0, 0, 599, 399], [3, 1, 242, 65, 265, 102], [6, 18, 396, 171, 413, 182]], [[1, 2, 291, 159, 304, 172], [1, 7, 280, 188, 320, 266], [2, 0, 0, 146, 599, 399], [3, 0, 0, 97, 599, 238], [5, 12, 340, 146, 340, 148]], [[1, 1, 319, 152, 339, 167], [1, 6, 436, 126, 453, 133], [1, 8, 257, 189, 339, 260], [1, 9, 346, 139, 360, 151], [2, 0, 0, 97, 599, 399], [3, 0, 0, 16, 599, 295]], [[1, 5, 505, 143, 509, 146], [1, 6, 391, 138, 416, 150], [1, 9, 265, 160, 333, 233], [2, 0, 0, 121, 596, 399], [3, 0, 0, 0, 599, 399], [3, 1, 431, 49, 459, 89], [6, 18, 576, 159, 598, 171]]], "distance_down_track": [609.4634399414062, 666.1649780273438, 784.3334350585938, 626.7340087890625, 555.1167602539062, 735.4022827148438, 689.6425170898438, 770.8197021484375, 653.9120483398438, 670.0331420898438], "velocity": [[21.08577537536621, -4.136264324188232, 10.755753517150879], [20.042556762695312, -5.84873628616333, -8.788238525390625], [20.39856719970703, -3.102301836013794, -1.6625691652297974], [20.803131103515625, -7.656177520751953, 3.8200347423553467], [-4.165435791015625, 0.6469742655754089, 22.610410690307617], [17.928306579589844, -3.3533401489257812, -9.745745658874512], [6.389157295227051, -1.3850589990615845, -21.1080265045166], [20.384061813354492, -3.1235456466674805, -1.7954119443893433], [21.252399444580078, -8.67718505859375, -0.7133823037147522], [18.179407119750977, -2.7108826637268066, -11.975448608398438]]}