{"track": "tutorial", "karts": ["puffy", "hexley", "tux", "suzanne", "pidgin", "nolok", "beastie", "gavroche", "amanda", "adiumy"], "detections": [[[1, 0, 255, 201, 344, 262], [1, 1, 299, 156, 300, 156], [2, 0, 263, 135, 355, 174], [2, 1, 292, 155, 295, 155], [2, 3, 305, 155, 307, 155], [3, 0, 0, 0, 599, 399], [3, 1, 291, 151, 296, 154], [3, 2, 291, 148, 293, 150], [3, 3, 304, 151, 308, 154], [3, 4, 294, 146, 300, 151], [3, 5, 300, 146, 305, 150], [4, 4, 302, 154, 304, 156], [4, 9, 308, 154, 310, 156], [4, 10, 295, 154, 298, 156], [4, 11, 289, 154, 291, 156], [6, 2, 230, 154, 291, 200], [6, 3, 380, 154, 460, 200]], [[1, 1, 272, 196, 327, 271], [2, 0, 0, 97, 599, 399], [2, 1, 267, 160, 286, 163], [2, 3, 312, 160, 332, 163], [3, 0, 0, 68, 599, 263], [3, 1, 266, 145, 286, 163], [3, 2, 287, 145, 289, 147], [3, 3, 312, 145, 333, 163], [3, 4, 278, 124, 301, 147], [3, 5, 301, 125, 322, 144], [4, 4, 323, 166, 364, 207], [4, 9, 411, 166, 453, 207], [4, 10, 232, 166, 279, 207], [4, 11, 142, 166, 195, 207]], [[1, 2, 267, 198, 332, 251], [2, 0, 0, 153, 599, 399], [3, 0, 0, 119, 599, 333], [3, 2, 375, 146, 388, 156], [5, 12, 178, 147, 179, 147], [5, 13, 185, 148, 186, 148], [5, 14, 276, 153, 278, 156], [5, 15, 262, 152, 264, 156], [5, 16, 244, 152, 248, 156]], [[1, 3, 265, 200, 344, 257], [1, 4, 78, 136, 78, 136], [2, 0, 0, 136, 599, 399], [3, 0, 0, 100, 599, 276], [5, 17, 283, 165, 294, 181], [5, 18, 349, 166, 360, 182], [5, 19, 410, 167, 420, 183], [5, 20, 292, 150, 295, 154], [5, 21, 276, 150, 279, 154], [5, 22, 255, 149, 259, 154]], [[1, 4, 265, 209, 334, 255], [2, 0, 0, 166, 599, 399], [3, 0, 0, 65, 599, 285], [3, 6, 247, 133, 254, 138], [3, 7, 200, 128, 207, 132]], [[1, 5, 273, 203, 326, 252], [1, 6, 266, 158, 275, 164], [1, 7, 238, 139, 239, 141], [2, 0, 0, 140, 599, 399], [3, 0, 0, 0, 599, 277], [3, 6, 311, 60, 322, 73], [3, 7, 256, 56, 267, 66]], [[1, 6, 262, 190, 341, 258], [1, 7, 281, 135, 285, 138], [2, 0, 0, 138, 599, 399], [3, 0, 0, 53, 599, 308], [3, 6, 389, 44, 403, 62], [3, 7, 323, 50, 334, 62]], [[1, 7, 270, 202, 323, 257], [2, 0, 0, 174, 599, 399], [3, 0, 0, 58, 599, 399], [3, 6, 377, 46, 393, 68], [3, 7, 291, 58, 304, 72], [3, 8, 402, 92, 402, 92]], [[1, 8, 249, 190, 339, 272], [1, 9, 419, 160, 441, 178], [2, 0, 340, 124, 490, 160], [3, 0, 0, 0, 599, 399], [3, 8, 97, 33, 107, 38]], [[1, 9, 250, 191, 354, 305], [2, 0, 0, 81, 313, 164], [3, 0, 0, 4, 599, 399]]], "distance_down_track": [185.10147094726562, 266.46319580078125, 0.0, 0.0, 0.0, 0.0, 0.0, 0.0, 0.0, 0.0], "velocity": [[21.734846115112305, 0.08172260224819183, 0.0006807069876231253], [19.664995193481445, 0.010053171776235104, 0.004000033717602491], [21.85622787475586, 0.9805155396461487, 7.095341682434082], [-22.536775588989258, 0.5224253535270691, -4.562983989715576], [-2.932163715362549, 1.2145980596542358, -23.94054412841797], [3.7082412242889404, -3.9735043048858643, -22.927091598510742], [10.448249816894531, -3.024554491043091, -21.561738967895508], [3.5877974033355713, -2.0450494289398193, -22.62621307373047], [-6.324157238006592, 0.13187500834465027, -4.892833709716797], [-5.222893714904785, 0.11028461903333664, -0.13220465183258057]]}