{"track": "xr591", "karts": ["sara_the_racer", "tux", "gavroche", "konqi", "beastie", "kiki", "gnu", "hexley", "nolok", "pidgin"], "detections": [[[1, 0, 267, 181, 325, 260], [2, 0, 0, 7, 599, 399], [3, 0, 0, 0, 599, 399], [3, 1, 295, 58, 599, 146], [6, 10, 215, 79, 215, 80]], [[1, 1, 236, 196, 368, 313], [2, 0, 0, 169, 599, 399], [3, 0, 0, 0, 599, 202], [3, 8, 457, 37, 465, 45], [5, 51, 259, 164, 267, 177]], [[1, 2, 268, 203, 333, 266], [1, 3, 295, 141, 296, 142], [1, 4, 415, 150, 427, 157], [2, 0, 0, 114, 599, 399], [2, 1, 81, 114, 81, 114], [2, 10, 178, 152, 246, 175], [2, 11, 272, 148, 393, 156], [3, 0, 0, 0, 599, 221], [3, 1, 65, 50, 293, 143], [3, 7, 555, 13, 565, 22], [3, 10, 176, 142, 267, 159], [3, 11, 272, 143, 393, 148]], [[1, 2, 304, 137, 304, 137], [1, 3, 239, 189, 358, 301], [1, 4, 160, 147, 174, 154], [2, 0, 0, 114, 599, 399], [2, 10, 357, 146, 440, 167], [2, 11, 201, 143, 328, 151], [3, 0, 0, 0, 599, 263], [3, 1, 189, 48, 486, 173], [3, 10, 334, 136, 441, 153], [3, 11, 200, 138, 328, 144], [4, 34, 287, 135, 290, 137], [4, 35, 297, 134, 301, 137], [6, 5, 297, 131, 297, 134], [6, 7, 466, 170, 468, 170]], [[1, 4, 258, 189, 345, 263], [1, 5, 309, 168, 316, 175], [2, 0, 0, 163, 599, 399], [3, 0, 0, 0, 599, 216], [3, 1, 571, 196, 587, 199], [4, 33, 336, 171, 340, 176]], [[1, 5, 261, 182, 324, 257], [2, 0, 0, 151, 599, 399], [3, 0, 0, 0, 599, 369], [4, 30, 359, 189, 378, 208], [4, 32, 309, 166, 322, 182], [4, 33, 286, 155, 299, 169], [5, 31, 336, 181, 342, 192]], [[1, 6, 237, 132, 365, 254], [2, 0, 0, 178, 599, 399], [3, 0, 0, 0, 599, 302], [3, 7, 217, 39, 224, 45], [6, 56, 556, 201, 599, 218]], [[1, 3, 245, 162, 290, 195], [1, 4, 244, 147, 253, 152], [1, 7, 260, 195, 329, 292], [2, 0, 0, 132, 599, 399], [2, 10, 405, 150, 459, 170], [2, 11, 274, 144, 381, 153], [3, 0, 0, 0, 599, 217], [3, 1, 267, 60, 547, 166], [3, 9, 116, 21, 124, 28], [3, 10, 387, 140, 460, 157], [3, 11, 274, 140, 381, 147], [4, 34, 353, 138, 357, 140], [6, 7, 574, 178, 579, 183]], [[1, 6, 444, 145, 463, 159], [1, 8, 233, 203, 342, 313], [1, 9, 514, 161, 551, 175], [2, 0, 0, 161, 599, 399], [3, 0, 0, 0, 599, 189]], [[1, 3, 491, 166, 514, 182], [1, 4, 484, 162, 495, 167], [1, 7, 499, 169, 535, 192], [1, 9, 238, 215, 345, 294], [2, 0, 0, 164, 599, 399], [2, 11, 526, 160, 599, 169], [3, 0, 0, 0, 599, 202], [3, 9, 380, 59, 385, 64], [3, 11, 527, 155, 599, 162], [6, 56, 268, 154, 324, 198]]], "distance_down_track": [765.054443359375, 625.341064453125, 670.2271118164062, 664.3543090820312, 712.1389770507812, 737.8713989257812, 646.2177124023438, 660.103515625, 629.6591186523438, 649.0707397460938], "velocity": [[13.858468055725098, -6.451473712921143, 12.42634105682373], [-1.542187213897705, 0.053836334496736526, 2.539379358291626], [-0.6349620819091797, -0.8164989948272705, -18.71954917907715], [0.7452860474586487, -0.6087571382522583, 11.960956573486328], [-20.99155616760254, 0.2269199788570404, 5.309582233428955], [-12.810680389404297, -2.796431303024292, 15.723505020141602], [-5.905694961547852, 0.15379220247268677, 0.5098068714141846], [-2.816898822784424, -0.7975523471832275, 15.276693344116211], [-7.777045726776123, 0.04283410310745239, -5.412242889404297], [-9.265503883361816, 0.13017132878303528, 6.216258525848389]]}