{"track": "snowmountain", "karts": ["adiumy", "beastie", "sara_the_racer", "wilber", "nolok", "gavroche", "konqi", "sara_the_wizard", "tux", "xue"], "detections": [[[1, 0, 272, 195, 332, 254], [2, 0, 0, 153, 599, 399], [3, 0, 0, 1, 599, 266], [3, 68, 449, 124, 455, 132], [3, 78, 381, 146, 406, 158]], [[1, 1, 255, 189, 337, 260], [1, 2, 317, 172, 346, 228], [1, 9, 415, 152, 428, 159], [2, 0, 0, 159, 599, 399], [3, 0, 0, 0, 599, 247], [3, 98, 404, 120, 423, 131], [5, 35, 419, 150, 426, 154]], [[1, 1, 143, 208, 288, 334], [1, 2, 276, 177, 319, 258], [1, 9, 419, 149, 434, 156], [2, 0, 0, 156, 599, 399], [3, 0, 0, 0, 599, 258], [3, 98, 408, 117, 427, 128], [5, 35, 423, 147, 431, 152]], [[1, 1, 296, 132, 299, 135], [1, 2, 300, 132, 302, 135], [1, 3, 260, 189, 324, 257], [1, 4, 292, 141, 296, 145], [1, 6, 282, 150, 295, 163], [1, 7, 289, 218, 368, 399], [2, 0, 0, 128, 599, 399], [3, 0, 0, 0, 599, 260], [6, 4, 296, 143, 318, 159], [6, 40, 0, 276, 255, 399]], [[1, 1, 297, 144, 307, 153], [1, 2, 308, 142, 312, 152], [1, 4, 269, 203, 329, 259], [2, 0, 0, 139, 599, 399], [3, 0, 0, 0, 599, 237]], [[1, 5, 273, 203, 326, 255], [2, 0, 0, 156, 599, 399], [3, 0, 0, 0, 599, 239], [3, 53, 183, 23, 534, 99], [4, 14, 275, 154, 279, 156], [5, 34, 262, 154, 263, 156], [6, 1, 288, 153, 298, 161]], [[1, 1, 318, 145, 323, 149], [1, 2, 324, 144, 326, 148], [1, 4, 313, 156, 320, 162], [1, 6, 260, 192, 337, 265], [2, 0, 0, 141, 599, 399], [3, 0, 0, 0, 599, 234], [6, 4, 318, 155, 424, 227]], [[1, 1, 242, 130, 246, 133], [1, 2, 246, 130, 248, 133], [1, 3, 251, 178, 294, 222], [1, 4, 240, 140, 244, 143], [1, 6, 236, 149, 248, 161], [1, 7, 279, 188, 318, 260], [2, 0, 0, 126, 599, 399], [3, 0, 0, 0, 599, 268], [4, 18, 23, 198, 202, 347], [6, 4, 246, 142, 267, 157], [6, 40, 149, 228, 275, 330]], [[1, 0, 456, 138, 457, 139], [1, 8, 244, 197, 357, 294], [1, 9, 272, 367, 327, 399], [2, 0, 0, 146, 599, 399], [3, 0, 0, 0, 599, 269], [3, 98, 67, 96, 104, 115], [3, 102, 167, 92, 187, 103], [5, 30, 378, 160, 397, 184], [5, 35, 75, 147, 131, 189], [5, 36, 241, 164, 263, 185]], [[1, 8, 301, 176, 336, 208], [1, 9, 263, 186, 333, 265], [2, 0, 0, 155, 599, 399], [3, 0, 0, 0, 599, 301], [3, 98, 138, 112, 165, 128], [3, 102, 222, 105, 233, 115], [5, 30, 375, 164, 387, 179], [5, 35, 193, 157, 220, 182], [5, 36, 289, 167, 302, 180]]], "distance_down_track": [527.96435546875, 451.54046630859375, 452.61126708984375, 391.7490539550781, 429.3526611328125, 7.758028507232666, 405.90301513671875, 389.787841796875, 489.9762878417969, 486.68292236328125], "velocity": [[-10.809138298034668, 1.6019431352615356, 17.58085060119629], [-5.890804290771484, 2.4162659645080566, -21.214099884033203], [-4.840384483337402, 1.7216942310333252, -18.9820613861084], [-0.1394994705915451, -1.4092597961425781, -19.613941192626953], [-0.3554019629955292, 0.08173402398824692, -20.69678497314453], [-1.0113896131515503, 1.4197041988372803, 22.93385124206543], [0.8314629793167114, 0.08619128912687302, -20.68311309814453], [-4.77861213684082, -1.6778123378753662, -22.8453426361084], [-8.568122863769531, 1.060662031173706, -1.691870927810669], [-19.76150131225586, 2.2639153003692627, -5.731289386749268]]}