{"track": "overworld", "karts": ["beastie", "kiki", "hexley", "emule", "amanda", "wilber", "adiumy", "xue", "suzanne", "nolok"], "detections": [[[1, 0, 259, 189, 340, 259], [3, 0, 0, 148, 599, 198], [3, 1, 261, 186, 269, 188], [3, 2, 270, 180, 272, 183], [3, 3, 268, 175, 270, 176], [3, 4, 267, 170, 271, 173], [3, 7, 275, 166, 287, 188], [3, 24, 286, 166, 300, 187], [3, 25, 294, 168, 299, 175]], [[1, 1, 267, 184, 320, 245], [3, 0, 98, 0, 599, 153]], [[1, 2, 271, 196, 326, 270], [1, 5, 261, 127, 263, 128], [1, 8, 284, 141, 288, 144], [1, 9, 280, 138, 283, 140], [3, 0, 0, 0, 599, 158]], [[1, 3, 240, 249, 360, 321], [1, 6, 248, 159, 362, 270], [2, 7, 214, 153, 289, 169], [2, 24, 290, 152, 388, 169], [3, 0, 0, 0, 599, 177], [3, 7, 124, 0, 289, 167], [3, 24, 286, 0, 462, 168]], [[1, 2, 290, 163, 295, 168], [1, 4, 256, 192, 337, 260], [1, 8, 290, 157, 293, 158], [1, 9, 288, 155, 289, 156], [3, 0, 0, 0, 599, 164]], [[1, 5, 262, 189, 337, 260], [1, 7, 429, 148, 440, 155], [3, 0, 0, 0, 599, 194]], [[1, 3, 241, 269, 347, 337], [1, 6, 249, 190, 353, 286], [2, 7, 217, 154, 291, 173], [2, 24, 291, 157, 389, 176], [3, 0, 0, 0, 599, 196], [3, 7, 137, 0, 295, 168], [3, 24, 292, 0, 471, 176]], [[1, 7, 259, 184, 337, 275], [3, 0, 0, 20, 599, 204]], [[1, 5, 271, 151, 275, 154], [1, 7, 321, 142, 324, 142], [1, 8, 262, 201, 338, 259], [1, 9, 287, 168, 300, 179], [3, 0, 0, 0, 599, 164]], [[1, 5, 274, 136, 279, 139], [1, 7, 335, 124, 338, 126], [1, 9, 272, 204, 333, 261], [3, 0, 0, 0, 599, 180]]], "distance_down_track": [309.0954284667969, 1168.9212646484375, 1221.7288818359375, 608.0965576171875, 1190.3765869140625, 1318.5924072265625, 621.691650390625, 1355.77294921875, 1262.760498046875, 1274.5242919921875], "velocity": [[2.1692235469818115, -2.0250585079193115, 23.680456161499023], [18.850486755371094, -0.23862293362617493, -12.639589309692383], [-2.8841397762298584, -0.6019637584686279, -19.44303321838379], [-0.1798434853553772, -0.39383387565612793, 2.422895669937134], [-3.0384089946746826, 0.8069683909416199, -21.50644302368164], [-0.891207218170166, 3.081000804901123, -19.401683807373047], [0.48083820939064026, -0.24938318133354187, 0.1976781189441681], [-17.106794357299805, 2.2374000549316406, -3.2751777172088623], [-0.6043590307235718, 2.3362443447113037, -20.55885887145996], [0.4535924792289734, 2.0845019817352295, -20.48312759399414]]}