{"track": "tutorial", "karts": ["puffy", "hexley", "tux", "suzanne", "pidgin", "nolok", "beastie", "gavroche", "amanda", "adiumy"], "detections": [[[1, 0, 205, 203, 394, 327], [1, 5, 82, 199, 247, 290], [2, 0, 0, 103, 47, 123], [3, 0, 0, 38, 599, 399]], [[1, 0, 337, 162, 372, 187], [1, 1, 243, 193, 350, 349], [1, 3, 139, 161, 190, 189], [1, 5, 298, 160, 336, 182], [1, 6, 168, 151, 213, 179], [1, 9, 28, 169, 130, 233], [2, 0, 0, 100, 220, 159], [3, 0, 0, 32, 599, 399]], [[1, 0, 338, 160, 360, 175], [1, 1, 279, 161, 311, 192], [1, 2, 228, 196, 358, 313], [1, 3, 226, 153, 251, 168], [1, 5, 316, 158, 339, 172], [1, 6, 241, 149, 263, 166], [1, 9, 205, 153, 233, 176], [2, 0, 106, 113, 269, 153], [3, 0, 0, 22, 599, 399]], [[1, 3, 225, 201, 372, 315], [1, 5, 516, 184, 599, 237], [1, 6, 247, 162, 351, 235], [2, 0, 0, 61, 275, 179], [3, 0, 0, 1, 599, 399]], [[1, 4, 239, 214, 352, 295], [2, 0, 0, 129, 599, 399], [3, 0, 0, 47, 599, 258], [3, 6, 332, 50, 344, 64], [3, 7, 276, 44, 286, 56]], [[1, 0, 266, 181, 391, 244], [1, 5, 233, 206, 354, 321], [3, 0, 0, 8, 599, 399]], [[1, 0, 411, 173, 469, 205], [1, 3, 355, 232, 599, 399], [1, 5, 378, 176, 422, 212], [1, 6, 195, 179, 358, 339], [2, 0, 0, 63, 90, 250], [3, 0, 0, 37, 599, 399]], [[1, 7, 231, 206, 345, 324], [2, 0, 552, 90, 599, 118], [3, 0, 0, 0, 599, 399], [3, 7, 179, 0, 200, 18], [3, 8, 331, 41, 331, 50]], [[1, 4, 287, 157, 298, 165], [1, 8, 231, 187, 363, 299], [2, 0, 0, 137, 599, 399], [3, 0, 0, 42, 599, 251], [3, 6, 299, 61, 310, 74], [3, 7, 246, 55, 256, 65], [3, 8, 331, 83, 331, 83]], [[1, 0, 441, 168, 508, 200], [1, 3, 236, 164, 282, 200], [1, 5, 396, 165, 445, 192], [1, 6, 247, 151, 297, 186], [1, 9, 250, 191, 352, 305], [2, 0, 0, 79, 272, 161], [3, 0, 0, 6, 599, 399]]], "distance_down_track": [712.6583862304688, 712.6583862304688, 590.8922729492188, 576.2125244140625, 576.2125244140625, 619.34228515625, 576.2125244140625, 605.3455200195312, 561.7310180664062, 561.7310180664062], "velocity": [[0.1204085573554039, 0.06235792115330696, 0.9032426476478577], [-5.049342632293701, 0.10278380662202835, -0.2125771939754486], [-4.928872585296631, 0.09849606454372406, -0.9717357754707336], [-2.402466058731079, 0.1525762379169464, 0.13967864215373993], [2.6166954040527344, -2.081761360168457, -12.574662208557129], [0.1739979088306427, 0.06321636587381363, 0.6453251838684082], [-0.8446872234344482, -0.1954096257686615, 1.9760372638702393], [-1.283937931060791, -0.17144964635372162, -4.7361602783203125], [1.0872265100479126, -1.577059268951416, -11.409062385559082], [-7.3320088386535645, 0.12493152916431427, 0.06145007535815239]]}