{"track": "overworld", "karts": ["beastie", "kiki", "hexley", "emule", "amanda", "wilber", "adiumy", "xue", "suzanne", "nolok"], "detections": [[[1, 0, 260, 189, 346, 264], [3, 0, 0, 0, 599, 209]], [[1, 1, 268, 183, 329, 252], [1, 2, 284, 161, 289, 166], [1, 6, 297, 161, 303, 166], [2, 7, 255, 156, 293, 165], [2, 24, 293, 153, 340, 164], [3, 0, 0, 0, 599, 170], [3, 7, 212, 0, 292, 165], [3, 24, 283, 0, 365, 160], [3, 25, 357, 33, 365, 100]], [[1, 2, 245, 192, 356, 350], [1, 6, 538, 266, 599, 359], [2, 7, 65, 148, 330, 207], [2, 24, 330, 140, 599, 205], [3, 7, 0, 0, 331, 206], [3, 24, 331, 0, 599, 147]], [[1, 3, 235, 198, 330, 300], [3, 0, 0, 18, 599, 191], [255, 16777215, 479, 217, 599, 256]], [[1, 4, 257, 191, 343, 263], [3, 0, 0, 98, 364, 158], [3, 7, 256, 152, 258, 152], [3, 24, 259, 152, 263, 153]], [[1, 0, 278, 140, 281, 143], [1, 5, 260, 189, 335, 257], [3, 0, 0, 0, 599, 163]], [[1, 2, 139, 177, 225, 242], [1, 6, 262, 193, 340, 271], [2, 7, 75, 144, 268, 189], [2, 24, 268, 146, 531, 193], [3, 7, 0, 0, 267, 180], [3, 24, 263, 0, 599, 192]], [[1, 7, 267, 187, 335, 264], [1, 8, 310, 172, 340, 196], [1, 9, 388, 144, 393, 146], [3, 0, 0, 18, 599, 181], [3, 6, 478, 97, 478, 97]], [[1, 8, 263, 201, 340, 260], [1, 9, 382, 142, 387, 144], [2, 0, 409, 137, 414, 140], [3, 0, 0, 0, 599, 188]], [[1, 9, 265, 203, 325, 261], [2, 0, 271, 154, 286, 169], [3, 0, 0, 15, 599, 165], [3, 7, 288, 127, 289, 127], [3, 24, 290, 127, 292, 128]]], "distance_down_track": [1281.8099365234375, 195.050048828125, 195.050048828125, 160.1875, 147.07064819335938, 1219.8958740234375, 620.3016967773438, 1416.06982421875, 1420.45849609375, 19.279375076293945], "velocity": [[1.1646058559417725, 3.398118257522583, -21.436105728149414], [-0.780796468257904, -3.6218206882476807, 21.533584594726562], [0.009447514079511166, 0.08262431621551514, 0.1724611222743988], [-9.695453643798828, 0.17283858358860016, 6.521938800811768], [2.6631789207458496, 0.08713683485984802, 17.350622177124023], [-2.8409128189086914, -0.6040391325950623, -19.449331283569336], [-0.7105052471160889, -2.0729598999023438, 15.024374008178711], [-16.074615478515625, -4.219056129455566, 12.340838432312012], [-15.591658592224121, -4.231886386871338, 12.941455841064453], [3.1133906841278076, -1.883683443069458, 20.377647399902344]]}