{"track": "overworld", "karts": ["beastie", "kiki", "hexley", "emule", "amanda", "wilber", "adiumy", "xue", "suzanne", "nolok"], "detections": [[[1, 0, 256, 189, 342, 262], [2, 0, 410, 171, 416, 177], [3, 0, 0, 0, 599, 177], [3, 4, 500, 141, 500, 141], [3, 7, 504, 139, 510, 142], [3, 24, 510, 139, 517, 142]], [[1, 1, 266, 182, 332, 257], [1, 2, 279, 144, 282, 146], [3, 0, 0, 0, 599, 162]], [[1, 2, 275, 197, 330, 273], [1, 5, 382, 111, 387, 112], [1, 8, 289, 127, 293, 129], [1, 9, 304, 126, 307, 127], [3, 0, 0, 0, 599, 179]], [[1, 3, 253, 200, 345, 294], [2, 7, 165, 145, 301, 176], [2, 24, 302, 145, 484, 177], [3, 0, 0, 0, 599, 174], [3, 7, 10, 0, 301, 171], [3, 24, 302, 0, 599, 174]], [[1, 4, 256, 190, 341, 263], [3, 0, 0, 103, 448, 164], [255, 16777215, 0, 151, 258, 183]], [[1, 0, 426, 193, 428, 194], [1, 5, 259, 189, 335, 258], [3, 0, 0, 52, 599, 201]], [[1, 3, 179, 172, 239, 216], [1, 6, 258, 192, 346, 285], [2, 7, 160, 141, 271, 168], [2, 24, 271, 143, 420, 170], [3, 0, 0, 0, 599, 184], [3, 7, 30, 0, 270, 162], [3, 24, 267, 0, 539, 170]], [[1, 7, 262, 187, 330, 264], [3, 0, 190, 155, 504, 183]], [[1, 5, 531, 147, 543, 152], [1, 8, 264, 200, 341, 261], [1, 9, 313, 170, 332, 184], [3, 0, 0, 0, 599, 226]], [[1, 9, 261, 203, 331, 269], [3, 0, 0, 0, 599, 215]]], "distance_down_track": [1451.0125732421875, 1217.6934814453125, 1275.3126220703125, 616.74267578125, 487.6635437011719, 1368.934326171875, 614.3404541015625, 512.8043823242188, 1333.86083984375, 1345.096435546875], "velocity": [[-13.841524124145508, -1.5898765325546265, 16.682167053222656], [-2.9564826488494873, -0.3872964382171631, -19.4376277923584], [0.5265413522720337, 2.094444990158081, -19.54605484008789], [-0.6362285614013672, -1.6989836692810059, 12.477020263671875], [15.450737953186035, -0.6026172637939453, 8.419371604919434], [-19.490873336791992, 1.1562294960021973, 2.3411920070648193], [-0.91987544298172, -1.5544590950012207, 11.694918632507324], [17.519468307495117, 2.0812954902648926, -11.794031143188477], [-5.300503253936768, 2.249147653579712, -19.883056640625], [-10.584809303283691, 2.0972740650177, -11.040217399597168]]}