{"track": "overworld", "karts": ["beastie", "kiki", "hexley", "emule", "amanda", "wilber", "adiumy", "xue", "suzanne", "nolok"], "detections": [[[1, 0, 252, 189, 338, 264], [3, 0, 190, 93, 599, 194]], [[1, 1, 269, 184, 329, 251], [1, 2, 360, 184, 362, 185], [1, 4, 319, 181, 324, 185], [1, 8, 0, 222, 62, 277], [1, 9, 308, 182, 312, 185], [3, 0, 0, 85, 599, 196], [3, 6, 586, 133, 587, 133]], [[1, 2, 277, 198, 329, 271], [2, 0, 401, 147, 407, 152], [3, 0, 0, 0, 599, 159], [3, 4, 503, 116, 504, 116], [3, 7, 508, 114, 515, 117], [3, 8, 507, 114, 511, 116], [3, 24, 515, 114, 521, 117], [3, 25, 522, 116, 522, 116]], [[1, 3, 253, 200, 347, 297], [2, 7, 161, 145, 281, 172], [2, 24, 281, 146, 439, 173], [3, 0, 0, 0, 599, 179], [3, 7, 20, 0, 280, 168], [3, 24, 278, 0, 563, 172]], [[1, 2, 322, 161, 330, 170], [1, 4, 261, 191, 342, 261], [2, 0, 389, 145, 393, 149], [3, 0, 0, 0, 599, 225], [3, 5, 406, 116, 407, 116]], [[1, 5, 263, 191, 332, 253], [3, 0, 0, 100, 185, 153], [3, 4, 108, 150, 108, 151]], [[1, 3, 278, 161, 312, 194], [1, 6, 253, 191, 352, 298], [2, 7, 193, 135, 285, 157], [2, 24, 286, 136, 407, 158], [3, 0, 0, 0, 599, 173], [3, 7, 84, 0, 285, 153], [3, 24, 284, 0, 504, 157]], [[1, 7, 264, 187, 333, 264], [3, 0, 79, 115, 564, 164]], [[1, 1, 492, 173, 578, 231], [1, 2, 370, 182, 370, 183], [1, 4, 335, 179, 340, 183], [1, 8, 261, 201, 337, 259], [1, 9, 325, 180, 328, 183], [3, 0, 0, 72, 599, 201]], [[1, 2, 328, 156, 336, 164], [1, 4, 317, 170, 358, 205], [1, 9, 271, 204, 331, 261], [2, 0, 388, 142, 392, 145], [3, 0, 0, 0, 599, 202], [3, 5, 405, 113, 407, 113], [3, 6, 419, 106, 419, 106]]], "distance_down_track": [1110.211181640625, 1385.760986328125, 1447.3468017578125, 615.2251586914062, 1429.627197265625, 143.19094848632812, 611.1839599609375, 963.7215576171875, 1385.2286376953125, 1424.8336181640625], "velocity": [[-0.45304402709007263, 2.4983012676239014, -21.586185455322266], [-20.98138999938965, -0.05962221324443817, 7.744089603424072], [-13.32741928100586, -1.2595125436782837, 15.891820907592773], [-0.6891937255859375, -1.6236066818237305, 11.961222648620605], [-14.222039222717285, -4.998264789581299, 15.657623291015625], [13.308269500732422, 0.03474220260977745, 17.329490661621094], [-0.6185247302055359, -1.5533554553985596, 9.039462089538574], [15.526792526245117, -1.1996002197265625, -13.637067794799805], [-19.181068420410156, -0.15538395941257477, 7.781545639038086], [-13.656801223754883, -3.882441759109497, 15.063477516174316]]}