{"track": "tutorial", "karts": ["puffy", "hexley", "tux", "suzanne", "pidgin", "nolok", "beastie", "gavroche", "amanda", "adiumy"], "detections": [[[1, 0, 204, 203, 394, 327], [3, 0, 0, 25, 599, 399]], [[1, 0, 482, 162, 502, 172], [1, 1, 263, 195, 332, 292], [1, 6, 319, 154, 335, 166], [1, 8, 333, 153, 346, 163], [2, 0, 325, 126, 409, 151], [3, 0, 0, 0, 599, 399], [3, 8, 96, 22, 108, 35]], [[1, 2, 248, 176, 361, 275], [1, 7, 197, 153, 206, 158], [1, 9, 254, 158, 267, 168], [2, 0, 0, 155, 599, 399], [3, 0, 0, 108, 599, 304], [5, 6, 449, 164, 477, 189], [5, 7, 352, 167, 372, 192], [5, 17, 217, 156, 220, 162], [5, 18, 241, 155, 244, 160], [5, 19, 259, 155, 261, 158], [5, 20, 145, 151, 147, 154], [5, 21, 132, 151, 135, 155], [5, 22, 116, 151, 120, 154]], [[1, 2, 263, 161, 294, 187], [1, 3, 278, 209, 321, 217], [1, 4, 153, 174, 464, 372], [1, 7, 174, 163, 183, 167], [1, 9, 234, 164, 244, 171], [2, 0, 0, 166, 599, 399], [3, 0, 0, 117, 599, 265], [5, 6, 353, 160, 363, 174], [5, 7, 302, 163, 311, 176], [5, 17, 197, 164, 200, 169], [5, 18, 218, 163, 220, 167], [5, 19, 233, 162, 235, 166], [5, 20, 118, 162, 121, 165], [5, 21, 107, 162, 110, 165], [5, 22, 92, 162, 95, 164]], [[1, 2, 266, 176, 294, 200], [1, 3, 255, 230, 338, 307], [1, 4, 231, 217, 381, 325], [1, 7, 176, 171, 184, 175], [1, 9, 235, 172, 245, 180], [2, 0, 0, 174, 599, 399], [3, 0, 0, 119, 599, 301], [5, 6, 349, 171, 358, 183], [5, 7, 301, 175, 309, 187], [5, 17, 199, 173, 201, 177], [5, 18, 218, 171, 221, 175], [5, 19, 234, 170, 235, 174], [5, 20, 120, 170, 122, 173], [5, 21, 109, 171, 112, 174], [5, 22, 95, 171, 98, 173]], [[1, 5, 238, 205, 349, 314], [2, 0, 0, 152, 599, 399], [3, 0, 0, 103, 599, 252], [3, 7, 185, 116, 186, 118]], [[1, 6, 207, 180, 378, 329], [1, 8, 280, 167, 350, 228], [2, 0, 210, 116, 377, 162], [3, 0, 0, 19, 599, 399]], [[1, 5, 188, 149, 196, 153], [1, 7, 236, 205, 353, 323], [2, 0, 0, 143, 599, 399], [3, 0, 0, 108, 599, 266], [5, 20, 326, 166, 334, 176], [5, 21, 285, 162, 294, 173], [5, 22, 237, 159, 247, 170]], [[1, 6, 167, 352, 306, 399], [1, 8, 216, 184, 373, 321], [2, 0, 168, 109, 367, 163], [3, 0, 0, 18, 599, 399]], [[1, 7, 225, 154, 238, 162], [1, 9, 268, 196, 330, 251], [2, 0, 65, 146, 599, 399], [3, 0, 0, 115, 599, 399], [5, 17, 232, 163, 240, 174], [5, 18, 280, 162, 286, 172], [5, 19, 315, 161, 320, 171], [5, 20, 174, 149, 177, 153], [5, 21, 156, 148, 160, 153], [5, 22, 131, 147, 137, 153]]], "distance_down_track": [712.6583862304688, 710.050537109375, 409.40948486328125, 409.40948486328125, 420.1153259277344, 491.73480224609375, 400.4352722167969, 473.2306823730469, 383.7624206542969, 374.73779296875], "velocity": [[-0.14704939723014832, 0.07318180054426193, -0.0739092081785202], [-5.9827399253845215, -14.48525619506836, -6.304386615753174], [-8.668723106384277, 0.18398624658584595, 6.825536727905273], [-2.9931187629699707, 0.14804793894290924, 3.230210304260254], [-0.0696469321846962, 0.08175559341907501, 0.011292104609310627], [-1.9141370058059692, 0.593060314655304, -8.697629928588867], [-4.820339202880859, 0.09604689478874207, -1.382084846496582], [2.5132930278778076, 0.4706250727176666, 2.3774304389953613], [-4.746591567993164, 0.08561121672391891, -1.04059636592865], [-20.823244094848633, 0.2586451470851898, 8.259782791137695]]}