{"track": "overworld", "karts": ["beastie", "kiki", "hexley", "emule", "amanda", "wilber", "adiumy", "xue", "suzanne", "nolok"], "detections": [[[1, 0, 253, 188, 338, 264], [3, 0, 0, 3, 599, 217], [3, 4, 315, 158, 317, 161], [3, 7, 322, 157, 328, 161], [3, 8, 321, 160, 322, 161], [3, 24, 329, 157, 336, 161], [3, 25, 333, 158, 333, 158]], [[1, 1, 267, 183, 328, 253], [1, 2, 287, 170, 289, 172], [1, 3, 297, 169, 300, 173], [2, 7, 266, 167, 291, 172], [2, 24, 292, 166, 323, 172], [3, 0, 0, 5, 599, 181], [3, 7, 241, 65, 291, 172], [3, 24, 287, 65, 338, 170], [3, 25, 315, 74, 338, 111]], [[1, 2, 275, 196, 325, 266], [2, 7, 221, 147, 315, 169], [2, 24, 316, 143, 443, 168], [3, 0, 0, 0, 599, 193], [3, 7, 106, 0, 315, 168], [3, 24, 314, 0, 544, 163], [255, 16777215, 315, 129, 315, 131]], [[1, 2, 201, 165, 249, 208], [1, 3, 242, 200, 358, 321], [2, 7, 201, 138, 287, 157], [2, 24, 288, 138, 400, 158], [3, 0, 0, 0, 599, 172], [3, 7, 97, 0, 287, 154], [3, 24, 285, 0, 489, 157]], [[1, 4, 259, 192, 343, 261], [3, 0, 0, 31, 479, 208]], [[1, 5, 263, 190, 332, 255], [1, 6, 367, 182, 421, 226], [1, 7, 285, 163, 298, 176], [3, 0, 0, 0, 599, 163]], [[1, 5, 5, 196, 191, 298], [1, 6, 269, 194, 331, 255], [1, 7, 260, 162, 274, 177], [3, 0, 0, 0, 599, 169]], [[1, 7, 240, 181, 332, 295], [3, 0, 0, 0, 599, 180]], [[1, 8, 255, 201, 340, 267], [1, 9, 375, 163, 383, 167], [3, 0, 0, 25, 599, 199]], [[1, 9, 265, 203, 325, 259], [3, 0, 0, 101, 599, 212]]], "distance_down_track": [228.9132843017578, 0.0, 0.0, 595.7530517578125, 0.0, 0.0, 0.0, 0.0, 0.0, 0.0], "velocity": [[-1.82688570022583, 0.49946799874305725, 21.652326583862305], [-0.027383234351873398, -1.543753981590271, 21.795379638671875], [-1.4364858865737915, -2.9744067192077637, 21.598888397216797], [-0.49576956033706665, -1.285009741783142, 7.533946514129639], [6.12406587600708, -0.2359246015548706, -20.771427154541016], [-2.85349440574646, 0.37266233563423157, -21.65966796875], [-2.396892786026001, 0.3658265769481659, -20.59539031982422], [-0.8333433866500854, 0.1059601902961731, -14.183629989624023], [-18.021745681762695, 2.0413835048675537, -1.4900153875350952], [-19.828229904174805, -0.23037251830101013, 9.148818016052246]]}