{"track": "overworld", "karts": ["beastie", "kiki", "hexley", "emule", "amanda", "wilber", "adiumy", "xue", "suzanne", "nolok"], "detections": [[[1, 0, 248, 187, 345, 271], [3, 0, 0, 102, 455, 163], [255, 16777215, 0, 149, 259, 181]], [[1, 1, 237, 167, 373, 313], [1, 2, 356, 167, 363, 172], [1, 3, 476, 145, 482, 148], [3, 0, 0, 29, 599, 154], [3, 5, 472, 154, 489, 159]], [[1, 2, 267, 196, 321, 269], [1, 3, 414, 145, 420, 149], [3, 0, 0, 0, 576, 146], [3, 5, 463, 152, 503, 162], [3, 6, 488, 140, 491, 142]], [[1, 3, 272, 199, 322, 250], [3, 0, 0, 14, 569, 174], [3, 6, 319, 160, 323, 161]], [[1, 4, 256, 192, 338, 262], [3, 0, 0, 0, 599, 164]], [[1, 5, 260, 189, 335, 257], [3, 0, 0, 75, 599, 203], [3, 5, 594, 154, 597, 154]], [[1, 6, 249, 190, 355, 299], [2, 7, 215, 155, 290, 171], [2, 24, 290, 155, 387, 172], [3, 0, 0, 0, 599, 183], [3, 7, 130, 0, 289, 168], [3, 24, 289, 0, 463, 171]], [[1, 7, 267, 187, 335, 265], [3, 0, 0, 95, 488, 205]], [[1, 1, 45, 143, 49, 146], [1, 8, 258, 201, 334, 260], [1, 9, 448, 146, 455, 149], [3, 0, 0, 102, 472, 162], [3, 5, 30, 149, 37, 149], [3, 7, 243, 141, 246, 142], [3, 24, 247, 141, 251, 142], [3, 25, 250, 141, 250, 141]], [[1, 9, 264, 202, 325, 261], [3, 0, 370, 65, 599, 163]]], "distance_down_track": [487.4031982421875, 233.90414428710938, 195.050048828125, 195.050048828125, 1225.2418212890625, 1380.4287109375, 621.8015747070312, 1052.877685546875, 114.27806854248047, 175.61398315429688], "velocity": [[13.479430198669434, -0.6482446193695068, 7.554620265960693], [0.5684022903442383, 0.10570182651281357, 0.3012666404247284], [-14.806184768676758, -0.01251724362373352, 15.018847465515137], [-4.264674663543701, 1.0550956726074219, 26.946346282958984], [-2.2849466800689697, -0.45174360275268555, -21.609838485717773], [-18.939138412475586, -0.03105228580534458, 5.293417930603027], [3.878115653991699, -0.08046537637710571, -3.976407289505005], [6.373979568481445, -1.0134333372116089, -19.668128967285156], [5.705374240875244, -0.9436606764793396, 19.87582015991211], [20.646448135375977, 0.7461480498313904, 1.2874159812927246]]}