{"track": "overworld", "karts": ["beastie", "kiki", "hexley", "emule", "amanda", "wilber", "adiumy", "xue", "suzanne", "nolok"], "detections": [[[1, 0, 259, 189, 341, 259], [3, 0, 0, 100, 362, 158], [3, 4, 248, 153, 248, 153], [3, 7, 255, 153, 257, 153], [3, 8, 254, 153, 254, 153], [3, 24, 258, 153, 260, 153]], [[1, 1, 264, 183, 325, 253], [1, 2, 384, 156, 391, 159], [1, 9, 347, 163, 354, 168], [3, 0, 297, 62, 599, 154]], [[1, 2, 261, 196, 325, 281], [3, 0, 0, 0, 599, 157]], [[1, 3, 240, 201, 359, 321], [1, 6, 249, 182, 360, 280], [2, 7, 215, 154, 289, 171], [2, 24, 290, 154, 388, 171], [3, 0, 0, 0, 599, 179], [3, 7, 127, 0, 289, 168], [3, 24, 288, 0, 463, 170]], [[1, 4, 263, 191, 344, 262], [3, 0, 0, 98, 539, 236]], [[1, 5, 256, 190, 337, 262], [3, 0, 0, 36, 599, 197]], [[1, 3, 240, 207, 353, 322], [1, 6, 249, 190, 355, 284], [2, 7, 216, 153, 290, 171], [2, 24, 291, 155, 388, 173], [3, 0, 0, 0, 599, 187], [3, 7, 133, 0, 292, 167], [3, 24, 291, 0, 468, 173]], [[1, 7, 269, 188, 333, 259], [3, 0, 0, 37, 524, 157], [3, 5, 396, 164, 407, 167], [255, 16777215, 553, 173, 599, 183]], [[1, 1, 374, 153, 383, 162], [1, 2, 531, 160, 532, 162], [1, 8, 261, 201, 332, 256], [1, 9, 451, 159, 457, 162], [3, 0, 437, 73, 599, 157]], [[1, 2, 341, 156, 352, 162], [1, 9, 272, 203, 329, 255], [3, 0, 201, 51, 599, 153]]], "distance_down_track": [146.82211303710938, 186.8961181640625, 1177.60888671875, 608.022216796875, 1017.9267578125, 1358.044921875, 621.7354736328125, 200.70372009277344, 163.15113830566406, 212.83035278320312], "velocity": [[3.2733278274536133, 0.08567219972610474, 20.250459671020508], [21.01634979248047, -0.3211713135242462, -5.969285011291504], [2.3452863693237305, 0.9159930944442749, -17.37322235107422], [-0.27726757526397705, -0.30810168385505676, 1.7747106552124023], [4.44206428527832, 0.5925091505050659, -21.26798439025879], [-18.252317428588867, 2.1371512413024902, -2.7374298572540283], [-0.007123430259525776, -0.03779282420873642, 0.10986292362213135], [-20.42711067199707, -0.2468939870595932, 10.365738868713379], [21.611934661865234, 1.4456156492233276, 7.735276699066162], [20.743045806884766, -0.17157487571239471, -8.992412567138672]]}