{"track": "overworld", "karts": ["beastie", "kiki", "hexley", "emule", "amanda", "wilber", "adiumy", "xue", "suzanne", "nolok"], "detections": [[[1, 0, 256, 189, 341, 263], [1, 2, 286, 159, 294, 168], [1, 5, 443, 128, 446, 129], [1, 8, 276, 153, 280, 156], [1, 9, 285, 151, 288, 153], [3, 0, 0, 0, 599, 173]], [[1, 0, 281, 135, 286, 139], [1, 1, 266, 182, 332, 257], [1, 2, 274, 130, 276, 132], [1, 8, 261, 125, 263, 126], [3, 0, 0, 0, 599, 157]], [[1, 2, 276, 196, 332, 270], [1, 5, 509, 128, 513, 131], [1, 8, 279, 162, 286, 168], [1, 9, 295, 159, 299, 162], [3, 0, 0, 0, 599, 193]], [[1, 3, 239, 199, 358, 322], [1, 6, 286, 186, 315, 212], [2, 7, 216, 159, 290, 176], [2, 24, 290, 160, 387, 177], [3, 0, 0, 0, 599, 190], [3, 7, 129, 0, 289, 173], [3, 24, 289, 0, 463, 176]], [[1, 4, 258, 191, 343, 263], [3, 0, 0, 83, 531, 165], [3, 4, 293, 153, 293, 153], [3, 7, 299, 152, 302, 153], [3, 8, 300, 152, 300, 152], [3, 24, 303, 152, 307, 153]], [[1, 5, 260, 190, 336, 258], [3, 0, 0, 82, 599, 202]], [[1, 6, 256, 192, 350, 291], [2, 7, 183, 136, 284, 159], [2, 24, 285, 136, 418, 160], [3, 0, 0, 0, 599, 171], [3, 7, 61, 0, 284, 155], [3, 24, 281, 0, 524, 158]], [[1, 7, 263, 186, 332, 265], [3, 0, 0, 111, 556, 144]], [[1, 8, 265, 200, 342, 262], [1, 9, 331, 158, 344, 168], [3, 0, 0, 0, 599, 182]], [[1, 9, 272, 203, 333, 261], [3, 0, 0, 0, 599, 270]]], "distance_down_track": [1268.984375, 1223.772216796875, 1287.413818359375, 621.9620971679688, 175.3178253173828, 1388.9180908203125, 612.7190551757812, 466.93841552734375, 1315.4075927734375, 1329.45556640625], "velocity": [[-0.10258425772190094, 2.467642307281494, -21.594221115112305], [-2.813476085662842, -0.46527495980262756, -19.457134246826172], [1.451795220375061, 2.9015920162200928, -19.39549446105957], [0.02494235895574093, 0.19566543400287628, 0.1783842295408249], [-0.5915857553482056, 0.0675889253616333, 20.778047561645508], [-18.198278427124023, -0.11143229156732559, 7.451340198516846], [-0.6523917317390442, -1.603837490081787, 10.5657320022583], [20.664308547973633, -1.1787770986557007, 0.2946358025074005], [2.0334341526031494, 2.7693939208984375, -20.41287612915039], [-4.759670734405518, 3.309903383255005, -19.8715877532959]]}