{"track": "snowmountain", "karts": ["adiumy", "beastie", "sara_the_racer", "wilber", "nolok", "gavroche", "konqi", "sara_the_wizard", "tux", "xue"], "detections": [[[1, 0, 272, 194, 331, 254], [2, 0, 0, 165, 599, 399], [3, 0, 0, 81, 599, 243], [4, 21, 330, 161, 333, 164], [5, 31, 302, 163, 302, 165], [6, 6, 316, 160, 319, 164]], [[1, 1, 229, 184, 369, 302], [1, 2, 388, 142, 396, 154], [1, 4, 319, 163, 343, 183], [2, 0, 0, 144, 599, 399], [3, 0, 0, 8, 599, 238]], [[1, 2, 276, 177, 320, 258], [1, 8, 383, 151, 398, 158], [1, 9, 370, 151, 384, 161], [2, 0, 0, 148, 599, 399], [3, 0, 0, 0, 599, 269], [3, 68, 409, 133, 413, 138], [3, 78, 337, 144, 365, 156], [3, 94, 450, 131, 478, 146]], [[1, 3, 258, 191, 333, 258], [1, 6, 378, 156, 394, 166], [2, 0, 0, 158, 599, 399], [3, 0, 0, 0, 599, 305], [3, 98, 290, 123, 305, 134], [3, 102, 348, 109, 358, 119], [5, 30, 420, 154, 426, 161], [5, 35, 334, 153, 344, 165], [5, 36, 380, 162, 382, 162]], [[1, 2, 368, 154, 379, 168], [1, 4, 268, 203, 328, 259], [1, 9, 470, 145, 473, 147], [2, 0, 0, 152, 599, 399], [3, 0, 0, 24, 599, 370]], [[1, 5, 269, 203, 335, 257], [2, 0, 0, 150, 599, 399], [3, 0, 0, 80, 599, 269], [3, 10, 0, 132, 35, 144], [3, 32, 242, 133, 247, 139], [3, 33, 244, 135, 246, 138], [3, 82, 39, 128, 39, 128], [3, 90, 18, 92, 141, 149], [3, 113, 236, 130, 245, 147], [4, 15, 313, 156, 319, 163], [4, 16, 272, 154, 274, 155], [6, 2, 336, 155, 393, 191]], [[1, 1, 355, 157, 372, 169], [1, 4, 393, 156, 406, 163], [1, 6, 259, 192, 335, 264], [2, 0, 0, 155, 599, 399], [3, 0, 0, 0, 599, 294], [3, 98, 65, 104, 102, 123], [3, 102, 166, 100, 186, 112], [5, 30, 380, 175, 398, 200], [5, 35, 59, 160, 118, 204], [5, 36, 243, 194, 252, 203]], [[1, 3, 353, 152, 371, 164], [1, 7, 273, 183, 326, 296], [2, 0, 0, 153, 599, 399], [3, 0, 0, 0, 599, 254], [3, 98, 408, 114, 426, 126], [3, 102, 477, 93, 493, 101], [5, 35, 425, 144, 434, 152]], [[1, 8, 274, 198, 338, 263], [1, 9, 149, 220, 321, 399], [2, 0, 0, 145, 599, 399], [3, 0, 0, 0, 599, 232], [3, 58, 236, 156, 241, 158], [3, 68, 203, 102, 228, 149], [3, 78, 95, 148, 149, 173], [3, 86, 336, 135, 379, 156], [3, 94, 275, 138, 334, 162]], [[1, 8, 314, 180, 346, 222], [1, 9, 260, 185, 337, 273], [2, 0, 0, 146, 599, 399], [3, 0, 0, 0, 599, 231], [3, 58, 245, 155, 256, 157], [3, 68, 216, 104, 237, 148], [3, 78, 113, 147, 169, 166], [3, 86, 342, 135, 385, 156], [3, 94, 284, 139, 340, 162], [3, 128, 164, 159, 167, 173]]], "distance_down_track": [615.25244140625, 510.2933349609375, 533.8759765625, 471.3995361328125, 516.827392578125, 104.38982391357422, 491.6111755371094, 454.5111999511719, 557.5631103515625, 555.9859008789062], "velocity": [[20.69792938232422, 0.16181746125221252, -0.24403658509254456], [-8.846792221069336, 1.187685251235962, 4.574118614196777], [-7.00920295715332, 2.314971685409546, 18.227018356323242], [-13.829007148742676, 2.0175952911376953, -13.834741592407227], [-16.3936767578125, 1.9619126319885254, 12.485520362854004], [-22.92086410522461, 1.0479775667190552, 1.5923750400543213], [-20.39295196533203, 1.9991456270217896, -2.9361324310302734], [-2.9298505783081055, 1.2002580165863037, -11.348584175109863], [7.879695892333984, 1.764849305152893, 16.11414909362793], [7.41583776473999, 2.036114454269409, 16.267885208129883]]}