{"track": "volcano_island", "karts": ["gavroche", "adiumy", "amanda", "nolok", "tux", "konqi", "kiki", "pidgin", "sara_the_racer", "suzanne"], "detections": [[[1, 0, 272, 203, 328, 257], [1, 2, 224, 155, 226, 157], [1, 3, 247, 159, 253, 164], [1, 6, 263, 156, 269, 164], [2, 0, 0, 157, 599, 399], [3, 0, 0, 0, 599, 251]], [[1, 0, 247, 157, 251, 160], [1, 1, 275, 195, 327, 246], [1, 4, 270, 160, 279, 167], [1, 9, 269, 171, 292, 188], [2, 0, 0, 124, 599, 399], [3, 0, 0, 0, 599, 235]], [[1, 2, 260, 192, 341, 259], [1, 5, 263, 155, 269, 160], [1, 7, 235, 154, 235, 154], [2, 0, 0, 143, 599, 399], [3, 0, 0, 0, 599, 241], [4, 21, 243, 154, 249, 159], [4, 22, 264, 154, 270, 158], [4, 31, 285, 154, 290, 158]], [[1, 2, 244, 157, 251, 162], [1, 3, 273, 203, 328, 254], [1, 6, 419, 196, 537, 296], [2, 0, 0, 157, 599, 399], [3, 0, 0, 0, 599, 313]], [[1, 0, 263, 160, 271, 166], [1, 3, 220, 157, 223, 159], [1, 4, 267, 198, 334, 254], [1, 6, 230, 155, 233, 159], [2, 0, 0, 97, 599, 399], [3, 0, 0, 0, 599, 252]], [[1, 5, 262, 192, 339, 265], [1, 7, 278, 156, 281, 157], [2, 0, 0, 140, 599, 399], [3, 0, 0, 0, 599, 242], [4, 21, 193, 163, 232, 195], [4, 22, 307, 163, 339, 194], [4, 31, 413, 163, 445, 193]], [[1, 2, 257, 155, 263, 160], [1, 3, 179, 190, 238, 229], [1, 6, 268, 182, 334, 256], [2, 0, 0, 156, 599, 399], [3, 0, 0, 0, 599, 244], [4, 31, 235, 153, 237, 155]], [[1, 7, 260, 210, 335, 261], [2, 0, 0, 111, 599, 399], [3, 0, 0, 0, 599, 251]], [[1, 8, 281, 178, 321, 254], [2, 0, 0, 74, 599, 399], [3, 0, 0, 0, 599, 318], [3, 195, 78, 0, 126, 226], [3, 208, 220, 0, 599, 69]], [[1, 0, 244, 157, 249, 161], [1, 4, 271, 162, 283, 171], [1, 9, 264, 201, 336, 255], [2, 0, 0, 118, 599, 399], [3, 0, 0, 0, 599, 248]]], "distance_down_track": [1775.7069091796875, 1731.8848876953125, 1839.0313720703125, 1803.7923583984375, 1754.3377685546875, 1874.2149658203125, 1802.296142578125, 1927.184814453125, 1658.779052734375, 1738.8565673828125], "velocity": [[-2.9520137310028076, 0.07298671454191208, -21.254859924316406], [-13.745804786682129, 0.031250856816768646, -21.330570220947266], [8.74052906036377, 0.1027948260307312, -19.89982032775879], [0.5929493308067322, 0.08377006649971008, -23.49637222290039], [-8.075421333312988, 0.032618001103401184, -20.401906967163086], [12.857121467590332, 0.05331180617213249, -16.222869873046875], [2.33261775970459, 0.08189366012811661, -19.658021926879883], [11.450692176818848, 0.08181088417768478, -18.47390365600586], [-21.84426498413086, 0.08170495182275772, 0.49396374821662903], [-11.708057403564453, 0.03524024039506912, -18.96392250061035]]}