{"track": "overworld", "karts": ["beastie", "kiki", "hexley", "emule", "amanda", "wilber", "adiumy", "xue", "suzanne", "nolok"], "detections": [[[1, 0, 260, 189, 346, 265], [3, 0, 0, 100, 586, 165], [3, 7, 0, 126, 13, 167], [3, 24, 0, 122, 47, 167], [3, 25, 14, 124, 45, 158], [255, 16777215, 0, 147, 274, 183]], [[1, 1, 265, 182, 331, 257], [1, 2, 387, 184, 388, 186], [1, 8, 404, 188, 406, 189], [1, 9, 419, 188, 422, 189], [3, 0, 0, 55, 599, 197]], [[1, 2, 276, 196, 331, 270], [1, 7, 490, 124, 493, 127], [1, 8, 299, 155, 313, 166], [1, 9, 313, 144, 320, 149], [2, 0, 395, 134, 400, 138], [3, 0, 0, 0, 599, 224], [3, 6, 431, 96, 431, 96]], [[1, 3, 239, 198, 360, 317], [1, 6, 304, 185, 319, 198], [2, 7, 216, 184, 289, 200], [2, 24, 290, 184, 385, 200], [3, 0, 0, 0, 599, 215], [3, 7, 135, 0, 289, 197], [3, 24, 287, 0, 453, 199]], [[1, 4, 256, 191, 337, 261], [3, 0, 0, 0, 599, 172]], [[1, 5, 261, 190, 331, 255], [3, 0, 0, 85, 472, 170], [3, 7, 287, 159, 289, 160], [3, 24, 290, 160, 292, 160], [3, 25, 293, 160, 293, 160]], [[1, 6, 253, 190, 355, 304], [2, 7, 0, 201, 93, 298], [2, 24, 90, 203, 384, 287], [3, 0, 432, 0, 599, 250], [3, 7, 0, 0, 103, 203], [3, 24, 94, 0, 461, 246]], [[1, 5, 281, 149, 293, 160], [1, 7, 266, 188, 328, 261], [3, 0, 0, 65, 591, 156], [3, 7, 263, 147, 264, 147], [3, 24, 265, 147, 267, 147]], [[1, 5, 505, 136, 509, 138], [1, 7, 496, 142, 501, 145], [1, 8, 265, 201, 341, 260], [1, 9, 302, 159, 315, 169], [2, 0, 401, 149, 407, 155], [3, 0, 0, 0, 599, 162], [3, 4, 502, 118, 503, 119], [3, 6, 409, 117, 409, 117], [3, 7, 506, 117, 513, 120], [3, 8, 506, 119, 506, 119], [3, 24, 514, 117, 520, 120], [3, 25, 519, 118, 519, 118]], [[1, 5, 495, 131, 499, 134], [1, 7, 494, 138, 498, 142], [1, 9, 267, 203, 327, 260], [2, 0, 408, 147, 416, 155], [3, 0, 0, 21, 527, 146], [3, 7, 464, 115, 469, 117], [3, 24, 470, 115, 475, 118], [3, 25, 474, 116, 474, 116]]], "distance_down_track": [344.944580078125, 1371.985595703125, 1433.7401123046875, 621.9035034179688, 1235.960205078125, 86.4012451171875, 621.691650390625, 69.70679473876953, 1447.3951416015625, 1460.6632080078125], "velocity": [[16.165353775024414, -1.5050066709518433, 13.924545288085938], [-19.267318725585938, 1.078025460243225, 3.7842447757720947], [-13.463696479797363, -4.464704513549805, 13.620113372802734], [-0.12229308485984802, 0.3567376732826233, -0.049808721989393234], [-1.74545156955719, -0.21392887830734253, -21.66374397277832], [1.0605992078781128, 0.694782555103302, 21.813182830810547], [0.48083820939064026, -0.24938318133354187, 0.1976781189441681], [3.2102267742156982, 0.8955607414245605, 22.757247924804688], [-13.333580017089844, -1.2387624979019165, 15.785152435302734], [-8.616177558898926, -3.183537006378174, 18.550378799438477]]}