{"track": "tutorial", "karts": ["puffy", "hexley", "tux", "suzanne", "pidgin", "nolok", "beastie", "gavroche", "amanda", "adiumy"], "detections": [[[1, 0, 251, 200, 339, 265], [1, 2, 558, 173, 566, 177], [2, 0, 0, 162, 599, 399], [3, 0, 0, 28, 599, 399], [3, 6, 289, 15, 305, 41], [3, 7, 188, 20, 205, 39]], [[1, 1, 272, 196, 324, 267], [1, 2, 488, 154, 498, 158], [1, 7, 414, 228, 434, 245], [2, 0, 339, 149, 509, 182], [3, 0, 0, 0, 599, 399], [3, 8, 130, 42, 140, 53]], [[1, 2, 237, 196, 370, 314], [2, 0, 0, 171, 599, 399], [3, 0, 0, 0, 599, 215]], [[1, 3, 238, 201, 351, 292], [1, 4, 217, 149, 221, 152], [2, 0, 0, 103, 599, 399], [3, 0, 0, 0, 599, 399]], [[1, 4, 244, 214, 354, 291], [1, 6, 383, 99, 386, 104], [2, 0, 0, 102, 599, 399], [3, 0, 0, 0, 599, 316]], [[1, 5, 237, 205, 355, 319], [2, 0, 110, 0, 303, 82], [3, 0, 0, 0, 599, 399]], [[1, 6, 255, 188, 344, 266], [2, 0, 0, 154, 584, 399], [3, 0, 0, 0, 599, 399]], [[1, 7, 237, 205, 351, 320], [2, 0, 82, 111, 260, 154], [3, 0, 0, 22, 599, 399]], [[1, 8, 257, 191, 338, 257], [2, 0, 0, 171, 599, 399], [3, 0, 0, 0, 599, 359]], [[1, 9, 273, 194, 332, 255], [2, 0, 0, 157, 599, 399], [3, 0, 0, 15, 599, 309]]], "distance_down_track": [676.2230834960938, 713.5160522460938, 0.0, 753.8200073242188, 753.8200073242188, 0.0, 753.8200073242188, 0.0, 753.8200073242188, 753.8200073242188], "velocity": [[-3.6325759887695312, -2.6676998138427734, -21.262596130371094], [-12.20621395111084, -11.597503662109375, -15.041115760803223], [0.3396153151988983, 0.11929117888212204, 0.5067093968391418], [-8.99740219116211, -1.3699380159378052, -7.029937744140625], [-5.539022922515869, -0.10325422883033752, -10.72912883758545], [3.984532356262207, 0.020749174058437347, -3.0250356197357178], [-20.41512107849121, 3.497236490249634, -1.9604827165603638], [-4.71770715713501, 0.09180112183094025, -0.9288588762283325], [-16.151344299316406, 3.743529796600342, 14.054546356201172], [-1.1566556692123413, 0.3231320083141327, 20.665132522583008]]}