{"track": "scotland", "karts": ["konqi", "sara_the_racer", "wilber", "beastie", "gavroche", "pidgin", "tux", "gnu", "xue", "hexley"], "detections": [[[1, 0, 257, 191, 336, 268], [1, 2, 431, 167, 445, 176], [1, 3, 397, 167, 410, 175], [1, 4, 443, 0, 599, 52], [1, 5, 311, 187, 355, 216], [1, 7, 407, 163, 413, 171], [2, 0, 0, 170, 599, 399], [3, 0, 0, 87, 599, 212], [6, 5, 468, 164, 469, 166]], [[1, 1, 280, 180, 317, 250], [1, 8, 87, 392, 136, 399], [2, 0, 0, 163, 599, 399], [3, 0, 0, 36, 599, 211]], [[1, 2, 269, 191, 335, 250], [1, 3, 196, 160, 244, 192], [1, 7, 235, 147, 263, 173], [2, 0, 0, 148, 409, 399], [3, 0, 0, 24, 599, 399], [6, 5, 355, 141, 361, 147]], [[1, 3, 255, 188, 337, 260], [1, 7, 289, 158, 324, 206], [2, 0, 0, 149, 599, 399], [3, 0, 0, 30, 599, 236], [6, 5, 335, 150, 342, 156], [6, 32, 412, 149, 418, 157]], [[1, 0, 140, 372, 163, 399], [1, 2, 437, 344, 453, 356], [1, 3, 404, 343, 420, 354], [1, 4, 259, 213, 335, 259], [1, 5, 211, 368, 267, 399], [1, 7, 415, 338, 424, 349], [2, 0, 0, 347, 527, 399], [3, 0, 0, 228, 599, 399]], [[1, 0, 109, 269, 275, 399], [1, 2, 427, 169, 443, 178], [1, 3, 391, 168, 404, 177], [1, 5, 261, 210, 333, 260], [1, 7, 401, 164, 407, 172], [2, 0, 0, 169, 599, 399], [3, 0, 0, 86, 599, 215], [6, 5, 458, 164, 464, 168]], [[1, 1, 274, 154, 278, 163], [1, 6, 266, 197, 341, 250], [1, 8, 256, 162, 266, 166], [1, 9, 282, 161, 291, 171], [2, 0, 0, 154, 599, 399], [3, 0, 0, 9, 599, 215], [4, 11, 307, 175, 358, 223], [4, 12, 581, 198, 599, 240]], [[1, 3, 196, 213, 358, 360], [1, 7, 274, 159, 325, 231], [2, 0, 0, 146, 599, 399], [3, 0, 0, 26, 599, 233], [6, 5, 330, 147, 337, 154], [6, 32, 407, 146, 419, 154]], [[1, 1, 350, 163, 374, 205], [1, 8, 258, 218, 335, 275], [2, 0, 0, 159, 599, 399], [3, 0, 0, 64, 599, 233]], [[1, 1, 238, 159, 252, 183], [1, 8, 178, 185, 216, 204], [1, 9, 278, 197, 325, 260], [2, 0, 0, 156, 599, 399], [3, 0, 0, 0, 599, 207]]], "distance_down_track": [797.3739013671875, 744.7030029296875, 820.6016235351562, 823.3236083984375, 797.0880737304688, 799.542236328125, 722.0718383789062, 824.9503784179688, 741.8815307617188, 737.6080932617188], "velocity": [[-5.2389140129089355, 0.5501996874809265, -19.277326583862305], [22.686674118041992, 1.9889562129974365, -7.769347667694092], [-12.701187133789062, -1.6171245574951172, -19.863351821899414], [-17.173002243041992, -1.3628795146942139, -15.078954696655273], [-1.7385224103927612, 0.8809540271759033, -21.60218620300293], [-6.702134132385254, 0.2764042317867279, -21.605682373046875], [22.86998176574707, 1.438114881515503, -15.203479766845703], [-16.10032844543457, -1.3483439683914185, -15.629631042480469], [11.223845481872559, 1.0145717859268188, -2.29040265083313], [23.44012451171875, 1.6604312658309937, -8.082453727722168]]}