{"track": "overworld", "karts": ["beastie", "kiki", "hexley", "emule", "amanda", "wilber", "adiumy", "xue", "suzanne", "nolok"], "detections": [[[1, 0, 256, 189, 341, 264], [1, 2, 560, 198, 565, 200], [1, 8, 437, 184, 442, 186], [1, 9, 386, 179, 390, 180], [3, 0, 252, 109, 554, 178]], [[1, 1, 266, 183, 327, 253], [1, 2, 501, 148, 512, 151], [3, 0, 0, 100, 501, 170], [3, 7, 196, 144, 199, 145], [3, 8, 195, 145, 195, 145], [3, 24, 200, 144, 203, 145]], [[1, 2, 270, 196, 322, 265], [1, 5, 543, 147, 550, 149], [1, 8, 312, 158, 320, 165], [1, 9, 313, 157, 316, 161], [3, 0, 254, 62, 599, 152]], [[1, 3, 246, 200, 354, 311], [2, 7, 189, 136, 285, 157], [2, 24, 286, 136, 412, 158], [3, 0, 0, 0, 599, 171], [3, 7, 73, 0, 285, 154], [3, 24, 283, 0, 512, 157]], [[1, 4, 263, 194, 344, 261], [2, 0, 398, 142, 404, 147], [3, 0, 0, 0, 599, 153], [3, 4, 501, 109, 501, 110], [3, 6, 407, 109, 407, 109], [3, 7, 504, 108, 512, 111], [3, 8, 505, 110, 505, 110], [3, 24, 512, 108, 519, 112], [3, 25, 517, 109, 519, 111]], [[1, 5, 257, 188, 333, 260], [3, 0, 0, 0, 599, 166]], [[1, 3, 280, 171, 321, 211], [1, 6, 252, 190, 356, 303], [2, 7, 209, 142, 288, 160], [2, 24, 289, 142, 394, 161], [3, 0, 0, 0, 599, 172], [3, 7, 113, 0, 288, 157], [3, 24, 287, 0, 476, 160]], [[1, 7, 263, 187, 331, 264], [3, 0, 0, 0, 437, 159], [3, 6, 310, 156, 315, 158]], [[1, 8, 265, 201, 338, 258], [1, 9, 297, 169, 310, 179], [3, 0, 194, 42, 599, 157]], [[1, 9, 265, 202, 324, 259], [3, 0, 68, 0, 599, 151]]], "distance_down_track": [1094.0303955078125, 122.13497161865234, 196.1043701171875, 611.9842529296875, 1446.4847412109375, 1228.7216796875, 608.89404296875, 295.4326171875, 220.80099487304688, 1168.4053955078125], "velocity": [[3.4990193843841553, 3.252656936645508, -21.203474044799805], [9.580251693725586, -0.6472020149230957, 19.62708282470703], [19.591266632080078, -0.9582005143165588, -8.369308471679688], [-0.6145058274269104, -1.6881781816482544, 9.80109977722168], [-13.806361198425293, -1.9587173461914062, 16.67207145690918], [-2.246445655822754, -0.507178008556366, -19.529680252075195], [-0.376788467168808, -0.9306126236915588, 5.52263879776001], [-2.3800644874572754, 0.7439178228378296, 20.549253463745117], [20.42609214782715, 0.5674906969070435, -7.802615165710449], [15.981552124023438, -0.012016545049846172, -13.155980110168457]]}