{"track": "overworld", "karts": ["beastie", "kiki", "hexley", "emule", "amanda", "wilber", "adiumy", "xue", "suzanne", "nolok"], "detections": [[[1, 0, 254, 189, 339, 265], [1, 2, 291, 146, 297, 153], [1, 8, 288, 135, 292, 137], [1, 9, 283, 130, 286, 132], [3, 0, 0, 0, 599, 164]], [[1, 0, 333, 162, 339, 166], [1, 1, 259, 181, 329, 261], [1, 2, 329, 160, 331, 162], [1, 8, 323, 155, 325, 156], [3, 0, 0, 0, 599, 162]], [[1, 2, 271, 196, 326, 270], [1, 5, 300, 140, 302, 141], [1, 8, 288, 157, 296, 162], [1, 9, 283, 151, 287, 155], [3, 0, 0, 0, 599, 167]], [[1, 3, 250, 198, 351, 306], [1, 6, 291, 147, 311, 165], [2, 7, 180, 136, 284, 160], [2, 24, 284, 136, 421, 160], [3, 0, 0, 0, 599, 171], [3, 7, 55, 0, 283, 156], [3, 24, 281, 0, 529, 159]], [[1, 4, 259, 191, 334, 256], [3, 0, 0, 83, 422, 158], [3, 4, 325, 141, 325, 141], [3, 5, 153, 149, 154, 149], [3, 7, 331, 141, 334, 142], [3, 24, 335, 141, 338, 142]], [[1, 5, 255, 189, 338, 265], [3, 0, 0, 0, 599, 237]], [[1, 6, 265, 194, 338, 266], [2, 7, 24, 152, 260, 203], [2, 24, 258, 152, 571, 205], [3, 7, 0, 0, 257, 195], [3, 24, 250, 0, 599, 202]], [[1, 7, 268, 187, 336, 266], [3, 0, 0, 113, 599, 162]], [[1, 5, 317, 132, 321, 134], [1, 8, 264, 200, 340, 261], [1, 9, 284, 149, 295, 160], [3, 0, 0, 0, 599, 179]], [[1, 5, 337, 154, 341, 156], [1, 9, 274, 203, 335, 261], [3, 0, 0, 0, 599, 193]]], "distance_down_track": [1225.681884765625, 1184.584228515625, 1248.099365234375, 613.1715698242188, 129.85916137695312, 1350.0130615234375, 621.8235473632812, 425.62396240234375, 1273.89892578125, 1286.9794921875], "velocity": [[-2.278956651687622, -0.4455152750015259, -21.6106014251709], [-1.1482576131820679, 0.724974513053894, -19.15471839904785], [-1.3571951389312744, 1.4002505540847778, -19.56807518005371], [-1.088146686553955, -1.4734028577804565, 10.801240921020508], [-0.15261921286582947, -1.0703434944152832, 24.125783920288086], [-15.795297622680664, 2.5021939277648926, -7.353477954864502], [-0.22826004028320312, -0.6428122520446777, -3.155820608139038], [19.700420379638672, -1.9019482135772705, 6.063493728637695], [0.39896470308303833, 1.3101897239685059, -20.561569213867188], [1.4163813591003418, 3.1973893642425537, -20.402462005615234]]}